9.824999999999971e-09	7.199999999999978e-09	7.04999999999998e-09	8.812499999999974e-09	7.124999999999979e-09	8.737499999999975e-09	9.449999999999972e-09	5.624999999999983e-09	9.824999999999971e-09	6.599999999999981e-09	4.199999999999988e-09	5.024999999999985e-09	5.212499999999985e-09	1.233749999999996e-08	5.549999999999984e-09	1.548749999999996e-08	1.057499999999997e-08	6.449999999999981e-09	9.599999999999972e-09	6.82499999999998e-09	6.337499999999981e-09	7.04999999999998e-09	4.312499999999987e-09	3.862499999999988e-09	6.449999999999981e-09	4.649999999999986e-09	5.999999999999983e-09	1.567499999999995e-08	1.788749999999995e-08	4.499999999999987e-09	5.137499999999985e-09	7.574999999999978e-09	3.52499999999999e-09	6.037499999999982e-09	9.412499999999973e-09	1.451249999999996e-08	4.574999999999986e-09	1.038749999999997e-08	8.812499999999974e-09	3.37499999999999e-09	2.774999999999992e-09	4.912499999999985e-09	9.299999999999972e-09	1.451249999999996e-08	1.792499999999995e-08	4.274999999999988e-09	3.074999999999991e-09	1.286249999999996e-08	1.102499999999997e-08	9.224999999999973e-09	6.262499999999982e-09	4.424999999999987e-09	1.413749999999996e-08	7.199999999999978e-09	8.662499999999974e-09	5.587499999999984e-09	6.97499999999998e-09	5.287499999999984e-09	2.437499999999993e-09	1.691249999999995e-08	5.774999999999983e-09	4.724999999999986e-09	7.799999999999977e-09	1.413749999999996e-08	1.132499999999997e-08	7.649999999999978e-09	4.274999999999988e-09	2.549999999999993e-09	1.188749999999996e-08	1.278749999999996e-08	5.062499999999985e-09	2.812499999999992e-09	1.031249999999997e-08	1.357499999999996e-08	8.362499999999975e-09	9.487499999999972e-09	7.612499999999978e-09	9.824999999999971e-09	6.82499999999998e-09	3.787499999999989e-09	6.78749999999998e-09	3.29999999999999e-09	4.649999999999986e-09	7.462499999999978e-09	1.019999999999997e-08	1.278749999999996e-08	9.899999999999971e-09	4.012499999999988e-09	1.278749999999996e-08	1.207499999999996e-08	8.774999999999974e-09	1.499999999999996e-09	7.874999999999976e-10	2.249999999999993e-09	1.987499999999994e-09	7.762499999999978e-09	3.30749999999999e-08	7.387499999999978e-09	3.824999999999989e-09	2.962499999999991e-09	7.349999999999978e-09	1.207499999999996e-08	5.512499999999984e-09	7.462499999999978e-09	8.362499999999975e-09	7.499999999999978e-09	7.837499999999977e-09	7.087499999999979e-09	6.074999999999982e-09	1.458749999999996e-08	9.937499999999971e-09	2.849999999999992e-09	9.187499999999972e-09	1.316249999999996e-08	8.512499999999974e-09	2.137499999999994e-09	8.549999999999976e-09	6.074999999999982e-09	3.29999999999999e-09	5.024999999999985e-09	1.338749999999996e-08	1.691249999999995e-08	6.299999999999981e-09	1.143749999999997e-08	1.177499999999996e-08	7.012499999999979e-09	1.113749999999997e-08	2.212499999999993e-09
6.449999999999981e-09	8.324999999999975e-09	7.087499999999979e-09	1.046249999999997e-08	8.137499999999976e-09	4.199999999999988e-09	9.524999999999973e-09	4.762499999999986e-09	7.462499999999978e-09	1.484999999999996e-08	6.149999999999982e-09	8.249999999999976e-09	7.424999999999978e-09	7.087499999999979e-09	8.474999999999975e-09	9.074999999999974e-09	8.924999999999974e-09	7.799999999999977e-09	6.82499999999998e-09	8.512499999999974e-09	4.612499999999987e-09	8.587499999999975e-09	3.899999999999989e-09	8.587499999999975e-09	1.316249999999996e-08	4.687499999999987e-09	7.649999999999978e-09	1.372499999999996e-08	5.287499999999984e-09	9.97499999999997e-09	6.89999999999998e-09	6.637499999999981e-09	1.207499999999996e-08	5.437499999999984e-09	3.937499999999988e-09	9.224999999999973e-09	1.106249999999997e-08	9.599999999999972e-09	6.449999999999981e-09	9.562499999999972e-09	8.474999999999975e-09	6.262499999999982e-09	6.67499999999998e-09	5.962499999999982e-09	1.169999999999997e-08	5.849999999999983e-09	5.962499999999982e-09	1.312499999999996e-08	6.78749999999998e-09	7.949999999999977e-09	1.016249999999997e-08	6.149999999999982e-09	6.89999999999998e-09	8.362499999999975e-09	6.67499999999998e-09	5.737499999999984e-09	9.637499999999971e-09	1.098749999999997e-08	8.137499999999976e-09	4.987499999999985e-09	9.97499999999997e-09	7.762499999999978e-09	1.031249999999997e-08	7.874999999999976e-09	6.149999999999982e-09	9.562499999999972e-09	5.399999999999984e-09	5.887499999999982e-09	1.282499999999996e-08	6.074999999999982e-09	2.924999999999991e-09	1.274999999999996e-08	6.89999999999998e-09	7.537499999999977e-09	9.787499999999971e-09	1.016249999999997e-08	6.89999999999998e-09	7.424999999999978e-09	9.449999999999972e-09	7.087499999999979e-09	6.299999999999981e-09	2.849999999999992e-09	9.562499999999972e-09	3.29999999999999e-09	6.86249999999998e-09	1.057499999999997e-08	8.212499999999975e-09	1.188749999999996e-08	1.012499999999997e-08	5.174999999999985e-09	3.074999999999991e-09	6.262499999999982e-09	9.449999999999972e-09	1.372499999999996e-08	8.662499999999974e-09	8.024999999999976e-09	1.012499999999997e-08	3.937499999999988e-09	6.712499999999981e-09	8.212499999999975e-09	3.787499999999989e-09	2.812499999999992e-09	9.299999999999972e-09	1.049999999999997e-08	1.211249999999996e-08	1.117499999999997e-08	6.487499999999981e-09	8.549999999999976e-09	2.399999999999993e-09	4.274999999999988e-09	7.274999999999978e-09	9.487499999999972e-09	1.128749999999997e-08	1.304999999999996e-08	3.674999999999989e-09	1.574999999999995e-09	5.849999999999983e-09	4.874999999999986e-09	7.912499999999977e-09	9.599999999999972e-09	1.001249999999997e-08	1.638749999999995e-08	1.383749999999996e-08	6.074999999999982e-09	6.67499999999998e-09	4.462499999999987e-09	2.437499999999993e-09	7.874999999999976e-10
6.86249999999998e-09	8.962499999999974e-09	9.899999999999971e-09	6.637499999999981e-09	9.149999999999973e-09	6.89999999999998e-09	8.174999999999976e-09	6.599999999999981e-09	7.949999999999977e-09	9.149999999999973e-09	7.687499999999977e-09	5.624999999999983e-09	7.387499999999978e-09	1.143749999999997e-08	5.774999999999983e-09	1.349999999999996e-08	6.374999999999981e-09	9.712499999999972e-09	6.937499999999979e-09	6.86249999999998e-09	9.262499999999973e-09	3.52499999999999e-09	8.437499999999975e-09	1.027499999999997e-08	1.079999999999997e-08	9.674999999999971e-09	5.137499999999985e-09	6.82499999999998e-09	1.136249999999997e-08	7.987499999999976e-09	9.599999999999972e-09	5.812499999999983e-09	1.008749999999997e-08	9.074999999999974e-09	6.374999999999981e-09	9.524999999999973e-09	7.087499999999979e-09	1.038749999999997e-08	8.099999999999977e-09	6.524999999999981e-09	9.299999999999972e-09	7.237499999999979e-09	6.599999999999981e-09	6.89999999999998e-09	1.199999999999997e-08	8.549999999999976e-09	7.574999999999978e-09	8.437499999999975e-09	7.874999999999976e-09	7.837499999999977e-09	8.437499999999975e-09	7.874999999999976e-09	4.387499999999987e-09	1.278749999999996e-08	7.274999999999978e-09	8.474999999999975e-09	9.899999999999971e-09	7.274999999999978e-09	9.449999999999972e-09	6.78749999999998e-09	9.074999999999974e-09	9.562499999999972e-09	6.82499999999998e-09	7.687499999999977e-09	8.437499999999975e-09	8.062499999999977e-09	5.849999999999983e-09	5.812499999999983e-09	7.462499999999978e-09	1.218749999999996e-08	5.587499999999984e-09	1.394999999999996e-08	4.087499999999988e-09	6.78749999999998e-09	1.398749999999996e-08	5.399999999999984e-09	7.912499999999977e-09	4.049999999999988e-09	8.474999999999975e-09	1.383749999999996e-08	6.637499999999981e-09	1.072499999999997e-08	6.562499999999981e-09	3.749999999999989e-09	6.86249999999998e-09	6.637499999999981e-09	8.699999999999974e-09	1.113749999999997e-08	9.374999999999973e-09	1.064999999999997e-08	5.962499999999982e-09	4.237499999999987e-09	6.149999999999982e-09	1.184999999999997e-08	4.874999999999986e-09	5.437499999999984e-09	1.102499999999997e-08	5.774999999999983e-09	6.937499999999979e-09	5.849999999999983e-09	8.699999999999974e-09	7.124999999999979e-09	8.287499999999976e-09	1.001249999999997e-08	1.012499999999997e-08	1.552499999999996e-08	5.849999999999983e-09	7.087499999999979e-09	4.499999999999987e-09	7.462499999999978e-09	1.012499999999997e-08	5.587499999999984e-09	1.668749999999995e-08	5.662499999999984e-09	4.837499999999985e-09	3.33749999999999e-09	5.662499999999984e-09	4.537499999999987e-09	6.487499999999981e-09	7.799999999999977e-09	8.062499999999977e-09	5.812499999999983e-09	9.599999999999972e-09	1.068749999999997e-08	1.278749999999996e-08	9.562499999999972e-09	4.499999999999987e-09	2.999999999999991e-10
1.064999999999997e-08	7.012499999999979e-09	9.824999999999971e-09	7.012499999999979e-09	7.874999999999976e-09	8.399999999999976e-09	5.849999999999983e-09	1.278749999999996e-08	5.737499999999984e-09	5.062499999999985e-09	1.166249999999997e-08	5.774999999999983e-09	9.937499999999971e-09	9.524999999999973e-09	3.599999999999989e-09	9.674999999999971e-09	8.999999999999973e-09	8.437499999999975e-09	8.437499999999975e-09	8.249999999999976e-09	6.037499999999982e-09	1.248749999999996e-08	8.437499999999975e-09	1.012499999999997e-08	7.162499999999979e-09	9.487499999999972e-09	7.574999999999978e-09	6.374999999999981e-09	2.999999999999991e-09	1.147499999999997e-08	1.229999999999996e-08	8.774999999999974e-09	5.774999999999983e-09	1.072499999999997e-08	6.562499999999981e-09	9.374999999999973e-09	9.449999999999972e-09	7.04999999999998e-09	7.499999999999978e-09	8.662499999999974e-09	8.287499999999976e-09	9.524999999999973e-09	7.612499999999978e-09	5.437499999999984e-09	1.169999999999997e-08	7.874999999999976e-09	9.562499999999972e-09	7.237499999999979e-09	8.399999999999976e-09	9.637499999999971e-09	4.649999999999986e-09	1.016249999999997e-08	7.649999999999978e-09	9.187499999999972e-09	1.004999999999997e-08	5.812499999999983e-09	1.004999999999997e-08	6.224999999999982e-09	9.074999999999974e-09	1.031249999999997e-08	6.562499999999981e-09	9.412499999999973e-09	6.599999999999981e-09	5.662499999999984e-09	7.987499999999976e-09	6.637499999999981e-09	7.912499999999977e-09	1.308749999999996e-08	5.062499999999985e-09	1.098749999999997e-08	7.274999999999978e-09	8.174999999999976e-09	3.674999999999989e-09	9.037499999999974e-09	1.237499999999996e-08	6.149999999999982e-09	3.899999999999989e-09	1.001249999999997e-08	6.037499999999982e-09	5.999999999999983e-09	1.372499999999996e-08	1.004999999999997e-08	1.012499999999997e-08	6.637499999999981e-09	2.924999999999991e-09	6.074999999999982e-09	1.537499999999995e-08	9.487499999999972e-09	4.574999999999986e-09	1.312499999999996e-08	3.899999999999989e-09	2.324999999999993e-09	2.699999999999992e-09	4.949999999999986e-09	5.474999999999984e-09	3.674999999999989e-09	4.312499999999987e-09	1.289999999999996e-08	7.799999999999977e-09	1.301249999999996e-08	1.582499999999995e-08	9.787499999999971e-09	9.262499999999973e-09	8.999999999999973e-09	8.474999999999975e-09	1.076249999999997e-08	1.256249999999996e-08	4.124999999999988e-09	9.637499999999971e-09	4.949999999999986e-09	7.762499999999978e-09	7.837499999999977e-09	8.437499999999975e-09	7.687499999999977e-09	6.299999999999981e-09	8.962499999999974e-09	7.574999999999978e-09	9.224999999999973e-09	9.037499999999974e-09	5.812499999999983e-09	1.563749999999995e-08	6.037499999999982e-09	6.449999999999981e-09	8.512499999999974e-09	8.512499999999974e-09	7.499999999999978e-09	3.41249999999999e-09	0
9.449999999999972e-09	7.462499999999978e-09	6.074999999999982e-09	9.449999999999972e-09	7.724999999999977e-09	1.012499999999997e-08	8.099999999999977e-09	4.949999999999986e-09	9.449999999999972e-09	7.124999999999979e-09	8.249999999999976e-09	7.237499999999979e-09	7.462499999999978e-09	2.962499999999991e-09	1.409999999999996e-08	7.04999999999998e-09	2.287499999999993e-09	1.023749999999997e-08	7.349999999999978e-09	6.262499999999982e-09	3.599999999999989e-09	2.242499999999993e-08	4.124999999999988e-09	4.837499999999985e-09	4.012499999999988e-09	4.312499999999987e-09	5.062499999999985e-09	2.261249999999993e-08	4.124999999999988e-09	6.67499999999998e-09	1.166249999999997e-08	1.263749999999996e-08	6.74999999999998e-09	9.074999999999974e-09	9.674999999999971e-09	6.637499999999981e-09	6.149999999999982e-09	8.662499999999974e-09	5.212499999999985e-09	4.537499999999987e-09	4.162499999999988e-09	8.249999999999976e-09	8.437499999999975e-09	1.544999999999995e-08	1.117499999999997e-08	6.67499999999998e-09	6.712499999999981e-09	7.912499999999977e-09	8.699999999999974e-09	7.724999999999977e-09	8.999999999999973e-09	8.924999999999974e-09	8.362499999999975e-09	6.412499999999981e-09	1.158749999999997e-08	7.012499999999979e-09	2.324999999999993e-09	9.562499999999972e-09	1.053749999999997e-08	9.824999999999971e-09	8.212499999999975e-09	4.049999999999988e-09	9.374999999999973e-09	7.424999999999978e-09	5.587499999999984e-09	1.023749999999997e-08	7.837499999999977e-09	1.271249999999996e-08	6.524999999999981e-09	1.076249999999997e-08	9.374999999999973e-09	5.999999999999983e-09	5.999999999999983e-09	7.799999999999977e-09	8.774999999999974e-09	9.674999999999971e-09	9.112499999999973e-09	8.024999999999976e-09	3.074999999999991e-09	1.327499999999996e-08	1.132499999999997e-08	7.387499999999978e-09	9.412499999999973e-09	6.74999999999998e-09	1.724999999999995e-09	7.837499999999977e-09	7.874999999999976e-09	4.837499999999985e-09	8.999999999999973e-09	5.362499999999984e-09	1.023749999999997e-08	4.874999999999986e-09	1.499999999999996e-09	4.462499999999987e-09	1.631249999999995e-08	9.037499999999974e-09	5.624999999999983e-10	4.762499999999986e-09	5.362499999999984e-09	1.053749999999997e-08	4.799999999999986e-09	4.987499999999985e-09	3.479999999999989e-08	9.412499999999973e-09	3.56249999999999e-09	1.762499999999995e-09	1.076249999999997e-08	6.037499999999982e-09	9.337499999999972e-09	1.724999999999995e-09	4.087499999999988e-09	1.518749999999996e-08	3.44999999999999e-09	6.86249999999998e-09	2.587499999999993e-09	3.22499999999999e-09	2.062499999999994e-09	9.637499999999971e-09	6.712499999999981e-09	1.908749999999995e-08	1.912499999999994e-09	6.937499999999979e-09	6.037499999999982e-09	5.624999999999983e-09	9.749999999999972e-09	1.181249999999997e-08	4.424999999999987e-09	2.999999999999991e-10
7.574999999999978e-09	1.169999999999997e-08	5.812499999999983e-09	1.004999999999997e-08	9.524999999999973e-09	4.312499999999987e-09	6.67499999999998e-09	8.662499999999974e-09	9.749999999999972e-10	4.537499999999987e-09	2.362499999999993e-09	4.124999999999988e-10	3.56249999999999e-09	7.724999999999977e-09	6.112499999999982e-09	2.486249999999993e-08	1.672499999999995e-08	1.241249999999996e-08	9.037499999999974e-09	1.046249999999997e-08	1.612499999999995e-09	1.387499999999996e-09	7.537499999999977e-09	9.937499999999971e-09	2.099999999999994e-09	1.462499999999996e-09	8.699999999999974e-09	1.398749999999996e-08	4.237499999999987e-09	2.808749999999992e-08	6.224999999999982e-09	3.22499999999999e-09	6.299999999999981e-09	1.642499999999995e-08	4.612499999999987e-09	6.299999999999981e-09	3.149999999999991e-09	1.027499999999997e-08	9.149999999999973e-09	6.82499999999998e-09	1.612499999999995e-08	8.962499999999974e-09	8.174999999999976e-09	6.599999999999981e-09	9.149999999999973e-09	9.487499999999972e-09	6.599999999999981e-09	1.196249999999997e-08	7.04999999999998e-09	5.699999999999983e-09	1.241249999999996e-08	7.424999999999978e-09	9.187499999999972e-09	7.312499999999979e-09	3.899999999999989e-09	7.912499999999977e-09	1.762499999999995e-09	5.062499999999985e-09	6.149999999999982e-09	1.814999999999995e-08	7.087499999999979e-09	7.199999999999978e-09	8.399999999999976e-09	1.443749999999996e-08	4.312499999999987e-09	3.862499999999988e-09	1.672499999999995e-08	7.274999999999978e-09	6.74999999999998e-09	7.499999999999978e-10	2.024999999999994e-09	7.274999999999978e-09	2.163749999999993e-08	7.237499999999979e-09	4.762499999999986e-09	3.112499999999991e-09	1.721249999999995e-08	5.437499999999984e-09	7.124999999999979e-09	1.383749999999996e-08	2.999999999999991e-09	6.562499999999981e-09	3.52499999999999e-09	2.549999999999993e-09	2.774999999999992e-09	5.474999999999984e-09	1.004999999999997e-08	3.149999999999991e-09	5.662499999999984e-09	1.312499999999996e-09	2.924999999999991e-09	3.33749999999999e-09	1.949999999999994e-09	5.474999999999984e-09	1.619999999999995e-08	9.337499999999972e-09	1.312499999999996e-08	4.237499999999987e-09	4.387499999999987e-09	3.674999999999989e-09	6.78749999999998e-09	1.244999999999996e-08	1.421249999999996e-08	4.949999999999986e-09	1.387499999999996e-09	2.999999999999991e-09	5.774999999999983e-09	6.712499999999981e-09	3.44999999999999e-09	9.037499999999974e-09	4.837499999999985e-09	7.124999999999979e-10	3.787499999999989e-09	2.999999999999991e-09	4.912499999999985e-09	2.662499999999992e-09	6.712499999999981e-09	8.099999999999977e-09	2.137499999999994e-09	3.26249999999999e-09	2.917499999999992e-08	5.662499999999984e-09	5.137499999999985e-09	4.724999999999986e-09	4.537499999999987e-09	7.687499999999977e-09	1.724999999999995e-09	5.624999999999983e-10
6.74999999999998e-10	3.52499999999999e-09	1.818749999999995e-08	1.518749999999996e-08	1.128749999999997e-08	6.599999999999981e-09	5.287499999999984e-09	1.121249999999997e-08	2.474999999999993e-09	5.474999999999984e-09	1.331249999999996e-08	1.649999999999995e-09	2.249999999999993e-09	7.124999999999979e-10	4.499999999999987e-10	3.38249999999999e-08	1.136249999999997e-08	7.087499999999979e-09	8.774999999999974e-09	3.26249999999999e-09	3.44999999999999e-09	2.212499999999993e-09	7.724999999999977e-09	1.631249999999995e-08	1.049999999999997e-08	1.102499999999997e-08	9.899999999999971e-09	4.199999999999988e-09	8.999999999999973e-10	2.099999999999994e-09	1.387499999999996e-09	2.624999999999992e-09	2.587499999999993e-08	2.587499999999993e-09	8.624999999999975e-10	1.499999999999996e-10	-3.749999999999989e-11	-3.749999999999989e-11	3.749999999999989e-11	3.749999999999989e-10	-3.749999999999989e-11	8.999999999999973e-10	2.324999999999993e-09	7.612499999999978e-09	1.113749999999997e-08	1.222499999999996e-08	2.002499999999994e-08	2.324999999999993e-09	2.493749999999993e-08	1.128749999999997e-08	4.537499999999987e-09	4.582499999999986e-08	7.349999999999978e-09	9.937499999999971e-09	7.237499999999979e-09	5.737499999999984e-09	3.974999999999988e-09	2.812499999999992e-09	1.653749999999995e-08	1.241249999999996e-08	5.887499999999982e-09	5.737499999999984e-09	8.662499999999974e-09	8.137499999999976e-09	8.549999999999976e-09	5.137499999999985e-09	8.924999999999974e-09	1.151249999999997e-08	6.074999999999982e-09	1.349999999999996e-09	3.37499999999999e-10	1.237499999999996e-09	9.787499999999971e-09	2.073749999999994e-08	7.424999999999978e-09	9.412499999999973e-09	7.574999999999978e-09	7.462499999999978e-09	1.931249999999994e-08	7.124999999999979e-09	7.574999999999978e-09	2.812499999999992e-09	3.599999999999989e-09	5.999999999999982e-10	7.499999999999978e-11	7.499999999999978e-11	1.661249999999995e-08	3.071249999999991e-08	3.37499999999999e-10	1.499999999999996e-10	4.124999999999988e-10	7.874999999999976e-10	1.874999999999995e-10	4.124999999999988e-10	7.04999999999998e-09	7.274999999999978e-09	8.062499999999977e-09	6.487499999999981e-09	2.849999999999992e-09	1.469999999999996e-08	1.158749999999997e-08	8.624999999999975e-09	1.113749999999997e-08	4.837499999999985e-09	1.724999999999995e-09	9.749999999999972e-10	7.537499999999977e-09	2.159999999999994e-08	9.337499999999972e-09	8.287499999999976e-09	4.912499999999985e-09	3.974999999999988e-09	2.249999999999993e-09	8.399999999999976e-09	8.737499999999975e-09	9.524999999999973e-09	4.124999999999988e-10	3.18749999999999e-09	4.874999999999986e-09	5.249999999999985e-10	2.624999999999992e-10	4.124999999999988e-10	7.499999999999978e-10	6.74999999999998e-10	4.874999999999986e-10	2.099999999999994e-09	5.999999999999982e-10	0
2.362499999999993e-09	6.374999999999981e-09	3.29999999999999e-09	1.087499999999997e-08	1.646249999999995e-08	8.399999999999976e-09	1.499999999999996e-08	5.774999999999983e-09	1.064999999999997e-08	7.274999999999978e-09	9.749999999999972e-09	2.962499999999991e-09	5.099999999999985e-09	6.037499999999982e-09	4.762499999999986e-09	1.844999999999995e-08	9.412499999999973e-09	5.137499999999985e-09	7.649999999999978e-09	5.849999999999983e-09	1.499999999999996e-10	3.37499999999999e-10	2.174999999999993e-09	3.21749999999999e-08	9.149999999999973e-09	4.087499999999988e-09	1.196249999999997e-08	5.887499999999982e-09	3.112499999999991e-09	5.999999999999982e-10	3.749999999999989e-10	3.749999999999989e-10	4.499999999999987e-10	2.324999999999993e-09	9.487499999999972e-09	2.609999999999992e-08	1.762499999999995e-08	3.52499999999999e-09	-3.749999999999989e-11	5.249999999999985e-10	1.162499999999997e-09	6.89999999999998e-09	1.207499999999996e-08	1.601249999999995e-08	8.137499999999976e-09	2.564999999999993e-08	7.237499999999979e-09	2.924999999999991e-09	5.999999999999982e-10	-3.749999999999989e-11	3.749999999999989e-11	3.56249999999999e-09	2.373749999999993e-08	2.396249999999993e-08	1.278749999999996e-08	6.86249999999998e-09	8.249999999999976e-09	1.001249999999997e-08	4.349999999999987e-09	9.262499999999973e-09	7.537499999999977e-09	7.499999999999978e-09	1.181249999999997e-08	7.124999999999979e-09	3.899999999999989e-09	1.252499999999996e-08	1.312499999999996e-09	8.699999999999974e-09	1.499999999999996e-10	1.499999999999996e-10	3.37499999999999e-10	2.624999999999992e-10	3.44999999999999e-09	6.637499999999981e-09	9.262499999999973e-09	2.591249999999993e-08	4.237499999999987e-09	1.792499999999995e-08	4.424999999999987e-09	1.499999999999996e-10	-3.749999999999989e-11	3.37499999999999e-10	7.499999999999978e-11	-3.749999999999989e-11	0	1.387499999999996e-09	1.421249999999996e-08	9.112499999999973e-09	5.699999999999983e-09	6.524999999999981e-09	4.874999999999986e-09	4.162499999999988e-09	8.212499999999975e-09	1.199999999999996e-09	3.749999999999989e-10	2.624999999999992e-10	4.274999999999988e-09	1.912499999999994e-09	1.837499999999995e-09	8.624999999999975e-10	3.712499999999989e-09	1.346249999999996e-08	1.822499999999995e-08	7.387499999999978e-09	5.362499999999984e-09	1.102499999999997e-08	1.556249999999995e-08	1.102499999999997e-08	4.687499999999987e-09	8.699999999999974e-09	1.001249999999997e-08	8.512499999999974e-09	1.004999999999997e-08	1.301249999999996e-08	7.349999999999978e-09	7.949999999999977e-09	2.399999999999993e-09	3.599999999999989e-09	1.312499999999996e-09	2.624999999999992e-10	2.624999999999992e-10	9.374999999999972e-10	7.499999999999978e-11	7.499999999999978e-11	1.874999999999995e-10	4.499999999999987e-10	2.999999999999991e-10	-3.749999999999989e-11
2.737499999999992e-09	7.537499999999977e-09	4.987499999999985e-09	1.192499999999996e-08	5.662499999999984e-09	5.699999999999983e-09	5.249999999999985e-10	5.474999999999984e-09	2.617499999999992e-08	7.199999999999978e-09	2.474999999999993e-09	1.634999999999995e-08	7.574999999999978e-09	1.499999999999996e-10	1.312499999999996e-09	1.751249999999995e-08	1.091249999999997e-08	7.724999999999977e-09	8.737499999999975e-09	8.024999999999976e-09	8.249999999999976e-10	3.37499999999999e-10	3.52499999999999e-09	2.137499999999994e-08	1.064999999999997e-08	8.624999999999975e-09	1.207499999999996e-08	7.724999999999977e-09	1.649999999999995e-09	1.237499999999996e-09	1.349999999999996e-09	1.424999999999996e-09	1.537499999999996e-09	1.087499999999997e-09	6.262499999999982e-09	4.653749999999986e-08	7.874999999999976e-09	8.587499999999975e-09	2.437499999999993e-09	1.387499999999996e-09	5.624999999999983e-10	1.537499999999996e-09	2.227499999999993e-08	7.274999999999978e-09	3.974999999999988e-09	2.411249999999993e-08	3.862499999999988e-09	8.887499999999975e-09	5.249999999999985e-10	3.749999999999989e-10	3.52499999999999e-09	2.587499999999993e-09	1.203749999999996e-08	1.713749999999995e-08	1.754999999999995e-08	1.151249999999997e-08	6.67499999999998e-09	7.04999999999998e-09	1.349999999999996e-09	5.662499999999984e-09	1.267499999999996e-08	6.78749999999998e-09	8.887499999999975e-09	7.499999999999978e-11	4.049999999999988e-09	2.519999999999992e-08	5.437499999999984e-09	2.137499999999994e-09	7.499999999999978e-11	7.124999999999979e-10	6.374999999999982e-10	4.199999999999988e-09	5.137499999999985e-09	4.462499999999987e-09	3.862499999999988e-09	1.106249999999997e-08	9.074999999999974e-09	1.451249999999996e-08	9.712499999999972e-09	1.424999999999996e-09	4.274999999999988e-09	4.049999999999988e-09	1.837499999999995e-09	-3.749999999999989e-11	0	1.049999999999997e-09	2.099999999999994e-09	4.012499999999988e-09	2.212499999999993e-09	5.099999999999985e-09	1.323749999999996e-08	1.882499999999995e-08	2.111249999999994e-08	1.601249999999995e-08	3.44999999999999e-09	-3.749999999999989e-11	7.499999999999978e-11	4.874999999999986e-10	1.574999999999995e-09	5.249999999999985e-10	2.737499999999992e-09	4.612499999999987e-09	5.924999999999983e-09	1.499999999999996e-09	3.112499999999991e-09	5.962499999999982e-09	1.188749999999996e-08	6.67499999999998e-09	2.512499999999993e-09	2.137499999999994e-09	1.514999999999996e-08	5.887499999999982e-09	2.062499999999994e-09	9.712499999999972e-09	1.514999999999996e-08	1.278749999999996e-08	2.624999999999992e-08	3.749999999999989e-11	1.124999999999997e-10	2.624999999999992e-10	1.949999999999994e-09	1.537499999999996e-09	4.012499999999988e-09	7.499999999999978e-11	4.124999999999988e-10	3.749999999999989e-11	2.624999999999992e-10	1.874999999999995e-10
3.37499999999999e-09	1.649999999999995e-09	5.999999999999982e-10	1.874999999999995e-10	3.44999999999999e-09	1.094999999999997e-08	1.233749999999996e-08	1.724999999999995e-09	8.699999999999974e-09	2.696249999999992e-08	6.037499999999982e-09	1.124999999999997e-08	3.48749999999999e-09	1.012499999999997e-09	1.687499999999995e-09	7.274999999999978e-09	1.698749999999995e-08	2.463749999999993e-08	6.78749999999998e-09	4.424999999999987e-09	1.124999999999997e-09	2.624999999999992e-10	2.812499999999992e-09	1.353749999999996e-08	2.561249999999993e-08	1.001249999999997e-08	5.662499999999984e-09	6.374999999999981e-09	7.874999999999976e-10	3.37499999999999e-10	1.874999999999995e-10	4.799999999999986e-09	9.449999999999972e-09	2.351249999999993e-08	1.166249999999997e-08	1.649999999999995e-08	5.024999999999985e-09	1.136249999999997e-08	9.074999999999974e-09	2.212499999999993e-09	4.499999999999987e-10	4.124999999999988e-10	1.698749999999995e-08	7.462499999999978e-09	1.357499999999996e-08	1.267499999999996e-08	5.999999999999983e-09	2.024999999999994e-09	1.499999999999996e-10	3.749999999999989e-11	2.849999999999992e-09	2.103749999999994e-08	7.912499999999977e-09	1.773749999999995e-08	1.289999999999996e-08	1.207499999999996e-08	7.762499999999978e-09	7.499999999999978e-09	3.56249999999999e-09	1.124999999999997e-10	1.046249999999997e-08	1.477499999999996e-08	2.587499999999993e-09	1.499999999999996e-10	4.499999999999987e-10	1.799999999999995e-08	2.351249999999993e-08	1.912499999999994e-09	7.499999999999978e-10	3.37499999999999e-10	7.349999999999978e-09	1.724999999999995e-08	8.699999999999974e-09	5.549999999999984e-09	4.312499999999987e-09	2.099999999999994e-09	1.874999999999994e-09	5.737499999999984e-09	6.562499999999981e-09	5.549999999999984e-09	7.724999999999977e-09	5.137499999999985e-09	4.312499999999987e-09	5.137499999999985e-09	1.649999999999995e-09	1.349999999999996e-09	1.949999999999994e-09	1.387499999999996e-09	3.749999999999989e-10	1.199999999999997e-08	2.669999999999992e-08	1.687499999999995e-08	5.624999999999983e-09	2.024999999999994e-09	4.124999999999988e-10	-3.749999999999989e-11	-3.749999999999989e-11	3.149999999999991e-09	4.087499999999988e-09	4.874999999999986e-10	1.499999999999996e-10	2.212499999999993e-09	1.049999999999997e-09	4.874999999999986e-10	9.749999999999972e-10	1.634999999999995e-08	7.649999999999978e-09	5.737499999999984e-09	5.624999999999983e-10	1.124999999999997e-10	2.249999999999993e-10	-3.749999999999989e-11	2.587499999999993e-09	5.309999999999985e-08	3.258749999999991e-08	5.174999999999985e-09	3.074999999999991e-09	1.499999999999996e-10	8.249999999999976e-10	6.67499999999998e-09	6.224999999999982e-09	1.762499999999995e-09	-3.749999999999989e-11	2.624999999999992e-10	2.249999999999993e-10	1.162499999999997e-09	7.499999999999978e-11	1.499999999999996e-10
2.474999999999993e-09	1.447499999999996e-08	2.587499999999993e-09	1.649999999999995e-09	3.46874999999999e-08	1.484999999999996e-08	5.699999999999983e-09	9.074999999999974e-09	1.799999999999995e-09	2.024999999999994e-09	3.44999999999999e-09	1.357499999999996e-08	5.474999999999984e-09	1.323749999999996e-08	1.087499999999997e-09	1.274999999999996e-09	1.106249999999997e-08	6.524999999999981e-09	5.662499999999984e-09	6.524999999999981e-09	1.012499999999997e-08	1.113749999999997e-08	1.286249999999996e-08	2.358749999999993e-08	6.67499999999998e-09	2.737499999999992e-09	3.974999999999988e-09	2.099999999999994e-09	4.124999999999988e-10	-3.749999999999989e-11	-3.749999999999989e-11	8.624999999999975e-10	3.048749999999991e-08	3.198749999999991e-08	7.199999999999978e-09	8.774999999999974e-09	9.524999999999973e-09	7.124999999999979e-09	4.799999999999986e-09	2.062499999999994e-09	3.749999999999989e-11	3.749999999999989e-11	3.749999999999989e-11	2.137499999999994e-09	2.264999999999993e-08	8.774999999999974e-09	5.399999999999984e-09	1.799999999999995e-09	4.874999999999986e-10	5.249999999999985e-10	2.249999999999993e-09	2.527499999999993e-08	1.739999999999995e-08	2.662499999999992e-09	7.724999999999977e-09	3.48374999999999e-08	6.86249999999998e-09	9.674999999999971e-09	8.549999999999976e-09	7.874999999999976e-10	4.462499999999987e-09	2.171249999999994e-08	2.249999999999993e-09	2.999999999999991e-10	1.162499999999997e-09	9.374999999999973e-09	2.388749999999993e-08	3.074999999999991e-09	1.229999999999996e-08	1.124999999999997e-10	3.749999999999989e-11	0	2.212499999999993e-09	4.912499999999985e-09	6.78749999999998e-09	5.549999999999984e-09	7.837499999999977e-09	3.149999999999991e-09	6.112499999999982e-09	1.762499999999995e-09	1.049999999999997e-09	8.999999999999973e-10	1.987499999999994e-09	4.012499999999988e-09	1.537499999999996e-09	1.762499999999995e-09	1.001249999999997e-08	5.587499999999984e-09	4.499999999999987e-10	8.624999999999975e-09	1.233749999999996e-08	2.403749999999993e-08	7.499999999999978e-10	4.499999999999987e-10	1.124999999999997e-10	5.624999999999983e-10	3.31124999999999e-08	2.264999999999993e-08	2.883749999999992e-08	8.624999999999975e-10	0	2.999999999999991e-10	1.649999999999995e-09	8.249999999999976e-10	2.737499999999992e-09	1.121249999999997e-08	9.374999999999973e-09	1.762499999999995e-09	7.499999999999978e-11	8.624999999999975e-10	1.237499999999996e-09	4.499999999999987e-10	2.812499999999992e-09	3.978749999999989e-08	1.706249999999995e-08	6.524999999999981e-09	1.203749999999996e-08	7.124999999999979e-10	-3.749999999999989e-11	7.499999999999978e-11	7.124999999999979e-10	3.749999999999989e-11	-3.749999999999989e-11	1.874999999999995e-10	1.499999999999996e-10	0	3.749999999999989e-11	7.499999999999978e-11
1.049999999999997e-09	2.849999999999992e-09	6.374999999999982e-10	4.124999999999988e-09	1.822499999999995e-08	3.44249999999999e-08	7.837499999999977e-09	1.109999999999997e-08	5.099999999999985e-09	3.29999999999999e-09	6.412499999999981e-09	1.709999999999995e-08	1.312499999999996e-09	2.999999999999991e-10	2.024999999999994e-09	8.624999999999975e-10	4.499999999999987e-10	2.437499999999993e-09	2.017499999999994e-08	6.449999999999981e-09	5.999999999999983e-09	7.499999999999978e-09	1.102499999999997e-08	2.632499999999992e-08	1.308749999999996e-08	4.724999999999986e-09	1.837499999999995e-09	1.826249999999995e-08	6.337499999999981e-09	2.699999999999992e-09	3.37499999999999e-10	1.124999999999997e-10	8.624999999999975e-10	7.349999999999978e-09	1.121249999999997e-08	4.612499999999987e-09	1.368749999999996e-08	1.552499999999996e-08	5.287499999999984e-09	1.747499999999995e-08	4.687499999999987e-09	1.361249999999996e-08	4.124999999999988e-10	2.362499999999993e-09	3.33749999999999e-09	8.624999999999975e-09	5.362499999999984e-09	2.099999999999994e-09	4.274999999999988e-09	2.024999999999994e-09	2.587499999999993e-09	4.094999999999988e-08	1.829999999999995e-08	4.237499999999987e-09	4.349999999999987e-09	1.631249999999995e-08	6.712499999999981e-09	7.912499999999977e-09	7.912499999999977e-09	3.48749999999999e-09	4.874999999999986e-10	4.424999999999987e-09	7.199999999999978e-09	1.289999999999996e-08	3.56249999999999e-09	1.049999999999997e-09	2.737499999999992e-09	1.154999999999997e-08	3.116249999999991e-08	4.349999999999987e-09	1.687499999999995e-09	5.999999999999982e-10	6.599999999999981e-09	2.474999999999993e-09	1.031249999999997e-08	3.937499999999988e-09	3.26249999999999e-09	2.287499999999993e-09	1.837499999999995e-09	2.249999999999993e-10	3.149999999999991e-09	3.074999999999991e-09	4.874999999999986e-10	7.874999999999976e-10	6.74999999999998e-10	6.599999999999981e-09	2.587499999999993e-08	2.021249999999994e-08	1.848749999999995e-08	1.766249999999995e-08	1.271249999999996e-08	4.162499999999988e-09	1.987499999999994e-09	5.324999999999984e-09	3.824999999999989e-09	9.374999999999973e-09	8.662499999999974e-09	1.331249999999996e-08	3.104999999999991e-08	7.799999999999977e-09	2.812499999999992e-09	1.762499999999995e-09	1.799999999999995e-09	4.199999999999988e-09	2.062499999999994e-09	3.637499999999989e-09	1.199999999999996e-09	1.312499999999996e-09	4.874999999999986e-10	2.249999999999993e-09	3.599999999999989e-09	7.499999999999978e-11	2.624999999999992e-10	1.053749999999997e-08	1.229999999999996e-08	6.299999999999981e-09	1.799999999999995e-09	1.124999999999997e-10	0	0	3.37499999999999e-10	1.124999999999997e-09	5.249999999999985e-10	7.124999999999979e-10	2.137499999999994e-09	4.124999999999988e-10	2.624999999999992e-10	3.749999999999989e-11
2.437499999999993e-09	1.012499999999997e-09	4.424999999999987e-09	2.362499999999993e-09	5.437499999999984e-09	1.499999999999996e-08	8.474999999999975e-09	1.803749999999995e-08	6.149999999999982e-09	1.162499999999997e-09	1.312499999999996e-09	1.837499999999995e-09	5.549999999999984e-09	3.37499999999999e-09	2.362499999999993e-09	4.499999999999987e-10	5.249999999999985e-10	1.649999999999995e-09	2.587499999999993e-09	1.121249999999997e-08	6.95624999999998e-08	3.29999999999999e-09	6.037499999999982e-09	1.312499999999996e-09	2.812499999999992e-09	8.999999999999973e-09	2.774999999999992e-08	9.97499999999997e-09	5.137499999999985e-09	1.166249999999997e-08	2.399999999999993e-09	8.999999999999973e-10	1.424999999999996e-09	1.612499999999995e-09	5.137499999999985e-09	1.181249999999997e-08	5.212499999999985e-09	3.36374999999999e-08	7.087499999999979e-09	8.999999999999973e-10	9.899999999999971e-09	3.37499999999999e-09	1.499999999999996e-09	1.049999999999997e-09	5.249999999999985e-09	7.124999999999979e-09	3.787499999999989e-09	1.312499999999996e-09	8.624999999999975e-10	1.387499999999996e-09	8.249999999999976e-10	6.074999999999982e-09	6.089999999999982e-08	1.166249999999997e-08	4.387499999999987e-09	1.278749999999996e-08	6.412499999999981e-09	8.887499999999975e-09	7.499999999999978e-09	1.312499999999996e-09	1.312499999999996e-09	1.796249999999995e-08	7.987499999999976e-09	7.387499999999978e-09	6.487499999999981e-09	1.724999999999995e-09	1.698749999999995e-08	1.087499999999997e-08	3.074999999999991e-09	3.599999999999989e-09	2.999999999999991e-09	3.637499999999989e-09	1.124999999999997e-10	2.999999999999991e-09	4.387499999999987e-09	1.818749999999995e-08	2.531249999999993e-08	2.287499999999993e-09	4.012499999999988e-09	1.124999999999997e-09	2.624999999999992e-10	-3.749999999999989e-11	4.499999999999987e-10	6.74999999999998e-10	1.762499999999995e-09	1.867499999999994e-08	5.193749999999985e-08	7.462499999999978e-09	4.612499999999987e-09	5.399999999999984e-09	3.862499999999988e-09	1.132499999999997e-08	1.424999999999996e-09	2.306249999999993e-08	3.974999999999988e-09	2.212499999999993e-09	2.999999999999991e-09	7.087499999999979e-09	2.009999999999994e-08	1.409999999999996e-08	6.74999999999998e-09	1.199999999999996e-09	3.37499999999999e-09	4.049999999999988e-09	2.437499999999993e-09	2.324999999999993e-09	1.199999999999996e-09	2.624999999999992e-10	2.624999999999992e-10	4.124999999999988e-10	5.249999999999985e-10	0	9.374999999999972e-10	6.112499999999982e-09	7.837499999999977e-09	8.587499999999975e-09	7.949999999999977e-09	1.199999999999997e-08	2.962499999999991e-09	2.249999999999993e-10	3.37499999999999e-10	5.999999999999982e-10	1.087499999999997e-09	1.012499999999997e-09	4.499999999999987e-10	2.999999999999991e-10	7.124999999999979e-10	0
2.212499999999993e-09	8.624999999999975e-10	1.312499999999996e-09	1.799999999999995e-09	4.387499999999987e-09	1.612499999999995e-09	3.26249999999999e-09	1.016249999999997e-08	1.466249999999996e-08	2.737499999999992e-09	4.049999999999988e-09	2.924999999999991e-09	5.249999999999985e-10	8.624999999999975e-10	5.249999999999985e-10	1.124999999999997e-09	2.699999999999992e-09	2.062499999999994e-09	1.912499999999994e-09	1.574999999999995e-09	1.398749999999996e-08	2.497499999999993e-08	8.249999999999976e-09	2.932499999999991e-08	2.549999999999993e-09	5.973749999999983e-08	1.094999999999997e-08	1.121249999999997e-08	9.374999999999973e-09	3.824999999999989e-09	1.023749999999997e-08	9.749999999999972e-09	2.099999999999994e-09	1.874999999999995e-10	7.987499999999976e-09	4.387499999999987e-09	2.613749999999992e-08	2.024999999999994e-09	1.762499999999995e-09	5.812499999999983e-09	1.672499999999995e-08	1.173749999999997e-08	4.949999999999986e-09	1.091249999999997e-08	1.312499999999996e-09	2.249999999999993e-10	1.874999999999995e-10	6.74999999999998e-10	7.949999999999977e-09	9.374999999999973e-09	1.106249999999997e-08	2.767499999999992e-08	1.421249999999996e-08	8.099999999999977e-09	1.004999999999997e-08	7.987499999999976e-09	1.053749999999997e-08	4.837499999999985e-09	7.499999999999978e-11	1.124999999999997e-10	6.262499999999982e-09	8.249999999999976e-09	1.379999999999996e-08	5.849999999999983e-09	1.349999999999996e-08	2.024999999999994e-09	1.124999999999997e-09	5.737499999999984e-09	9.262499999999973e-09	1.477499999999996e-08	4.124999999999988e-09	2.482499999999993e-08	9.862499999999972e-09	5.699999999999983e-09	7.912499999999977e-09	1.214999999999996e-08	1.424999999999996e-09	7.349999999999978e-09	1.492499999999996e-08	4.537499999999987e-09	8.324999999999975e-09	3.037499999999991e-09	2.849999999999992e-09	8.249999999999976e-10	2.249999999999993e-10	9.374999999999972e-10	9.337499999999972e-09	2.309999999999993e-08	9.712499999999972e-09	2.362499999999993e-09	1.541249999999995e-08	1.612499999999995e-09	6.74999999999998e-10	1.496249999999996e-08	1.274999999999996e-08	5.212499999999985e-09	5.212499999999985e-09	1.807499999999995e-08	1.766249999999995e-08	1.076249999999997e-08	7.537499999999977e-09	6.74999999999998e-10	2.774999999999992e-09	1.799999999999995e-09	6.449999999999981e-09	1.949999999999994e-09	1.274999999999996e-09	5.249999999999985e-10	3.749999999999989e-11	1.874999999999995e-10	3.749999999999989e-10	1.687499999999995e-09	2.512499999999993e-09	4.162499999999988e-09	3.862499999999988e-09	2.962499999999991e-09	2.249999999999993e-10	2.324999999999993e-09	7.499999999999978e-10	3.749999999999989e-11	1.574999999999995e-09	2.399999999999993e-09	9.374999999999972e-10	2.249999999999993e-10	5.624999999999983e-10	3.749999999999989e-10	2.999999999999991e-10	1.499999999999996e-10
7.574999999999978e-09	1.724999999999995e-09	2.174999999999993e-09	1.949999999999994e-09	6.78749999999998e-09	8.024999999999976e-09	6.224999999999982e-09	1.762499999999995e-09	1.188749999999996e-08	2.737499999999992e-09	5.212499999999985e-09	6.97499999999998e-09	6.487499999999981e-09	2.099999999999994e-09	1.799999999999995e-09	4.199999999999988e-09	8.474999999999975e-09	1.619999999999995e-08	3.749999999999989e-08	1.181249999999997e-08	6.487499999999981e-09	6.224999999999982e-09	7.987499999999976e-09	8.249999999999976e-10	9.187499999999972e-09	2.066249999999994e-08	1.031249999999997e-08	5.287499999999984e-09	5.962499999999982e-09	7.462499999999978e-09	1.139999999999997e-08	1.102499999999997e-08	4.274999999999988e-09	7.499999999999978e-10	2.999999999999991e-10	1.664999999999995e-08	1.627499999999995e-08	5.662499999999984e-09	5.624999999999983e-10	1.499999999999996e-09	1.612499999999995e-09	1.837499999999995e-09	2.774999999999992e-09	2.062499999999994e-09	4.162499999999988e-09	6.412499999999981e-09	2.624999999999992e-10	7.499999999999978e-11	1.162499999999997e-09	1.724999999999995e-08	5.223749999999985e-08	1.443749999999996e-08	8.324999999999975e-09	4.799999999999986e-09	1.203749999999996e-08	6.712499999999981e-09	1.016249999999997e-08	7.987499999999976e-09	1.237499999999996e-09	-3.749999999999989e-11	1.462499999999996e-09	1.717499999999995e-08	1.364999999999996e-08	2.287499999999993e-09	1.649999999999995e-09	1.499999999999996e-10	1.499999999999996e-10	1.349999999999996e-09	1.713749999999995e-08	1.811249999999995e-08	1.488749999999996e-08	1.241249999999996e-08	1.357499999999996e-08	3.37499999999999e-09	2.249999999999993e-09	4.649999999999986e-09	7.124999999999979e-10	1.349999999999996e-09	1.049999999999997e-09	3.682499999999989e-08	8.512499999999974e-09	7.349999999999978e-09	2.324999999999993e-09	2.099999999999994e-09	5.999999999999982e-10	2.249999999999993e-10	1.762499999999995e-09	1.091249999999997e-08	5.362499999999984e-09	2.249999999999993e-09	2.212499999999993e-09	2.249999999999993e-09	6.149999999999982e-09	1.417499999999996e-08	6.449999999999981e-09	1.004999999999997e-08	1.739999999999995e-08	1.713749999999995e-08	1.578749999999996e-08	2.036249999999994e-08	9.637499999999971e-09	1.837499999999995e-09	1.124999999999997e-09	4.874999999999986e-10	1.162499999999997e-09	1.949999999999994e-09	1.199999999999996e-09	-3.749999999999989e-11	0	1.124999999999997e-10	1.499999999999996e-10	3.52499999999999e-09	1.027499999999997e-08	1.091249999999997e-08	7.04999999999998e-09	6.412499999999981e-09	1.124999999999997e-09	1.087499999999997e-09	0	2.474999999999993e-09	5.137499999999985e-09	8.624999999999975e-10	7.499999999999978e-11	3.749999999999989e-10	6.374999999999982e-10	8.624999999999975e-10	5.624999999999983e-10	0
5.324999999999984e-09	5.587499999999984e-09	1.177499999999996e-08	1.087499999999997e-09	8.024999999999976e-09	1.331249999999996e-08	9.187499999999972e-09	5.437499999999984e-09	4.237499999999987e-09	1.424999999999996e-09	1.574999999999995e-09	2.024999999999994e-09	5.737499999999984e-09	4.199999999999988e-09	1.211249999999996e-08	1.128749999999997e-08	1.668749999999995e-08	1.192499999999996e-08	1.529999999999996e-08	1.012499999999997e-08	5.887499999999982e-09	7.312499999999979e-09	9.112499999999973e-09	5.249999999999985e-10	7.499999999999978e-11	2.182499999999994e-08	1.379999999999996e-08	6.712499999999981e-09	3.52499999999999e-09	1.109999999999997e-08	9.074999999999974e-09	9.374999999999973e-09	8.999999999999973e-09	6.78749999999998e-09	8.399999999999976e-09	1.124999999999997e-10	1.503749999999996e-08	6.224999999999982e-09	3.712499999999989e-09	5.624999999999983e-10	7.499999999999978e-10	1.499999999999996e-10	2.624999999999992e-09	5.624999999999983e-10	1.949999999999994e-09	1.912499999999994e-09	2.812499999999992e-09	1.687499999999995e-09	1.349999999999996e-09	2.624999999999992e-09	7.597499999999978e-08	7.237499999999979e-09	9.824999999999971e-09	7.012499999999979e-09	5.924999999999983e-09	1.008749999999997e-08	9.149999999999973e-09	9.674999999999971e-09	1.199999999999996e-09	2.999999999999991e-10	7.424999999999978e-09	1.323749999999996e-08	1.361249999999996e-08	9.97499999999997e-09	9.374999999999972e-10	1.353749999999996e-08	4.874999999999986e-10	1.462499999999996e-09	1.357499999999996e-08	6.937499999999979e-09	7.312499999999979e-09	1.837499999999994e-08	5.887499999999982e-09	-3.749999999999989e-11	2.624999999999992e-10	1.349999999999996e-09	3.37499999999999e-10	2.999999999999991e-10	6.74999999999998e-10	1.068749999999997e-08	1.263749999999996e-08	3.26249999999999e-09	3.086249999999991e-08	2.478749999999993e-08	3.52499999999999e-09	3.749999999999989e-11	8.249999999999976e-10	2.812499999999992e-09	7.987499999999976e-09	4.124999999999988e-09	1.574999999999995e-09	3.37499999999999e-10	6.412499999999981e-09	1.106249999999997e-08	9.787499999999971e-09	4.987499999999985e-09	1.072499999999997e-08	1.346249999999996e-08	2.804999999999992e-08	1.634999999999995e-08	6.599999999999981e-09	3.749999999999989e-11	7.499999999999978e-11	3.749999999999989e-11	3.749999999999989e-10	4.124999999999988e-10	1.087499999999997e-09	7.874999999999976e-10	5.999999999999982e-10	3.37499999999999e-10	1.874999999999995e-10	4.124999999999988e-10	3.56249999999999e-09	1.207499999999996e-08	8.924999999999974e-09	5.774999999999983e-09	7.124999999999979e-10	5.624999999999983e-10	8.624999999999975e-10	1.762499999999995e-09	2.812499999999992e-09	1.837499999999995e-09	2.624999999999992e-10	4.124999999999988e-10	2.999999999999991e-10	6.374999999999982e-10	2.249999999999993e-10	0
5.624999999999983e-09	7.799999999999977e-09	4.499999999999987e-09	2.849999999999992e-09	1.106249999999997e-08	1.192499999999996e-08	1.001249999999997e-08	9.599999999999972e-09	3.44999999999999e-09	1.499999999999996e-10	3.37499999999999e-10	1.012499999999997e-09	1.687499999999995e-09	2.699999999999992e-09	1.353749999999996e-08	2.546249999999992e-08	1.916249999999994e-08	8.137499999999976e-09	8.437499999999975e-09	1.027499999999997e-08	7.349999999999978e-09	2.549999999999993e-09	9.262499999999973e-09	9.187499999999972e-09	2.437499999999993e-09	2.849999999999992e-09	1.987499999999994e-08	8.737499999999975e-09	7.949999999999977e-09	8.699999999999974e-09	7.349999999999978e-09	8.362499999999975e-09	8.399999999999976e-09	4.649999999999986e-09	1.121249999999997e-08	7.349999999999978e-09	3.674999999999989e-09	1.263749999999996e-08	5.287499999999984e-09	4.237499999999987e-09	1.237499999999996e-09	8.999999999999973e-09	2.512499999999993e-09	1.724999999999995e-09	5.024999999999985e-09	2.737499999999992e-09	4.574999999999986e-09	6.149999999999982e-09	1.991249999999994e-08	2.624999999999992e-10	2.324999999999993e-08	2.066249999999994e-08	9.487499999999972e-09	9.937499999999971e-09	6.449999999999981e-09	9.449999999999972e-09	6.82499999999998e-09	2.699999999999992e-09	2.474999999999993e-09	1.462499999999996e-09	1.199999999999996e-09	3.22499999999999e-09	1.574999999999995e-09	3.26249999999999e-08	7.012499999999979e-09	2.249999999999993e-09	2.336249999999993e-08	1.274999999999996e-09	5.849999999999983e-09	8.737499999999975e-09	5.024999999999985e-09	9.524999999999973e-09	1.342499999999996e-08	1.949999999999994e-09	3.749999999999989e-10	1.162499999999997e-09	3.899999999999989e-09	2.024999999999994e-09	1.874999999999995e-10	7.987499999999976e-09	4.158749999999988e-08	3.749999999999989e-09	3.22499999999999e-09	2.156249999999994e-08	3.674999999999989e-09	-3.749999999999989e-11	0	1.199999999999996e-09	9.224999999999973e-09	8.887499999999975e-09	3.37499999999999e-09	3.599999999999989e-09	1.124999999999997e-10	1.537499999999996e-09	2.887499999999992e-09	8.587499999999975e-09	9.599999999999972e-09	6.337499999999981e-09	1.484999999999996e-08	4.526249999999987e-08	4.387499999999987e-09	7.124999999999979e-10	4.124999999999988e-10	8.624999999999975e-10	5.399999999999984e-09	4.499999999999987e-09	9.97499999999997e-09	1.233749999999996e-08	6.82499999999998e-09	8.849999999999973e-09	3.41249999999999e-09	2.212499999999993e-09	4.424999999999987e-09	1.008749999999997e-08	7.424999999999978e-09	5.099999999999985e-09	4.687499999999987e-09	6.74999999999998e-10	3.749999999999989e-11	4.874999999999986e-10	3.22499999999999e-09	1.462499999999996e-09	8.249999999999976e-10	7.499999999999978e-11	1.874999999999994e-09	4.874999999999986e-10	1.612499999999995e-09	1.387499999999996e-09
4.499999999999987e-09	7.012499999999979e-09	6.149999999999982e-09	9.074999999999974e-09	7.649999999999978e-09	8.662499999999974e-09	9.937499999999971e-09	4.387499999999987e-09	3.22499999999999e-09	6.67499999999998e-09	6.037499999999982e-09	1.537499999999995e-08	8.624999999999975e-09	2.174999999999993e-09	1.728749999999995e-08	5.699999999999983e-09	2.887499999999992e-09	4.462499999999987e-09	8.362499999999975e-09	7.874999999999976e-09	1.949999999999994e-08	5.962499999999982e-09	5.212499999999985e-09	7.387499999999978e-09	3.787499999999989e-09	2.287499999999993e-09	1.882499999999995e-08	5.212499999999985e-09	1.417499999999996e-08	8.062499999999977e-09	9.787499999999971e-09	3.29999999999999e-09	7.724999999999977e-09	1.762499999999995e-09	5.999999999999983e-09	1.522499999999996e-08	4.799999999999986e-09	8.624999999999975e-10	1.781249999999995e-08	1.143749999999997e-08	5.812499999999983e-09	1.252499999999996e-08	6.224999999999982e-09	1.124999999999997e-09	8.249999999999976e-10	1.762499999999995e-09	1.874999999999995e-08	1.623749999999995e-08	5.812499999999983e-09	7.799999999999977e-09	1.136249999999997e-08	8.212499999999975e-09	7.762499999999978e-09	9.562499999999972e-09	3.637499999999989e-09	9.862499999999972e-09	9.824999999999971e-09	4.499999999999987e-10	-3.749999999999989e-11	4.499999999999987e-10	6.337499999999981e-09	1.241249999999996e-08	2.737499999999992e-09	3.48749999999999e-09	1.642499999999995e-08	1.874999999999995e-10	1.462499999999996e-09	1.612499999999995e-09	9.187499999999972e-09	2.306249999999993e-08	9.824999999999971e-09	1.511249999999995e-08	1.949999999999994e-08	8.774999999999974e-09	7.612499999999978e-09	4.124999999999988e-10	0	2.999999999999991e-10	2.249999999999993e-10	3.712499999999989e-09	6.037499999999982e-09	4.087499999999988e-09	4.612499999999987e-09	9.262499999999973e-09	3.56249999999999e-09	2.624999999999992e-10	1.874999999999995e-10	1.874999999999995e-10	1.237499999999996e-09	2.677499999999992e-08	1.154999999999997e-08	7.612499999999978e-09	5.849999999999983e-09	0	1.124999999999997e-10	2.924999999999991e-09	3.56999999999999e-08	1.454999999999996e-08	9.337499999999972e-09	1.721249999999995e-08	1.904999999999995e-08	4.462499999999987e-09	5.624999999999983e-10	-3.749999999999989e-11	2.249999999999993e-10	2.474999999999993e-09	5.362499999999984e-09	7.949999999999977e-09	8.924999999999974e-09	8.324999999999975e-09	5.549999999999984e-09	4.687499999999987e-09	1.106249999999997e-08	8.887499999999975e-09	4.649999999999986e-09	1.049999999999997e-09	8.249999999999976e-10	1.537499999999996e-09	1.799999999999995e-09	1.724999999999995e-09	2.137499999999994e-09	3.749999999999989e-11	1.499999999999996e-10	2.249999999999993e-10	1.499999999999996e-10	6.74999999999998e-10	1.874999999999995e-10	3.749999999999989e-11
9.524999999999973e-09	5.699999999999983e-09	4.762499999999986e-09	1.687499999999995e-09	1.634999999999995e-08	1.214999999999996e-08	6.74999999999998e-09	8.249999999999976e-09	5.812499999999983e-09	2.512499999999993e-09	8.137499999999976e-09	1.556249999999995e-08	5.512499999999984e-09	1.087499999999997e-09	2.999999999999991e-10	5.924999999999983e-09	1.079999999999997e-08	1.991249999999994e-08	1.312499999999996e-08	6.299999999999981e-09	4.612499999999987e-09	4.049999999999988e-09	1.128749999999997e-08	1.432499999999996e-08	7.012499999999979e-09	2.962499999999991e-09	4.274999999999988e-09	3.599999999999989e-09	6.937499999999979e-09	1.304999999999996e-08	1.334999999999996e-08	3.674999999999989e-09	2.624999999999992e-10	6.224999999999982e-09	1.976249999999994e-08	9.112499999999973e-09	8.662499999999974e-09	2.099999999999994e-09	1.927499999999994e-08	1.046249999999997e-08	2.999999999999991e-09	6.412499999999981e-09	2.962499999999991e-09	1.124999999999997e-09	1.499999999999996e-10	8.474999999999975e-09	2.928749999999991e-08	1.199999999999997e-08	7.724999999999977e-09	8.699999999999974e-09	8.774999999999974e-09	9.712499999999972e-09	8.437499999999975e-09	5.737499999999984e-09	1.226249999999996e-08	6.449999999999981e-09	1.068749999999997e-08	1.687499999999995e-09	-3.749999999999989e-11	3.749999999999989e-10	1.987499999999994e-09	1.522499999999996e-08	1.331249999999996e-08	1.046249999999997e-08	3.749999999999989e-09	1.424999999999996e-09	1.274999999999996e-09	1.499999999999996e-09	7.312499999999979e-09	2.163749999999993e-08	1.717499999999995e-08	4.874999999999986e-09	2.643749999999992e-08	7.537499999999977e-09	2.774999999999992e-09	3.749999999999989e-10	1.687499999999995e-09	6.74999999999998e-09	7.04999999999998e-09	2.962499999999991e-09	3.749999999999989e-09	1.874999999999994e-09	5.924999999999983e-09	6.78749999999998e-09	8.587499999999975e-09	7.874999999999976e-10	3.749999999999989e-11	1.124999999999997e-10	1.574999999999995e-09	1.188749999999996e-08	1.612499999999995e-08	5.617499999999983e-08	7.874999999999976e-09	1.162499999999997e-09	-3.749999999999989e-11	1.087499999999997e-09	1.072499999999997e-08	7.649999999999978e-09	6.637499999999981e-09	6.187499999999982e-09	5.174999999999985e-09	2.699999999999992e-09	1.124999999999997e-09	3.749999999999989e-10	1.874999999999995e-10	2.812499999999992e-09	6.937499999999979e-09	5.549999999999984e-09	6.074999999999982e-09	3.41249999999999e-09	1.424999999999996e-09	3.599999999999989e-09	3.974999999999988e-09	1.799999999999995e-09	1.574999999999995e-09	4.874999999999986e-10	2.287499999999993e-09	4.124999999999988e-09	9.862499999999972e-09	7.987499999999976e-09	2.587499999999993e-09	1.424999999999996e-09	4.874999999999986e-10	4.124999999999988e-10	3.37499999999999e-10	9.374999999999972e-10	6.374999999999982e-10	-3.749999999999989e-11
4.912499999999985e-09	3.899999999999989e-09	1.687499999999995e-09	9.374999999999972e-10	1.237499999999996e-09	2.324999999999993e-09	5.099999999999985e-09	4.874999999999986e-09	2.576249999999992e-08	1.214999999999996e-08	4.574999999999986e-09	1.076249999999997e-08	6.78749999999998e-09	1.604999999999995e-08	7.537499999999977e-09	1.147499999999997e-08	3.18749999999999e-09	1.638749999999995e-08	7.987499999999976e-09	1.001249999999997e-08	2.099999999999994e-09	1.368749999999996e-08	6.524999999999981e-09	3.674999999999989e-09	3.44999999999999e-09	1.537499999999996e-09	8.287499999999976e-09	8.699999999999974e-09	1.837499999999995e-09	6.712499999999981e-09	2.354999999999993e-08	7.874999999999976e-10	3.18749999999999e-09	3.112499999999991e-09	1.334999999999996e-08	2.039999999999994e-08	5.999999999999983e-09	9.374999999999972e-10	1.124999999999997e-09	4.199999999999988e-09	2.047499999999994e-08	1.754999999999995e-08	4.762499999999986e-09	2.249999999999993e-10	2.962499999999991e-09	7.349999999999978e-09	1.968749999999994e-08	1.327499999999996e-08	7.874999999999976e-09	8.774999999999974e-09	7.349999999999978e-09	7.274999999999978e-09	9.787499999999971e-09	7.162499999999979e-09	8.587499999999975e-09	8.924999999999974e-09	6.187499999999982e-09	2.137499999999994e-09	1.499999999999996e-10	2.624999999999992e-10	2.362499999999993e-09	1.424999999999996e-08	9.674999999999971e-09	8.699999999999974e-09	2.403749999999993e-08	6.224999999999982e-09	3.37499999999999e-10	2.887499999999992e-09	2.324999999999993e-09	7.874999999999976e-09	1.878749999999995e-08	8.287499999999976e-09	1.076249999999997e-08	1.331249999999996e-08	1.012499999999997e-09	9.262499999999973e-09	8.662499999999974e-09	5.099999999999985e-09	1.267499999999996e-08	5.624999999999983e-10	3.112499999999991e-09	1.912499999999994e-09	1.949999999999994e-09	8.999999999999973e-10	3.37499999999999e-10	3.22499999999999e-09	6.374999999999981e-09	3.862499999999988e-08	2.159999999999994e-08	1.462499999999996e-09	1.837499999999995e-09	1.312499999999996e-08	1.912499999999994e-09	3.37499999999999e-10	2.249999999999993e-10	3.37499999999999e-10	1.274999999999996e-09	1.837499999999995e-09	1.049999999999997e-09	1.049999999999997e-09	2.737499999999992e-09	4.687499999999987e-09	9.749999999999972e-10	1.499999999999996e-10	7.499999999999978e-11	5.624999999999983e-10	3.29999999999999e-09	5.849999999999983e-09	1.057499999999997e-08	8.362499999999975e-09	1.199999999999996e-09	7.499999999999978e-11	6.97499999999998e-09	7.462499999999978e-09	1.259999999999996e-08	1.387499999999996e-08	9.562499999999972e-09	5.324999999999984e-09	5.887499999999982e-09	2.924999999999991e-09	5.887499999999982e-09	3.26249999999999e-09	4.312499999999987e-09	2.999999999999991e-10	1.124999999999997e-10	7.124999999999979e-10	3.37499999999999e-10	4.874999999999986e-10
9.524999999999973e-09	6.562499999999981e-09	3.937499999999988e-09	2.437499999999993e-09	2.399999999999993e-09	1.912499999999994e-09	1.098749999999997e-08	2.549999999999993e-09	1.027499999999997e-08	7.762499999999978e-09	1.623749999999995e-08	1.638749999999995e-08	1.492499999999996e-08	4.574999999999986e-09	3.149999999999991e-09	4.124999999999988e-10	1.391249999999996e-08	1.181249999999997e-08	1.271249999999996e-08	6.187499999999982e-09	4.162499999999988e-09	1.286249999999996e-08	6.97499999999998e-09	8.362499999999975e-09	3.712499999999989e-09	6.712499999999981e-09	3.749999999999989e-10	2.339999999999993e-08	4.049999999999988e-09	3.937499999999988e-09	1.612499999999995e-09	4.124999999999988e-09	3.33749999999999e-09	6.74999999999998e-09	1.256249999999996e-08	1.822499999999995e-08	3.637499999999989e-09	3.749999999999989e-10	8.999999999999973e-10	1.649999999999995e-09	8.474999999999975e-09	2.129999999999994e-08	2.362499999999993e-09	2.111249999999994e-08	8.249999999999976e-10	2.377499999999993e-08	7.687499999999977e-09	8.849999999999973e-09	6.412499999999981e-09	3.749999999999989e-09	9.599999999999972e-09	1.031249999999997e-08	1.106249999999997e-08	7.274999999999978e-09	6.262499999999982e-09	9.937499999999971e-09	7.04999999999998e-09	1.912499999999994e-09	3.637499999999989e-09	7.349999999999978e-09	7.237499999999979e-09	1.848749999999995e-08	5.587499999999984e-09	5.287499999999984e-09	7.874999999999976e-09	1.526249999999996e-08	5.062499999999985e-09	1.237499999999996e-09	6.74999999999998e-10	1.124999999999997e-10	9.562499999999972e-09	1.394999999999996e-08	9.637499999999971e-09	4.087499999999988e-09	4.912499999999985e-09	1.222499999999996e-08	4.724999999999986e-09	3.44999999999999e-09	7.162499999999979e-09	7.387499999999978e-09	2.137499999999994e-09	2.624999999999992e-10	1.499999999999996e-10	2.249999999999993e-10	9.749999999999972e-10	5.793749999999983e-08	1.211249999999996e-08	7.274999999999978e-09	2.287499999999993e-09	3.33749999999999e-09	2.999999999999991e-10	6.374999999999982e-10	1.124999999999997e-10	1.124999999999997e-10	-3.749999999999989e-11	7.499999999999978e-11	4.124999999999988e-10	1.912499999999994e-09	9.337499999999972e-09	4.874999999999986e-09	3.599999999999989e-09	7.724999999999977e-09	8.287499999999976e-09	6.937499999999979e-09	8.099999999999977e-09	1.046249999999997e-08	5.962499999999982e-09	1.484999999999996e-08	4.387499999999987e-09	8.999999999999973e-10	3.37499999999999e-10	6.374999999999982e-10	1.387499999999996e-09	1.199999999999996e-09	3.712499999999989e-09	8.549999999999976e-09	8.924999999999974e-09	1.462499999999996e-09	4.874999999999986e-10	3.37499999999999e-10	3.749999999999989e-10	5.249999999999985e-10	5.249999999999985e-10	0	1.499999999999996e-10	1.049999999999997e-09	7.874999999999976e-10	1.124999999999997e-10
9.262499999999973e-09	3.56249999999999e-09	2.812499999999992e-09	8.324999999999975e-09	5.137499999999985e-09	1.837499999999995e-09	4.724999999999986e-09	6.412499999999981e-09	1.462499999999996e-08	3.59624999999999e-08	9.112499999999973e-09	4.199999999999988e-09	2.662499999999992e-09	1.548749999999996e-08	2.812499999999992e-09	3.37499999999999e-10	4.499999999999987e-10	2.189999999999993e-08	7.649999999999978e-09	9.97499999999997e-09	1.724999999999995e-09	8.924999999999974e-09	8.962499999999974e-09	4.987499999999985e-09	3.749999999999989e-10	7.724999999999977e-09	1.781249999999995e-08	3.37499999999999e-10	5.324999999999984e-09	4.462499999999987e-09	3.37499999999999e-09	1.188749999999996e-08	1.271249999999996e-08	1.218749999999996e-08	1.526249999999996e-08	1.526249999999996e-08	5.512499999999984e-09	1.177499999999996e-08	6.037499999999982e-09	2.249999999999993e-10	2.249999999999993e-10	2.051249999999994e-08	1.207499999999996e-08	9.749999999999972e-09	7.499999999999978e-11	1.199999999999996e-09	2.133749999999994e-08	4.124999999999988e-09	1.458749999999996e-08	4.087499999999988e-09	1.912499999999994e-09	1.428749999999996e-08	7.349999999999978e-09	1.091249999999997e-08	5.024999999999985e-09	1.057499999999997e-08	5.849999999999983e-09	1.196249999999997e-08	5.474999999999984e-09	3.44999999999999e-09	7.912499999999977e-09	8.287499999999976e-09	1.571249999999995e-08	8.624999999999975e-09	6.524999999999981e-09	7.987499999999976e-09	8.587499999999975e-09	1.312499999999996e-09	3.974999999999988e-09	3.637499999999989e-09	2.264999999999993e-08	2.474999999999993e-09	2.662499999999992e-09	1.987499999999994e-09	8.699999999999974e-09	3.599999999999989e-09	5.362499999999984e-09	7.499999999999978e-10	2.212499999999993e-09	1.087499999999997e-08	9.787499999999971e-09	7.612499999999978e-09	2.257499999999993e-08	-3.749999999999989e-11	-3.749999999999989e-11	5.399999999999984e-09	2.283749999999993e-08	1.522499999999996e-08	4.612499999999987e-09	1.477499999999996e-08	8.962499999999974e-09	4.049999999999988e-09	1.619999999999995e-08	1.574999999999995e-09	1.237499999999996e-09	5.099999999999985e-09	1.199999999999996e-09	1.274999999999996e-09	1.874999999999994e-09	2.099999999999994e-09	1.274999999999996e-09	9.374999999999972e-10	1.241249999999996e-08	5.324999999999984e-09	3.29999999999999e-09	4.987499999999985e-09	5.437499999999984e-09	6.524999999999981e-09	6.937499999999979e-09	4.912499999999985e-09	5.249999999999985e-10	4.499999999999987e-10	1.087499999999997e-09	1.612499999999995e-09	4.499999999999987e-09	7.762499999999978e-09	7.424999999999978e-09	5.201249999999984e-08	3.26249999999999e-08	1.087499999999997e-09	1.124999999999997e-10	3.749999999999989e-11	3.749999999999989e-11	1.874999999999995e-10	1.124999999999997e-10	2.249999999999993e-10	1.874999999999995e-10	1.124999999999997e-10
5.999999999999982e-10	3.22499999999999e-09	8.924999999999974e-09	2.861249999999992e-08	5.699999999999983e-09	2.021249999999994e-08	4.349999999999987e-09	7.724999999999977e-09	1.053749999999997e-08	4.274999999999988e-09	7.912499999999977e-09	2.474999999999993e-09	2.624999999999992e-09	5.249999999999985e-09	1.837499999999995e-09	2.812499999999992e-09	6.74999999999998e-10	6.074999999999982e-09	1.184999999999997e-08	2.223749999999993e-08	2.827499999999992e-08	4.087499999999988e-09	1.312499999999996e-09	4.874999999999986e-10	2.624999999999992e-09	2.347499999999993e-08	1.406249999999996e-08	3.18749999999999e-09	1.743749999999995e-08	9.749999999999972e-10	3.787499999999989e-09	3.974999999999988e-09	1.893749999999994e-08	1.469999999999996e-08	6.67499999999998e-09	7.649999999999978e-09	1.169999999999997e-08	4.124999999999988e-09	1.218749999999996e-08	1.949999999999994e-09	1.124999999999997e-10	1.012499999999997e-09	2.096249999999994e-08	8.212499999999975e-09	8.624999999999975e-10	1.612499999999995e-09	3.026249999999991e-08	1.049999999999997e-09	2.549999999999993e-09	8.962499999999974e-09	2.024999999999994e-09	1.188749999999996e-08	2.009999999999994e-08	1.094999999999997e-08	9.262499999999973e-09	7.04999999999998e-09	5.737499999999984e-09	6.712499999999981e-09	3.787499999999989e-09	7.799999999999977e-09	1.439999999999996e-08	7.012499999999979e-09	1.192499999999996e-08	9.074999999999974e-09	5.399999999999984e-09	8.512499999999974e-09	6.074999999999982e-09	1.518749999999996e-08	9.374999999999972e-10	3.37499999999999e-10	1.874999999999995e-10	8.999999999999973e-10	2.362499999999993e-09	1.004999999999997e-08	6.78749999999998e-09	1.949999999999994e-09	7.874999999999976e-10	7.874999999999976e-10	3.749999999999989e-09	8.999999999999973e-09	1.563749999999995e-08	7.124999999999979e-10	4.124999999999988e-10	0	2.249999999999993e-10	4.087499999999988e-09	2.351249999999993e-08	2.958749999999991e-08	9.374999999999973e-09	1.203749999999996e-08	1.316249999999996e-08	3.104999999999991e-08	7.799999999999977e-09	3.44999999999999e-09	7.199999999999978e-09	3.824999999999989e-09	1.124999999999997e-10	4.499999999999987e-10	1.199999999999996e-09	5.887499999999982e-09	6.074999999999982e-09	2.999999999999991e-10	1.237499999999996e-09	2.774999999999992e-09	4.049999999999988e-09	1.113749999999997e-08	8.137499999999976e-09	8.662499999999974e-09	8.587499999999975e-09	6.337499999999981e-09	9.337499999999972e-09	-3.749999999999989e-11	7.499999999999978e-10	4.574999999999986e-09	8.699999999999974e-09	6.74999999999998e-09	5.437499999999984e-09	1.814999999999995e-08	6.187499999999982e-09	7.312499999999979e-09	1.724999999999995e-08	6.262499999999982e-09	2.737499999999992e-09	6.524999999999981e-09	1.762499999999995e-09	0	3.749999999999989e-11	1.499999999999996e-10
3.44999999999999e-09	1.218749999999996e-08	8.624999999999975e-10	5.812499999999983e-09	1.586249999999995e-08	1.619999999999995e-08	6.937499999999979e-09	5.624999999999983e-09	5.699999999999983e-09	6.937499999999979e-09	7.949999999999977e-09	1.117499999999997e-08	1.312499999999996e-09	3.862499999999988e-09	5.962499999999982e-09	6.74999999999998e-10	1.049999999999997e-09	9.487499999999972e-09	2.696249999999992e-08	1.023749999999997e-08	3.937499999999988e-09	1.117499999999997e-08	6.449999999999981e-09	1.736249999999995e-08	1.799999999999995e-09	1.233749999999996e-08	8.099999999999977e-09	5.212499999999985e-09	4.574999999999986e-09	9.787499999999971e-09	3.599999999999989e-09	5.999999999999983e-09	2.032499999999994e-08	8.774999999999974e-09	4.087499999999988e-09	9.074999999999974e-09	1.237499999999996e-08	6.449999999999981e-09	5.174999999999985e-09	2.699999999999992e-09	2.624999999999992e-10	1.499999999999996e-10	2.587499999999993e-09	3.48749999999999e-09	3.787499999999989e-09	2.662499999999992e-09	4.387499999999987e-09	1.799999999999995e-09	1.537499999999996e-09	4.124999999999988e-09	2.774999999999992e-09	9.074999999999974e-09	1.278749999999996e-08	4.871249999999985e-08	2.186249999999994e-08	8.137499999999976e-09	7.949999999999977e-09	5.174999999999985e-09	2.249999999999993e-10	1.499999999999996e-09	2.598749999999992e-08	9.187499999999972e-09	1.016249999999997e-08	5.399999999999984e-09	3.48749999999999e-09	8.137499999999976e-09	1.368749999999996e-08	8.137499999999976e-09	1.012499999999997e-09	7.499999999999978e-10	3.37499999999999e-09	2.774999999999992e-09	1.424999999999996e-08	5.437499999999984e-09	6.449999999999981e-09	4.162499999999988e-09	9.562499999999972e-09	1.102499999999997e-08	8.362499999999975e-09	5.624999999999983e-09	5.324999999999984e-09	4.874999999999986e-10	5.624999999999983e-10	5.999999999999982e-10	1.424999999999996e-09	1.274999999999996e-09	1.912499999999994e-09	1.604999999999995e-08	9.712499999999972e-09	9.937499999999971e-09	5.062499999999985e-08	1.214999999999996e-08	5.887499999999982e-09	5.287499999999984e-09	8.437499999999975e-09	1.537499999999995e-08	4.762499999999986e-09	3.749999999999989e-11	1.124999999999997e-10	2.249999999999993e-10	-3.749999999999989e-11	7.499999999999978e-11	7.499999999999978e-11	8.249999999999976e-10	1.724999999999995e-09	6.74999999999998e-10	1.087499999999997e-09	6.224999999999982e-09	1.439999999999996e-08	6.599999999999981e-09	8.999999999999973e-09	5.999999999999982e-10	4.874999999999986e-10	9.337499999999972e-09	9.074999999999974e-09	7.387499999999978e-09	1.094999999999997e-08	1.496249999999996e-08	8.849999999999973e-09	6.89999999999998e-09	1.544999999999995e-08	1.312499999999996e-09	1.604999999999995e-08	1.293749999999996e-08	8.437499999999975e-09	3.749999999999989e-10	4.124999999999988e-10	0
7.874999999999976e-10	8.999999999999973e-10	4.949999999999986e-09	5.812499999999983e-09	5.962499999999982e-09	2.801249999999992e-08	1.856249999999995e-08	1.087499999999997e-08	6.637499999999981e-09	7.124999999999979e-09	5.437499999999984e-09	1.522499999999996e-08	8.437499999999975e-09	5.324999999999984e-09	8.699999999999974e-09	1.124999999999997e-10	8.999999999999973e-10	1.162499999999997e-09	3.862499999999988e-09	1.109999999999997e-08	1.038749999999997e-08	2.737499999999992e-08	9.749999999999972e-09	2.437499999999993e-09	1.837499999999995e-09	1.106249999999997e-08	2.058749999999994e-08	2.962499999999991e-09	1.199999999999996e-09	3.749999999999989e-10	1.087499999999997e-09	2.137499999999994e-09	2.662499999999992e-09	3.787499999999989e-09	7.199999999999978e-09	1.136249999999997e-08	1.274999999999996e-08	3.689999999999989e-08	9.262499999999973e-09	7.912499999999977e-09	1.687499999999995e-09	0	3.037499999999991e-09	1.631249999999995e-08	1.537499999999995e-08	8.137499999999976e-09	5.399999999999984e-09	1.612499999999995e-08	1.612499999999995e-09	1.124999999999997e-10	8.249999999999976e-10	1.312499999999996e-09	1.552499999999996e-08	2.452499999999993e-08	8.249999999999976e-09	6.89999999999998e-09	5.249999999999985e-10	1.068749999999997e-08	1.507499999999995e-08	1.087499999999997e-09	1.811249999999995e-08	6.374999999999981e-09	1.151249999999997e-08	2.362499999999993e-09	1.128749999999997e-08	1.072499999999997e-08	7.312499999999979e-09	8.624999999999975e-09	1.462499999999996e-09	2.437499999999993e-09	3.937499999999988e-09	1.379999999999996e-08	1.436249999999996e-08	0	1.912499999999994e-09	1.499999999999996e-10	4.312499999999987e-09	8.549999999999976e-09	2.474999999999993e-09	1.162499999999997e-09	1.574999999999995e-09	2.624999999999992e-10	4.499999999999987e-10	2.587499999999993e-09	1.462499999999996e-09	9.749999999999972e-10	7.349999999999978e-09	1.158749999999997e-08	9.224999999999973e-09	5.437499999999984e-09	3.937499999999988e-09	2.324999999999993e-09	6.67499999999998e-09	4.987499999999985e-09	3.824999999999989e-09	8.152499999999976e-08	6.89999999999998e-09	0	7.499999999999978e-11	2.024999999999994e-09	2.249999999999993e-09	1.424999999999996e-09	6.67499999999998e-09	8.174999999999976e-09	5.624999999999983e-09	3.712499999999989e-09	4.912499999999985e-09	5.699999999999983e-09	8.137499999999976e-09	1.271249999999996e-08	9.299999999999972e-09	1.499999999999996e-09	1.874999999999995e-10	3.712499999999989e-09	1.338749999999996e-08	9.337499999999972e-09	7.687499999999977e-09	9.899999999999971e-09	1.211249999999996e-08	1.316249999999996e-08	3.149999999999991e-09	2.962499999999991e-09	2.699999999999992e-09	1.124999999999997e-08	7.949999999999977e-09	4.687499999999987e-09	4.874999999999986e-10	2.249999999999993e-10
1.237499999999996e-09	1.008749999999997e-08	3.134999999999991e-08	5.774999999999983e-09	5.249999999999985e-10	6.224999999999982e-09	5.587499999999984e-09	1.019999999999997e-08	6.67499999999998e-09	1.957499999999994e-08	1.053749999999997e-08	7.762499999999978e-09	5.137499999999985e-09	1.237499999999996e-08	8.024999999999976e-09	7.949999999999977e-09	7.237499999999979e-09	8.062499999999977e-09	1.042499999999997e-08	7.499999999999978e-10	1.739999999999995e-08	7.537499999999977e-09	7.349999999999978e-09	1.612499999999995e-09	1.087499999999997e-09	1.049999999999997e-09	3.749999999999989e-10	2.174999999999993e-09	3.828749999999989e-08	1.687499999999995e-09	7.499999999999978e-11	3.37499999999999e-10	1.462499999999996e-09	1.987499999999994e-09	8.624999999999975e-10	9.374999999999972e-10	1.042499999999997e-08	1.139999999999997e-08	3.026249999999991e-08	2.223749999999993e-08	2.137499999999994e-09	2.624999999999992e-10	4.499999999999987e-10	4.012499999999988e-09	1.278749999999996e-08	8.362499999999975e-09	2.699999999999992e-08	1.331249999999996e-08	1.649999999999995e-09	-3.749999999999989e-11	-3.749999999999989e-11	5.249999999999985e-10	4.874999999999986e-10	7.124999999999979e-10	1.762499999999995e-09	1.949999999999994e-09	1.537499999999996e-09	6.176249999999982e-08	1.023749999999997e-08	5.137499999999985e-09	7.799999999999977e-09	4.237499999999987e-09	2.174999999999993e-09	7.237499999999979e-09	1.432499999999996e-08	1.117499999999997e-08	1.559999999999995e-08	6.412499999999981e-09	6.74999999999998e-09	3.18749999999999e-09	7.199999999999978e-09	1.124999999999997e-10	1.124999999999997e-10	3.749999999999989e-10	1.499999999999996e-10	2.249999999999993e-10	5.249999999999985e-10	2.662499999999992e-09	2.924999999999991e-09	1.799999999999995e-09	1.499999999999996e-10	4.124999999999988e-10	1.237499999999996e-09	2.174999999999993e-09	2.962499999999991e-09	3.749999999999989e-10	2.062499999999994e-09	6.97499999999998e-09	1.987499999999994e-08	1.709999999999995e-08	3.937499999999988e-09	4.199999999999988e-09	1.571249999999995e-08	7.799999999999977e-09	2.452499999999993e-08	6.86249999999998e-09	1.874999999999995e-10	7.499999999999978e-11	2.774999999999992e-09	6.299999999999981e-09	5.362499999999984e-09	1.091249999999997e-08	4.072499999999988e-08	4.949999999999986e-09	1.424999999999996e-09	6.487499999999981e-09	2.774999999999992e-09	5.324999999999984e-09	1.113749999999997e-08	8.174999999999976e-09	2.999999999999991e-09	7.499999999999978e-10	2.249999999999993e-10	4.124999999999988e-10	5.999999999999982e-10	1.079999999999997e-08	8.512499999999974e-09	6.524999999999981e-09	3.937499999999988e-09	1.548749999999996e-08	1.034999999999997e-08	5.287499999999984e-09	5.399999999999984e-09	9.187499999999972e-09	1.376249999999996e-08	5.062499999999985e-09	4.987499999999985e-09	-3.749999999999989e-11
7.087499999999979e-09	3.26249999999999e-09	1.274999999999996e-09	3.26249999999999e-09	1.649999999999995e-09	1.241249999999996e-08	1.241249999999996e-08	9.787499999999971e-09	1.308749999999996e-08	5.812499999999983e-09	1.499999999999996e-09	7.987499999999976e-09	2.302499999999993e-08	6.937499999999979e-09	7.837499999999977e-09	9.037499999999974e-09	7.274999999999978e-09	8.062499999999977e-09	9.749999999999972e-09	6.299999999999981e-09	5.849999999999983e-09	9.149999999999973e-09	8.737499999999975e-09	3.037499999999991e-09	8.287499999999976e-09	1.376249999999996e-08	7.012499999999979e-09	1.019999999999997e-08	4.162499999999988e-09	9.862499999999972e-09	7.499999999999978e-10	7.874999999999976e-10	1.192499999999996e-08	6.712499999999981e-09	9.562499999999972e-09	3.037499999999991e-09	1.949999999999994e-09	2.707499999999992e-08	3.824999999999989e-09	7.499999999999978e-10	4.874999999999986e-10	2.174999999999993e-09	1.274999999999996e-09	2.549999999999993e-09	3.074999999999991e-09	3.899999999999989e-09	2.988749999999991e-08	2.864999999999992e-08	6.712499999999981e-09	2.624999999999992e-10	1.619999999999995e-08	4.012499999999988e-09	3.749999999999989e-11	7.499999999999978e-11	-3.749999999999989e-11	2.624999999999992e-10	5.287499999999984e-09	3.592499999999989e-08	7.574999999999978e-09	4.874999999999986e-09	1.646249999999995e-08	3.26249999999999e-09	2.624999999999992e-10	7.574999999999978e-09	2.182499999999994e-08	3.18749999999999e-09	7.499999999999978e-09	1.766249999999995e-08	7.949999999999977e-09	1.387499999999996e-09	4.499999999999987e-10	6.562499999999981e-09	3.44999999999999e-09	7.124999999999979e-10	1.349999999999996e-09	2.812499999999992e-09	7.499999999999978e-10	1.912499999999994e-09	2.587499999999993e-09	3.824999999999989e-09	9.749999999999972e-10	2.624999999999992e-10	5.399999999999984e-09	1.927499999999994e-08	1.278749999999996e-08	1.297499999999996e-08	0	4.124999999999988e-10	1.124999999999997e-10	2.249999999999993e-10	3.37499999999999e-10	2.999999999999991e-10	8.999999999999973e-10	1.537499999999996e-09	6.89999999999998e-09	2.249999999999993e-09	2.624999999999992e-10	2.624999999999992e-10	1.237499999999996e-09	8.512499999999974e-09	1.166249999999997e-08	1.297499999999996e-08	1.488749999999996e-08	1.113749999999997e-08	4.987499999999985e-09	5.324999999999984e-09	2.887499999999992e-09	1.874999999999995e-10	2.324999999999993e-09	9.862499999999972e-09	1.293749999999996e-08	7.874999999999976e-10	3.749999999999989e-10	7.124999999999979e-10	2.999999999999991e-10	1.274999999999996e-09	6.149999999999982e-09	2.549999999999993e-09	4.987499999999985e-09	2.043749999999994e-08	1.556249999999995e-08	3.749999999999989e-10	-3.749999999999989e-11	1.274999999999996e-09	3.52499999999999e-09	1.687499999999995e-09	1.649999999999995e-09	1.499999999999996e-10
1.031249999999997e-08	7.874999999999976e-09	3.37499999999999e-09	1.762499999999995e-09	1.874999999999994e-09	1.124999999999997e-09	9.487499999999972e-09	1.413749999999996e-08	1.679999999999995e-08	3.213749999999991e-08	1.162499999999997e-09	8.962499999999974e-09	1.293749999999996e-08	1.004999999999997e-08	9.599999999999972e-09	1.027499999999997e-08	6.78749999999998e-09	7.349999999999978e-09	8.699999999999974e-09	5.212499999999985e-09	4.649999999999986e-09	4.612499999999987e-09	9.899999999999971e-09	1.533749999999995e-08	6.599999999999981e-09	8.549999999999976e-09	1.214999999999996e-08	5.062499999999985e-09	4.949999999999986e-09	8.512499999999974e-09	4.499999999999987e-10	3.824999999999989e-09	1.574999999999995e-08	1.844999999999995e-08	5.062499999999985e-09	9.97499999999997e-09	1.837499999999995e-09	6.97499999999998e-09	9.712499999999972e-09	5.549999999999984e-09	1.874999999999995e-10	1.012499999999997e-09	3.101249999999991e-08	9.149999999999973e-09	5.249999999999985e-09	8.999999999999973e-10	8.624999999999975e-10	3.637499999999989e-09	1.511249999999995e-08	2.062499999999994e-09	2.381249999999993e-08	1.259999999999996e-08	7.087499999999979e-09	9.787499999999971e-09	5.099999999999985e-09	2.887499999999992e-09	3.787499999999989e-09	0	2.249999999999993e-10	1.949999999999994e-09	5.887499999999982e-09	2.249999999999993e-09	1.762499999999995e-09	2.362499999999993e-09	5.486249999999984e-08	1.143749999999997e-08	1.031249999999997e-08	7.612499999999978e-09	8.174999999999976e-09	4.987499999999985e-09	1.199999999999996e-09	4.612499999999987e-09	2.324999999999993e-09	5.249999999999985e-10	2.624999999999992e-10	1.912499999999994e-09	9.562499999999972e-09	1.068749999999997e-08	7.424999999999978e-09	6.037499999999982e-09	2.737499999999992e-09	3.37499999999999e-09	1.649999999999995e-08	1.016249999999997e-08	5.212499999999985e-09	4.949999999999986e-09	1.649999999999995e-09	9.374999999999972e-10	7.124999999999979e-09	1.664999999999995e-08	1.331249999999996e-08	6.449999999999981e-09	1.739999999999995e-08	3.749999999999989e-11	8.999999999999973e-10	7.874999999999976e-10	2.287499999999993e-09	3.37499999999999e-10	3.862499999999988e-09	1.173749999999997e-08	1.252499999999996e-08	2.718749999999992e-08	1.631249999999995e-08	6.224999999999982e-09	6.374999999999982e-10	-3.749999999999989e-11	0	4.874999999999986e-10	4.499999999999987e-10	1.462499999999996e-09	5.362499999999984e-09	2.249999999999993e-10	1.012499999999997e-09	1.199999999999996e-09	3.749999999999989e-11	7.499999999999978e-11	1.387499999999996e-09	2.249999999999993e-10	3.749999999999989e-09	2.707499999999992e-08	1.616249999999995e-08	8.999999999999973e-10	3.749999999999989e-10	3.749999999999989e-11	9.749999999999972e-10	1.237499999999996e-09	0	-7.499999999999978e-11
2.287499999999993e-09	1.034999999999997e-08	3.599999999999989e-09	3.749999999999989e-09	2.999999999999991e-09	1.777499999999995e-08	8.887499999999975e-09	2.962499999999991e-09	1.799999999999995e-09	1.012499999999997e-09	2.212499999999993e-09	3.38249999999999e-08	2.298749999999993e-08	3.712499999999989e-09	1.897499999999994e-08	7.162499999999979e-09	8.062499999999977e-09	8.399999999999976e-09	1.177499999999996e-08	6.562499999999981e-09	5.887499999999982e-09	9.374999999999972e-10	4.124999999999988e-10	1.897499999999994e-08	1.548749999999996e-08	5.812499999999983e-09	9.037499999999974e-09	7.799999999999977e-09	4.424999999999987e-09	4.499999999999987e-09	2.212499999999993e-09	3.899999999999989e-09	2.504999999999993e-08	8.624999999999975e-09	9.374999999999973e-09	2.212499999999993e-09	1.874999999999995e-10	1.844999999999995e-08	8.287499999999976e-09	3.749999999999989e-11	-3.749999999999989e-11	1.908749999999995e-08	1.428749999999996e-08	7.199999999999978e-09	1.687499999999995e-09	4.124999999999988e-10	1.739999999999995e-08	9.112499999999973e-09	-3.749999999999989e-11	3.749999999999989e-11	2.812499999999992e-09	2.894999999999992e-08	1.537499999999995e-08	6.67499999999998e-09	5.212499999999985e-09	8.437499999999975e-09	1.462499999999996e-09	2.624999999999992e-10	2.999999999999991e-10	2.576249999999992e-08	1.409999999999996e-08	5.887499999999982e-09	3.749999999999989e-11	0	1.799999999999995e-08	1.481249999999996e-08	9.524999999999973e-09	9.562499999999972e-09	3.787499999999989e-09	7.949999999999977e-09	8.737499999999975e-09	4.124999999999988e-09	1.567499999999995e-08	2.362499999999993e-09	1.237499999999996e-09	1.912499999999994e-09	1.177499999999996e-08	1.147499999999997e-08	6.412499999999981e-09	2.437499999999993e-09	6.074999999999982e-09	2.999999999999991e-09	3.824999999999989e-09	9.899999999999971e-09	4.162499999999988e-09	3.41249999999999e-09	1.312499999999996e-09	1.949999999999994e-09	2.043749999999994e-08	2.384999999999993e-08	8.212499999999975e-09	6.86249999999998e-09	1.128749999999997e-08	2.624999999999992e-10	1.012499999999997e-09	2.099999999999994e-09	3.37499999999999e-09	1.199999999999996e-09	7.499999999999978e-11	1.462499999999996e-09	8.324999999999975e-09	6.074999999999982e-09	1.256249999999996e-08	7.574999999999978e-09	2.212499999999993e-09	1.612499999999995e-09	2.774999999999992e-09	7.649999999999978e-09	4.499999999999987e-09	2.324999999999993e-09	6.374999999999981e-09	7.537499999999977e-09	3.112499999999991e-09	1.537499999999996e-09	8.624999999999975e-10	2.249999999999993e-10	0	-3.749999999999989e-11	3.48749999999999e-09	2.189999999999993e-08	6.712499999999981e-09	5.999999999999982e-10	0	7.499999999999978e-11	5.249999999999985e-10	2.624999999999992e-10	-3.749999999999989e-11	-3.749999999999989e-11
9.674999999999971e-09	4.837499999999985e-09	2.437499999999993e-09	2.399999999999993e-09	5.062499999999985e-09	8.512499999999974e-09	1.023749999999997e-08	1.087499999999997e-08	2.313749999999993e-08	4.874999999999986e-09	6.487499999999981e-09	1.589999999999995e-08	7.724999999999977e-09	8.212499999999975e-09	3.037499999999991e-09	2.174999999999993e-09	1.529999999999996e-08	1.338749999999996e-08	7.312499999999979e-09	9.187499999999972e-09	5.812499999999983e-09	2.624999999999992e-10	3.48749999999999e-09	4.987499999999985e-09	8.474999999999975e-09	2.324999999999993e-08	3.749999999999989e-10	1.087499999999997e-09	1.199999999999996e-09	1.942499999999994e-08	1.694999999999995e-08	4.124999999999988e-10	1.424999999999996e-09	2.812499999999992e-09	9.337499999999972e-09	2.587499999999993e-09	5.624999999999983e-10	1.087499999999997e-09	9.374999999999972e-10	1.837499999999995e-09	1.762499999999995e-09	1.649999999999995e-09	8.999999999999973e-10	3.749999999999989e-10	2.249999999999993e-09	2.456249999999993e-08	3.40874999999999e-08	3.948749999999988e-08	2.024999999999994e-09	9.374999999999972e-10	7.874999999999976e-10	8.212499999999975e-09	2.752499999999992e-08	4.912499999999985e-09	4.574999999999986e-09	6.67499999999998e-09	2.624999999999992e-10	1.424999999999996e-09	3.29624999999999e-08	8.699999999999974e-09	8.024999999999976e-09	1.087499999999997e-09	1.777499999999995e-08	8.624999999999975e-09	2.624999999999992e-09	1.237499999999996e-08	4.537499999999987e-09	5.474999999999984e-09	1.229999999999996e-08	2.999999999999991e-09	2.624999999999992e-09	2.774999999999992e-09	2.587499999999993e-08	1.004999999999997e-08	4.162499999999988e-09	1.154999999999997e-08	5.624999999999983e-10	5.624999999999983e-09	5.549999999999984e-09	7.537499999999977e-09	4.987499999999985e-09	2.737499999999992e-09	1.357499999999996e-08	5.999999999999983e-09	1.612499999999995e-09	1.274999999999996e-09	2.249999999999993e-10	1.124999999999997e-10	1.574999999999995e-09	1.143749999999997e-08	5.212499999999985e-09	6.112499999999982e-09	3.899999999999989e-09	4.874999999999986e-10	5.812499999999983e-09	4.383749999999987e-08	2.227499999999993e-08	2.849999999999992e-09	9.749999999999972e-10	1.874999999999995e-10	5.999999999999982e-10	5.474999999999984e-09	1.072499999999997e-08	5.812499999999983e-09	1.424999999999996e-09	1.087499999999997e-09	1.687499999999995e-09	0	1.874999999999995e-10	1.724999999999995e-09	2.249999999999993e-10	0	8.249999999999976e-10	3.37499999999999e-10	3.749999999999989e-10	2.624999999999992e-10	5.624999999999983e-10	0	7.499999999999978e-11	4.874999999999986e-10	2.249999999999993e-10	1.499999999999996e-10	9.749999999999972e-10	-3.749999999999989e-11	4.499999999999987e-10	6.74999999999998e-10	2.624999999999992e-10	2.999999999999991e-10
2.624999999999992e-09	1.837499999999995e-09	3.974999999999988e-09	6.262499999999982e-09	4.387499999999987e-09	7.537499999999977e-09	1.514999999999996e-08	4.192499999999987e-08	4.574999999999986e-09	1.361249999999996e-08	3.112499999999991e-09	2.249999999999993e-09	2.812499999999992e-09	5.774999999999983e-09	9.749999999999972e-10	2.549999999999993e-09	2.894999999999992e-08	1.957499999999994e-08	9.824999999999971e-09	9.524999999999973e-09	6.187499999999982e-09	1.274999999999996e-09	2.062499999999994e-09	1.949999999999994e-09	2.864999999999992e-08	7.612499999999978e-09	6.74999999999998e-10	5.999999999999982e-10	1.304999999999996e-08	4.912499999999985e-09	9.112499999999973e-09	5.287499999999984e-09	2.966249999999991e-08	6.337499999999981e-09	1.312499999999996e-09	1.874999999999995e-10	1.162499999999997e-09	1.049999999999997e-09	1.124999999999997e-09	1.874999999999994e-09	7.124999999999979e-10	2.024999999999994e-09	8.999999999999973e-10	8.249999999999976e-10	2.287499999999993e-09	3.974999999999988e-09	4.649999999999986e-08	3.37499999999999e-08	7.462499999999978e-09	5.549999999999984e-09	8.249999999999976e-10	9.674999999999971e-09	3.42374999999999e-08	3.937499999999988e-09	4.049999999999988e-09	1.353749999999996e-08	3.44999999999999e-09	1.574999999999995e-09	2.872499999999991e-08	4.087499999999988e-09	-3.749999999999989e-11	8.587499999999975e-09	2.167499999999994e-08	6.599999999999981e-09	1.124999999999997e-10	1.724999999999995e-09	3.787499999999989e-09	2.591249999999993e-08	1.578749999999996e-08	5.362499999999984e-09	1.121249999999997e-08	1.154999999999997e-08	2.474999999999993e-09	6.74999999999998e-10	5.099999999999985e-09	4.199999999999988e-09	2.812499999999992e-09	2.999999999999991e-10	1.087499999999997e-09	1.173749999999997e-08	3.32624999999999e-08	6.224999999999982e-09	1.886249999999994e-08	7.874999999999976e-10	1.087499999999997e-09	6.74999999999998e-10	5.999999999999982e-10	3.37499999999999e-10	4.312499999999987e-09	8.962499999999974e-09	1.612499999999995e-08	2.051249999999994e-08	2.137499999999994e-09	1.499999999999996e-10	2.624999999999992e-10	2.174999999999993e-09	3.18749999999999e-09	3.862499999999988e-09	2.137499999999994e-09	1.012499999999997e-09	6.74999999999998e-10	2.999999999999991e-10	4.874999999999986e-10	5.362499999999984e-09	2.999999999999991e-09	1.312499999999996e-09	1.687499999999995e-09	6.74999999999998e-10	6.374999999999982e-10	2.512499999999993e-09	1.537499999999996e-09	1.649999999999995e-09	7.499999999999978e-10	6.74999999999998e-10	7.124999999999979e-10	4.124999999999988e-10	1.049999999999997e-09	7.124999999999979e-10	5.624999999999983e-10	4.499999999999987e-10	9.374999999999972e-10	8.999999999999973e-10	6.97499999999998e-09	1.687499999999995e-08	2.366249999999993e-08	6.449999999999981e-09	5.249999999999985e-10	7.499999999999978e-10
5.962499999999982e-09	2.887499999999992e-09	1.027499999999997e-08	1.432499999999996e-08	2.549999999999993e-09	3.56249999999999e-09	8.999999999999973e-10	1.087499999999997e-09	3.52499999999999e-09	3.36749999999999e-08	1.499999999999996e-08	5.737499999999984e-09	1.049999999999997e-09	2.999999999999991e-10	1.049999999999997e-09	8.137499999999976e-09	3.31499999999999e-08	7.649999999999978e-09	1.031249999999997e-08	6.97499999999998e-09	6.67499999999998e-09	7.349999999999978e-09	2.249999999999993e-10	7.04999999999998e-09	2.039999999999994e-08	2.174999999999993e-09	5.249999999999985e-10	7.499999999999978e-11	3.749999999999989e-10	2.024999999999994e-09	1.901249999999994e-08	3.067499999999991e-08	4.612499999999987e-09	1.334999999999996e-08	8.699999999999974e-09	3.48749999999999e-09	1.124999999999997e-10	3.824999999999989e-09	1.162499999999997e-09	6.74999999999998e-10	4.424999999999987e-09	9.637499999999971e-09	3.828749999999989e-08	4.799999999999986e-09	1.612499999999995e-09	5.474999999999984e-09	5.887499999999982e-09	3.899999999999989e-09	4.874999999999986e-09	1.274999999999996e-09	2.624999999999992e-10	4.278749999999987e-08	6.524999999999981e-09	4.499999999999987e-10	4.874999999999986e-10	2.774999999999992e-09	9.112499999999973e-09	1.113749999999997e-08	0	0	7.499999999999978e-11	6.74999999999998e-10	7.124999999999979e-10	5.249999999999985e-10	1.499999999999996e-09	2.287499999999993e-09	1.049999999999997e-09	4.987499999999985e-09	1.968749999999994e-08	2.699999999999992e-09	1.087499999999997e-09	3.149999999999991e-09	3.224999999999991e-08	5.624999999999983e-10	7.124999999999979e-10	2.399999999999993e-09	2.549999999999993e-09	1.462499999999996e-09	2.062499999999994e-09	2.249999999999993e-09	2.212499999999993e-09	3.937499999999988e-09	7.874999999999976e-10	7.124999999999979e-10	1.762499999999995e-09	2.624999999999992e-10	1.124999999999997e-09	2.962499999999991e-09	8.024999999999976e-09	4.177499999999988e-08	2.508749999999993e-08	8.324999999999975e-09	3.41249999999999e-09	7.499999999999978e-10	2.249999999999993e-10	5.249999999999985e-10	1.612499999999995e-09	1.499999999999996e-10	1.124999999999997e-10	2.137499999999994e-09	3.749999999999989e-09	3.749999999999989e-11	2.249999999999993e-10	2.624999999999992e-10	2.999999999999991e-09	4.874999999999986e-10	1.837499999999995e-09	3.749999999999989e-10	5.624999999999983e-10	8.249999999999976e-10	3.749999999999989e-10	-3.749999999999989e-11	5.999999999999982e-10	2.624999999999992e-10	3.37499999999999e-10	4.349999999999987e-09	4.162499999999988e-09	1.199999999999996e-09	5.249999999999985e-10	2.249999999999993e-10	2.624999999999992e-10	2.699999999999992e-09	6.89999999999998e-09	1.364999999999996e-08	1.368749999999996e-08	5.287499999999984e-09	-3.749999999999989e-11	3.749999999999989e-11
2.624999999999992e-10	1.687499999999995e-09	1.214999999999996e-08	8.624999999999975e-09	1.132499999999997e-08	4.987499999999985e-09	0	1.424999999999996e-09	1.049999999999997e-09	6.337499999999981e-09	1.087499999999997e-08	1.091249999999997e-08	9.299999999999972e-09	1.537499999999996e-09	4.274999999999988e-09	2.324999999999993e-09	3.097499999999991e-08	3.716249999999989e-08	1.106249999999997e-08	5.999999999999983e-09	6.112499999999982e-09	1.499999999999996e-09	5.437499999999984e-09	2.208749999999994e-08	2.287499999999993e-09	1.312499999999996e-09	1.874999999999994e-09	7.04999999999998e-09	3.26249999999999e-09	6.449999999999981e-09	3.168749999999991e-08	1.094999999999997e-08	5.399999999999984e-09	1.012499999999997e-08	8.924999999999974e-09	1.912499999999994e-09	3.749999999999989e-11	-3.749999999999989e-11	0	2.249999999999993e-10	1.049999999999997e-09	6.487499999999981e-09	5.257499999999985e-08	8.249999999999976e-09	1.267499999999996e-08	5.774999999999983e-09	8.699999999999974e-09	7.087499999999979e-09	1.106249999999997e-08	2.849999999999992e-09	4.124999999999988e-10	2.002499999999994e-08	1.424999999999996e-09	7.874999999999976e-10	2.636249999999992e-08	7.612499999999978e-09	9.637499999999971e-09	1.237499999999996e-09	3.749999999999989e-11	0	4.124999999999988e-10	1.499999999999996e-10	0	0	6.74999999999998e-10	2.249999999999993e-10	3.749999999999989e-10	4.537499999999987e-09	7.874999999999976e-10	2.137499999999994e-09	2.249999999999993e-10	2.999999999999991e-09	2.699999999999992e-09	2.249999999999993e-10	4.124999999999988e-10	7.124999999999979e-10	1.499999999999996e-09	2.999999999999991e-10	2.587499999999993e-09	3.787499999999989e-09	2.249999999999993e-10	0	3.37499999999999e-10	6.74999999999998e-10	4.124999999999988e-10	2.137499999999994e-09	6.74999999999998e-10	1.499999999999996e-10	3.899999999999989e-09	1.166249999999997e-08	3.944999999999989e-08	2.373749999999993e-08	5.099999999999985e-09	7.499999999999978e-11	3.37499999999999e-10	5.999999999999983e-09	4.237499999999987e-09	1.837499999999995e-09	6.374999999999982e-10	0	4.124999999999988e-10	1.649999999999995e-09	7.499999999999978e-11	1.274999999999996e-09	1.049999999999997e-09	3.862499999999988e-09	1.387499999999996e-09	1.499999999999996e-09	8.999999999999973e-10	4.874999999999986e-10	7.499999999999978e-11	3.749999999999989e-11	5.999999999999982e-10	1.274999999999996e-09	2.624999999999992e-10	3.37499999999999e-10	7.499999999999978e-10	4.949999999999986e-09	4.687499999999987e-09	8.624999999999975e-10	8.999999999999973e-10	4.499999999999987e-10	5.999999999999982e-10	1.874999999999994e-09	4.049999999999988e-09	5.512499999999984e-09	3.37499999999999e-10	2.624999999999992e-10
4.537499999999987e-09	2.324999999999993e-09	1.976249999999994e-08	1.942499999999994e-08	5.587499999999984e-09	7.087499999999979e-09	1.177499999999996e-08	5.887499999999982e-09	4.124999999999988e-10	1.574999999999995e-08	2.174999999999993e-09	4.874999999999986e-09	5.062499999999985e-09	2.512499999999993e-09	1.724999999999995e-09	1.612499999999995e-09	4.537499999999987e-09	4.424999999999987e-09	2.159999999999994e-08	9.224999999999973e-09	1.237499999999996e-09	3.47249999999999e-08	1.837499999999995e-09	8.999999999999973e-10	3.26249999999999e-09	4.912499999999985e-09	2.924999999999991e-09	7.837499999999977e-09	1.672499999999995e-08	3.048749999999991e-08	7.462499999999978e-09	3.637499999999989e-09	3.637499999999989e-09	1.379999999999996e-08	1.312499999999996e-09	1.537499999999996e-09	5.999999999999982e-10	3.749999999999989e-10	1.874999999999995e-10	1.124999999999997e-09	4.124999999999988e-10	1.837499999999995e-09	6.299999999999981e-09	1.454999999999996e-08	3.56249999999999e-09	1.012499999999997e-09	1.087499999999997e-09	0	2.999999999999991e-10	1.612499999999995e-09	9.074999999999974e-09	4.762499999999986e-09	4.837499999999985e-09	8.924999999999974e-09	3.599999999999989e-09	4.514999999999986e-08	5.636249999999983e-08	2.137499999999994e-09	7.124999999999979e-10	6.74999999999998e-10	4.124999999999988e-10	3.749999999999989e-10	6.74999999999998e-10	2.024999999999994e-09	6.562499999999981e-09	2.174999999999993e-09	1.079999999999997e-08	1.357499999999996e-08	1.874999999999995e-08	1.316249999999996e-08	1.387499999999996e-09	1.124999999999997e-10	6.74999999999998e-10	1.874999999999995e-10	4.649999999999986e-09	1.094999999999997e-08	1.004999999999997e-08	6.74999999999998e-10	2.962499999999991e-09	1.316249999999996e-08	4.349999999999987e-09	3.749999999999989e-10	3.749999999999989e-11	1.124999999999997e-10	5.624999999999983e-10	1.349999999999996e-09	2.212499999999993e-09	2.624999999999992e-10	1.874999999999995e-10	1.027499999999997e-08	4.237499999999987e-09	4.387499999999987e-09	4.949999999999986e-09	3.41249999999999e-09	1.574999999999995e-09	5.624999999999983e-10	6.074999999999982e-09	1.451249999999996e-08	1.394999999999996e-08	1.012499999999997e-09	3.749999999999989e-10	8.999999999999973e-10	3.749999999999989e-10	3.749999999999989e-10	4.349999999999987e-09	8.287499999999976e-09	4.612499999999987e-09	2.062499999999994e-09	2.587499999999993e-09	3.37499999999999e-10	4.499999999999987e-09	1.499999999999996e-09	7.499999999999978e-11	2.624999999999992e-10	7.874999999999976e-10	3.37499999999999e-10	6.374999999999982e-10	8.999999999999973e-10	1.837499999999995e-09	1.687499999999995e-09	8.849999999999973e-09	3.48749999999999e-09	5.624999999999983e-10	2.024999999999994e-09	4.199999999999988e-09	1.874999999999995e-10	7.499999999999978e-11	3.749999999999989e-11
7.537499999999977e-09	1.106249999999997e-08	6.74999999999998e-09	1.113749999999997e-08	8.399999999999976e-09	7.04999999999998e-09	9.862499999999972e-09	7.04999999999998e-09	9.524999999999973e-09	6.187499999999982e-09	2.774999999999992e-09	3.44999999999999e-09	7.349999999999978e-09	2.024999999999994e-09	8.624999999999975e-09	1.079999999999997e-08	4.312499999999987e-09	1.544999999999995e-08	4.987499999999985e-09	1.004999999999997e-08	8.662499999999974e-09	4.124999999999988e-09	7.574999999999978e-09	4.049999999999988e-09	4.499999999999987e-10	5.624999999999983e-10	1.762499999999995e-09	4.912499999999985e-09	2.838749999999992e-08	2.276249999999993e-08	7.762499999999978e-09	1.901249999999994e-08	5.549999999999984e-09	9.074999999999974e-09	7.012499999999979e-09	1.466249999999996e-08	7.274999999999978e-09	7.237499999999979e-09	7.987499999999976e-09	5.437499999999984e-09	4.762499999999986e-09	2.174999999999993e-09	8.999999999999973e-10	2.639999999999992e-08	1.256249999999996e-08	1.158749999999997e-08	4.724999999999986e-09	1.312499999999996e-08	7.087499999999979e-09	6.299999999999981e-09	4.499999999999987e-10	1.259999999999996e-08	1.402499999999996e-08	3.37499999999999e-09	2.812499999999992e-09	1.829999999999995e-08	2.587499999999993e-09	4.124999999999988e-10	8.512499999999974e-09	1.342499999999996e-08	1.218749999999996e-08	2.587499999999993e-09	5.812499999999983e-09	6.86249999999998e-09	1.526249999999996e-08	1.117499999999997e-08	9.862499999999972e-09	9.937499999999971e-09	7.387499999999978e-09	9.187499999999972e-09	9.637499999999971e-09	7.424999999999978e-09	6.374999999999981e-09	9.487499999999972e-09	7.349999999999978e-09	8.399999999999976e-09	7.462499999999978e-09	9.487499999999972e-09	9.899999999999971e-09	8.962499999999974e-09	5.024999999999985e-09	5.999999999999982e-10	1.687499999999995e-09	1.012499999999997e-09	5.624999999999983e-10	5.249999999999985e-10	1.987499999999994e-09	2.062499999999994e-09	7.499999999999978e-10	7.124999999999979e-10	1.574999999999995e-09	7.312499999999979e-09	1.931249999999994e-08	3.063749999999991e-08	1.889999999999994e-08	1.612499999999995e-09	3.112499999999991e-09	1.038749999999997e-08	1.522499999999996e-08	1.612499999999995e-09	2.249999999999993e-09	2.999999999999991e-10	7.837499999999977e-09	4.499999999999987e-09	1.574999999999995e-09	2.662499999999992e-09	4.762499999999986e-09	1.852499999999995e-08	8.662499999999974e-09	2.999999999999991e-10	1.462499999999996e-09	3.37499999999999e-09	4.499999999999987e-10	1.274999999999996e-09	2.587499999999993e-09	6.374999999999982e-10	4.124999999999988e-10	5.812499999999983e-09	9.599999999999972e-09	5.362499999999984e-09	2.287499999999993e-09	8.624999999999975e-09	3.749999999999989e-10	4.199999999999988e-09	5.137499999999985e-09	1.162499999999997e-09	0	0
8.287499999999976e-09	1.053749999999997e-08	8.849999999999973e-09	7.199999999999978e-09	1.004999999999997e-08	7.349999999999978e-09	7.874999999999976e-09	2.887499999999992e-09	1.087499999999997e-09	1.087499999999997e-09	3.41249999999999e-09	2.249999999999993e-09	2.696249999999992e-08	1.432499999999996e-08	8.099999999999977e-09	3.48749999999999e-09	2.212499999999993e-09	7.874999999999976e-09	1.526249999999996e-08	1.042499999999997e-08	3.787499999999989e-09	2.062499999999994e-09	3.749999999999989e-10	2.039999999999994e-08	9.224999999999973e-09	1.124999999999997e-09	8.737499999999975e-09	2.111249999999994e-08	1.938749999999994e-08	7.04999999999998e-09	7.874999999999976e-09	5.849999999999983e-09	9.299999999999972e-09	4.499999999999987e-10	7.499999999999978e-11	1.799999999999995e-09	1.428749999999996e-08	7.874999999999976e-10	7.874999999999976e-10	8.249999999999976e-10	7.649999999999978e-09	7.274999999999978e-09	3.44999999999999e-09	3.749999999999989e-10	1.387499999999996e-09	5.437499999999984e-09	1.758749999999995e-08	5.444999999999984e-08	1.518749999999996e-08	4.499999999999987e-10	-3.749999999999989e-11	1.874999999999995e-10	3.18749999999999e-09	1.499999999999996e-10	2.737499999999992e-09	8.624999999999975e-09	7.687499999999977e-09	2.527499999999993e-08	1.331249999999996e-08	1.691249999999995e-08	1.998749999999994e-08	1.068749999999997e-08	3.41249999999999e-09	1.837499999999995e-09	1.124999999999997e-10	1.874999999999995e-10	6.374999999999982e-10	4.762499999999986e-09	9.749999999999972e-10	7.499999999999978e-10	1.424999999999996e-09	6.89999999999998e-09	3.899999999999989e-09	6.224999999999982e-09	9.674999999999971e-09	6.037499999999982e-09	1.462499999999996e-09	2.062499999999994e-09	5.062499999999985e-09	2.399999999999993e-09	9.374999999999972e-10	1.199999999999996e-09	3.749999999999989e-10	3.749999999999989e-11	1.349999999999996e-09	4.199999999999988e-09	4.687499999999987e-09	2.737499999999992e-09	1.162499999999997e-09	9.374999999999972e-10	3.149999999999991e-09	2.774999999999992e-09	1.912499999999994e-09	7.499999999999978e-11	5.624999999999983e-10	7.124999999999979e-10	5.399999999999984e-09	5.062499999999985e-09	3.787499999999989e-09	1.124999999999997e-09	2.362499999999993e-09	3.599999999999989e-09	8.999999999999973e-10	-3.749999999999989e-11	1.499999999999996e-10	8.624999999999975e-10	3.37499999999999e-10	5.624999999999983e-10	7.837499999999977e-09	3.074999999999991e-09	7.124999999999979e-10	4.124999999999988e-10	1.799999999999995e-09	1.837499999999995e-09	2.399999999999993e-09	2.512499999999993e-09	1.274999999999996e-09	7.499999999999978e-11	1.499999999999996e-09	2.624999999999992e-09	7.499999999999978e-11	3.37499999999999e-10	2.999999999999991e-10	0	-3.749999999999989e-11	0	3.749999999999989e-11	-3.749999999999989e-11
9.899999999999971e-09	6.637499999999981e-09	1.109999999999997e-08	7.124999999999979e-09	8.999999999999973e-09	7.574999999999978e-09	9.487499999999972e-09	5.399999999999984e-09	7.274999999999978e-09	6.224999999999982e-09	5.362499999999984e-09	9.712499999999972e-09	1.833749999999994e-08	2.924999999999991e-09	1.244999999999996e-08	3.637499999999989e-09	1.874999999999995e-10	8.999999999999973e-10	2.396249999999993e-08	8.287499999999976e-09	1.987499999999994e-09	2.174999999999993e-09	6.74999999999998e-10	2.009999999999994e-08	8.512499999999974e-09	5.287499999999984e-09	3.18749999999999e-09	2.062499999999994e-09	3.779999999999989e-08	7.987499999999976e-09	1.008749999999997e-08	4.462499999999987e-09	3.41249999999999e-09	1.049999999999997e-09	9.749999999999972e-10	1.949999999999994e-09	2.681249999999992e-08	1.372499999999996e-08	1.874999999999995e-10	1.499999999999996e-10	2.624999999999992e-10	7.499999999999978e-11	2.999999999999991e-10	1.687499999999995e-09	3.712499999999989e-09	1.046249999999997e-08	5.407499999999984e-08	4.012499999999988e-09	1.499999999999996e-08	1.139999999999997e-08	2.474999999999993e-09	1.169999999999997e-08	8.512499999999974e-09	2.024999999999994e-09	-3.749999999999989e-11	1.124999999999997e-10	3.749999999999989e-10	2.512499999999993e-09	5.624999999999983e-10	3.749999999999989e-10	5.024999999999985e-09	2.013749999999994e-08	1.724999999999995e-09	3.899999999999989e-09	3.899999999999989e-09	6.374999999999982e-10	7.499999999999978e-11	3.34124999999999e-08	5.624999999999983e-09	5.062499999999985e-09	7.124999999999979e-10	1.087499999999997e-09	2.812499999999992e-09	6.712499999999981e-09	1.387499999999996e-09	5.399999999999984e-09	2.249999999999993e-09	2.624999999999992e-10	3.637499999999989e-09	7.499999999999978e-10	6.487499999999981e-09	6.299999999999981e-09	1.274999999999996e-09	0	2.249999999999993e-10	9.749999999999972e-10	2.324999999999993e-09	4.462499999999987e-09	8.474999999999975e-09	6.187499999999982e-09	5.624999999999983e-10	1.012499999999997e-09	0	7.499999999999978e-11	3.749999999999989e-10	3.41249999999999e-09	2.212499999999993e-09	3.749999999999989e-10	1.874999999999995e-10	3.56249999999999e-09	5.624999999999983e-10	8.249999999999976e-10	1.612499999999995e-09	0	0	2.512499999999993e-09	4.687499999999987e-09	1.574999999999995e-09	4.312499999999987e-09	6.374999999999982e-10	5.249999999999985e-10	2.249999999999993e-09	1.312499999999996e-09	3.37499999999999e-10	2.999999999999991e-10	2.062499999999994e-09	4.237499999999987e-09	4.312499999999987e-09	2.924999999999991e-09	5.249999999999985e-10	5.474999999999984e-09	3.712499999999989e-09	3.749999999999989e-10	1.949999999999994e-09	7.124999999999979e-10	2.249999999999993e-10	2.624999999999992e-10	2.249999999999993e-10
3.824999999999989e-09	4.387499999999987e-09	1.196249999999997e-08	1.462499999999996e-08	6.78749999999998e-09	1.094999999999997e-08	7.612499999999978e-09	7.687499999999977e-09	1.016249999999997e-08	7.462499999999978e-09	6.524999999999981e-09	3.074999999999991e-09	4.162499999999988e-09	8.624999999999975e-10	9.037499999999974e-09	1.676249999999995e-08	1.649999999999995e-09	4.349999999999987e-09	1.949999999999994e-08	6.67499999999998e-09	1.199999999999996e-09	2.174999999999993e-09	5.287499999999984e-09	3.33749999999999e-08	3.899999999999989e-09	4.124999999999988e-10	2.036249999999994e-08	9.524999999999973e-09	1.016249999999997e-08	7.724999999999977e-09	2.737499999999992e-09	4.237499999999987e-09	3.749999999999989e-11	1.499999999999996e-09	1.687499999999995e-09	1.312499999999996e-09	1.207499999999996e-08	3.191249999999991e-08	4.987499999999985e-09	1.323749999999996e-08	5.624999999999983e-10	3.749999999999989e-11	8.999999999999973e-10	4.237499999999987e-09	1.008749999999997e-08	2.939999999999991e-08	1.544999999999995e-08	9.899999999999971e-09	5.249999999999985e-10	1.169999999999997e-08	1.376249999999996e-08	8.174999999999976e-09	6.449999999999981e-09	8.699999999999974e-09	7.124999999999979e-10	5.999999999999982e-10	2.242499999999993e-08	1.117499999999997e-08	9.262499999999973e-09	1.574999999999995e-09	8.624999999999975e-10	2.324999999999993e-09	1.724999999999995e-09	1.574999999999995e-09	1.499999999999996e-10	3.749999999999989e-11	1.499999999999996e-10	2.999999999999991e-10	1.012499999999997e-08	2.662499999999992e-09	1.087499999999997e-09	1.874999999999995e-10	2.249999999999993e-10	1.987499999999994e-09	5.737499999999984e-09	3.749999999999989e-10	2.624999999999992e-10	2.624999999999992e-10	7.499999999999978e-11	3.599999999999989e-09	2.287499999999993e-09	1.019999999999997e-08	2.849999999999992e-09	2.662499999999992e-09	7.499999999999978e-10	2.249999999999993e-10	2.549999999999993e-09	1.653749999999995e-08	1.349999999999996e-09	1.874999999999995e-10	2.624999999999992e-10	6.374999999999982e-10	1.612499999999995e-09	1.462499999999996e-09	4.612499999999987e-09	5.924999999999983e-09	6.89999999999998e-09	5.174999999999985e-09	1.499999999999996e-10	2.212499999999993e-09	2.474999999999993e-09	4.874999999999986e-10	7.499999999999978e-10	9.374999999999972e-10	7.499999999999978e-11	1.874999999999995e-10	-3.749999999999989e-11	7.499999999999978e-11	1.199999999999996e-09	2.624999999999992e-10	2.999999999999991e-10	0	1.162499999999997e-09	2.212499999999993e-09	2.549999999999993e-09	1.499999999999996e-10	2.249999999999993e-10	2.999999999999991e-09	3.749999999999989e-10	7.499999999999978e-11	1.612499999999995e-09	1.698749999999995e-08	1.072499999999997e-08	1.724999999999995e-09	2.999999999999991e-10	1.499999999999996e-09	3.37499999999999e-10	2.624999999999992e-10
2.887499999999992e-09	1.499999999999996e-09	7.874999999999976e-10	4.162499999999988e-09	4.874999999999986e-09	3.112499999999991e-09	8.624999999999975e-10	8.849999999999973e-09	3.689999999999989e-08	3.26249999999999e-09	1.211249999999996e-08	2.549999999999993e-09	1.724999999999995e-09	1.499999999999996e-10	0	2.174999999999993e-09	2.774999999999992e-09	3.56249999999999e-09	1.724999999999995e-09	9.374999999999972e-10	3.37499999999999e-10	4.124999999999988e-10	1.833749999999994e-08	4.837499999999985e-09	4.499999999999987e-10	1.199999999999996e-09	4.687499999999987e-09	3.149999999999991e-09	1.859999999999994e-08	4.649999999999986e-09	1.874999999999994e-09	7.499999999999978e-10	2.624999999999992e-10	1.499999999999996e-10	4.124999999999988e-10	2.249999999999993e-10	5.249999999999985e-09	9.224999999999973e-09	3.824999999999989e-09	1.949999999999994e-09	1.387499999999996e-09	1.687499999999995e-09	6.82499999999998e-09	4.124999999999988e-10	3.749999999999989e-11	1.237499999999996e-09	4.837499999999985e-09	3.599999999999989e-09	0	2.024999999999994e-09	3.29999999999999e-09	5.062499999999985e-09	7.124999999999979e-10	1.124999999999997e-10	1.987499999999994e-09	-3.749999999999989e-11	0	1.499999999999996e-10	4.499999999999987e-10	9.749999999999972e-10	9.374999999999972e-10	7.874999999999976e-10	-3.749999999999989e-11	3.749999999999989e-10	1.874999999999995e-10	0	5.624999999999983e-10	1.049999999999997e-09	-3.749999999999989e-11	-7.499999999999978e-11	-3.749999999999989e-11	1.874999999999995e-10	-3.749999999999989e-11	-3.749999999999989e-11	-7.499999999999978e-11	-3.749999999999989e-11	-3.749999999999989e-11	-3.749999999999989e-11	-3.749999999999989e-11	-3.749999999999989e-11	-3.749999999999989e-11	-3.749999999999989e-11	-3.749999999999989e-11	5.249999999999985e-09	-3.749999999999989e-11	0	-3.749999999999989e-11	-7.499999999999978e-11	-3.749999999999989e-11	-3.749999999999989e-11	-3.749999999999989e-11	-3.749999999999989e-11	-7.499999999999978e-11	-3.749999999999989e-11	-3.749999999999989e-11	-3.749999999999989e-11	-3.749999999999989e-11	-7.499999999999978e-11	-3.749999999999989e-11	-3.749999999999989e-11	-3.749999999999989e-11	-3.749999999999989e-11	-3.749999999999989e-11	-3.749999999999989e-11	-3.749999999999989e-11	-3.749999999999989e-11	1.874999999999995e-10	3.749999999999989e-11	-3.749999999999989e-11	-3.749999999999989e-11	-7.499999999999978e-11	-3.749999999999989e-11	-3.749999999999989e-11	-3.749999999999989e-11	-3.749999999999989e-11	-7.499999999999978e-11	-3.749999999999989e-11	-3.749999999999989e-11	-3.749999999999989e-11	-3.749999999999989e-11	-7.499999999999978e-11	-3.749999999999989e-11	-3.749999999999989e-11	-7.499999999999978e-11	-3.749999999999989e-11	-7.499999999999978e-11	-3.749999999999989e-11	-3.749999999999989e-11
1.499999999999996e-10	1.124999999999997e-10	2.924999999999991e-09	2.212499999999993e-09	3.787499999999989e-09	1.687499999999995e-09	1.312499999999996e-09	2.062499999999994e-09	3.22874999999999e-08	2.902499999999991e-08	1.001249999999997e-08	2.009999999999994e-08	1.012499999999997e-09	2.999999999999991e-10	2.624999999999992e-10	1.987499999999994e-09	1.297499999999996e-08	5.437499999999984e-09	5.624999999999983e-10	2.249999999999993e-10	-3.749999999999989e-11	0	1.312499999999996e-09	1.949999999999994e-09	1.949999999999994e-09	9.749999999999972e-10	1.162499999999997e-09	3.674999999999989e-09	8.999999999999973e-10	1.799999999999995e-09	7.874999999999976e-10	7.499999999999978e-11	2.624999999999992e-09	1.687499999999995e-09	1.574999999999995e-09	7.124999999999979e-10	1.124999999999997e-10	1.499999999999996e-10	2.624999999999992e-10	-3.749999999999989e-11	3.749999999999989e-11	2.099999999999994e-09	1.233749999999996e-08	5.662499999999984e-09	1.387499999999996e-09	1.949999999999994e-09	7.499999999999978e-11	7.499999999999978e-11	1.499999999999996e-10	9.749999999999972e-09	1.601249999999995e-08	4.687499999999987e-09	5.249999999999985e-10	2.999999999999991e-10	-3.749999999999989e-11	3.749999999999989e-11	1.499999999999996e-10	2.999999999999991e-10	2.249999999999993e-10	4.724999999999986e-09	4.499999999999987e-09	2.587499999999993e-09	3.974999999999988e-09	1.087499999999997e-09	8.999999999999973e-10	1.012499999999997e-09	5.624999999999983e-10	1.874999999999995e-10	0	5.249999999999985e-10	5.999999999999982e-10	3.749999999999989e-11	-3.749999999999989e-11	-3.749999999999989e-11	7.499999999999978e-11	-3.749999999999989e-11	-3.749999999999989e-11	7.499999999999978e-11	7.499999999999978e-11	-3.749999999999989e-11	-3.749999999999989e-11	1.124999999999997e-10	-3.749999999999989e-11	0	1.499999999999996e-10	1.499999999999996e-10	3.749999999999989e-11	7.124999999999979e-10	1.124999999999997e-10	7.499999999999978e-11	-3.749999999999989e-11	3.749999999999989e-11	1.499999999999996e-10	-3.749999999999989e-11	2.999999999999991e-10	2.624999999999992e-10	-3.749999999999989e-11	2.624999999999992e-10	-3.749999999999989e-11	-3.749999999999989e-11	-3.749999999999989e-11	7.499999999999978e-11	6.74999999999998e-10	-3.749999999999989e-11	3.749999999999989e-11	3.749999999999989e-11	-3.749999999999989e-11	7.499999999999978e-11	1.837499999999995e-09	1.687499999999995e-09	1.237499999999996e-09	2.624999999999992e-10	1.312499999999996e-09	2.249999999999993e-10	3.749999999999989e-10	4.499999999999987e-10	1.874999999999995e-10	-3.749999999999989e-11	-3.749999999999989e-11	-3.749999999999989e-11	-3.749999999999989e-11	-7.499999999999978e-11	-3.749999999999989e-11	-3.749999999999989e-11	-3.749999999999989e-11	-3.749999999999989e-11	-7.499999999999978e-11	-3.749999999999989e-11
4.462499999999987e-09	5.849999999999983e-09	1.109999999999997e-08	1.323749999999996e-08	1.379999999999996e-08	8.624999999999975e-09	1.128749999999997e-08	1.072499999999997e-08	6.82499999999998e-09	1.038749999999997e-08	9.524999999999973e-09	1.124999999999997e-09	1.949999999999994e-09	2.062499999999994e-09	1.462499999999996e-09	8.249999999999976e-10	1.511249999999995e-08	1.331249999999996e-08	1.619999999999995e-08	3.52499999999999e-09	4.612499999999987e-09	0	2.999999999999991e-10	1.537499999999996e-09	1.274999999999996e-09	3.37499999999999e-10	9.749999999999972e-10	4.124999999999988e-10	7.499999999999978e-10	3.48749999999999e-09	6.97499999999998e-09	1.162499999999997e-08	1.124999999999997e-08	5.962499999999982e-09	7.361249999999979e-08	1.034999999999997e-08	8.024999999999976e-09	1.124999999999997e-09	5.999999999999982e-10	7.499999999999978e-11	9.374999999999972e-10	2.399999999999993e-09	3.689999999999989e-08	1.987499999999994e-08	6.524999999999981e-09	1.196249999999997e-08	5.024999999999985e-09	-3.749999999999989e-11	3.37499999999999e-10	2.508749999999993e-08	8.587499999999975e-09	4.874999999999986e-10	1.106249999999997e-08	-3.749999999999989e-11	0	5.999999999999982e-10	3.749999999999989e-10	1.199999999999996e-09	1.012499999999997e-09	3.191249999999991e-08	2.954999999999991e-08	1.316249999999996e-08	2.062499999999994e-09	1.244999999999996e-08	1.409999999999996e-08	1.874999999999995e-10	4.874999999999986e-10	-3.749999999999989e-11	0	1.874999999999995e-10	4.912499999999985e-09	4.274999999999988e-09	1.124999999999997e-10	7.499999999999978e-11	0	3.749999999999989e-11	2.249999999999993e-10	3.749999999999989e-10	3.37499999999999e-10	1.124999999999997e-10	3.749999999999989e-11	3.37499999999999e-10	2.249999999999993e-10	1.143749999999997e-08	1.837499999999995e-09	5.174999999999985e-09	1.109999999999997e-08	4.874999999999986e-10	2.624999999999992e-10	3.749999999999989e-11	7.499999999999978e-11	7.499999999999978e-11	2.849999999999992e-09	1.724999999999995e-09	3.749999999999989e-10	2.999999999999991e-10	3.749999999999989e-10	3.749999999999989e-10	1.124999999999997e-10	0	3.749999999999989e-11	7.499999999999978e-11	4.874999999999986e-10	1.874999999999995e-10	-3.749999999999989e-11	5.249999999999985e-10	1.499999999999996e-10	-3.749999999999989e-11	5.999999999999982e-10	1.237499999999996e-09	1.499999999999996e-10	2.249999999999993e-10	2.999999999999991e-10	8.249999999999976e-10	5.474999999999984e-09	2.249999999999993e-10	-3.749999999999989e-11	1.499999999999996e-10	7.874999999999976e-10	1.312499999999996e-09	4.874999999999986e-10	2.999999999999991e-10	9.749999999999972e-10	1.537499999999996e-09	1.124999999999997e-10	2.249999999999993e-10	2.249999999999993e-10	1.499999999999996e-10
1.199999999999997e-08	5.174999999999985e-09	4.424999999999987e-09	8.774999999999974e-09	2.099999999999994e-09	2.062499999999994e-09	4.387499999999987e-09	3.52499999999999e-09	2.853749999999992e-08	1.484999999999996e-08	7.349999999999978e-09	3.18749999999999e-09	8.324999999999975e-09	1.027499999999997e-08	7.649999999999978e-09	8.999999999999973e-10	1.916249999999994e-08	9.674999999999971e-09	6.337499999999981e-09	4.574999999999986e-09	1.124999999999997e-10	7.499999999999978e-11	8.249999999999976e-10	7.499999999999978e-11	1.124999999999997e-10	1.087499999999997e-09	4.124999999999988e-10	1.499999999999996e-10	4.762499999999986e-09	9.074999999999974e-09	5.853749999999983e-08	5.249999999999985e-10	1.241249999999996e-08	2.688749999999992e-08	8.212499999999975e-09	6.412499999999981e-09	1.162499999999997e-09	1.627499999999995e-08	2.999999999999991e-09	1.649999999999995e-09	2.069999999999994e-08	1.076249999999997e-08	4.837499999999985e-09	9.862499999999972e-09	9.374999999999973e-09	8.662499999999974e-09	5.287499999999984e-09	1.124999999999997e-10	1.822499999999995e-08	7.874999999999976e-09	8.812499999999974e-09	6.374999999999982e-10	2.737499999999992e-09	1.874999999999994e-09	-3.749999999999989e-11	3.37499999999999e-10	2.249999999999993e-10	3.37499999999999e-10	3.149999999999991e-09	3.46499999999999e-08	8.549999999999976e-09	1.649999999999995e-09	1.537499999999996e-09	4.612499999999987e-08	9.074999999999974e-09	4.724999999999986e-09	-3.749999999999989e-11	3.749999999999989e-11	7.499999999999978e-11	-3.749999999999989e-11	1.203749999999996e-08	8.662499999999974e-09	6.74999999999998e-10	1.124999999999997e-10	3.749999999999989e-11	-3.749999999999989e-11	9.374999999999972e-10	2.508749999999993e-08	1.162499999999997e-09	7.874999999999976e-10	9.749999999999972e-10	0	-3.749999999999989e-11	2.624999999999992e-10	0	1.612499999999995e-09	5.587499999999984e-09	1.286249999999996e-08	1.672499999999995e-08	1.537499999999996e-09	0	2.624999999999992e-10	7.499999999999978e-10	7.124999999999979e-10	4.124999999999988e-10	2.887499999999992e-09	2.549999999999993e-09	4.574999999999986e-09	5.249999999999985e-09	8.999999999999973e-10	2.399999999999993e-09	1.211249999999996e-08	4.612499999999987e-09	3.712499999999989e-09	8.249999999999976e-10	5.549999999999984e-09	5.099999999999985e-09	6.78749999999998e-09	2.249999999999993e-10	8.249999999999976e-10	7.612499999999978e-09	8.474999999999975e-09	1.837499999999994e-08	6.037499999999982e-09	5.812499999999983e-09	2.999999999999991e-09	1.874999999999995e-10	3.37499999999999e-10	1.274999999999996e-09	2.287499999999993e-09	4.387499999999987e-09	2.624999999999992e-10	1.874999999999995e-10	-3.749999999999989e-11	-3.749999999999989e-11	3.749999999999989e-11	-3.749999999999989e-11	-3.749999999999989e-11
1.098749999999997e-08	8.849999999999973e-09	3.26249999999999e-09	4.612499999999987e-09	1.417499999999996e-08	4.162499999999988e-09	1.162499999999997e-08	7.499999999999978e-11	8.624999999999975e-10	1.233749999999996e-08	2.088749999999994e-08	6.374999999999981e-09	9.862499999999972e-09	1.042499999999997e-08	3.56249999999999e-09	2.999999999999991e-10	8.624999999999975e-10	6.74999999999998e-10	6.74999999999998e-10	7.124999999999979e-10	7.124999999999979e-10	2.212499999999993e-09	2.009999999999994e-08	4.514999999999986e-08	5.249999999999985e-09	5.624999999999983e-10	1.387499999999996e-09	2.699999999999992e-09	6.74999999999998e-10	2.024999999999994e-09	8.999999999999973e-10	2.324999999999993e-09	1.222499999999996e-08	4.653749999999986e-08	1.027499999999997e-08	7.874999999999976e-09	1.312499999999996e-09	2.624999999999992e-09	5.999999999999982e-10	5.699999999999983e-09	3.34874999999999e-08	1.072499999999997e-08	1.012499999999997e-08	7.237499999999979e-09	2.287499999999993e-09	1.439999999999996e-08	6.449999999999981e-09	4.124999999999988e-10	7.499999999999978e-11	2.999999999999991e-10	1.124999999999997e-10	3.37499999999999e-10	1.113749999999997e-08	4.477499999999987e-08	1.136249999999997e-08	1.349999999999996e-09	4.499999999999987e-10	4.874999999999986e-10	1.676249999999995e-08	1.173749999999997e-08	6.86249999999998e-09	4.874999999999986e-10	3.37499999999999e-10	0	1.574999999999995e-09	1.424999999999996e-09	2.249999999999993e-10	3.33749999999999e-09	7.537499999999977e-09	3.33749999999999e-09	1.162499999999997e-09	3.258749999999991e-08	1.237499999999996e-08	4.499999999999987e-09	6.374999999999982e-10	3.749999999999989e-11	1.499999999999996e-10	4.124999999999988e-10	9.749999999999972e-10	1.244999999999996e-08	1.687499999999995e-08	1.248749999999996e-08	2.902499999999991e-08	2.036249999999994e-08	2.358749999999993e-08	7.874999999999976e-10	1.499999999999996e-10	9.749999999999972e-10	1.237499999999996e-09	2.924999999999991e-09	1.874999999999995e-10	4.874999999999986e-10	3.749999999999989e-10	5.249999999999985e-10	9.749999999999972e-10	3.52499999999999e-09	4.608749999999986e-08	1.477499999999996e-08	9.712499999999972e-09	8.249999999999976e-09	1.004999999999997e-08	1.751249999999995e-08	1.668749999999995e-08	1.203749999999996e-08	7.499999999999978e-11	6.374999999999982e-10	7.499999999999978e-11	1.499999999999996e-10	2.624999999999992e-10	4.499999999999987e-09	6.86249999999998e-09	8.549999999999976e-09	6.524999999999981e-09	6.637499999999981e-09	3.29999999999999e-09	3.37499999999999e-10	1.124999999999997e-10	2.624999999999992e-10	1.912499999999994e-09	7.499999999999978e-11	0	8.999999999999973e-10	9.749999999999972e-10	3.937499999999988e-09	2.249999999999993e-10	-3.749999999999989e-11	-3.749999999999989e-11	-3.749999999999989e-11
4.499999999999987e-09	1.064999999999997e-08	1.394999999999996e-08	8.587499999999975e-09	9.899999999999971e-09	4.987499999999985e-09	1.349999999999996e-09	1.481249999999996e-08	1.162499999999997e-08	5.437499999999984e-09	7.649999999999978e-09	1.162499999999997e-09	6.374999999999982e-10	5.062499999999985e-09	9.374999999999972e-10	1.462499999999996e-09	5.474999999999984e-09	4.912499999999985e-09	6.149999999999982e-09	4.499999999999987e-09	1.683749999999995e-08	2.523749999999993e-08	9.937499999999971e-09	6.337499999999981e-09	1.987499999999994e-09	3.059999999999991e-08	1.068749999999997e-08	9.862499999999972e-09	2.587499999999993e-09	8.249999999999976e-10	1.874999999999995e-10	3.52499999999999e-09	3.041249999999991e-08	1.132499999999997e-08	1.349999999999996e-09	1.237499999999996e-08	2.624999999999992e-10	1.012499999999997e-09	1.012499999999997e-09	1.177499999999996e-08	2.317499999999993e-08	1.454999999999996e-08	8.924999999999974e-09	8.437499999999975e-09	8.924999999999974e-09	6.149999999999982e-09	5.474999999999984e-09	2.624999999999992e-10	2.249999999999993e-10	2.324999999999993e-09	7.349999999999978e-09	9.074999999999974e-09	2.778749999999992e-08	1.199999999999997e-08	1.181249999999997e-08	4.312499999999987e-09	0	-3.749999999999989e-11	8.812499999999974e-09	1.991249999999994e-08	1.346249999999996e-08	1.147499999999997e-08	2.737499999999992e-09	-3.749999999999989e-11	-3.749999999999989e-11	1.334999999999996e-08	2.174999999999993e-09	2.999999999999991e-10	1.087499999999997e-09	1.349999999999996e-09	8.999999999999973e-10	1.724999999999995e-09	1.548749999999996e-08	8.774999999999974e-09	2.002499999999994e-08	2.999999999999991e-10	1.499999999999996e-10	6.374999999999982e-10	2.962499999999991e-09	4.203749999999988e-08	2.906249999999991e-08	1.008749999999997e-08	3.48749999999999e-09	1.616249999999995e-08	6.412499999999981e-09	8.887499999999975e-09	2.062499999999994e-09	0	5.999999999999982e-10	1.012499999999997e-09	2.999999999999991e-10	1.124999999999997e-10	7.499999999999978e-11	1.124999999999997e-10	-3.749999999999989e-11	1.023749999999997e-08	6.67874999999998e-08	3.48749999999999e-09	4.537499999999987e-09	5.474999999999984e-09	4.012499999999988e-09	8.437499999999975e-09	2.358749999999993e-08	7.012499999999979e-09	2.249999999999993e-10	2.999999999999991e-10	-3.749999999999989e-11	-3.749999999999989e-11	1.499999999999996e-10	1.012499999999997e-09	6.374999999999981e-09	9.97499999999997e-09	5.587499999999984e-09	5.962499999999982e-09	1.214999999999996e-08	1.466249999999996e-08	1.143749999999997e-08	4.574999999999986e-09	2.587499999999993e-09	1.278749999999996e-08	6.262499999999982e-09	6.299999999999981e-09	8.137499999999976e-09	2.666249999999992e-08	1.499999999999996e-10	-3.749999999999989e-11	-3.749999999999989e-11	0
3.41249999999999e-09	1.867499999999994e-08	1.027499999999997e-08	3.749999999999989e-09	4.574999999999986e-09	9.187499999999972e-09	2.174999999999993e-09	2.118749999999994e-08	7.087499999999979e-09	5.174999999999985e-09	8.962499999999974e-09	1.008749999999997e-08	1.027499999999997e-08	3.787499999999989e-09	6.74999999999998e-10	1.837499999999995e-09	8.624999999999975e-09	7.162499999999979e-09	2.437499999999993e-08	9.262499999999973e-09	4.649999999999986e-09	5.062499999999985e-09	2.287499999999993e-09	3.749999999999989e-10	2.587499999999993e-09	3.22499999999999e-09	7.649999999999978e-09	5.137499999999985e-09	3.037499999999991e-09	1.049999999999997e-09	8.999999999999973e-10	1.949999999999994e-09	3.168749999999991e-08	3.944999999999989e-08	4.012499999999988e-09	1.087499999999997e-08	4.499999999999987e-10	5.249999999999985e-10	4.124999999999988e-10	4.874999999999986e-10	1.829999999999995e-08	1.758749999999995e-08	1.207499999999996e-08	1.623749999999995e-08	9.787499999999971e-09	7.237499999999979e-09	7.724999999999977e-09	9.824999999999971e-09	7.162499999999979e-09	3.937499999999988e-09	3.37499999999999e-10	1.934999999999994e-08	1.053749999999997e-08	9.824999999999971e-09	5.174999999999985e-09	5.849999999999983e-09	2.924999999999991e-09	4.424999999999987e-09	3.862499999999988e-09	8.924999999999974e-09	1.649999999999995e-08	3.712499999999989e-09	1.874999999999995e-10	7.124999999999979e-10	2.624999999999992e-10	3.37499999999999e-10	3.149999999999991e-09	1.012499999999997e-09	3.37499999999999e-10	5.437499999999984e-09	2.542499999999992e-08	1.499999999999996e-09	6.637499999999981e-09	4.949999999999986e-09	5.062499999999985e-09	2.287499999999993e-09	8.249999999999976e-10	3.37499999999999e-10	7.237499999999979e-09	4.443749999999987e-08	3.693749999999989e-08	9.712499999999972e-09	4.537499999999987e-09	4.349999999999987e-09	1.784999999999995e-08	1.334999999999996e-08	2.587499999999993e-09	3.749999999999989e-10	4.499999999999987e-10	1.124999999999997e-09	7.874999999999976e-10	3.749999999999989e-11	2.624999999999992e-10	3.749999999999989e-11	-3.749999999999989e-11	4.874999999999986e-10	9.749999999999972e-10	1.091249999999997e-08	1.241249999999996e-08	1.822499999999995e-08	8.399999999999976e-09	1.976249999999994e-08	3.157499999999991e-08	1.897499999999994e-08	4.274999999999988e-09	1.124999999999997e-10	3.37499999999999e-10	1.124999999999997e-10	4.499999999999987e-10	8.624999999999975e-10	6.74999999999998e-10	2.849999999999992e-09	7.537499999999977e-09	1.574999999999995e-09	3.749999999999989e-11	9.374999999999972e-10	5.774999999999983e-09	9.524999999999973e-09	1.559999999999995e-08	1.469999999999996e-08	7.837499999999977e-09	2.111249999999994e-08	3.824999999999989e-09	6.82499999999998e-09	1.499999999999996e-10	0	-3.749999999999989e-11	3.749999999999989e-11
5.249999999999985e-10	2.144999999999994e-08	1.199999999999997e-08	4.499999999999987e-09	3.48749999999999e-09	2.699999999999992e-09	8.287499999999976e-09	2.268749999999993e-08	7.012499999999979e-09	7.837499999999977e-09	1.001249999999997e-08	7.649999999999978e-09	1.027499999999997e-08	5.924999999999983e-09	4.837499999999985e-09	4.499999999999987e-10	1.837499999999995e-09	1.751249999999995e-08	1.634999999999995e-08	7.462499999999978e-09	5.324999999999984e-09	5.024999999999985e-09	2.399999999999993e-09	1.349999999999996e-09	1.124999999999997e-09	8.249999999999976e-10	4.274999999999988e-09	4.762499999999986e-09	3.862499999999988e-09	1.049999999999997e-09	1.462499999999996e-09	2.662499999999992e-09	2.062499999999994e-09	2.107499999999994e-08	5.418749999999984e-08	1.091249999999997e-08	1.121249999999997e-08	1.094999999999997e-08	5.812499999999983e-09	5.624999999999983e-10	2.849999999999992e-09	2.489999999999993e-08	2.887499999999992e-09	1.361249999999996e-08	1.102499999999997e-08	8.024999999999976e-09	1.192499999999996e-08	5.099999999999985e-09	5.662499999999984e-09	1.049999999999997e-09	1.162499999999997e-09	2.609999999999992e-08	8.737499999999975e-09	3.33749999999999e-09	1.001249999999997e-08	1.649999999999995e-09	2.238749999999993e-08	2.774999999999992e-09	-3.749999999999989e-11	0	6.374999999999982e-10	4.124999999999988e-10	5.624999999999983e-10	1.087499999999997e-09	4.874999999999986e-10	1.124999999999997e-09	1.721249999999995e-08	3.44624999999999e-08	6.374999999999982e-10	3.749999999999989e-11	9.749999999999972e-10	1.087499999999997e-09	9.374999999999972e-10	5.999999999999982e-10	1.312499999999996e-09	2.624999999999992e-10	7.499999999999978e-11	4.874999999999986e-10	5.212499999999985e-09	6.82499999999998e-09	1.113749999999997e-08	1.608749999999995e-08	3.626249999999989e-08	1.492499999999996e-08	5.291249999999985e-08	1.229999999999996e-08	1.424999999999996e-09	-3.749999999999989e-11	-3.749999999999989e-11	-3.749999999999989e-11	1.124999999999997e-10	4.874999999999986e-10	1.199999999999996e-09	2.249999999999993e-10	1.499999999999996e-10	7.499999999999978e-10	1.349999999999996e-09	9.449999999999972e-09	9.637499999999971e-09	7.199999999999978e-09	1.432499999999996e-08	1.612499999999995e-08	6.187499999999982e-08	5.962499999999982e-09	1.124999999999997e-10	1.499999999999996e-09	3.899999999999989e-09	3.18749999999999e-09	2.737499999999992e-09	8.624999999999975e-10	2.062499999999994e-09	0	8.624999999999975e-10	1.424999999999996e-09	7.499999999999978e-11	1.874999999999995e-10	1.237499999999996e-09	5.024999999999985e-09	9.299999999999972e-09	1.368749999999996e-08	2.062499999999994e-08	1.038749999999997e-08	3.273749999999991e-08	1.612499999999995e-09	1.499999999999996e-10	-3.749999999999989e-11	-3.749999999999989e-11	0
0	1.274999999999996e-09	4.312499999999987e-09	4.874999999999986e-09	3.787499999999989e-09	8.099999999999977e-09	2.924999999999991e-08	3.54374999999999e-08	1.196249999999997e-08	7.574999999999978e-09	9.224999999999973e-09	1.128749999999997e-08	7.687499999999977e-09	2.887499999999992e-09	3.787499999999989e-09	1.574999999999995e-09	2.062499999999994e-09	2.849999999999992e-09	6.299999999999981e-09	5.137499999999985e-09	1.278749999999996e-08	6.262499999999982e-09	1.203749999999996e-08	2.399999999999993e-09	1.124999999999997e-10	2.774999999999992e-09	6.112499999999982e-09	2.662499999999992e-09	3.52499999999999e-09	1.049999999999997e-09	1.987499999999994e-09	1.349999999999996e-09	4.274999999999988e-09	2.073749999999994e-08	1.642499999999995e-08	3.014999999999991e-08	4.589999999999987e-08	1.724999999999995e-08	5.812499999999983e-09	1.349999999999996e-09	6.74999999999998e-10	2.812499999999992e-09	3.052499999999991e-08	1.034999999999997e-08	9.449999999999972e-09	1.162499999999997e-08	7.799999999999977e-09	3.149999999999991e-09	1.162499999999997e-09	2.924999999999991e-09	2.726249999999992e-08	2.174999999999993e-09	9.299999999999972e-09	1.874999999999994e-09	4.462499999999987e-09	3.749999999999989e-10	3.749999999999989e-11	0	4.124999999999988e-10	3.749999999999989e-10	2.512499999999993e-09	1.762499999999995e-09	1.574999999999995e-09	4.949999999999986e-09	2.028749999999994e-08	1.837499999999995e-09	1.837499999999995e-09	1.987499999999994e-09	5.999999999999982e-10	2.324999999999993e-09	1.012499999999997e-09	2.324999999999993e-09	2.099999999999994e-09	1.312499999999996e-09	1.949999999999994e-09	5.249999999999985e-10	1.874999999999995e-10	3.749999999999989e-10	7.874999999999976e-10	6.374999999999981e-09	1.837499999999994e-08	7.237499999999979e-09	1.443749999999996e-08	2.343749999999993e-08	1.088249999999997e-07	1.308749999999996e-08	5.024999999999985e-09	2.624999999999992e-09	4.874999999999986e-10	-3.749999999999989e-11	0	3.749999999999989e-11	4.499999999999987e-10	7.499999999999978e-11	3.749999999999989e-10	2.099999999999994e-09	6.937499999999979e-09	2.426249999999993e-08	1.143749999999997e-08	3.918749999999989e-08	1.732499999999995e-08	4.124999999999988e-09	5.549999999999984e-09	2.099999999999994e-09	2.624999999999992e-10	2.212499999999993e-09	3.191249999999991e-08	1.357499999999996e-08	2.737499999999992e-09	1.574999999999995e-09	4.499999999999987e-10	3.37499999999999e-10	2.624999999999992e-10	7.499999999999978e-11	3.37499999999999e-10	1.874999999999995e-10	3.749999999999989e-11	1.799999999999995e-09	1.094999999999997e-08	1.466249999999996e-08	1.338749999999996e-08	4.349999999999987e-09	1.612499999999995e-09	1.874999999999995e-10	3.749999999999989e-11	7.499999999999978e-11	7.499999999999978e-11	-3.749999999999989e-11
3.074999999999991e-09	9.599999999999972e-09	8.699999999999974e-09	7.612499999999978e-09	1.124999999999997e-10	4.874999999999986e-10	1.181249999999997e-08	2.816249999999992e-08	1.031249999999997e-08	7.687499999999977e-09	4.612499999999987e-09	9.787499999999971e-09	8.324999999999975e-09	5.887499999999982e-09	2.849999999999992e-09	5.437499999999984e-09	5.962499999999982e-09	7.874999999999976e-09	2.962499999999991e-09	1.424999999999996e-09	2.999999999999991e-10	5.287499999999984e-09	1.192499999999996e-08	2.924999999999991e-09	7.499999999999978e-11	1.139999999999997e-08	1.788749999999995e-08	2.774999999999992e-09	8.999999999999973e-10	1.874999999999995e-10	2.999999999999991e-10	1.612499999999995e-09	2.999999999999991e-10	7.469999999999978e-08	1.203749999999996e-08	8.362499999999975e-09	4.987499999999985e-09	6.412499999999981e-09	1.462499999999996e-09	1.462499999999996e-09	6.74999999999998e-10	5.099999999999985e-09	1.106249999999997e-08	4.274999999999988e-09	6.89999999999998e-09	5.174999999999985e-09	7.124999999999979e-10	2.587499999999993e-09	1.424999999999996e-09	2.399999999999993e-09	1.968749999999994e-08	5.249999999999985e-10	1.387499999999996e-09	9.449999999999972e-09	1.837499999999995e-09	8.849999999999973e-09	3.712499999999989e-09	1.462499999999996e-09	7.124999999999979e-10	8.249999999999976e-10	2.737499999999992e-09	1.912499999999994e-09	7.124999999999979e-09	2.399999999999993e-09	8.249999999999976e-10	2.587499999999993e-09	1.274999999999996e-08	1.027499999999997e-08	1.106249999999997e-08	1.649999999999995e-09	1.799999999999995e-09	1.574999999999995e-09	2.737499999999992e-09	1.012499999999997e-09	1.031249999999997e-08	3.974999999999988e-09	3.712499999999989e-09	4.124999999999988e-10	4.499999999999987e-10	1.912499999999994e-09	1.743749999999995e-08	2.587499999999993e-08	2.336249999999993e-08	1.079999999999997e-08	1.053749999999997e-08	1.522499999999996e-08	7.046249999999979e-08	8.849999999999973e-09	7.874999999999976e-10	0	0	0	1.874999999999995e-10	4.124999999999988e-10	8.624999999999975e-10	1.612499999999995e-09	2.699999999999992e-09	3.22874999999999e-08	5.572499999999984e-08	8.287499999999976e-09	8.137499999999976e-09	9.262499999999973e-09	4.837499999999985e-09	3.37499999999999e-10	-3.749999999999989e-11	4.499999999999987e-10	1.436249999999996e-08	5.249999999999985e-09	7.874999999999976e-09	3.48749999999999e-09	1.762499999999995e-09	3.749999999999989e-10	1.912499999999994e-09	1.537499999999996e-09	5.249999999999985e-10	1.087499999999997e-09	1.237499999999996e-09	7.124999999999979e-10	4.762499999999986e-09	1.627499999999995e-08	1.818749999999995e-08	8.962499999999974e-09	3.674999999999989e-09	-3.749999999999989e-11	3.749999999999989e-11	1.012499999999997e-09	2.249999999999993e-10	-3.749999999999989e-11
4.012499999999988e-09	9.412499999999973e-09	9.149999999999973e-09	6.299999999999981e-09	3.22499999999999e-09	4.687499999999987e-09	9.149999999999973e-09	8.587499999999975e-09	1.777499999999995e-08	1.402499999999996e-08	7.462499999999978e-09	8.512499999999974e-09	6.562499999999981e-09	3.599999999999989e-09	1.387499999999996e-09	1.312499999999996e-09	5.362499999999984e-09	1.274999999999996e-09	6.037499999999982e-09	3.29999999999999e-09	1.162499999999997e-09	3.749999999999989e-09	1.154999999999997e-08	3.59624999999999e-08	2.174999999999994e-08	5.999999999999982e-10	2.999999999999991e-10	2.186249999999994e-08	1.008749999999997e-08	8.062499999999977e-09	5.999999999999983e-09	6.97499999999998e-09	3.48749999999999e-09	4.499999999999987e-09	1.091249999999997e-08	1.263749999999996e-08	9.862499999999972e-09	1.349999999999996e-08	7.04999999999998e-09	1.012499999999997e-09	9.749999999999972e-10	1.867499999999994e-08	1.327499999999996e-08	6.86249999999998e-09	8.024999999999976e-09	8.624999999999975e-09	4.124999999999988e-09	3.26249999999999e-09	3.037499999999991e-09	4.762499999999986e-09	1.079999999999997e-08	1.574999999999995e-09	1.424999999999996e-09	4.124999999999988e-10	5.999999999999982e-10	2.137499999999994e-09	1.012499999999997e-09	4.574999999999986e-09	1.154999999999997e-08	1.192499999999996e-08	7.874999999999976e-10	1.537499999999996e-09	4.199999999999988e-09	2.024999999999994e-09	8.999999999999973e-10	8.999999999999973e-10	2.362499999999993e-09	1.398749999999996e-08	1.964999999999994e-08	6.719999999999981e-08	4.199999999999988e-09	1.379999999999996e-08	8.512499999999974e-09	8.999999999999973e-10	2.324999999999993e-09	1.124999999999997e-09	2.062499999999994e-09	1.049999999999997e-09	3.37499999999999e-10	-3.749999999999989e-11	8.324999999999975e-09	1.068749999999997e-08	4.837499999999985e-09	1.803749999999995e-08	1.331249999999996e-08	8.699999999999974e-09	3.633749999999989e-08	2.474999999999993e-09	2.999999999999991e-10	2.999999999999991e-10	9.749999999999972e-10	8.249999999999976e-10	1.237499999999996e-09	1.574999999999995e-09	2.099999999999994e-09	1.912499999999994e-09	4.874999999999986e-10	5.624999999999983e-09	2.778749999999992e-08	8.849999999999973e-09	2.212499999999994e-08	3.877499999999989e-08	2.437499999999993e-09	2.249999999999993e-10	-3.749999999999989e-11	1.762499999999995e-09	4.049999999999988e-09	9.112499999999973e-09	7.537499999999977e-09	3.258749999999991e-08	1.166249999999997e-08	2.999999999999991e-10	1.499999999999996e-09	1.124999999999997e-09	5.249999999999985e-10	8.624999999999975e-10	2.549999999999993e-09	1.312499999999996e-09	3.787499999999989e-09	6.299999999999981e-09	6.037499999999982e-09	8.287499999999976e-09	1.837499999999995e-09	2.624999999999992e-10	1.499999999999996e-10	3.37499999999999e-10	2.249999999999993e-10	0
6.637499999999981e-09	1.589999999999995e-08	4.162499999999988e-09	4.424999999999987e-09	5.249999999999985e-10	7.087499999999979e-09	1.754999999999995e-08	1.653749999999995e-08	5.699999999999983e-09	1.229999999999996e-08	4.274999999999988e-09	6.82499999999998e-09	6.599999999999981e-09	3.29999999999999e-09	2.437499999999993e-09	7.349999999999978e-09	1.979999999999994e-08	1.432499999999996e-08	7.312499999999979e-09	1.987499999999994e-09	5.062499999999985e-09	1.833749999999994e-08	9.97499999999997e-09	5.999999999999983e-09	6.149999999999982e-09	3.674999999999989e-09	8.737499999999975e-09	1.788749999999995e-08	7.124999999999979e-09	7.949999999999977e-09	8.774999999999974e-09	2.474999999999993e-09	7.162499999999979e-09	1.574999999999995e-09	2.399999999999993e-09	2.474999999999993e-08	9.674999999999971e-09	7.912499999999977e-09	2.924999999999991e-09	1.874999999999994e-09	3.37499999999999e-10	5.999999999999982e-10	3.44249999999999e-08	8.212499999999975e-09	5.624999999999983e-09	3.749999999999989e-11	7.874999999999976e-10	3.37499999999999e-09	2.486249999999993e-08	1.057499999999997e-08	4.499999999999987e-10	1.874999999999995e-10	1.124999999999997e-10	2.249999999999993e-10	4.274999999999988e-09	7.874999999999976e-10	2.924999999999991e-09	3.37499999999999e-10	1.087499999999997e-09	4.499999999999987e-10	1.312499999999996e-09	2.324999999999993e-09	1.162499999999997e-09	2.624999999999992e-09	2.999999999999991e-10	1.724999999999995e-09	5.249999999999985e-10	2.249999999999993e-10	7.499999999999978e-10	1.987499999999994e-09	4.537499999999987e-09	1.124999999999997e-09	2.249999999999993e-10	1.874999999999995e-10	1.912499999999994e-09	4.724999999999986e-09	2.587499999999993e-09	2.212499999999993e-09	2.137499999999994e-09	3.52499999999999e-09	6.937499999999979e-09	1.349999999999996e-08	2.819999999999992e-08	1.649999999999995e-08	1.218749999999996e-08	2.092499999999994e-08	2.201249999999994e-08	2.212499999999993e-09	1.124999999999997e-10	8.999999999999973e-10	2.474999999999993e-09	3.213749999999991e-08	3.637499999999989e-09	5.924999999999983e-09	7.124999999999979e-09	5.962499999999982e-09	2.999999999999991e-10	7.124999999999979e-10	1.499999999999996e-10	1.124999999999997e-09	2.887499999999992e-09	1.837499999999994e-08	1.312499999999996e-08	6.037499999999982e-09	5.924999999999983e-09	1.653749999999995e-08	4.136249999999988e-08	1.233749999999996e-08	5.662499999999984e-09	4.736249999999986e-08	1.882499999999995e-08	8.999999999999973e-10	-3.749999999999989e-11	-3.749999999999989e-11	-3.749999999999989e-11	1.199999999999996e-09	1.049999999999997e-09	3.749999999999989e-11	-3.749999999999989e-11	3.749999999999989e-10	3.41249999999999e-09	3.44999999999999e-09	1.649999999999995e-09	8.249999999999976e-10	3.749999999999989e-11	-3.749999999999989e-11	-3.749999999999989e-11	-3.749999999999989e-11
2.062499999999994e-09	8.174999999999976e-09	1.616249999999995e-08	2.362499999999993e-09	1.799999999999995e-09	1.507499999999995e-08	1.961249999999994e-08	6.524999999999981e-09	6.67499999999998e-09	1.297499999999996e-08	1.079999999999997e-08	5.812499999999983e-09	3.44999999999999e-09	3.074999999999991e-09	9.749999999999972e-09	1.751249999999995e-08	8.549999999999976e-09	8.587499999999975e-09	8.587499999999975e-09	2.999999999999991e-10	4.349999999999987e-09	1.597499999999995e-08	8.437499999999975e-09	1.079999999999997e-08	2.999999999999991e-09	4.987499999999985e-09	1.837499999999995e-09	3.974999999999988e-09	2.261249999999993e-08	1.379999999999996e-08	5.924999999999983e-09	1.072499999999997e-08	3.787499999999989e-09	8.924999999999974e-09	5.624999999999983e-10	1.698749999999995e-08	1.402499999999996e-08	7.462499999999978e-09	2.249999999999993e-09	6.374999999999981e-09	9.599999999999972e-09	5.512499999999984e-09	1.631249999999995e-08	1.072499999999997e-08	3.44999999999999e-09	7.499999999999978e-11	4.124999999999988e-10	7.124999999999979e-10	2.246249999999993e-08	1.912499999999994e-08	4.124999999999988e-10	3.37499999999999e-10	2.624999999999992e-10	1.349999999999996e-09	1.049999999999997e-09	1.537499999999996e-09	1.762499999999995e-09	3.937499999999988e-09	1.987499999999994e-09	1.724999999999995e-09	6.937499999999979e-09	1.117499999999997e-08	6.86249999999998e-09	4.912499999999985e-09	2.737499999999992e-09	1.724999999999995e-09	1.499999999999996e-10	3.37499999999999e-10	1.312499999999996e-09	3.836249999999988e-08	8.474999999999975e-09	1.211249999999996e-08	4.462499999999987e-09	4.874999999999986e-10	1.087499999999997e-09	5.249999999999985e-10	7.124999999999979e-10	9.749999999999972e-10	2.437499999999993e-09	9.749999999999972e-09	2.456249999999993e-08	2.429999999999993e-08	4.612499999999987e-09	4.424999999999987e-09	1.057499999999997e-08	1.282499999999996e-08	3.44624999999999e-08	8.249999999999976e-10	2.249999999999993e-10	7.124999999999979e-10	7.124999999999979e-10	2.249999999999993e-10	8.999999999999973e-10	2.999999999999991e-09	1.106249999999997e-08	7.874999999999976e-09	8.249999999999976e-10	2.962499999999991e-09	5.587499999999984e-09	1.499999999999996e-10	1.274999999999996e-09	5.099999999999985e-09	1.008749999999997e-08	9.749999999999972e-10	1.387499999999996e-09	3.881249999999989e-08	3.558749999999989e-08	6.337499999999981e-09	1.143749999999997e-08	4.334999999999988e-08	1.447499999999996e-08	3.749999999999989e-10	-3.749999999999989e-11	1.874999999999995e-10	-3.749999999999989e-11	1.762499999999995e-09	5.437499999999984e-09	4.462499999999987e-09	4.124999999999988e-10	0	7.874999999999976e-10	4.237499999999987e-09	1.874999999999995e-10	7.499999999999978e-10	1.574999999999995e-09	8.249999999999976e-10	2.399999999999993e-09	-3.749999999999989e-11
5.362499999999984e-09	1.199999999999996e-09	1.049999999999997e-09	7.574999999999978e-09	2.512499999999993e-09	5.887499999999982e-09	1.124999999999997e-09	6.412499999999981e-09	5.624999999999983e-08	2.437499999999993e-08	4.949999999999986e-09	4.124999999999988e-10	3.899999999999989e-09	1.154999999999997e-08	1.818749999999995e-08	1.612499999999995e-08	9.449999999999972e-09	3.599999999999989e-09	1.312499999999996e-09	1.462499999999996e-09	2.174999999999993e-09	9.562499999999972e-09	3.42374999999999e-08	8.324999999999975e-09	8.024999999999976e-09	4.649999999999986e-09	5.624999999999983e-10	8.699999999999974e-09	2.133749999999994e-08	3.674999999999989e-09	2.137499999999994e-09	2.024999999999994e-09	1.162499999999997e-09	0	5.624999999999983e-10	1.312499999999996e-09	1.499999999999996e-10	8.924999999999974e-09	2.519999999999992e-08	3.584999999999989e-08	3.862499999999988e-09	6.262499999999982e-09	2.726249999999992e-08	6.937499999999979e-09	9.037499999999974e-09	1.046249999999997e-08	2.512499999999993e-09	5.624999999999983e-10	2.249999999999993e-10	2.351249999999993e-08	1.496249999999996e-08	6.374999999999982e-10	1.499999999999996e-10	8.999999999999973e-10	5.999999999999982e-10	1.124999999999997e-10	1.874999999999995e-10	1.162499999999997e-09	1.874999999999995e-10	1.124999999999997e-10	1.181249999999997e-08	1.083749999999997e-08	2.624999999999992e-09	2.999999999999991e-10	3.749999999999989e-11	5.624999999999983e-10	2.999999999999991e-10	1.124999999999997e-10	7.499999999999978e-10	2.362499999999993e-09	4.274999999999988e-09	7.649999999999978e-09	2.512499999999993e-09	1.874999999999994e-09	2.512499999999993e-09	5.774999999999983e-09	3.56249999999999e-09	6.374999999999982e-10	2.624999999999992e-10	2.474999999999993e-09	5.816249999999983e-08	7.162499999999979e-09	7.462499999999978e-09	9.149999999999973e-09	1.049999999999997e-08	2.268749999999993e-08	7.833749999999977e-08	6.037499999999982e-09	-3.749999999999989e-11	-3.749999999999989e-11	2.999999999999991e-10	1.199999999999996e-09	8.624999999999975e-10	2.249999999999993e-09	4.499999999999987e-09	2.024999999999994e-09	3.56249999999999e-09	5.587499999999984e-09	4.312499999999987e-09	2.737499999999992e-09	1.349999999999996e-09	5.887499999999982e-09	2.737499999999992e-09	8.999999999999973e-10	2.624999999999992e-10	2.373749999999993e-08	2.894999999999992e-08	1.612499999999995e-08	4.061249999999988e-08	3.011249999999991e-08	3.074999999999991e-09	1.462499999999996e-09	1.987499999999994e-09	1.649999999999995e-09	2.099999999999994e-09	5.399999999999984e-09	7.837499999999977e-09	8.062499999999977e-09	3.52499999999999e-09	3.749999999999989e-11	-7.499999999999978e-11	-3.749999999999989e-11	-3.749999999999989e-11	6.412499999999981e-09	7.724999999999977e-09	1.499999999999996e-09	3.749999999999989e-10	-3.749999999999989e-11
2.624999999999992e-09	1.612499999999995e-09	1.488749999999996e-08	1.207499999999996e-08	1.814999999999995e-08	2.924999999999991e-09	1.072499999999997e-08	5.999999999999983e-09	2.624999999999992e-10	5.999999999999982e-10	5.099999999999985e-09	1.424999999999996e-09	3.22499999999999e-09	8.137499999999976e-09	1.856249999999995e-08	1.856249999999995e-08	7.012499999999979e-09	1.349999999999996e-09	1.754999999999995e-08	1.158749999999997e-08	3.33749999999999e-09	8.249999999999976e-10	5.624999999999983e-09	4.124999999999988e-09	2.212499999999993e-09	3.824999999999989e-09	6.97499999999998e-09	2.621249999999992e-08	4.199999999999988e-09	2.321249999999993e-08	9.562499999999972e-09	7.499999999999978e-10	1.874999999999995e-10	1.499999999999996e-10	6.562499999999981e-09	3.671249999999989e-08	6.524999999999981e-09	5.287499999999984e-09	1.364999999999996e-08	3.599999999999989e-09	1.199999999999996e-09	4.499999999999987e-10	1.349999999999996e-09	2.711249999999992e-08	1.094999999999997e-08	8.437499999999975e-09	8.137499999999976e-09	1.649999999999995e-09	3.749999999999989e-11	-3.749999999999989e-11	0	1.162499999999997e-09	6.74999999999998e-10	3.037499999999991e-09	8.737499999999975e-09	7.424999999999978e-09	2.474999999999993e-09	9.824999999999971e-09	2.212499999999993e-09	1.499999999999996e-10	3.749999999999989e-10	2.999999999999991e-10	3.33749999999999e-09	1.398749999999996e-08	1.338749999999996e-08	2.264999999999993e-08	2.707499999999992e-08	1.383749999999996e-08	1.124999999999997e-10	0	8.249999999999976e-10	1.162499999999997e-09	1.049999999999997e-09	9.749999999999972e-10	3.44999999999999e-09	1.912499999999994e-09	2.624999999999992e-10	2.249999999999993e-10	0	4.499999999999987e-10	2.999999999999991e-09	8.399999999999976e-09	1.368749999999996e-08	4.574999999999986e-08	4.949999999999986e-09	7.349999999999978e-09	5.752499999999983e-08	5.999999999999982e-10	3.37499999999999e-10	2.437499999999993e-09	1.874999999999994e-09	1.124999999999997e-10	9.749999999999972e-10	7.124999999999979e-10	4.537499999999987e-09	2.774999999999992e-09	2.249999999999993e-10	3.074999999999991e-09	5.849999999999983e-09	3.749999999999989e-11	7.499999999999978e-10	1.312499999999996e-09	3.749999999999989e-09	9.374999999999972e-10	4.124999999999988e-10	3.56999999999999e-08	2.992499999999991e-08	1.394999999999996e-08	1.278749999999996e-08	8.437499999999975e-09	1.406249999999996e-08	5.512499999999984e-09	3.48749999999999e-09	1.912499999999994e-09	8.624999999999975e-10	3.27749999999999e-08	1.203749999999996e-08	3.26249999999999e-09	1.462499999999996e-09	2.249999999999993e-10	-3.749999999999989e-11	2.062499999999994e-09	3.599999999999989e-09	3.37499999999999e-10	5.512499999999984e-09	2.212499999999993e-09	6.374999999999982e-10	0
3.637499999999989e-09	3.26249999999999e-09	1.469999999999996e-08	5.887499999999982e-09	1.687499999999995e-08	1.113749999999997e-08	8.437499999999975e-09	4.762499999999986e-09	6.637499999999981e-09	3.37499999999999e-10	2.999999999999991e-10	1.387499999999996e-09	6.937499999999979e-09	1.072499999999997e-08	3.052499999999991e-08	2.774999999999992e-09	1.499999999999996e-08	9.862499999999972e-09	4.687499999999987e-09	2.774999999999992e-09	2.999999999999991e-10	7.499999999999978e-11	1.874999999999995e-10	9.749999999999972e-10	3.33749999999999e-09	1.424999999999996e-08	4.128749999999988e-08	1.057499999999997e-08	2.624999999999992e-09	9.449999999999972e-09	5.699999999999983e-09	0	1.124999999999997e-10	2.774999999999992e-09	1.353749999999996e-08	1.897499999999994e-08	1.623749999999995e-08	6.637499999999981e-09	1.466249999999996e-08	7.087499999999979e-09	3.787499999999989e-09	-3.749999999999989e-11	-3.749999999999989e-11	2.212499999999993e-09	8.437499999999975e-09	2.662499999999992e-09	1.499999999999996e-09	2.249999999999993e-10	3.749999999999989e-10	1.874999999999995e-10	6.74999999999998e-10	3.937499999999988e-09	3.974999999999988e-09	4.199999999999988e-09	1.079999999999997e-08	1.387499999999996e-08	8.212499999999975e-09	5.999999999999983e-09	1.349999999999996e-09	1.124999999999997e-10	3.749999999999989e-10	9.674999999999971e-09	1.409999999999996e-08	1.912499999999994e-08	2.238749999999993e-08	1.627499999999995e-08	1.203749999999996e-08	1.717499999999995e-08	1.987499999999994e-09	5.249999999999985e-10	4.499999999999987e-10	9.749999999999972e-10	2.287499999999993e-09	1.612499999999995e-09	7.499999999999978e-11	1.124999999999997e-10	4.499999999999987e-10	3.749999999999989e-09	2.212499999999993e-09	4.499999999999987e-10	1.499999999999996e-10	1.087499999999997e-09	1.552499999999996e-08	2.662499999999992e-09	9.374999999999972e-10	3.037499999999991e-09	2.249999999999993e-10	6.374999999999982e-10	2.512499999999993e-09	2.474999999999993e-09	6.112499999999982e-09	6.67499999999998e-09	2.437499999999993e-09	4.349999999999987e-09	3.074999999999991e-09	8.062499999999977e-09	1.604999999999995e-08	1.237499999999996e-09	-3.749999999999989e-11	3.749999999999989e-11	1.762499999999995e-09	5.062499999999985e-09	9.787499999999971e-09	2.849999999999992e-09	2.212499999999993e-09	5.812499999999983e-09	9.442499999999972e-08	1.541249999999995e-08	9.224999999999973e-09	8.662499999999974e-09	1.004999999999997e-08	3.33749999999999e-09	2.024999999999994e-09	1.124999999999997e-10	0	1.687499999999995e-09	1.856249999999995e-08	1.151249999999997e-08	1.331249999999996e-08	2.216249999999993e-08	3.37499999999999e-09	4.274999999999988e-09	1.574999999999995e-09	8.362499999999975e-09	5.324999999999984e-09	3.873749999999989e-08	0	0
3.599999999999989e-09	4.874999999999986e-09	4.237499999999987e-09	2.324999999999993e-08	8.362499999999975e-09	1.008749999999997e-08	7.837499999999977e-09	9.449999999999972e-09	9.149999999999973e-09	5.024999999999985e-09	2.062499999999994e-09	3.749999999999989e-10	4.874999999999986e-10	3.937499999999988e-09	1.818749999999995e-08	6.78749999999998e-09	2.486249999999993e-08	1.837499999999995e-09	2.287499999999993e-09	2.362499999999993e-09	3.937499999999988e-09	3.037499999999991e-09	6.037499999999982e-09	1.724999999999995e-08	1.376249999999996e-08	2.692499999999992e-08	3.074999999999991e-09	7.987499999999976e-09	1.364999999999996e-08	2.587499999999993e-09	5.999999999999982e-10	0	8.624999999999975e-10	5.362499999999984e-09	3.157499999999991e-08	1.428749999999996e-08	1.331249999999996e-08	6.149999999999982e-09	1.222499999999996e-08	1.574999999999995e-09	1.124999999999997e-09	7.499999999999978e-11	1.012499999999997e-09	2.699999999999992e-09	2.156249999999994e-08	8.512499999999974e-09	6.74999999999998e-10	6.374999999999982e-10	1.124999999999997e-10	5.249999999999985e-10	2.624999999999992e-10	1.499999999999996e-10	1.012499999999997e-09	1.012499999999997e-09	2.362499999999993e-09	3.33749999999999e-09	3.824999999999989e-09	1.027499999999997e-08	3.149999999999991e-09	4.874999999999986e-10	3.749999999999989e-10	3.824999999999989e-09	5.471249999999984e-08	6.581249999999981e-08	8.662499999999974e-09	3.22499999999999e-09	3.037499999999991e-09	8.962499999999974e-09	2.246249999999993e-08	1.349999999999996e-09	2.999999999999991e-10	1.229999999999996e-08	8.624999999999975e-10	1.874999999999995e-10	7.499999999999978e-11	2.624999999999992e-10	1.499999999999996e-10	9.374999999999972e-10	2.324999999999993e-09	1.574999999999995e-09	1.874999999999995e-10	1.162499999999997e-09	2.999999999999991e-10	8.624999999999975e-10	6.074999999999982e-09	2.966249999999991e-08	1.286249999999996e-08	1.338749999999996e-08	8.962499999999974e-09	1.222499999999996e-08	1.383749999999996e-08	9.374999999999972e-10	1.762499999999995e-09	4.987499999999985e-09	6.599999999999981e-09	9.562499999999972e-09	4.874999999999986e-09	1.874999999999995e-10	7.499999999999978e-11	9.749999999999972e-10	1.874999999999995e-10	2.624999999999992e-10	1.274999999999996e-09	6.74999999999998e-10	4.499999999999987e-10	9.599999999999972e-09	1.762499999999995e-08	3.25124999999999e-08	3.701249999999989e-08	2.512499999999993e-09	6.74999999999998e-10	1.349999999999996e-09	1.799999999999995e-09	1.574999999999995e-09	2.249999999999993e-10	8.024999999999976e-09	2.099999999999994e-08	1.297499999999996e-08	1.091249999999997e-08	5.099999999999985e-09	9.562499999999972e-09	1.293749999999996e-08	1.649999999999995e-09	8.362499999999975e-09	1.364999999999996e-08	4.912499999999985e-09	5.624999999999983e-10	0
1.987499999999994e-09	2.474999999999993e-09	1.387499999999996e-09	2.287499999999993e-08	2.441249999999993e-08	1.327499999999996e-08	7.312499999999979e-09	8.587499999999975e-09	1.008749999999997e-08	4.012499999999988e-09	1.049999999999997e-09	8.624999999999975e-10	5.999999999999982e-10	6.74999999999998e-10	1.049999999999997e-09	8.062499999999977e-09	2.624999999999992e-09	5.249999999999985e-10	8.624999999999975e-10	2.062499999999994e-09	1.687499999999995e-09	1.323749999999996e-08	6.281249999999982e-08	7.424999999999978e-09	1.158749999999997e-08	1.132499999999997e-08	8.174999999999976e-09	8.324999999999975e-09	9.749999999999972e-09	4.574999999999986e-09	5.249999999999985e-10	1.124999999999997e-10	-3.749999999999989e-11	1.837499999999995e-09	5.662499999999984e-09	1.653749999999995e-08	2.189999999999993e-08	1.357499999999996e-08	7.012499999999979e-09	8.474999999999975e-09	8.024999999999976e-09	2.137499999999994e-09	1.349999999999996e-09	5.212499999999985e-09	1.087499999999997e-09	1.188749999999996e-08	1.214999999999996e-08	1.631249999999995e-08	1.327499999999996e-08	9.412499999999973e-09	1.184999999999997e-08	2.999999999999991e-10	3.37499999999999e-10	2.999999999999991e-10	1.537499999999996e-09	6.374999999999982e-10	2.999999999999991e-10	2.024999999999994e-09	1.162499999999997e-09	1.499999999999996e-09	1.162499999999997e-09	1.274999999999996e-09	2.737499999999992e-09	6.487499999999981e-09	9.112499999999973e-09	3.776249999999989e-08	5.242499999999985e-08	4.799999999999986e-09	5.137499999999985e-09	1.049999999999997e-09	2.249999999999993e-10	-3.749999999999989e-11	-3.749999999999989e-11	2.999999999999991e-10	2.249999999999993e-09	1.574999999999995e-09	1.087499999999997e-09	2.812499999999992e-09	2.662499999999992e-09	6.037499999999982e-09	1.574999999999995e-09	2.512499999999993e-09	2.062499999999994e-09	6.562499999999981e-09	7.199999999999978e-09	5.474999999999984e-09	1.312499999999996e-08	1.121249999999997e-08	1.814999999999995e-08	1.687499999999995e-09	2.249999999999993e-10	2.624999999999992e-10	1.612499999999995e-09	1.724999999999995e-09	3.787499999999989e-09	2.624999999999992e-09	1.724999999999995e-09	9.412499999999973e-09	1.949999999999994e-08	2.298749999999993e-08	2.519999999999992e-08	5.999999999999983e-09	3.749999999999989e-11	0	0	2.999999999999991e-10	4.274999999999988e-09	5.174999999999985e-09	9.374999999999973e-09	9.337499999999972e-09	6.374999999999982e-10	3.749999999999989e-11	1.124999999999997e-10	-3.749999999999989e-11	7.499999999999978e-11	2.249999999999993e-10	9.374999999999972e-10	2.624999999999992e-09	1.912499999999994e-09	4.874999999999986e-10	4.912499999999985e-09	5.662499999999984e-09	8.399999999999976e-09	3.839999999999989e-08	2.362499999999993e-08	1.987499999999994e-09	-3.749999999999989e-11	-3.749999999999989e-11
3.149999999999991e-09	1.912499999999994e-09	1.128749999999997e-08	2.039999999999994e-08	1.766249999999995e-08	6.712499999999981e-09	2.399999999999993e-09	5.774999999999983e-09	1.634999999999995e-08	7.124999999999979e-09	4.799999999999986e-09	7.612499999999978e-09	2.624999999999992e-09	0	-3.749999999999989e-11	2.662499999999992e-09	5.062499999999985e-09	1.762499999999995e-09	1.237499999999996e-09	3.749999999999989e-10	1.312499999999996e-09	1.192499999999996e-08	5.977499999999982e-08	2.962499999999991e-09	3.56249999999999e-09	3.712499999999989e-09	7.874999999999976e-10	5.474999999999984e-09	3.48749999999999e-09	3.899999999999989e-09	1.586249999999995e-08	1.244999999999996e-08	5.624999999999983e-10	1.012499999999997e-09	4.147499999999988e-08	5.549999999999984e-09	3.29999999999999e-09	1.289999999999996e-08	8.174999999999976e-09	2.324999999999993e-09	3.112499999999991e-09	5.999999999999982e-10	1.124999999999997e-10	1.124999999999997e-09	1.049999999999997e-09	1.687499999999995e-09	1.859999999999994e-08	3.479999999999989e-08	4.499999999999987e-10	4.124999999999988e-10	5.999999999999982e-10	1.874999999999995e-10	1.649999999999995e-09	6.74999999999998e-10	1.424999999999996e-09	4.724999999999986e-09	4.087499999999988e-09	2.999999999999991e-10	4.499999999999987e-10	5.624999999999983e-10	1.199999999999996e-09	3.48749999999999e-09	6.74999999999998e-10	1.004999999999997e-08	1.027499999999997e-08	2.212499999999993e-09	2.902499999999991e-08	3.157499999999991e-08	3.862499999999988e-09	4.649999999999986e-09	5.624999999999983e-10	4.499999999999987e-10	0	-3.749999999999989e-11	2.249999999999993e-10	4.874999999999986e-10	1.237499999999996e-09	4.987499999999985e-09	1.912499999999994e-09	7.874999999999976e-10	2.992499999999991e-08	4.349999999999987e-08	1.807499999999995e-08	7.124999999999979e-10	1.912499999999994e-09	7.762499999999978e-09	7.762499999999978e-09	2.099999999999994e-08	1.612499999999995e-09	-3.749999999999989e-11	-3.749999999999989e-11	3.749999999999989e-11	7.499999999999978e-10	2.399999999999993e-09	0	2.624999999999992e-10	7.799999999999977e-09	2.467499999999993e-08	1.852499999999995e-08	3.866249999999989e-08	2.081249999999994e-08	6.112499999999982e-09	1.312499999999996e-09	-3.749999999999989e-11	0	5.249999999999985e-10	1.162499999999997e-09	1.424999999999996e-09	8.324999999999975e-09	8.849999999999973e-09	1.574999999999995e-09	3.749999999999989e-11	2.249999999999993e-10	7.499999999999978e-11	2.999999999999991e-10	1.949999999999994e-09	1.049999999999997e-09	1.124999999999997e-10	-3.749999999999989e-11	9.749999999999972e-10	7.499999999999978e-11	0	-3.749999999999989e-11	7.499999999999978e-11	1.349999999999996e-09	-3.749999999999989e-11	1.124999999999997e-10	0
2.999999999999991e-10	4.124999999999988e-10	1.574999999999995e-09	8.812499999999974e-09	3.937499999999988e-08	1.522499999999996e-08	1.556249999999995e-08	1.076249999999997e-08	8.999999999999973e-09	9.074999999999974e-09	1.177499999999996e-08	5.587499999999984e-09	5.249999999999985e-10	1.087499999999997e-09	5.249999999999985e-10	1.724999999999995e-09	2.249999999999993e-09	3.787499999999989e-09	2.467499999999993e-08	2.849999999999992e-09	3.937499999999988e-08	5.699999999999983e-09	9.599999999999972e-09	1.128749999999997e-08	7.199999999999978e-09	7.837499999999977e-09	2.624999999999992e-09	1.259999999999996e-08	8.174999999999976e-09	9.749999999999972e-10	2.137499999999994e-09	4.987499999999985e-09	2.287499999999993e-09	2.774999999999992e-09	4.574999999999986e-09	4.338749999999987e-08	7.687499999999977e-09	1.143749999999997e-08	2.212499999999993e-09	6.224999999999982e-09	1.679999999999995e-08	1.057499999999997e-08	3.937499999999988e-09	4.724999999999986e-09	1.349999999999996e-09	4.574999999999986e-09	1.709999999999995e-08	1.484999999999996e-08	1.331249999999996e-08	1.124999999999997e-09	0	3.749999999999989e-10	1.012499999999997e-09	1.612499999999995e-08	9.749999999999972e-10	5.624999999999983e-10	2.624999999999992e-10	6.74999999999998e-10	3.749999999999989e-10	1.499999999999996e-10	5.249999999999985e-10	2.624999999999992e-10	1.769999999999995e-08	4.987499999999985e-09	1.762499999999995e-09	1.432499999999996e-08	2.812499999999992e-09	2.474999999999993e-09	1.274999999999996e-09	1.424999999999996e-09	2.624999999999992e-10	0	5.999999999999982e-10	2.287499999999993e-09	1.499999999999996e-10	1.124999999999997e-10	2.287499999999993e-09	1.087499999999997e-09	2.624999999999992e-10	2.849999999999992e-09	5.624999999999983e-10	2.137499999999994e-09	4.162499999999988e-09	3.26249999999999e-09	7.462499999999978e-09	3.56999999999999e-08	6.168749999999982e-08	1.897499999999994e-08	6.374999999999982e-10	-3.749999999999989e-11	0	1.199999999999996e-09	5.512499999999984e-09	1.211249999999996e-08	7.724999999999977e-09	1.012499999999997e-09	1.826249999999995e-08	2.673749999999992e-08	1.124999999999997e-08	1.451249999999996e-08	1.608749999999995e-08	1.991249999999994e-08	6.449999999999981e-09	4.799999999999986e-09	0	4.124999999999988e-10	1.312499999999996e-09	4.049999999999988e-09	8.062499999999977e-09	5.474999999999984e-09	9.374999999999973e-09	8.249999999999976e-10	3.749999999999989e-10	1.424999999999996e-09	3.37499999999999e-10	1.012499999999997e-09	2.587499999999993e-09	7.124999999999979e-10	2.249999999999993e-10	8.999999999999973e-10	8.999999999999973e-10	1.612499999999995e-09	-3.749999999999989e-11	9.637499999999971e-09	1.046249999999997e-08	3.41249999999999e-09	5.624999999999983e-10	5.249999999999985e-10
2.362499999999993e-09	1.012499999999997e-09	9.374999999999972e-10	1.766249999999995e-08	3.31874999999999e-08	1.694999999999995e-08	7.874999999999976e-09	8.099999999999977e-09	9.074999999999974e-09	9.937499999999971e-09	9.412499999999973e-09	9.074999999999974e-09	6.67499999999998e-09	9.187499999999972e-09	8.962499999999974e-09	8.212499999999975e-09	1.256249999999996e-08	8.549999999999976e-09	9.749999999999972e-10	8.249999999999976e-10	8.849999999999973e-09	8.324999999999975e-09	1.919999999999994e-08	1.593749999999995e-08	5.362499999999984e-09	5.999999999999983e-09	8.812499999999974e-09	2.962499999999991e-09	4.424999999999987e-09	2.504999999999993e-08	7.612499999999978e-09	6.412499999999981e-09	1.278749999999996e-08	1.027499999999997e-08	6.337499999999981e-09	1.612499999999995e-09	1.987499999999994e-09	1.649999999999995e-09	5.399999999999984e-09	3.37874999999999e-08	8.887499999999975e-09	9.899999999999971e-09	7.612499999999978e-09	9.262499999999973e-09	1.143749999999997e-08	7.499999999999978e-09	1.001249999999997e-08	7.012499999999979e-09	9.674999999999971e-09	1.057499999999997e-08	7.762499999999978e-09	2.099999999999994e-09	1.499999999999996e-08	7.124999999999979e-09	5.812499999999983e-09	4.912499999999985e-09	1.687499999999995e-09	1.499999999999996e-09	2.246249999999993e-08	1.286249999999996e-08	9.599999999999972e-09	2.962499999999991e-09	2.324999999999993e-09	3.037499999999991e-09	2.362499999999993e-08	1.391249999999996e-08	1.132499999999997e-08	1.192499999999996e-08	3.712499999999989e-09	1.724999999999995e-09	4.724999999999986e-09	4.724999999999986e-09	3.824999999999989e-09	1.331249999999996e-08	4.012499999999988e-09	9.524999999999973e-09	1.946249999999994e-08	7.874999999999976e-09	8.624999999999975e-10	7.874999999999976e-10	9.187499999999972e-09	1.136249999999997e-08	2.021249999999994e-08	1.586249999999995e-08	7.387499999999978e-09	8.362499999999975e-09	2.099999999999994e-09	1.424999999999996e-09	3.33749999999999e-09	1.061249999999997e-08	4.387499999999987e-09	1.361249999999996e-08	2.598749999999992e-08	6.037499999999982e-09	1.724999999999995e-09	9.374999999999972e-10	1.376249999999996e-08	2.261249999999993e-08	6.262499999999982e-09	3.749999999999989e-09	3.112499999999991e-09	1.766249999999995e-08	1.106249999999997e-08	1.259999999999996e-08	3.37499999999999e-10	3.749999999999989e-10	2.587499999999993e-09	8.362499999999975e-09	2.699999999999992e-08	1.226249999999996e-08	8.849999999999973e-09	3.599999999999989e-09	6.262499999999982e-09	3.824999999999989e-09	1.762499999999995e-09	1.529999999999996e-08	2.189999999999993e-08	1.874999999999994e-09	7.387499999999978e-09	9.449999999999972e-09	1.001249999999997e-08	8.587499999999975e-09	3.37499999999999e-09	4.874999999999986e-10	6.74999999999998e-10	7.499999999999978e-11	3.749999999999989e-11	-3.749999999999989e-11
4.499999999999987e-09	8.474999999999975e-09	1.102499999999997e-08	9.224999999999973e-09	1.237499999999996e-08	8.774999999999974e-09	9.787499999999971e-09	7.912499999999977e-09	1.019999999999997e-08	8.812499999999974e-09	6.149999999999982e-09	1.132499999999997e-08	6.937499999999979e-09	9.149999999999973e-09	1.053749999999997e-08	7.424999999999978e-09	2.924999999999991e-09	1.027499999999997e-08	1.316249999999996e-08	1.121249999999997e-08	6.149999999999982e-09	1.038749999999997e-08	8.699999999999974e-09	8.924999999999974e-09	7.124999999999979e-09	4.349999999999987e-09	1.106249999999997e-08	8.324999999999975e-09	8.999999999999973e-09	1.394999999999996e-08	5.249999999999985e-09	3.974999999999988e-09	1.526249999999996e-08	8.812499999999974e-09	9.524999999999973e-09	5.887499999999982e-09	2.737499999999992e-09	1.604999999999995e-08	8.324999999999975e-09	9.562499999999972e-09	4.237499999999987e-09	9.562499999999972e-09	8.812499999999974e-09	1.106249999999997e-08	1.038749999999997e-08	8.024999999999976e-09	7.124999999999979e-09	9.637499999999971e-09	6.412499999999981e-09	1.031249999999997e-08	9.187499999999972e-09	7.274999999999978e-09	3.899999999999989e-09	1.267499999999996e-08	9.749999999999972e-09	8.887499999999975e-09	5.474999999999984e-09	1.117499999999997e-08	7.837499999999977e-09	8.737499999999975e-09	8.849999999999973e-09	8.812499999999974e-09	1.004999999999997e-08	7.124999999999979e-09	6.82499999999998e-09	9.749999999999972e-09	8.849999999999973e-09	9.787499999999971e-09	8.587499999999975e-09	5.437499999999984e-09	7.274999999999978e-09	5.662499999999984e-09	5.174999999999985e-09	5.849999999999983e-09	8.137499999999976e-09	1.578749999999996e-08	7.424999999999978e-09	1.353749999999996e-08	6.337499999999981e-09	1.222499999999996e-08	1.079999999999997e-08	4.162499999999988e-09	2.437499999999993e-09	3.674999999999989e-09	4.349999999999987e-09	7.837499999999977e-09	1.571249999999995e-08	7.087499999999979e-09	1.087499999999997e-08	1.912499999999994e-08	5.849999999999983e-09	4.012499999999988e-09	1.383749999999996e-08	7.574999999999978e-09	3.48749999999999e-09	3.52499999999999e-09	2.894999999999992e-08	8.174999999999976e-09	7.124999999999979e-09	1.799999999999995e-09	6.82499999999998e-09	6.149999999999982e-09	1.822499999999995e-08	1.436249999999996e-08	6.262499999999982e-09	1.132499999999997e-08	9.824999999999971e-09	5.699999999999983e-09	1.274999999999996e-08	8.362499999999975e-09	6.67499999999998e-09	1.166249999999997e-08	8.962499999999974e-09	7.612499999999978e-09	1.019999999999997e-08	7.087499999999979e-09	5.737499999999984e-09	1.293749999999996e-08	7.987499999999976e-09	8.774999999999974e-09	4.424999999999987e-09	8.287499999999976e-09	5.849999999999983e-09	4.612499999999987e-09	1.091249999999997e-08	1.233749999999996e-08	6.74999999999998e-10	1.874999999999995e-10
5.324999999999984e-09	7.874999999999976e-09	5.699999999999983e-09	1.087499999999997e-08	8.662499999999974e-09	1.057499999999997e-08	8.662499999999974e-09	1.046249999999997e-08	3.52499999999999e-09	5.099999999999985e-09	4.349999999999987e-09	2.287499999999993e-09	4.237499999999987e-09	5.812499999999983e-09	6.112499999999982e-09	8.399999999999976e-09	1.361249999999996e-08	2.774999999999992e-08	9.299999999999972e-09	1.049999999999997e-08	8.549999999999976e-09	6.449999999999981e-09	2.474999999999993e-09	1.177499999999996e-08	1.012499999999997e-08	1.004999999999997e-08	9.824999999999971e-09	6.374999999999982e-10	4.199999999999988e-09	1.541249999999995e-08	1.312499999999996e-08	2.924999999999991e-09	1.361249999999996e-08	9.524999999999973e-09	7.799999999999977e-09	5.662499999999984e-09	1.214999999999996e-08	1.046249999999997e-08	7.799999999999977e-09	8.212499999999975e-09	7.649999999999978e-09	2.737499999999992e-09	1.634999999999995e-08	9.112499999999973e-09	7.012499999999979e-09	9.637499999999971e-09	7.912499999999977e-09	7.199999999999978e-09	5.812499999999983e-09	1.203749999999996e-08	3.52499999999999e-09	1.132499999999997e-08	1.128749999999997e-08	6.112499999999982e-09	1.087499999999997e-09	2.009999999999994e-08	7.274999999999978e-09	7.799999999999977e-09	1.079999999999997e-08	7.874999999999976e-09	9.074999999999974e-09	8.962499999999974e-09	5.962499999999982e-09	1.064999999999997e-08	7.424999999999978e-09	8.287499999999976e-09	8.624999999999975e-09	8.549999999999976e-09	7.687499999999977e-09	7.987499999999976e-09	4.949999999999986e-09	1.874999999999994e-09	5.474999999999984e-09	7.762499999999978e-09	9.337499999999972e-09	8.062499999999977e-09	6.112499999999982e-09	2.024999999999994e-09	3.41249999999999e-09	3.43874999999999e-08	8.774999999999974e-09	8.699999999999974e-09	2.962499999999991e-09	9.374999999999972e-10	1.601249999999995e-08	1.368749999999996e-08	2.699999999999992e-09	3.674999999999989e-09	4.799999999999986e-09	1.541249999999995e-08	1.432499999999996e-08	9.449999999999972e-09	3.787499999999989e-09	2.174999999999993e-09	9.862499999999972e-09	1.548749999999996e-08	1.286249999999996e-08	7.574999999999978e-09	4.274999999999988e-09	2.849999999999992e-09	5.999999999999983e-09	2.122499999999994e-08	9.262499999999973e-09	2.812499999999992e-09	5.099999999999985e-09	1.068749999999997e-08	2.999999999999991e-09	5.287499999999984e-09	8.362499999999975e-09	1.758749999999995e-08	3.149999999999991e-09	8.887499999999975e-09	1.893749999999994e-08	6.637499999999981e-09	6.937499999999979e-09	8.699999999999974e-09	7.987499999999976e-09	7.912499999999977e-09	8.624999999999975e-09	2.699999999999992e-09	5.437499999999984e-09	1.012499999999997e-08	5.962499999999982e-09	7.837499999999977e-09	3.937499999999988e-09	1.511249999999995e-08	2.962499999999991e-09	1.049999999999997e-09
9.187499999999972e-09	4.987499999999985e-09	1.211249999999996e-08	7.574999999999978e-09	9.337499999999972e-09	1.016249999999997e-08	7.874999999999976e-09	9.862499999999972e-09	7.499999999999978e-09	8.999999999999973e-09	1.094999999999997e-08	7.462499999999978e-09	1.001249999999997e-08	8.212499999999975e-09	6.562499999999981e-09	5.437499999999984e-09	1.203749999999996e-08	2.962499999999991e-09	1.799999999999995e-08	7.04999999999998e-09	1.094999999999997e-08	7.387499999999978e-09	7.874999999999976e-09	1.106249999999997e-08	8.099999999999977e-09	7.762499999999978e-09	8.849999999999973e-09	7.799999999999977e-09	5.587499999999984e-09	1.166249999999997e-08	1.278749999999996e-08	7.874999999999976e-09	8.249999999999976e-09	1.132499999999997e-08	4.462499999999987e-09	7.274999999999978e-09	1.417499999999996e-08	7.799999999999977e-09	9.562499999999972e-09	8.324999999999975e-09	1.106249999999997e-08	8.849999999999973e-09	3.56249999999999e-09	1.293749999999996e-08	7.537499999999977e-09	9.674999999999971e-09	9.599999999999972e-09	7.162499999999979e-09	9.824999999999971e-09	7.874999999999976e-09	5.812499999999983e-09	1.394999999999996e-08	7.424999999999978e-09	1.046249999999997e-08	7.724999999999977e-09	7.537499999999977e-09	9.899999999999971e-09	8.662499999999974e-09	9.449999999999972e-09	9.449999999999972e-09	5.474999999999984e-09	5.662499999999984e-09	1.353749999999996e-08	1.076249999999997e-08	8.962499999999974e-09	5.812499999999983e-09	7.949999999999977e-09	8.062499999999977e-09	9.899999999999971e-09	1.038749999999997e-08	9.337499999999972e-09	9.824999999999971e-09	8.737499999999975e-09	8.699999999999974e-09	8.999999999999973e-09	1.008749999999997e-08	9.524999999999973e-09	8.624999999999975e-09	6.599999999999981e-09	1.256249999999996e-08	7.612499999999978e-09	4.012499999999988e-09	1.762499999999995e-09	2.774999999999992e-09	2.276249999999993e-08	1.312499999999996e-08	3.674999999999989e-09	5.662499999999984e-09	3.37499999999999e-09	2.444999999999993e-08	8.249999999999976e-09	8.999999999999973e-09	7.199999999999978e-09	5.024999999999985e-09	1.454999999999996e-08	7.124999999999979e-09	4.424999999999987e-09	1.391249999999996e-08	6.599999999999981e-09	5.062499999999985e-09	3.112499999999991e-09	5.212499999999985e-09	7.987499999999976e-09	2.347499999999993e-08	8.587499999999975e-09	8.174999999999976e-09	1.331249999999996e-08	8.362499999999975e-09	2.662499999999992e-09	1.537499999999995e-08	8.737499999999975e-09	4.837499999999985e-09	1.488749999999996e-08	8.737499999999975e-09	5.662499999999984e-09	1.361249999999996e-08	6.89999999999998e-09	9.262499999999973e-09	8.137499999999976e-09	6.78749999999998e-09	9.412499999999973e-09	7.199999999999978e-09	3.26249999999999e-09	3.749999999999989e-09	2.512499999999993e-09	8.924999999999974e-09	1.799999999999995e-08	1.162499999999997e-09
8.849999999999973e-09	6.89999999999998e-09	7.462499999999978e-09	9.187499999999972e-09	9.97499999999997e-09	8.699999999999974e-09	8.024999999999976e-09	8.137499999999976e-09	1.012499999999997e-08	7.274999999999978e-09	1.004999999999997e-08	7.762499999999978e-09	7.424999999999978e-09	8.249999999999976e-09	5.324999999999984e-09	1.012499999999997e-08	2.174999999999993e-09	1.541249999999995e-08	1.049999999999997e-08	7.537499999999977e-09	9.899999999999971e-09	8.849999999999973e-09	7.012499999999979e-09	4.499999999999987e-09	5.849999999999983e-09	1.038749999999997e-08	9.637499999999971e-09	4.724999999999986e-09	1.574999999999995e-08	3.41249999999999e-09	6.562499999999981e-09	1.256249999999996e-08	7.237499999999979e-09	1.233749999999996e-08	2.887499999999992e-09	9.599999999999972e-09	1.128749999999997e-08	5.212499999999985e-09	3.712499999999989e-09	1.293749999999996e-08	1.057499999999997e-08	9.187499999999972e-09	8.437499999999975e-09	9.487499999999972e-09	7.687499999999977e-09	8.512499999999974e-09	8.662499999999974e-09	6.224999999999982e-09	4.724999999999986e-09	3.26249999999999e-09	3.862499999999988e-09	1.882499999999995e-08	8.624999999999975e-10	5.662499999999984e-09	6.337499999999981e-09	7.087499999999979e-09	1.023749999999997e-08	2.178749999999994e-08	8.324999999999975e-09	3.937499999999988e-09	1.143749999999997e-08	7.949999999999977e-09	7.537499999999977e-09	6.074999999999982e-09	3.974999999999988e-09	1.342499999999996e-08	2.774999999999992e-09	6.712499999999981e-09	1.353749999999996e-08	1.102499999999997e-08	1.241249999999996e-08	4.837499999999985e-09	8.437499999999975e-09	1.034999999999997e-08	6.89999999999998e-09	5.924999999999983e-09	2.174999999999993e-09	1.874999999999994e-09	2.373749999999993e-08	8.549999999999976e-09	7.837499999999977e-09	4.237499999999987e-09	2.962499999999991e-09	5.362499999999984e-09	1.871249999999995e-08	1.526249999999996e-08	1.837499999999995e-09	8.249999999999976e-10	6.712499999999981e-09	2.238749999999993e-08	1.042499999999997e-08	4.912499999999985e-09	1.837499999999995e-09	3.37499999999999e-09	2.249999999999993e-09	2.103749999999994e-08	8.999999999999973e-10	7.612499999999978e-09	1.972499999999994e-08	7.274999999999978e-09	1.087499999999997e-09	1.837499999999995e-09	1.409999999999996e-08	1.758749999999995e-08	4.762499999999986e-09	5.624999999999983e-10	9.749999999999972e-10	3.149999999999991e-09	9.299999999999972e-09	1.327499999999996e-08	1.837499999999995e-09	3.48749999999999e-09	6.224999999999982e-09	5.324999999999984e-09	3.33749999999999e-09	1.098749999999997e-08	5.474999999999984e-09	1.053749999999997e-08	4.297499999999987e-08	6.82499999999998e-09	1.004999999999997e-08	9.712499999999972e-09	7.424999999999978e-09	6.599999999999981e-09	4.687499999999987e-09	3.149999999999991e-09	3.937499999999988e-09	2.399999999999993e-09
7.724999999999977e-09	9.524999999999973e-09	8.399999999999976e-09	9.112499999999973e-09	7.574999999999978e-09	6.89999999999998e-09	1.203749999999996e-08	3.074999999999991e-09	1.072499999999997e-08	1.012499999999997e-08	7.387499999999978e-09	7.237499999999979e-09	2.962499999999991e-09	1.724999999999995e-08	8.399999999999976e-09	2.062499999999994e-09	2.887499999999992e-09	3.44999999999999e-09	2.339999999999993e-08	6.637499999999981e-09	4.462499999999987e-09	1.207499999999996e-08	9.224999999999973e-09	2.549999999999993e-09	1.593749999999995e-08	3.44999999999999e-09	7.124999999999979e-09	1.331249999999996e-08	5.549999999999984e-09	8.624999999999975e-10	5.737499999999984e-09	1.616249999999995e-08	2.212499999999993e-09	1.912499999999994e-09	1.214999999999996e-08	2.069999999999994e-08	8.062499999999977e-09	9.674999999999971e-09	1.987499999999994e-09	3.599999999999989e-09	2.399999999999993e-09	4.499999999999987e-09	2.737499999999992e-08	4.349999999999987e-09	2.399999999999993e-09	1.567499999999995e-08	1.057499999999997e-08	3.637499999999989e-09	5.249999999999985e-09	1.049999999999997e-08	9.562499999999972e-09	5.662499999999984e-09	4.499999999999987e-10	1.237499999999996e-09	1.049999999999997e-09	3.824999999999989e-09	2.999999999999991e-09	1.203749999999996e-08	5.624999999999983e-09	1.874999999999995e-10	7.124999999999979e-10	1.837499999999994e-08	4.271249999999987e-08	5.174999999999985e-09	5.737499999999984e-09	7.837499999999977e-09	4.349999999999987e-09	6.262499999999982e-09	1.271249999999996e-08	2.249999999999993e-09	5.999999999999982e-10	2.812499999999992e-09	1.049999999999997e-09	4.012499999999988e-09	1.687499999999995e-09	3.52499999999999e-09	3.52499999999999e-09	1.762499999999995e-09	3.899999999999989e-09	5.287499999999984e-09	3.074999999999991e-09	1.049999999999997e-08	1.938749999999994e-08	3.35999999999999e-08	2.294999999999993e-08	2.474999999999993e-09	3.749999999999989e-10	-3.749999999999989e-11	6.299999999999981e-09	9.299999999999972e-09	4.462499999999987e-09	7.649999999999978e-09	8.474999999999975e-09	4.113749999999988e-08	7.949999999999977e-09	7.537499999999977e-09	5.624999999999983e-10	1.672499999999995e-08	1.072499999999997e-08	4.837499999999985e-09	2.099999999999994e-09	6.937499999999979e-09	9.712499999999972e-09	1.057499999999997e-08	1.563749999999995e-08	1.649999999999995e-09	1.087499999999997e-09	1.012499999999997e-09	4.874999999999986e-09	3.899999999999989e-09	9.337499999999972e-09	6.97499999999998e-09	4.237499999999987e-09	3.37499999999999e-09	2.399999999999993e-09	3.29999999999999e-09	1.301249999999996e-08	1.574999999999995e-08	9.749999999999972e-10	9.749999999999972e-10	1.574999999999995e-09	1.274999999999996e-09	3.18749999999999e-09	2.699999999999992e-09	7.687499999999977e-09	1.166249999999997e-08	2.362499999999993e-09	2.249999999999993e-10
4.199999999999988e-09	1.184999999999997e-08	7.537499999999977e-09	7.762499999999978e-09	7.237499999999979e-09	1.016249999999997e-08	9.712499999999972e-09	2.774999999999992e-09	1.874999999999995e-10	4.499999999999987e-10	7.874999999999976e-10	8.999999999999973e-10	1.237499999999996e-09	1.912499999999994e-09	6.524999999999981e-09	7.124999999999979e-10	1.237499999999996e-09	9.749999999999972e-10	1.799999999999995e-09	8.287499999999976e-09	2.062499999999994e-09	1.462499999999996e-08	6.146249999999981e-08	1.454999999999996e-08	1.027499999999997e-08	1.083749999999997e-08	4.462499999999987e-09	1.589999999999995e-08	3.599999999999989e-09	1.046249999999997e-08	1.211249999999996e-08	8.587499999999975e-09	1.462499999999996e-09	1.574999999999995e-09	1.312499999999996e-08	1.042499999999997e-08	2.362499999999993e-09	3.037499999999991e-09	1.349999999999996e-09	1.874999999999995e-10	3.749999999999989e-10	1.874999999999995e-10	8.249999999999976e-10	3.41249999999999e-09	7.087499999999979e-09	1.882499999999995e-08	1.792499999999995e-08	1.184999999999997e-08	3.097499999999991e-08	1.402499999999996e-08	1.241249999999996e-08	9.149999999999973e-09	2.212499999999993e-09	2.999999999999991e-10	1.949999999999994e-09	4.499999999999987e-09	1.473749999999996e-08	7.237499999999979e-09	1.214999999999996e-08	6.299999999999981e-09	7.799999999999977e-09	2.924999999999991e-09	6.074999999999982e-09	2.092499999999994e-08	1.953749999999994e-08	9.074999999999974e-09	5.249999999999985e-10	5.999999999999982e-10	1.874999999999995e-10	5.249999999999985e-10	1.499999999999996e-09	1.949999999999994e-09	8.249999999999976e-10	8.249999999999976e-10	1.499999999999996e-09	1.469999999999996e-08	2.849999999999992e-09	2.549999999999993e-09	3.637499999999989e-09	1.124999999999997e-09	1.499999999999996e-09	4.049999999999988e-09	6.524999999999981e-09	4.687499999999987e-09	3.637499999999989e-09	1.649999999999995e-09	1.874999999999995e-10	2.624999999999992e-10	7.762499999999978e-09	4.462499999999987e-08	4.571249999999987e-08	5.999999999999983e-09	2.024999999999994e-09	2.748749999999992e-08	1.949999999999994e-08	4.912499999999985e-09	1.874999999999995e-10	1.274999999999996e-09	4.949999999999986e-09	7.499999999999978e-09	6.82499999999998e-09	7.987499999999976e-09	6.74999999999998e-09	8.662499999999974e-09	1.027499999999997e-08	2.624999999999992e-08	1.061249999999997e-08	1.349999999999996e-09	1.274999999999996e-09	1.424999999999996e-09	8.399999999999976e-09	2.849999999999992e-09	3.637499999999989e-09	1.237499999999996e-09	4.162499999999988e-09	1.608749999999995e-08	1.113749999999997e-08	3.018749999999991e-08	8.624999999999975e-10	-3.749999999999989e-11	-3.749999999999989e-11	-3.749999999999989e-11	1.499999999999996e-10	-3.749999999999989e-11	3.26249999999999e-09	4.687499999999987e-09	8.999999999999973e-10	0
8.324999999999975e-09	4.462499999999987e-09	1.034999999999997e-08	8.137499999999976e-09	4.349999999999987e-09	4.762499999999986e-09	5.999999999999983e-09	9.97499999999997e-09	1.312499999999996e-09	3.599999999999989e-09	8.512499999999974e-09	1.496249999999996e-08	2.508749999999993e-08	9.749999999999972e-10	2.099999999999994e-09	3.29999999999999e-09	2.887499999999992e-09	2.137499999999994e-09	1.398749999999996e-08	1.091249999999997e-08	9.824999999999971e-09	2.212499999999993e-09	4.987499999999985e-09	2.928749999999991e-08	7.649999999999978e-09	9.899999999999971e-09	1.274999999999996e-08	8.887499999999975e-09	1.301249999999996e-08	3.862499999999988e-09	1.346249999999996e-08	5.774999999999983e-09	1.274999999999996e-09	3.712499999999989e-09	1.334999999999996e-08	9.074999999999974e-09	1.488749999999996e-08	9.487499999999972e-09	5.812499999999983e-09	7.499999999999978e-10	1.946249999999994e-08	2.924999999999991e-09	1.188749999999996e-08	7.274999999999978e-09	2.699999999999992e-09	4.799999999999986e-09	1.676249999999995e-08	1.109999999999997e-08	1.109999999999997e-08	7.012499999999979e-09	1.064999999999997e-08	9.337499999999972e-09	2.999999999999991e-09	1.687499999999995e-09	2.362499999999993e-09	1.544999999999995e-08	2.028749999999994e-08	6.97499999999998e-09	8.324999999999975e-09	9.299999999999972e-09	-3.749999999999989e-11	2.624999999999992e-10	1.124999999999997e-09	1.124999999999997e-10	1.312499999999996e-09	9.449999999999972e-09	2.793749999999992e-08	2.051249999999994e-08	1.256249999999996e-08	1.762499999999995e-09	9.374999999999972e-10	2.174999999999993e-09	3.749999999999989e-10	8.624999999999975e-10	8.624999999999975e-10	1.499999999999996e-10	4.499999999999987e-10	3.637499999999989e-09	2.887499999999992e-09	2.812499999999992e-09	1.649999999999995e-09	3.712499999999989e-09	1.094999999999997e-08	5.347499999999984e-08	3.50999999999999e-08	7.499999999999978e-11	8.999999999999973e-10	2.287499999999993e-09	1.387499999999996e-08	1.154999999999997e-08	2.887499999999992e-09	4.649999999999986e-09	1.616249999999995e-08	9.599999999999972e-09	1.214999999999996e-08	1.777499999999995e-08	1.162499999999997e-09	4.499999999999987e-10	2.474999999999993e-09	4.799999999999986e-09	5.549999999999984e-09	6.187499999999982e-09	4.949999999999986e-09	8.849999999999973e-09	2.174999999999993e-09	7.649999999999978e-09	1.758749999999995e-08	4.499999999999987e-09	1.124999999999997e-10	7.499999999999978e-10	3.674999999999989e-09	8.024999999999976e-09	3.712499999999989e-09	2.662499999999992e-09	3.824999999999989e-09	1.874999999999994e-09	4.717499999999986e-08	4.259999999999987e-08	3.749999999999989e-09	-3.749999999999989e-11	-3.749999999999989e-11	-3.749999999999989e-11	-3.749999999999989e-11	3.749999999999989e-10	2.812499999999992e-09	3.52499999999999e-09	1.312499999999996e-09	3.749999999999989e-11
1.799999999999995e-09	1.121249999999997e-08	8.812499999999974e-09	4.124999999999988e-09	3.974999999999988e-09	4.574999999999986e-09	9.749999999999972e-09	2.812499999999992e-09	1.593749999999995e-08	2.774999999999992e-08	1.008749999999997e-08	6.86249999999998e-09	3.112499999999991e-09	1.203749999999996e-08	7.724999999999977e-09	5.174999999999985e-09	5.249999999999985e-10	2.887499999999992e-09	1.499999999999996e-08	1.211249999999996e-08	6.712499999999981e-09	2.512499999999993e-09	7.499999999999978e-10	5.587499999999984e-09	6.112499999999982e-09	2.572499999999992e-08	2.111249999999994e-08	1.837499999999995e-09	3.824999999999989e-09	1.424999999999996e-08	6.74999999999998e-09	1.237499999999996e-09	2.129999999999994e-08	8.587499999999975e-09	1.042499999999997e-08	8.474999999999975e-09	8.999999999999973e-09	8.174999999999976e-09	3.712499999999989e-09	1.762499999999995e-09	1.012499999999997e-09	2.362499999999993e-09	3.974999999999988e-09	6.524999999999981e-09	8.999999999999973e-10	4.199999999999988e-09	1.773749999999995e-08	3.49874999999999e-08	1.173749999999997e-08	1.151249999999997e-08	6.562499999999981e-09	4.049999999999988e-09	9.937499999999971e-09	3.599999999999989e-09	3.37499999999999e-10	8.999999999999973e-10	4.762499999999986e-09	1.087499999999997e-09	1.124999999999997e-10	2.249999999999993e-10	3.749999999999989e-10	7.087499999999979e-09	2.879999999999991e-08	4.912499999999985e-09	4.012499999999988e-09	2.534999999999993e-08	1.574999999999995e-08	1.949999999999994e-09	2.887499999999992e-09	6.562499999999981e-09	7.349999999999978e-09	2.962499999999991e-09	7.499999999999978e-11	2.249999999999993e-10	4.874999999999986e-10	1.012499999999997e-09	1.762499999999995e-09	2.999999999999991e-10	4.762499999999986e-09	1.912499999999994e-09	7.874999999999976e-10	1.987499999999994e-09	1.012499999999997e-09	1.987499999999994e-09	2.737499999999992e-09	2.099999999999994e-09	2.999999999999991e-10	6.74999999999998e-10	2.219999999999993e-08	4.623749999999987e-08	2.561249999999993e-08	2.099999999999994e-08	3.37499999999999e-09	1.886249999999994e-08	3.682499999999989e-08	7.349999999999978e-09	2.812499999999992e-09	-3.749999999999989e-11	3.749999999999989e-11	1.027499999999997e-08	3.089999999999991e-08	2.399999999999993e-09	1.499999999999996e-09	1.649999999999995e-09	7.874999999999976e-10	6.449999999999981e-09	1.233749999999996e-08	2.587499999999993e-09	4.312499999999987e-09	3.22499999999999e-09	1.402499999999996e-08	1.008749999999997e-08	8.737499999999975e-09	1.076249999999997e-08	8.474999999999975e-09	1.293749999999996e-08	3.41249999999999e-09	3.637499999999989e-09	3.29999999999999e-09	-3.749999999999989e-11	3.749999999999989e-10	1.124999999999997e-10	1.124999999999997e-10	1.912499999999994e-09	4.462499999999987e-09	4.162499999999988e-09	7.124999999999979e-10	3.749999999999989e-11
7.04999999999998e-09	7.649999999999978e-09	6.299999999999981e-09	1.282499999999996e-08	9.637499999999971e-09	3.26249999999999e-09	1.912499999999994e-09	5.137499999999985e-09	1.769999999999995e-08	1.248749999999996e-08	1.589999999999995e-08	1.117499999999997e-08	1.229999999999996e-08	5.399999999999984e-09	2.137499999999994e-09	8.287499999999976e-09	2.156249999999994e-08	1.511249999999995e-08	6.374999999999982e-10	1.548749999999996e-08	2.549999999999993e-09	6.337499999999981e-09	1.237499999999996e-09	1.124999999999997e-09	7.874999999999976e-10	5.249999999999985e-09	6.97499999999998e-09	3.37499999999999e-10	6.449999999999981e-09	2.688749999999992e-08	4.027499999999988e-08	1.046249999999997e-08	2.362499999999993e-09	1.154999999999997e-08	1.226249999999996e-08	5.962499999999982e-09	9.449999999999972e-09	1.117499999999997e-08	5.474999999999984e-09	5.999999999999982e-10	7.499999999999978e-11	1.349999999999996e-09	1.124999999999997e-09	3.937499999999988e-09	1.199999999999996e-09	1.087499999999997e-09	4.012499999999988e-09	6.048749999999982e-08	5.962499999999982e-09	8.399999999999976e-09	2.549999999999993e-09	1.499999999999996e-10	6.262499999999982e-09	2.774999999999992e-08	1.361249999999996e-08	8.999999999999973e-09	1.837499999999995e-09	-3.749999999999989e-11	4.499999999999987e-10	1.387499999999996e-09	5.924999999999983e-09	1.229999999999996e-08	2.058749999999994e-08	2.737499999999992e-09	2.512499999999993e-09	5.849999999999983e-09	1.968749999999994e-08	6.112499999999982e-09	6.599999999999981e-09	1.162499999999997e-09	1.237499999999996e-09	0	1.874999999999995e-10	1.124999999999997e-10	2.249999999999993e-10	8.249999999999976e-10	4.499999999999987e-10	-3.749999999999989e-11	-3.749999999999989e-11	0	1.124999999999997e-09	2.362499999999993e-09	2.624999999999992e-10	8.249999999999976e-10	1.424999999999996e-09	4.499999999999987e-10	3.37499999999999e-10	1.124999999999997e-10	4.799999999999986e-09	2.092499999999994e-08	6.91874999999998e-08	4.957499999999985e-08	1.484999999999996e-08	1.799999999999995e-08	1.811249999999995e-08	5.849999999999983e-09	1.349999999999996e-08	1.049999999999997e-09	7.499999999999978e-11	6.86249999999998e-09	1.889999999999994e-08	5.587499999999984e-09	7.124999999999979e-10	1.593749999999995e-08	2.099999999999994e-09	5.437499999999984e-09	1.124999999999997e-09	1.499999999999996e-10	1.499999999999996e-10	2.249999999999993e-10	5.624999999999983e-10	3.112499999999991e-09	6.67499999999998e-09	1.012499999999997e-08	6.037499999999982e-09	7.087499999999979e-09	2.699999999999992e-09	6.224999999999982e-09	3.33749999999999e-09	5.924999999999983e-09	2.737499999999992e-09	3.749999999999989e-11	7.499999999999978e-11	7.874999999999976e-10	1.199999999999996e-09	5.999999999999982e-10	6.74999999999998e-10	1.874999999999995e-10
5.024999999999985e-09	3.33749999999999e-09	1.762499999999995e-09	1.649999999999995e-09	5.174999999999985e-09	4.499999999999987e-10	3.112499999999991e-09	5.174999999999985e-09	8.924999999999974e-09	1.511249999999995e-08	3.911249999999989e-08	1.244999999999996e-08	4.499999999999987e-09	2.624999999999992e-10	2.399999999999993e-09	3.824999999999989e-09	1.912499999999994e-09	6.262499999999982e-09	2.512499999999993e-09	4.087499999999988e-09	1.912499999999994e-09	2.549999999999993e-09	2.849999999999992e-09	1.124999999999997e-09	2.624999999999992e-09	4.462499999999987e-08	2.789999999999992e-08	2.249999999999993e-10	2.624999999999992e-10	6.224999999999982e-09	3.55499999999999e-08	3.074999999999991e-09	3.749999999999989e-11	1.499999999999996e-10	3.078749999999991e-08	1.173749999999997e-08	6.262499999999982e-09	9.374999999999973e-09	3.749999999999989e-10	7.012499999999979e-09	1.762499999999995e-08	1.762499999999995e-09	1.987499999999994e-09	1.874999999999995e-10	2.849999999999992e-09	2.362499999999993e-09	5.624999999999983e-10	2.999999999999991e-10	1.762499999999995e-09	1.274999999999996e-09	1.799999999999995e-09	1.499999999999996e-10	0	3.986249999999988e-08	5.317499999999985e-08	1.169999999999997e-08	9.487499999999972e-09	4.499999999999987e-09	1.499999999999996e-10	8.999999999999973e-10	1.124999999999997e-09	1.271249999999996e-08	2.219999999999993e-08	5.212499999999985e-09	4.612499999999987e-09	6.487499999999981e-09	2.253749999999993e-08	1.368749999999996e-08	3.44999999999999e-09	9.449999999999972e-09	7.874999999999976e-10	1.124999999999997e-10	2.624999999999992e-10	7.499999999999978e-11	6.374999999999982e-10	2.137499999999994e-09	1.462499999999996e-08	2.036249999999994e-08	1.312499999999996e-09	4.874999999999986e-10	3.749999999999989e-11	-3.749999999999989e-11	-3.749999999999989e-11	1.649999999999995e-09	1.199999999999996e-09	2.737499999999992e-09	5.887499999999982e-09	1.912499999999994e-09	7.499999999999978e-10	2.662499999999992e-09	1.076249999999997e-08	9.277499999999973e-08	1.571249999999995e-08	2.362499999999993e-09	1.976249999999994e-08	2.437499999999993e-09	6.74999999999998e-10	1.124999999999997e-10	0	7.874999999999976e-10	3.26249999999999e-09	6.487499999999981e-09	5.662499999999984e-09	5.512499999999984e-09	7.312499999999979e-09	3.131249999999991e-08	4.162499999999988e-09	1.312499999999996e-09	2.249999999999993e-10	0	3.37499999999999e-10	4.199999999999988e-09	2.662499999999992e-09	3.749999999999989e-10	1.124999999999997e-09	7.349999999999978e-09	2.216249999999993e-08	1.211249999999996e-08	1.136249999999997e-08	1.034999999999997e-08	5.474999999999984e-09	-3.749999999999989e-11	7.499999999999978e-10	7.499999999999978e-10	3.749999999999989e-10	-3.749999999999989e-11	7.499999999999978e-11	3.749999999999989e-11
7.537499999999977e-09	7.499999999999978e-10	5.024999999999985e-09	1.443749999999996e-08	8.549999999999976e-09	2.362499999999993e-09	1.211249999999996e-08	4.087499999999988e-09	9.262499999999973e-09	1.649999999999995e-09	2.662499999999992e-09	1.987499999999994e-09	1.574999999999995e-09	5.249999999999985e-10	1.349999999999996e-09	2.624999999999992e-09	7.349999999999978e-09	4.349999999999987e-09	2.999999999999991e-08	4.698749999999986e-08	1.642499999999995e-08	2.362499999999993e-09	5.999999999999983e-09	2.999999999999991e-09	1.991249999999994e-08	9.374999999999973e-09	8.887499999999975e-09	1.912499999999994e-09	5.624999999999983e-10	3.749999999999989e-10	3.29999999999999e-09	2.324999999999993e-09	1.724999999999995e-09	2.999999999999991e-10	1.874999999999995e-10	3.26249999999999e-09	3.074999999999991e-09	6.243749999999982e-08	1.462499999999996e-09	1.537499999999996e-09	3.637499999999989e-09	2.448749999999993e-08	1.687499999999995e-09	2.249999999999993e-10	1.499999999999996e-10	2.249999999999993e-10	1.162499999999997e-09	5.624999999999983e-10	4.874999999999986e-10	3.26249999999999e-09	4.912499999999985e-09	1.826249999999995e-08	1.957499999999994e-08	4.799999999999986e-09	5.924999999999983e-09	6.277499999999982e-08	1.136249999999997e-08	5.212499999999985e-09	4.499999999999987e-10	1.526249999999996e-08	1.012499999999997e-08	1.244999999999996e-08	3.44999999999999e-09	1.199999999999997e-08	1.023749999999997e-08	5.324999999999984e-09	8.362499999999975e-09	9.749999999999972e-09	1.117499999999997e-08	9.749999999999972e-09	9.97499999999997e-09	3.787499999999989e-09	2.399999999999993e-09	3.824999999999989e-09	2.287499999999993e-09	1.087499999999997e-09	1.526249999999996e-08	1.057499999999997e-08	1.402499999999996e-08	8.249999999999976e-09	1.124999999999997e-10	-3.749999999999989e-11	0	-3.749999999999989e-11	1.124999999999997e-10	5.624999999999983e-10	2.249999999999993e-09	1.424999999999996e-09	2.324999999999993e-09	1.019999999999997e-08	1.424999999999996e-08	1.927499999999994e-08	2.021249999999994e-08	3.974999999999988e-09	2.137499999999994e-09	5.249999999999985e-10	1.649999999999995e-09	1.049999999999997e-09	1.312499999999996e-09	6.374999999999981e-09	1.023749999999997e-08	1.619999999999995e-08	2.651249999999992e-08	1.758749999999995e-08	2.812499999999992e-09	4.387499999999987e-09	0	2.774999999999992e-09	1.004999999999997e-08	9.712499999999972e-09	5.249999999999985e-09	1.499999999999996e-10	1.499999999999996e-09	4.874999999999986e-10	-3.749999999999989e-11	4.349999999999987e-09	1.211249999999996e-08	2.662499999999992e-09	5.624999999999983e-10	3.749999999999989e-09	4.499999999999987e-10	3.749999999999989e-11	2.624999999999992e-09	4.199999999999988e-09	7.124999999999979e-10	7.124999999999979e-10	-3.749999999999989e-11	-3.749999999999989e-11
2.399999999999993e-09	7.012499999999979e-09	7.124999999999979e-09	5.662499999999984e-09	7.912499999999977e-09	6.337499999999981e-09	6.67499999999998e-09	5.962499999999982e-09	4.537499999999987e-09	3.33749999999999e-09	4.087499999999988e-09	3.749999999999989e-09	1.514999999999996e-08	1.574999999999995e-09	8.512499999999974e-09	3.599999999999989e-09	7.124999999999979e-09	5.474999999999984e-09	2.557499999999993e-08	2.759999999999992e-08	1.563749999999995e-08	7.574999999999978e-09	1.724999999999995e-09	2.774999999999992e-09	4.987499999999985e-09	2.999999999999991e-09	1.462499999999996e-09	1.162499999999997e-09	7.874999999999976e-10	1.124999999999997e-10	6.74999999999998e-10	1.192499999999996e-08	7.612499999999978e-09	1.949999999999994e-09	3.749999999999989e-10	1.199999999999996e-09	1.012499999999997e-09	3.18749999999999e-09	1.128749999999997e-08	1.417499999999996e-08	1.248749999999996e-08	2.129999999999994e-08	6.637499999999981e-09	2.624999999999992e-10	1.199999999999996e-09	1.387499999999996e-09	3.37499999999999e-10	5.999999999999982e-10	1.574999999999995e-09	2.399999999999993e-09	8.437499999999975e-09	5.654999999999983e-08	4.736249999999986e-08	8.474999999999975e-09	3.29999999999999e-09	6.374999999999981e-09	1.762499999999995e-09	6.374999999999982e-10	6.74999999999998e-10	3.44249999999999e-08	1.154999999999997e-08	8.474999999999975e-09	1.147499999999997e-08	4.274999999999988e-09	7.312499999999979e-09	9.787499999999971e-09	1.271249999999996e-08	1.987499999999994e-09	7.199999999999978e-09	6.937499999999979e-09	1.424999999999996e-09	4.124999999999988e-10	2.474999999999993e-09	4.874999999999986e-10	8.249999999999976e-10	1.649999999999995e-09	7.274999999999978e-09	8.587499999999975e-09	7.649999999999978e-09	3.974999999999988e-09	5.249999999999985e-10	1.124999999999997e-10	7.499999999999978e-11	2.999999999999991e-10	2.249999999999993e-10	2.999999999999991e-10	1.274999999999996e-09	1.687499999999995e-09	2.212499999999993e-09	4.087499999999988e-09	1.492499999999996e-08	1.237499999999996e-08	1.038749999999997e-08	1.634999999999995e-08	1.387499999999996e-08	1.349999999999996e-09	1.012499999999997e-09	8.624999999999975e-10	7.04999999999998e-09	1.398749999999996e-08	1.492499999999996e-08	1.803749999999995e-08	1.057499999999997e-08	3.34499999999999e-08	3.086249999999991e-08	9.749999999999972e-10	1.349999999999996e-09	1.019999999999997e-08	7.162499999999979e-09	9.524999999999973e-09	8.849999999999973e-09	9.374999999999972e-10	2.774999999999992e-09	5.662499999999984e-09	8.624999999999975e-10	2.249999999999993e-10	8.249999999999976e-10	7.199999999999978e-09	4.087499999999988e-09	7.499999999999978e-11	7.499999999999978e-10	-3.749999999999989e-11	7.499999999999978e-11	0	1.499999999999996e-10	2.249999999999993e-10	3.749999999999989e-11	1.499999999999996e-10
5.324999999999984e-09	8.999999999999973e-10	4.499999999999987e-10	1.537499999999996e-09	9.037499999999974e-09	2.279999999999993e-08	1.867499999999994e-08	2.699999999999992e-09	3.112499999999991e-09	2.212499999999993e-09	4.087499999999988e-09	8.287499999999976e-09	1.387499999999996e-09	7.462499999999978e-09	5.107499999999985e-08	7.912499999999977e-09	1.038749999999997e-08	6.82499999999998e-09	1.079999999999997e-08	9.712499999999972e-09	3.974999999999988e-09	7.837499999999977e-09	2.999999999999991e-10	1.537499999999996e-09	4.724999999999986e-09	2.681249999999992e-08	1.301249999999996e-08	2.999999999999991e-10	1.499999999999996e-10	3.749999999999989e-10	6.374999999999982e-10	6.74999999999998e-10	1.387499999999996e-09	1.462499999999996e-09	4.799999999999986e-09	4.743749999999986e-08	1.428749999999996e-08	1.638749999999995e-08	6.97499999999998e-09	9.674999999999971e-09	9.449999999999972e-09	1.053749999999997e-08	5.887499999999982e-09	4.987499999999985e-09	1.511249999999995e-08	5.887499999999982e-09	3.787499999999989e-09	2.512499999999993e-09	1.556249999999995e-08	1.443749999999996e-08	5.399999999999984e-09	1.072499999999997e-08	1.106249999999997e-08	7.274999999999978e-09	1.462499999999996e-09	3.074999999999991e-09	1.811249999999995e-08	8.474999999999975e-09	2.624999999999992e-10	7.087499999999979e-09	1.822499999999995e-08	1.008749999999997e-08	1.121249999999997e-08	7.162499999999979e-09	3.56249999999999e-09	9.712499999999972e-09	8.287499999999976e-09	8.999999999999973e-10	7.499999999999978e-11	4.874999999999986e-10	7.874999999999976e-09	1.162499999999997e-09	1.274999999999996e-09	8.999999999999973e-10	7.124999999999979e-10	3.824999999999989e-09	1.424999999999996e-08	7.574999999999978e-09	1.027499999999997e-08	1.252499999999996e-08	1.432499999999996e-08	3.29999999999999e-09	1.237499999999996e-09	1.199999999999996e-09	1.012499999999997e-09	1.424999999999996e-09	2.362499999999993e-09	8.624999999999975e-10	9.374999999999972e-10	6.74999999999998e-10	4.049999999999988e-09	2.362499999999993e-09	6.74999999999998e-10	1.912499999999994e-09	1.537499999999996e-09	5.549999999999984e-09	9.674999999999971e-09	1.754999999999995e-08	6.82499999999998e-09	3.44999999999999e-09	9.749999999999972e-09	1.751249999999995e-08	2.242499999999993e-08	2.062499999999994e-08	1.968749999999994e-08	2.099999999999994e-09	3.37499999999999e-10	8.849999999999973e-09	3.888749999999988e-08	1.297499999999996e-08	7.799999999999977e-09	4.574999999999986e-09	6.299999999999981e-09	3.637499999999989e-09	2.549999999999993e-09	6.337499999999981e-09	1.762499999999995e-09	1.649999999999995e-09	1.162499999999997e-09	1.124999999999997e-10	3.749999999999989e-11	3.749999999999989e-11	0	1.124999999999997e-10	1.874999999999995e-10	3.37499999999999e-10	3.37499999999999e-10	1.499999999999996e-10
4.687499999999987e-09	6.637499999999981e-09	1.124999999999997e-09	2.549999999999993e-09	4.087499999999988e-09	9.112499999999973e-09	2.917499999999992e-08	2.681249999999992e-08	7.04999999999998e-09	1.492499999999996e-08	9.487499999999972e-09	3.749999999999989e-10	9.374999999999972e-10	8.474999999999975e-09	2.531249999999993e-08	8.512499999999974e-09	8.587499999999975e-09	1.004999999999997e-08	2.362499999999993e-09	9.749999999999972e-10	6.74999999999998e-10	3.37499999999999e-10	1.874999999999995e-10	2.478749999999993e-08	2.549999999999992e-08	1.837499999999995e-09	6.74999999999998e-10	2.587499999999993e-09	5.999999999999982e-10	1.762499999999995e-09	1.762499999999995e-09	1.199999999999996e-09	7.312499999999979e-09	4.387499999999987e-09	1.574999999999995e-09	2.849999999999992e-09	1.087499999999997e-09	4.762499999999986e-09	9.262499999999973e-09	4.724999999999986e-09	7.263749999999979e-08	7.237499999999979e-09	1.244999999999996e-08	8.062499999999977e-09	8.624999999999975e-09	3.862499999999988e-09	2.999999999999991e-10	2.174999999999993e-09	1.357499999999996e-08	1.649999999999995e-08	1.034999999999997e-08	1.091249999999997e-08	1.102499999999997e-08	4.687499999999987e-09	8.287499999999976e-09	0	1.631249999999995e-08	5.624999999999983e-09	1.424999999999996e-09	1.207499999999996e-08	6.149999999999982e-09	9.074999999999974e-09	1.574999999999995e-09	2.129999999999994e-08	7.612499999999978e-09	5.699999999999983e-09	1.548749999999996e-08	3.749999999999989e-10	4.499999999999987e-10	2.212499999999993e-09	1.777499999999995e-08	6.112499999999982e-09	1.537499999999996e-09	2.696249999999992e-08	6.86249999999998e-09	7.499999999999978e-11	1.754999999999995e-08	1.162499999999997e-08	5.024999999999985e-09	3.29999999999999e-09	1.522499999999996e-08	1.038749999999997e-08	7.499999999999978e-11	7.499999999999978e-10	1.499999999999996e-10	1.799999999999995e-09	5.999999999999982e-10	3.37499999999999e-10	1.499999999999996e-10	3.37499999999999e-10	7.874999999999976e-10	2.624999999999992e-10	2.249999999999993e-10	1.874999999999995e-10	2.999999999999991e-10	1.499999999999996e-10	3.749999999999989e-11	3.37499999999999e-10	2.437499999999993e-09	3.712499999999989e-09	1.874999999999994e-09	5.662499999999984e-09	1.334999999999996e-08	1.893749999999994e-08	9.374999999999972e-10	1.387499999999996e-09	0	4.124999999999988e-09	2.876249999999991e-08	2.321249999999993e-08	2.291249999999993e-08	1.057499999999997e-08	2.452499999999993e-08	1.537499999999995e-08	2.527499999999993e-08	4.987499999999985e-09	3.37499999999999e-09	2.062499999999994e-09	3.787499999999989e-09	1.233749999999996e-08	6.599999999999981e-09	3.48749999999999e-09	3.749999999999989e-11	0	4.499999999999987e-10	1.237499999999996e-09	2.999999999999991e-10	-3.749999999999989e-11
1.987499999999994e-09	2.099999999999994e-09	3.18749999999999e-09	2.474999999999993e-09	1.687499999999995e-09	5.362499999999984e-09	3.28874999999999e-08	2.002499999999994e-08	7.574999999999978e-09	6.599999999999981e-09	5.662499999999984e-09	1.949999999999994e-09	1.274999999999996e-09	5.624999999999983e-10	1.987499999999994e-09	4.349999999999987e-09	1.349999999999996e-09	4.124999999999988e-10	1.837499999999995e-09	9.749999999999972e-10	5.062499999999985e-09	4.087499999999988e-09	1.612499999999995e-09	1.499999999999996e-10	1.499999999999996e-09	3.674999999999989e-09	3.56249999999999e-09	6.74999999999998e-10	5.699999999999983e-09	4.012499999999988e-09	8.624999999999975e-10	1.874999999999994e-09	5.774999999999983e-09	2.249999999999993e-09	8.849999999999973e-09	4.537499999999987e-09	1.912499999999994e-09	1.743749999999995e-08	7.762499999999978e-09	5.887499999999982e-09	1.552499999999996e-08	2.216249999999993e-08	1.927499999999994e-08	4.548749999999986e-08	3.854999999999989e-08	1.574999999999995e-09	1.874999999999995e-10	1.091249999999997e-08	2.343749999999993e-08	1.004999999999997e-08	6.149999999999982e-09	1.383749999999996e-08	7.424999999999978e-09	6.187499999999982e-09	1.147499999999997e-08	8.737499999999975e-09	8.362499999999975e-09	8.024999999999976e-09	5.437499999999984e-09	2.249999999999993e-10	2.069999999999994e-08	7.762499999999978e-09	6.937499999999979e-09	3.26249999999999e-09	1.436249999999996e-08	1.098749999999997e-08	1.192499999999996e-08	4.349999999999987e-09	7.462499999999978e-09	1.451249999999996e-08	2.999999999999991e-09	2.287499999999993e-09	1.762499999999995e-09	7.837499999999977e-09	4.124999999999988e-10	7.499999999999978e-10	1.289999999999996e-08	3.22499999999999e-09	7.949999999999977e-09	9.112499999999973e-09	4.031249999999988e-08	1.169999999999997e-08	2.887499999999992e-09	0	0	1.124999999999997e-10	4.874999999999986e-10	1.387499999999996e-09	7.124999999999979e-10	1.274999999999996e-09	1.162499999999997e-09	1.124999999999997e-10	1.499999999999996e-10	1.499999999999996e-10	1.499999999999996e-10	1.649999999999995e-09	2.362499999999993e-09	3.52499999999999e-09	1.349999999999996e-09	2.137499999999994e-09	5.362499999999984e-09	2.137499999999994e-09	2.699999999999992e-09	1.417499999999996e-08	4.863749999999986e-08	8.849999999999973e-09	3.112499999999991e-09	8.249999999999976e-10	1.987499999999994e-09	3.149999999999991e-09	2.362499999999993e-09	1.177499999999996e-08	5.336249999999984e-08	4.946249999999985e-08	3.974999999999988e-09	4.649999999999986e-09	3.37499999999999e-09	1.612499999999995e-09	1.499999999999996e-09	8.624999999999975e-10	1.574999999999995e-09	1.124999999999997e-10	2.249999999999993e-10	6.74999999999998e-10	1.612499999999995e-09	6.374999999999982e-10	5.999999999999982e-10	0
2.662499999999992e-09	6.937499999999979e-09	5.924999999999983e-09	6.037499999999982e-09	7.949999999999977e-09	1.912499999999994e-08	1.173749999999997e-08	9.524999999999973e-09	2.512499999999993e-09	3.52499999999999e-09	6.937499999999979e-09	1.113749999999997e-08	5.324999999999984e-09	3.22499999999999e-09	3.41249999999999e-09	2.099999999999994e-09	2.737499999999992e-09	3.824999999999989e-09	3.637499999999989e-09	3.899999999999989e-09	4.387499999999987e-09	1.612499999999995e-09	2.887499999999992e-09	3.712499999999989e-09	4.462499999999987e-09	8.737499999999975e-09	1.499999999999996e-09	9.374999999999972e-10	8.062499999999977e-09	1.218749999999996e-08	2.118749999999994e-08	1.724999999999995e-08	7.612499999999978e-09	2.774999999999992e-09	1.469999999999996e-08	1.912499999999994e-08	9.037499999999974e-09	2.137499999999994e-09	4.237499999999987e-09	4.462499999999987e-09	2.512499999999993e-09	7.162499999999979e-09	3.44999999999999e-09	2.268749999999993e-08	5.568749999999984e-08	3.749999999999989e-11	2.624999999999992e-10	8.849999999999973e-09	2.392499999999993e-08	1.447499999999996e-08	8.399999999999976e-09	5.962499999999982e-09	6.937499999999979e-09	6.037499999999982e-09	1.537499999999995e-08	8.287499999999976e-09	1.177499999999996e-08	1.038749999999997e-08	7.199999999999978e-09	6.86249999999998e-09	-3.749999999999989e-11	1.732499999999995e-08	3.26249999999999e-09	2.624999999999992e-10	1.747499999999995e-08	1.563749999999995e-08	9.862499999999972e-09	1.001249999999997e-08	4.237499999999987e-09	1.499999999999996e-10	2.013749999999994e-08	7.087499999999979e-09	4.162499999999988e-09	2.774999999999992e-09	-3.749999999999989e-11	1.087499999999997e-09	4.762499999999986e-09	2.786249999999992e-08	7.424999999999978e-09	1.132499999999997e-08	1.263749999999996e-08	9.824999999999971e-09	1.627499999999995e-08	3.44999999999999e-09	1.499999999999996e-10	0	3.749999999999989e-10	4.124999999999988e-10	1.124999999999997e-10	1.424999999999996e-09	4.874999999999986e-09	2.137499999999994e-09	1.049999999999997e-09	4.237499999999987e-09	1.278749999999996e-08	9.862499999999972e-09	3.49124999999999e-08	6.74999999999998e-09	2.463749999999993e-08	1.046249999999997e-08	8.249999999999976e-10	3.749999999999989e-11	6.374999999999982e-10	4.087499999999988e-09	1.087499999999997e-08	4.724999999999986e-09	1.724999999999995e-09	1.537499999999996e-09	3.48749999999999e-09	1.226249999999996e-08	3.112499999999991e-09	1.349999999999996e-08	1.398749999999996e-08	1.874999999999995e-10	1.499999999999996e-09	4.762499999999986e-09	3.37499999999999e-10	2.737499999999992e-09	1.874999999999995e-10	1.499999999999996e-10	9.749999999999972e-10	4.499999999999987e-10	1.499999999999996e-10	3.749999999999989e-11	2.249999999999993e-10	5.137499999999985e-09	2.812499999999992e-09	3.37499999999999e-10
5.099999999999985e-09	8.212499999999975e-09	9.899999999999971e-09	2.587499999999993e-09	9.074999999999974e-09	5.062499999999985e-09	1.972499999999994e-08	1.274999999999996e-09	5.699999999999983e-09	1.166249999999997e-08	1.443749999999996e-08	9.97499999999997e-09	5.624999999999983e-09	3.52499999999999e-09	2.624999999999992e-10	5.624999999999983e-10	1.387499999999996e-09	2.699999999999992e-08	1.424999999999996e-08	4.687499999999987e-09	3.18749999999999e-09	2.013749999999994e-08	3.074999999999991e-09	9.074999999999974e-09	5.137499999999985e-09	1.462499999999996e-09	5.249999999999985e-10	1.349999999999996e-09	9.712499999999972e-09	1.211249999999996e-08	9.112499999999973e-09	1.312499999999996e-08	4.724999999999986e-09	7.124999999999979e-09	2.962499999999991e-08	1.001249999999997e-08	4.349999999999987e-09	1.687499999999995e-09	2.249999999999993e-10	1.687499999999995e-09	3.637499999999989e-09	6.86249999999998e-09	3.48749999999999e-09	1.383749999999996e-08	3.607499999999989e-08	2.999999999999991e-10	2.999999999999991e-10	4.499999999999987e-10	1.094999999999997e-08	2.876249999999991e-08	3.599999999999989e-09	1.668749999999995e-08	1.053749999999997e-08	7.424999999999978e-09	5.737499999999984e-09	6.97499999999998e-09	1.334999999999996e-08	1.016249999999997e-08	7.349999999999978e-09	5.512499999999984e-09	6.74999999999998e-10	2.512499999999993e-09	1.462499999999996e-08	2.249999999999993e-10	4.199999999999988e-09	2.414999999999993e-08	1.334999999999996e-08	1.016249999999997e-08	1.098749999999997e-08	1.912499999999994e-09	9.749999999999972e-10	1.049999999999997e-09	2.174999999999993e-09	2.662499999999992e-09	1.499999999999996e-10	7.499999999999978e-11	3.712499999999989e-09	3.787499999999989e-08	1.409999999999996e-08	9.674999999999971e-09	4.724999999999986e-09	3.862499999999988e-09	1.064999999999997e-08	2.624999999999992e-09	2.249999999999993e-10	2.624999999999992e-10	2.624999999999992e-10	3.37499999999999e-10	2.174999999999993e-09	2.774999999999992e-09	5.399999999999984e-09	1.462499999999996e-09	6.374999999999982e-10	3.637499999999989e-09	4.724999999999986e-09	9.112499999999973e-09	2.133749999999994e-08	8.699999999999974e-09	9.712499999999972e-09	5.129999999999985e-08	5.249999999999985e-10	1.124999999999997e-10	2.662499999999992e-09	1.241249999999996e-08	7.649999999999978e-09	4.012499999999988e-09	7.874999999999976e-10	4.762499999999986e-09	0	3.749999999999989e-11	1.237499999999996e-09	4.199999999999988e-09	2.549999999999993e-09	4.124999999999988e-10	1.837499999999995e-09	3.48749999999999e-09	3.749999999999989e-11	4.874999999999986e-10	2.249999999999993e-10	3.749999999999989e-11	6.74999999999998e-10	1.087499999999997e-09	5.249999999999985e-10	4.499999999999987e-10	7.124999999999979e-10	3.22499999999999e-09	3.48749999999999e-09	0
8.437499999999975e-09	9.712499999999972e-09	4.537499999999987e-09	1.162499999999997e-09	1.574999999999995e-09	2.512499999999993e-09	5.999999999999982e-10	8.999999999999973e-10	3.618749999999989e-08	1.837499999999994e-08	7.237499999999979e-09	9.524999999999973e-09	7.537499999999977e-09	7.124999999999979e-10	5.624999999999983e-10	7.874999999999976e-10	1.949999999999994e-09	6.487499999999981e-09	1.717499999999995e-08	1.428749999999996e-08	3.824999999999989e-09	4.162499999999988e-09	2.808749999999992e-08	1.762499999999995e-09	1.312499999999996e-09	4.987499999999985e-09	2.024999999999994e-09	5.549999999999984e-09	1.904999999999995e-08	2.249999999999993e-09	2.774999999999992e-09	1.949999999999994e-09	2.624999999999992e-10	1.462499999999996e-09	3.149999999999991e-09	4.387499999999987e-09	2.399999999999993e-09	9.749999999999972e-10	1.762499999999995e-09	1.124999999999997e-09	3.26249999999999e-09	4.574999999999986e-09	7.683749999999978e-08	2.103749999999994e-08	8.662499999999974e-09	7.837499999999977e-09	4.987499999999985e-09	1.364999999999996e-08	1.087499999999997e-08	6.149999999999982e-09	1.061249999999997e-08	6.89999999999998e-09	9.562499999999972e-09	1.102499999999997e-08	7.124999999999979e-09	9.562499999999972e-09	6.89999999999998e-09	9.224999999999973e-09	1.053749999999997e-08	7.912499999999977e-09	2.587499999999993e-09	8.249999999999976e-10	6.637499999999981e-09	2.336249999999993e-08	1.349999999999996e-09	2.662499999999992e-09	1.537499999999995e-08	1.949999999999994e-09	1.649999999999995e-09	7.949999999999977e-09	2.066249999999994e-08	3.33749999999999e-09	1.499999999999996e-09	8.249999999999976e-09	5.624999999999983e-10	3.37499999999999e-10	1.874999999999995e-10	1.274999999999996e-09	2.587499999999993e-09	5.231249999999985e-08	2.174999999999993e-09	5.437499999999984e-09	1.312499999999996e-09	1.874999999999994e-09	1.012499999999997e-09	2.624999999999992e-10	2.249999999999993e-10	3.749999999999989e-11	7.499999999999978e-11	1.574999999999995e-09	1.762499999999995e-09	3.37499999999999e-10	3.749999999999989e-10	2.624999999999992e-09	3.599999999999989e-09	4.199999999999988e-09	1.961249999999994e-08	1.976249999999994e-08	2.643749999999992e-08	7.124999999999979e-09	4.499999999999987e-10	0	8.399999999999976e-09	1.938749999999994e-08	1.747499999999995e-08	9.112499999999973e-09	1.574999999999995e-09	2.549999999999993e-09	-3.749999999999989e-11	2.249999999999993e-10	4.124999999999988e-10	4.799999999999986e-09	7.424999999999978e-09	1.162499999999997e-09	2.437499999999993e-09	6.74999999999998e-10	0	3.749999999999989e-11	2.212499999999993e-09	1.721249999999995e-08	2.043749999999994e-08	3.35999999999999e-08	2.647499999999992e-08	2.418749999999993e-08	9.374999999999972e-10	0	1.124999999999997e-10	-3.749999999999989e-11
6.74999999999998e-09	6.89999999999998e-09	1.241249999999996e-08	9.599999999999972e-09	1.574999999999995e-09	1.499999999999996e-09	4.874999999999986e-10	1.124999999999997e-09	1.818749999999995e-08	2.291249999999993e-08	2.489999999999993e-08	8.324999999999975e-09	7.612499999999978e-09	1.087499999999997e-09	5.249999999999985e-10	1.649999999999995e-09	2.399999999999993e-09	6.112499999999982e-09	1.166249999999997e-08	1.252499999999996e-08	2.512499999999993e-09	1.874999999999995e-10	7.499999999999978e-11	5.174999999999985e-09	2.096249999999994e-08	3.712499999999989e-09	1.274999999999996e-09	1.949999999999994e-09	5.163749999999985e-08	2.887499999999992e-09	4.874999999999986e-10	7.499999999999978e-10	4.612499999999987e-09	6.937499999999979e-09	1.226249999999996e-08	1.949999999999994e-09	4.312499999999987e-09	8.249999999999976e-10	8.249999999999976e-10	2.999999999999991e-10	1.312499999999996e-09	1.162499999999997e-09	4.387499999999987e-09	3.753749999999989e-08	3.967499999999988e-08	2.347499999999993e-08	4.799999999999986e-09	5.999999999999982e-10	7.499999999999978e-11	8.624999999999975e-10	4.724999999999986e-09	2.846249999999991e-08	1.717499999999995e-08	1.443749999999996e-08	8.137499999999976e-09	7.912499999999977e-09	1.042499999999997e-08	8.662499999999974e-09	1.106249999999997e-08	8.662499999999974e-09	6.78749999999998e-09	1.064999999999997e-08	5.137499999999985e-09	2.549999999999993e-09	1.361249999999996e-08	5.662499999999984e-09	6.112499999999982e-09	1.706249999999995e-08	4.874999999999986e-10	1.874999999999995e-10	3.749999999999989e-10	1.649999999999995e-09	6.224999999999982e-09	1.076249999999997e-08	6.487499999999981e-09	1.012499999999997e-09	1.499999999999996e-10	1.124999999999997e-10	1.364999999999996e-08	3.836249999999988e-08	9.149999999999973e-09	2.812499999999992e-09	2.024999999999994e-09	3.37499999999999e-10	5.999999999999982e-10	1.312499999999996e-09	-3.749999999999989e-11	3.749999999999989e-11	5.624999999999983e-10	1.349999999999996e-09	7.124999999999979e-10	7.874999999999976e-10	1.087499999999997e-09	1.499999999999996e-10	7.499999999999978e-10	7.124999999999979e-10	5.624999999999983e-09	5.662499999999984e-09	6.187499999999982e-09	2.624999999999992e-09	2.287499999999993e-09	4.574999999999986e-09	1.286249999999996e-08	1.916249999999994e-08	3.31499999999999e-08	2.553749999999992e-08	9.899999999999971e-09	3.56249999999999e-09	4.124999999999988e-10	7.874999999999976e-10	9.749999999999972e-10	3.22499999999999e-09	5.212499999999985e-09	1.462499999999996e-09	2.999999999999991e-09	1.312499999999996e-09	2.999999999999991e-10	4.499999999999987e-10	1.799999999999995e-09	9.112499999999973e-09	3.41249999999999e-08	1.882499999999995e-08	4.499999999999987e-09	1.814999999999995e-08	7.087499999999979e-09	2.624999999999992e-10	1.124999999999997e-10	-3.749999999999989e-11
2.812499999999992e-09	3.074999999999991e-09	3.29999999999999e-09	6.67499999999998e-09	6.374999999999981e-09	5.137499999999985e-09	1.199999999999996e-09	1.499999999999996e-09	1.627499999999995e-08	1.867499999999994e-08	1.046249999999997e-08	1.027499999999997e-08	1.522499999999996e-08	4.874999999999986e-09	7.874999999999976e-10	1.912499999999994e-09	3.39749999999999e-08	2.748749999999992e-08	1.274999999999996e-09	3.44999999999999e-09	3.56249999999999e-09	2.549999999999993e-09	2.549999999999993e-09	2.699999999999992e-09	3.52499999999999e-09	1.499999999999996e-09	1.612499999999995e-09	2.024999999999994e-09	2.099999999999994e-09	4.462499999999987e-09	1.323749999999996e-08	2.422499999999993e-08	1.289999999999996e-08	3.104999999999991e-08	1.987499999999994e-09	3.56249999999999e-09	4.987499999999985e-09	1.612499999999995e-09	5.249999999999985e-10	7.874999999999976e-10	1.124999999999997e-09	1.949999999999994e-09	5.512499999999984e-09	1.949999999999994e-09	3.26249999999999e-09	7.087499999999979e-09	7.10999999999998e-08	8.174999999999976e-09	8.624999999999975e-10	1.049999999999997e-09	1.162499999999997e-09	1.357499999999996e-08	2.414999999999993e-08	2.321249999999993e-08	1.034999999999997e-08	7.762499999999978e-09	1.124999999999997e-08	1.004999999999997e-08	7.499999999999978e-09	1.012499999999997e-08	7.837499999999977e-09	9.224999999999973e-09	1.076249999999997e-08	5.587499999999984e-09	1.042499999999997e-08	9.449999999999972e-09	8.549999999999976e-09	7.874999999999976e-09	9.937499999999971e-09	1.012499999999997e-09	-3.749999999999989e-11	-3.749999999999989e-11	2.999999999999991e-10	2.249999999999993e-09	4.012499999999988e-09	1.574999999999995e-09	4.874999999999986e-10	3.749999999999989e-11	5.624999999999983e-09	6.74249999999998e-08	7.274999999999978e-09	2.662499999999992e-09	2.999999999999991e-10	0	-3.749999999999989e-11	0	9.374999999999972e-10	1.124999999999997e-10	7.499999999999978e-11	4.874999999999986e-10	1.499999999999996e-10	7.499999999999978e-11	1.124999999999997e-10	7.087499999999979e-09	5.999999999999982e-10	5.699999999999983e-09	1.409999999999996e-08	4.912499999999985e-09	4.124999999999988e-10	1.874999999999994e-09	6.712499999999981e-09	4.649999999999986e-09	5.212499999999985e-09	2.197499999999994e-08	5.606249999999984e-08	2.309999999999993e-08	1.661249999999995e-08	1.544999999999995e-08	0	1.499999999999996e-10	3.749999999999989e-10	1.274999999999996e-09	4.874999999999986e-10	1.874999999999995e-10	3.037499999999991e-09	3.787499999999989e-09	1.499999999999996e-10	1.124999999999997e-10	7.499999999999978e-10	7.349999999999978e-09	5.774999999999983e-09	5.549999999999984e-09	1.124999999999997e-10	4.499999999999987e-10	2.999999999999991e-10	3.37499999999999e-10	2.624999999999992e-10	-3.749999999999989e-11
1.424999999999996e-09	1.312499999999996e-09	3.52499999999999e-09	1.987499999999994e-09	3.41999999999999e-08	1.124999999999997e-10	3.749999999999989e-10	2.962499999999991e-09	3.112499999999991e-09	3.44999999999999e-09	2.887499999999992e-09	8.174999999999976e-09	4.874999999999986e-09	1.312499999999996e-08	1.852499999999995e-08	2.587499999999993e-09	1.856249999999995e-08	9.412499999999973e-09	2.399999999999993e-09	3.824999999999989e-09	8.137499999999976e-09	5.737499999999984e-09	7.387499999999978e-09	1.649999999999995e-09	2.437499999999993e-09	3.899999999999989e-09	1.762499999999995e-09	1.387499999999996e-09	7.124999999999979e-10	2.999999999999991e-10	1.349999999999996e-08	5.894999999999983e-08	2.579999999999992e-08	4.424999999999987e-09	7.499999999999978e-11	1.649999999999995e-09	4.124999999999988e-09	2.437499999999993e-09	2.437499999999993e-09	4.012499999999988e-09	1.552499999999996e-08	3.35999999999999e-08	1.424999999999996e-08	8.924999999999974e-09	3.44999999999999e-09	6.374999999999982e-10	1.646249999999995e-08	1.274999999999996e-09	2.249999999999993e-10	6.74999999999998e-10	1.837499999999995e-09	1.912499999999994e-09	4.586249999999987e-08	1.042499999999997e-08	8.924999999999974e-09	1.106249999999997e-08	5.887499999999982e-09	1.143749999999997e-08	7.837499999999977e-09	7.724999999999977e-09	9.712499999999972e-09	8.137499999999976e-09	8.287499999999976e-09	3.33749999999999e-09	5.999999999999983e-09	5.924999999999983e-09	4.049999999999988e-09	1.106249999999997e-08	1.188749999999996e-08	3.899999999999989e-09	6.599999999999981e-09	1.529999999999996e-08	6.562499999999981e-09	3.599999999999989e-09	1.312499999999996e-09	1.499999999999996e-10	7.499999999999978e-11	7.124999999999979e-10	2.066249999999994e-08	3.956249999999988e-08	7.274999999999978e-09	3.52499999999999e-09	1.034999999999997e-08	1.799999999999995e-09	2.024999999999994e-09	7.124999999999979e-10	1.087499999999997e-09	1.462499999999996e-09	1.837499999999995e-09	1.012499999999997e-09	-3.749999999999989e-11	3.749999999999989e-11	3.749999999999989e-11	1.124999999999997e-10	1.874999999999995e-10	3.37499999999999e-10	3.749999999999989e-10	1.724999999999995e-09	1.499999999999996e-10	7.499999999999978e-11	2.624999999999992e-10	8.099999999999977e-09	8.624999999999975e-09	4.424999999999987e-09	2.744999999999992e-08	3.573749999999989e-08	2.332499999999993e-08	5.684999999999983e-08	1.499999999999996e-10	0	2.999999999999991e-10	3.112499999999991e-09	1.087499999999997e-09	1.874999999999994e-09	9.749999999999972e-10	4.499999999999987e-10	0	2.212499999999993e-09	2.324999999999993e-09	9.97499999999997e-09	1.188749999999996e-08	1.912499999999994e-09	7.124999999999979e-10	-3.749999999999989e-11	1.312499999999996e-09	6.86249999999998e-09	3.637499999999989e-09	1.499999999999996e-10
9.749999999999972e-10	2.887499999999992e-09	1.248749999999996e-08	2.373749999999993e-08	1.649999999999995e-09	1.762499999999995e-09	1.912499999999994e-09	8.624999999999975e-10	5.999999999999982e-10	1.162499999999997e-09	1.087499999999997e-09	8.624999999999975e-10	2.999999999999991e-09	6.149999999999982e-09	4.799999999999986e-09	3.599999999999989e-09	1.398749999999996e-08	1.537499999999995e-08	1.946249999999994e-08	2.013749999999994e-08	3.35999999999999e-08	5.924999999999983e-09	1.499999999999996e-10	6.74999999999998e-10	1.612499999999995e-09	3.637499999999989e-09	3.749999999999989e-09	8.212499999999975e-09	7.799999999999977e-09	1.563749999999995e-08	3.809999999999989e-08	6.89999999999998e-09	1.184999999999997e-08	6.74999999999998e-09	3.37499999999999e-10	3.749999999999989e-10	5.249999999999985e-10	5.624999999999983e-09	3.38999999999999e-08	1.049999999999997e-08	8.812499999999974e-09	8.512499999999974e-09	8.624999999999975e-09	8.887499999999975e-09	1.874999999999995e-10	3.749999999999989e-10	2.624999999999992e-10	0	7.499999999999978e-11	1.499999999999996e-10	1.762499999999995e-09	5.549999999999984e-09	5.399999999999984e-09	5.557499999999983e-08	1.353749999999996e-08	1.552499999999996e-08	8.737499999999975e-09	3.749999999999989e-09	6.82499999999998e-09	3.52499999999999e-09	1.994999999999994e-08	4.199999999999988e-09	2.062499999999994e-09	5.774999999999983e-09	4.537499999999987e-09	3.37499999999999e-10	1.462499999999996e-09	9.899999999999971e-09	1.342499999999996e-08	1.199999999999997e-08	6.149999999999982e-09	4.537499999999987e-09	2.744999999999992e-08	1.342499999999996e-08	2.774999999999992e-09	3.749999999999989e-11	-3.749999999999989e-11	-3.749999999999989e-11	6.187499999999982e-09	3.686249999999989e-08	6.637499999999981e-09	1.451249999999996e-08	6.712499999999981e-09	2.549999999999993e-09	1.916249999999994e-08	4.574999999999986e-09	9.374999999999972e-10	7.499999999999978e-11	1.124999999999997e-09	1.874999999999995e-10	3.749999999999989e-11	7.499999999999978e-11	-3.749999999999989e-11	1.874999999999995e-10	0	1.124999999999997e-10	3.37499999999999e-10	1.237499999999996e-09	1.124999999999997e-10	1.124999999999997e-10	0	1.387499999999996e-09	7.912499999999977e-09	5.924999999999983e-09	1.931249999999994e-08	2.381249999999993e-08	2.969999999999991e-08	2.778749999999992e-08	3.61499999999999e-08	8.624999999999975e-10	0	2.999999999999991e-10	2.999999999999991e-10	3.749999999999989e-11	0	7.874999999999976e-10	3.749999999999989e-11	3.37499999999999e-10	1.387499999999996e-09	3.037499999999991e-09	4.012499999999988e-09	2.099999999999994e-09	3.749999999999989e-11	3.749999999999989e-11	1.499999999999996e-10	8.249999999999976e-10	7.124999999999979e-10	1.874999999999995e-10
9.524999999999973e-09	1.949999999999994e-09	1.421249999999996e-08	1.991249999999994e-08	9.824999999999971e-09	1.451249999999996e-08	6.299999999999981e-09	1.668749999999995e-08	2.062499999999994e-09	4.124999999999988e-10	4.499999999999987e-10	1.012499999999997e-09	4.987499999999985e-09	1.454999999999996e-08	8.924999999999974e-09	5.062499999999985e-09	4.451249999999987e-08	1.184999999999997e-08	1.327499999999996e-08	7.574999999999978e-09	4.049999999999988e-09	1.256249999999996e-08	0	8.999999999999973e-10	2.512499999999993e-09	6.449999999999981e-09	2.246249999999993e-08	5.849999999999983e-09	9.749999999999972e-09	2.219999999999993e-08	7.912499999999977e-09	1.008749999999997e-08	6.374999999999981e-09	9.224999999999973e-09	1.724999999999995e-09	1.312499999999996e-09	2.174999999999993e-09	5.249999999999985e-10	1.912499999999994e-09	6.74999999999998e-09	6.037499999999982e-09	8.924999999999974e-09	1.169999999999997e-08	3.33374999999999e-08	9.224999999999973e-09	5.512499999999984e-09	6.374999999999982e-10	5.249999999999985e-10	1.387499999999996e-09	1.612499999999995e-09	4.087499999999988e-09	5.411249999999984e-08	6.74999999999998e-09	2.362499999999993e-09	4.312499999999987e-09	5.587499999999984e-09	2.872499999999991e-08	8.249999999999976e-09	1.068749999999997e-08	8.849999999999973e-09	8.774999999999974e-09	8.962499999999974e-09	4.574999999999986e-09	5.624999999999983e-10	1.762499999999995e-09	3.37499999999999e-10	7.462499999999978e-09	2.444999999999993e-08	6.299999999999981e-09	1.042499999999997e-08	1.747499999999995e-08	1.443749999999996e-08	3.33749999999999e-09	3.749999999999989e-09	2.549999999999993e-09	8.249999999999976e-10	-3.749999999999989e-11	1.424999999999996e-09	2.227499999999993e-08	2.362499999999993e-08	1.593749999999995e-08	5.999999999999982e-10	4.499999999999987e-09	5.512499999999984e-09	1.364999999999996e-08	2.519999999999992e-08	6.74999999999998e-10	6.374999999999982e-10	2.212499999999993e-09	2.962499999999991e-09	2.774999999999992e-09	3.37499999999999e-10	1.124999999999997e-10	3.749999999999989e-10	1.724999999999995e-09	2.999999999999991e-10	1.087499999999997e-09	1.499999999999996e-10	4.874999999999986e-10	2.437499999999993e-09	1.256249999999996e-08	1.499999999999996e-08	9.299999999999972e-09	9.899999999999971e-09	1.361249999999996e-08	1.664999999999995e-08	2.879999999999991e-08	2.032499999999994e-08	1.458749999999996e-08	1.278749999999996e-08	2.624999999999992e-10	2.287499999999993e-09	4.237499999999987e-09	4.462499999999987e-09	4.462499999999987e-09	1.462499999999996e-09	2.999999999999991e-10	1.874999999999995e-10	1.874999999999995e-10	2.174999999999993e-09	2.137499999999994e-09	1.424999999999996e-09	2.924999999999991e-09	6.74999999999998e-10	1.499999999999996e-10	5.624999999999983e-10	2.999999999999991e-10	3.749999999999989e-11
9.674999999999971e-09	5.699999999999983e-09	1.023749999999997e-08	1.064999999999997e-08	7.237499999999979e-09	6.524999999999981e-09	8.212499999999975e-09	1.001249999999997e-08	1.987499999999994e-09	1.203749999999996e-08	1.169999999999997e-08	8.624999999999975e-09	7.537499999999977e-09	2.437499999999993e-09	2.737499999999992e-09	1.537499999999996e-09	2.002499999999994e-08	4.799999999999986e-09	2.051249999999994e-08	7.874999999999976e-09	6.86249999999998e-09	8.887499999999975e-09	1.874999999999995e-10	4.499999999999987e-10	1.349999999999996e-09	2.024999999999994e-09	2.024999999999994e-08	3.937499999999988e-09	6.599999999999981e-09	2.673749999999992e-08	5.549999999999984e-09	1.061249999999997e-08	9.937499999999971e-09	6.449999999999981e-09	4.499999999999987e-09	6.374999999999982e-10	6.374999999999982e-10	4.499999999999987e-10	1.124999999999997e-09	1.724999999999995e-09	3.29624999999999e-08	2.594999999999992e-08	9.487499999999972e-09	6.74999999999998e-10	3.749999999999989e-10	1.124999999999997e-10	-3.749999999999989e-11	1.274999999999996e-09	1.687499999999995e-09	9.749999999999972e-10	3.761249999999989e-08	2.024999999999994e-09	6.82499999999998e-09	5.812499999999983e-09	1.061249999999997e-08	3.247499999999991e-08	8.437499999999975e-09	1.421249999999996e-08	4.012499999999988e-09	1.361249999999996e-08	7.912499999999977e-09	3.074999999999991e-09	9.224999999999973e-09	2.587499999999993e-09	3.637499999999989e-09	1.612499999999995e-09	8.999999999999973e-10	5.549999999999984e-09	4.349999999999987e-09	1.068749999999997e-08	3.168749999999991e-08	1.274999999999996e-09	2.999999999999991e-10	2.699999999999992e-09	6.74999999999998e-10	2.249999999999993e-10	-3.749999999999989e-11	0	7.837499999999977e-09	1.121249999999997e-08	6.037499999999982e-09	2.362499999999993e-09	6.262499999999982e-09	2.114999999999994e-08	8.512499999999974e-09	3.749999999999989e-10	1.499999999999996e-10	1.124999999999997e-09	1.237499999999996e-09	1.462499999999996e-09	5.137499999999985e-09	3.37499999999999e-09	2.249999999999993e-10	3.749999999999989e-11	1.499999999999996e-10	7.499999999999978e-11	2.999999999999991e-10	4.499999999999987e-10	3.37499999999999e-09	1.769999999999995e-08	1.563749999999995e-08	2.073749999999994e-08	2.411249999999993e-08	7.237499999999979e-09	1.762499999999995e-09	1.372499999999996e-08	2.009999999999994e-08	1.398749999999996e-08	1.679999999999995e-08	1.248749999999996e-08	1.312499999999996e-09	3.33749999999999e-09	5.474999999999984e-09	4.987499999999985e-09	8.999999999999973e-10	1.537499999999996e-09	1.499999999999996e-10	1.124999999999997e-10	1.987499999999994e-09	9.224999999999973e-09	1.383749999999996e-08	1.788749999999995e-08	6.037499999999982e-09	2.474999999999993e-09	7.499999999999978e-11	7.499999999999978e-11	4.499999999999987e-10	-3.749999999999989e-11
6.74999999999998e-09	4.949999999999986e-09	5.212499999999985e-09	1.713749999999995e-08	1.076249999999997e-08	5.737499999999984e-09	7.237499999999979e-09	1.109999999999997e-08	1.724999999999995e-09	2.774999999999992e-09	8.512499999999974e-09	2.099999999999994e-08	4.424999999999987e-09	1.687499999999995e-09	2.249999999999993e-10	1.349999999999996e-09	3.899999999999989e-09	2.249999999999993e-09	1.462499999999996e-09	1.169999999999997e-08	4.312499999999987e-08	9.97499999999997e-09	6.412499999999981e-09	2.249999999999993e-10	1.499999999999996e-10	6.74999999999998e-10	9.899999999999971e-09	3.479999999999989e-08	3.41249999999999e-09	3.22499999999999e-09	1.751249999999995e-08	2.137499999999994e-09	1.349999999999996e-09	2.962499999999991e-09	1.274999999999996e-09	1.799999999999995e-09	1.409999999999996e-08	3.43124999999999e-08	7.237499999999979e-09	3.862499999999988e-09	7.199999999999978e-09	1.462499999999996e-08	1.008749999999997e-08	6.299999999999981e-09	1.124999999999997e-10	0	0	5.624999999999983e-10	6.374999999999982e-10	1.874999999999994e-09	1.274999999999996e-09	1.162499999999997e-08	4.327499999999987e-08	2.081249999999994e-08	2.249999999999993e-10	2.624999999999992e-10	0	1.124999999999997e-10	1.717499999999995e-08	1.436249999999996e-08	2.339999999999993e-08	2.812499999999992e-09	3.749999999999989e-10	1.049999999999997e-09	2.999999999999991e-09	9.749999999999972e-10	1.199999999999996e-09	8.062499999999977e-09	9.562499999999972e-09	8.737499999999975e-09	3.566249999999989e-08	9.037499999999974e-09	3.749999999999989e-10	7.499999999999978e-11	0	5.624999999999983e-10	1.199999999999996e-09	8.999999999999973e-10	5.399999999999984e-09	1.376249999999996e-08	3.592499999999989e-08	1.166249999999997e-08	9.337499999999972e-09	3.674999999999989e-09	5.249999999999985e-10	7.874999999999976e-10	6.374999999999982e-10	5.999999999999982e-10	4.124999999999988e-10	3.44999999999999e-09	2.924999999999991e-09	1.687499999999995e-09	3.749999999999989e-11	0	5.249999999999985e-10	3.37499999999999e-10	3.749999999999989e-11	2.624999999999992e-10	2.662499999999992e-09	2.276249999999993e-08	6.911249999999979e-08	3.31499999999999e-08	3.674999999999989e-09	1.424999999999996e-09	1.874999999999995e-10	2.137499999999994e-09	9.674999999999971e-09	1.297499999999996e-08	1.304999999999996e-08	5.587499999999984e-09	2.999999999999991e-10	8.249999999999976e-10	1.537499999999996e-09	2.137499999999994e-09	4.124999999999988e-10	2.924999999999991e-09	4.612499999999987e-09	1.987499999999994e-09	1.874999999999995e-10	1.387499999999996e-09	6.599999999999981e-09	6.187499999999982e-09	3.37499999999999e-09	1.874999999999995e-10	1.874999999999995e-10	1.499999999999996e-10	2.999999999999991e-10	-3.749999999999989e-11
3.637499999999989e-09	6.224999999999982e-09	1.454999999999996e-08	1.514999999999996e-08	9.299999999999972e-09	2.924999999999991e-09	4.237499999999987e-09	1.848749999999995e-08	1.151249999999997e-08	5.662499999999984e-09	7.949999999999977e-09	1.762499999999995e-09	2.174999999999993e-09	1.087499999999997e-09	1.649999999999995e-09	4.237499999999987e-09	2.774999999999992e-09	3.37499999999999e-09	9.599999999999972e-09	2.999999999999991e-09	3.749999999999989e-10	1.162499999999997e-09	5.924999999999983e-09	1.046249999999997e-08	3.899999999999989e-09	1.012499999999997e-09	1.049999999999997e-09	5.287499999999984e-09	2.193749999999993e-08	1.679999999999995e-08	1.278749999999996e-08	6.89999999999998e-09	1.188749999999996e-08	2.561249999999993e-08	4.267499999999988e-08	1.008749999999997e-08	4.162499999999988e-09	1.394999999999996e-08	6.299999999999981e-09	7.237499999999979e-09	2.212499999999993e-09	2.178749999999994e-08	7.874999999999976e-10	3.37499999999999e-10	7.499999999999978e-11	-3.749999999999989e-11	-3.749999999999989e-11	-3.749999999999989e-11	1.274999999999996e-09	1.162499999999997e-09	7.462499999999978e-09	3.56249999999999e-08	4.049999999999988e-08	6.299999999999981e-09	9.374999999999972e-10	3.749999999999989e-11	5.249999999999985e-10	1.199999999999996e-09	5.549999999999984e-09	9.487499999999972e-09	2.159999999999994e-08	5.249999999999985e-10	3.22499999999999e-09	7.874999999999976e-10	2.512499999999993e-09	2.212499999999993e-09	4.124999999999988e-10	2.399999999999993e-09	1.462499999999996e-09	2.099999999999994e-09	1.687499999999995e-09	9.374999999999972e-10	3.974999999999988e-09	1.537499999999996e-09	3.33749999999999e-09	2.137499999999994e-09	1.541249999999995e-08	1.537499999999995e-08	1.466249999999996e-08	2.032499999999994e-08	1.736249999999995e-08	5.437499999999984e-09	3.824999999999989e-09	6.374999999999982e-10	5.249999999999985e-10	1.649999999999995e-09	1.724999999999995e-09	7.124999999999979e-10	5.999999999999982e-10	4.874999999999986e-10	2.549999999999993e-09	5.999999999999983e-09	6.67499999999998e-09	5.174999999999985e-09	5.587499999999984e-09	7.612499999999978e-09	1.799999999999995e-09	5.399999999999984e-09	7.124999999999979e-10	4.874999999999986e-10	8.624999999999975e-09	1.256249999999996e-08	8.887499999999975e-09	2.624999999999992e-10	2.999999999999991e-10	1.274999999999996e-09	4.799999999999986e-09	1.319999999999996e-08	1.679999999999995e-08	2.099999999999994e-09	1.162499999999997e-09	7.124999999999979e-09	9.599999999999972e-09	8.962499999999974e-09	1.154999999999997e-08	1.226249999999996e-08	1.214999999999996e-08	6.187499999999982e-09	4.124999999999988e-10	6.374999999999982e-10	1.312499999999996e-09	4.912499999999985e-09	5.624999999999983e-10	2.624999999999992e-10	1.124999999999997e-10	-3.749999999999989e-11	2.249999999999993e-10	0
3.48749999999999e-09	4.162499999999988e-09	8.849999999999973e-09	1.897499999999994e-08	7.162499999999979e-09	8.887499999999975e-09	7.612499999999978e-09	5.624999999999983e-09	1.192499999999996e-08	1.124999999999997e-08	8.437499999999975e-09	6.449999999999981e-09	2.099999999999994e-09	2.624999999999992e-10	1.237499999999996e-09	2.306249999999993e-08	1.124999999999997e-09	1.762499999999995e-09	4.124999999999988e-09	2.662499999999992e-09	3.749999999999989e-11	9.749999999999972e-10	9.224999999999973e-09	1.912499999999994e-09	5.324999999999984e-09	8.512499999999974e-09	6.037499999999982e-09	4.162499999999988e-09	2.362499999999993e-09	1.102499999999997e-08	2.441249999999993e-08	2.024999999999994e-08	3.40874999999999e-08	1.417499999999996e-08	7.612499999999978e-09	7.387499999999978e-09	4.799999999999986e-09	2.624999999999992e-10	1.987499999999994e-09	7.462499999999978e-09	5.624999999999983e-10	2.774999999999992e-09	2.099999999999994e-09	2.624999999999992e-09	1.049999999999997e-09	4.499999999999987e-10	2.399999999999993e-09	9.749999999999972e-10	4.499999999999987e-10	9.374999999999972e-10	2.489999999999993e-08	7.053749999999979e-08	1.128749999999997e-08	6.637499999999981e-09	9.97499999999997e-09	7.199999999999978e-09	8.474999999999975e-09	2.174999999999993e-09	1.034999999999997e-08	1.447499999999996e-08	1.949999999999994e-09	1.499999999999996e-10	3.749999999999989e-10	6.74999999999998e-10	1.537499999999995e-08	3.266249999999991e-08	1.124999999999997e-10	7.499999999999978e-11	4.499999999999987e-10	3.37499999999999e-10	1.424999999999996e-09	7.124999999999979e-10	2.152499999999994e-08	3.40874999999999e-08	8.024999999999976e-09	3.712499999999989e-09	7.499999999999978e-11	7.124999999999979e-10	6.86249999999998e-09	4.312499999999987e-09	2.774999999999992e-09	8.774999999999974e-09	1.162499999999997e-09	7.499999999999978e-11	0	7.499999999999978e-11	2.249999999999993e-10	1.124999999999997e-10	3.749999999999989e-11	3.749999999999989e-11	2.249999999999993e-10	8.662499999999974e-09	4.687499999999987e-09	6.67499999999998e-09	8.662499999999974e-09	2.988749999999991e-08	3.037499999999991e-09	5.999999999999982e-10	0	3.37499999999999e-10	3.41249999999999e-09	3.749999999999989e-10	-3.749999999999989e-11	3.749999999999989e-11	2.999999999999991e-10	2.624999999999992e-10	1.162499999999997e-09	1.649999999999995e-09	3.824999999999989e-09	1.499999999999996e-10	4.124999999999988e-10	1.124999999999997e-10	4.124999999999988e-10	1.008749999999997e-08	3.44624999999999e-08	4.417499999999987e-08	8.174999999999976e-09	2.812499999999992e-09	1.499999999999996e-10	1.612499999999995e-09	7.499999999999978e-10	9.749999999999972e-10	1.912499999999994e-09	3.749999999999989e-11	3.749999999999989e-11	3.749999999999989e-11	3.37499999999999e-10	3.749999999999989e-11
1.574999999999995e-09	8.699999999999974e-09	1.507499999999995e-08	7.912499999999977e-09	5.212499999999985e-09	5.774999999999983e-09	1.049999999999997e-09	7.537499999999977e-09	1.316249999999996e-08	2.673749999999992e-08	2.999999999999991e-09	1.799999999999995e-09	5.624999999999983e-10	4.349999999999987e-09	2.362499999999993e-08	2.999999999999991e-09	3.48749999999999e-09	8.399999999999976e-09	9.224999999999973e-09	7.537499999999977e-09	8.137499999999976e-09	8.137499999999976e-09	1.023749999999997e-08	2.313749999999993e-08	3.074999999999991e-09	7.837499999999977e-09	5.999999999999983e-09	3.37499999999999e-10	1.019999999999997e-08	2.943749999999991e-08	7.612499999999978e-09	1.038749999999997e-08	8.024999999999976e-09	8.512499999999974e-09	5.099999999999985e-09	9.449999999999972e-09	1.049999999999997e-09	3.599999999999989e-09	2.512499999999993e-09	2.324999999999993e-09	2.137499999999994e-09	7.499999999999978e-11	1.777499999999995e-08	1.541249999999995e-08	1.267499999999996e-08	2.377499999999993e-08	4.124999999999988e-09	1.499999999999996e-10	1.612499999999995e-09	2.362499999999993e-09	3.14999999999999e-08	1.244999999999996e-08	1.271249999999996e-08	6.67499999999998e-09	8.999999999999973e-09	1.113749999999997e-08	7.04999999999998e-09	1.012499999999997e-09	1.646249999999995e-08	8.774999999999974e-09	5.249999999999985e-10	1.106249999999997e-08	1.136249999999997e-08	2.249999999999993e-10	2.249999999999993e-10	7.499999999999978e-11	1.162499999999997e-09	1.421249999999996e-08	5.999999999999983e-09	1.428749999999996e-08	4.574999999999986e-09	1.312499999999996e-09	3.749999999999989e-11	1.687499999999995e-09	7.499999999999978e-11	1.874999999999995e-10	4.874999999999986e-10	2.624999999999992e-09	6.487499999999981e-09	9.787499999999971e-09	1.038749999999997e-08	6.374999999999981e-09	7.424999999999978e-09	2.662499999999992e-09	3.44999999999999e-09	3.52499999999999e-09	8.137499999999976e-09	1.421249999999996e-08	2.283749999999993e-08	1.462499999999996e-09	-3.749999999999989e-11	1.874999999999995e-10	3.974999999999988e-09	1.788749999999995e-08	1.181249999999997e-08	1.484999999999996e-08	1.094999999999997e-08	9.374999999999973e-09	1.912499999999994e-09	1.949999999999994e-09	1.012499999999997e-08	1.762499999999995e-09	1.387499999999996e-09	9.374999999999972e-10	2.624999999999992e-10	1.499999999999996e-10	3.749999999999989e-11	3.749999999999989e-11	0	1.124999999999997e-10	1.612499999999995e-09	3.749999999999989e-10	0	9.674999999999971e-09	3.56249999999999e-08	1.357499999999996e-08	9.374999999999972e-10	0	1.124999999999997e-10	2.849999999999992e-09	2.474999999999993e-09	4.499999999999987e-10	5.999999999999982e-10	2.812499999999992e-09	1.949999999999994e-09	3.37499999999999e-10	3.37499999999999e-10	4.499999999999987e-10
3.44999999999999e-09	2.062499999999994e-09	1.934999999999994e-08	4.274999999999988e-09	8.699999999999974e-09	6.86249999999998e-09	9.299999999999972e-09	1.199999999999996e-09	1.087499999999997e-09	2.737499999999992e-09	3.074999999999991e-09	2.737499999999992e-09	7.499999999999978e-10	4.124999999999988e-09	5.639999999999984e-08	2.399999999999993e-09	1.012499999999997e-09	3.22499999999999e-09	4.012499999999988e-09	1.124999999999997e-08	1.451249999999996e-08	1.338749999999996e-08	1.957499999999994e-08	6.487499999999981e-09	1.574999999999995e-09	3.974999999999988e-09	2.474999999999993e-09	2.249999999999993e-10	1.387499999999996e-09	3.858749999999989e-08	8.962499999999974e-09	1.244999999999996e-08	1.083749999999997e-08	7.462499999999978e-09	7.912499999999977e-09	1.687499999999995e-09	7.799999999999977e-09	2.512499999999993e-09	8.249999999999976e-10	2.474999999999993e-09	2.474999999999993e-09	3.33749999999999e-09	1.312499999999996e-09	9.449999999999972e-09	2.947499999999991e-08	2.872499999999991e-08	2.249999999999993e-10	7.499999999999978e-11	7.499999999999978e-11	-3.749999999999989e-11	1.833749999999994e-08	3.074999999999991e-08	1.057499999999997e-08	4.012499999999988e-09	7.349999999999978e-09	9.599999999999972e-09	1.567499999999995e-08	-3.749999999999989e-11	9.374999999999972e-10	1.938749999999994e-08	1.323749999999996e-08	2.024999999999994e-09	2.887499999999992e-09	1.934999999999994e-08	9.787499999999971e-09	1.949999999999994e-09	4.499999999999987e-10	3.074999999999991e-09	9.374999999999972e-10	1.053749999999997e-08	1.432499999999996e-08	1.124999999999997e-10	6.74999999999998e-10	2.624999999999992e-10	4.499999999999987e-10	1.237499999999996e-09	4.124999999999988e-10	1.987499999999994e-09	2.043749999999994e-08	5.062499999999985e-09	4.687499999999987e-09	1.987499999999994e-09	2.549999999999993e-09	3.749999999999989e-11	5.999999999999982e-10	6.374999999999982e-10	7.874999999999976e-10	2.662499999999992e-09	2.624999999999992e-09	1.499999999999996e-09	8.249999999999976e-10	9.374999999999972e-10	1.012499999999997e-09	4.124999999999988e-09	8.249999999999976e-09	1.398749999999996e-08	2.024999999999994e-08	1.578749999999996e-08	6.112499999999982e-09	3.749999999999989e-11	1.124999999999997e-10	0	6.149999999999982e-09	7.424999999999978e-09	5.999999999999982e-10	2.624999999999992e-10	7.499999999999978e-11	0	1.124999999999997e-10	6.374999999999982e-10	3.824999999999989e-09	2.437499999999993e-09	2.474999999999993e-09	3.749999999999989e-11	4.874999999999986e-10	2.924999999999991e-09	1.012499999999997e-09	-3.749999999999989e-11	-3.749999999999989e-11	2.249999999999993e-10	2.999999999999991e-10	2.249999999999993e-10	5.249999999999985e-10	2.362499999999993e-09	3.037499999999991e-09	2.249999999999993e-10	1.124999999999997e-10	3.37499999999999e-10
4.612499999999987e-09	5.587499999999984e-09	8.249999999999976e-10	2.624999999999992e-09	6.937499999999979e-09	5.849999999999983e-09	1.184999999999997e-08	2.317499999999993e-08	2.962499999999991e-09	2.137499999999994e-09	5.812499999999983e-09	5.624999999999983e-10	8.249999999999976e-10	1.124999999999997e-09	8.362499999999975e-09	1.863749999999994e-08	5.962499999999982e-09	6.67499999999998e-09	7.724999999999977e-09	1.379999999999996e-08	6.112499999999982e-09	4.312499999999987e-09	4.424999999999987e-09	3.637499999999989e-09	7.762499999999978e-09	2.921249999999991e-08	4.087499999999988e-09	1.124999999999997e-10	5.249999999999985e-10	1.724999999999995e-09	5.099999999999985e-08	2.876249999999991e-08	7.949999999999977e-09	1.121249999999997e-08	3.52499999999999e-09	1.649999999999995e-09	2.962499999999991e-09	3.26249999999999e-09	3.862499999999988e-09	1.349999999999996e-09	1.162499999999997e-09	4.874999999999986e-09	6.487499999999981e-09	1.687499999999995e-08	6.187499999999982e-09	4.499999999999987e-10	1.087499999999997e-09	3.41249999999999e-09	3.26249999999999e-09	2.249999999999993e-10	7.499999999999978e-10	3.074999999999991e-09	8.474999999999975e-09	9.224999999999973e-09	1.402499999999996e-08	7.346249999999979e-08	3.44999999999999e-09	1.436249999999996e-08	1.147499999999997e-08	1.121249999999997e-08	1.387499999999996e-09	6.74999999999998e-10	1.049999999999997e-09	1.424999999999996e-09	3.37499999999999e-10	1.874999999999995e-10	8.249999999999976e-10	7.124999999999979e-10	5.999999999999982e-10	1.424999999999996e-09	1.199999999999996e-09	2.062499999999994e-09	6.149999999999982e-09	6.337499999999981e-09	5.999999999999983e-09	3.674999999999989e-09	5.437499999999984e-09	6.374999999999982e-10	2.474999999999993e-09	1.589999999999995e-08	5.212499999999985e-09	5.849999999999983e-09	4.274999999999988e-09	4.874999999999986e-10	3.37499999999999e-10	4.874999999999986e-10	3.33749999999999e-09	1.293749999999996e-08	4.597499999999987e-08	1.379999999999996e-08	1.976249999999994e-08	1.237499999999996e-08	3.22499999999999e-09	3.749999999999989e-11	7.499999999999978e-10	1.874999999999994e-09	2.137499999999994e-09	1.237499999999996e-09	4.499999999999987e-10	1.499999999999996e-09	6.637499999999981e-09	3.599999999999989e-09	7.874999999999976e-10	1.237499999999996e-09	4.987499999999985e-09	9.374999999999972e-10	1.387499999999996e-09	8.362499999999975e-09	7.837499999999977e-09	1.331249999999996e-08	2.032499999999994e-08	1.676249999999995e-08	8.474999999999975e-09	4.237499999999987e-09	8.624999999999975e-10	3.149999999999991e-09	5.887499999999982e-09	4.312499999999987e-09	4.912499999999985e-09	1.499999999999996e-10	2.624999999999992e-10	5.249999999999985e-10	-3.749999999999989e-11	2.287499999999993e-09	6.412499999999981e-09	-3.749999999999989e-11	-3.749999999999989e-11	0
1.694999999999995e-08	7.124999999999979e-09	1.499999999999996e-10	1.012499999999997e-09	2.962499999999991e-09	1.762499999999995e-09	2.988749999999991e-08	6.337499999999981e-09	7.499999999999978e-10	1.612499999999995e-09	2.024999999999994e-09	4.087499999999988e-09	7.04999999999998e-09	2.624999999999992e-09	1.349999999999996e-09	1.312499999999996e-09	3.749999999999989e-10	5.212499999999985e-09	7.499999999999978e-10	2.437499999999993e-09	3.824999999999989e-09	3.074999999999991e-09	5.737499999999984e-09	4.312499999999987e-09	4.499999999999987e-10	1.237499999999996e-09	1.784999999999995e-08	2.051249999999994e-08	1.589999999999995e-08	2.549999999999993e-09	1.912499999999994e-09	4.124999999999988e-10	2.999999999999991e-10	3.112499999999991e-09	4.199999999999988e-09	2.249999999999993e-09	9.374999999999972e-10	1.574999999999995e-09	1.586249999999995e-08	6.044999999999982e-08	4.087499999999988e-09	2.212499999999993e-09	3.37499999999999e-10	5.362499999999984e-09	3.112499999999991e-09	1.274999999999996e-09	5.549999999999984e-09	1.034999999999997e-08	7.762499999999977e-08	0	6.374999999999982e-10	1.874999999999995e-08	2.219999999999993e-08	5.474999999999984e-09	4.987499999999985e-09	1.514999999999996e-08	1.649999999999995e-09	1.533749999999995e-08	1.503749999999996e-08	7.724999999999977e-09	-3.749999999999989e-11	2.249999999999993e-10	9.749999999999972e-10	5.624999999999983e-10	2.249999999999993e-10	5.849999999999983e-09	1.683749999999995e-08	2.891249999999992e-08	2.812499999999992e-09	5.999999999999982e-10	4.124999999999988e-10	8.249999999999976e-10	1.124999999999997e-09	9.749999999999972e-10	5.587499999999984e-09	9.074999999999974e-09	1.342499999999996e-08	2.962499999999991e-09	1.499999999999996e-10	1.199999999999996e-09	4.349999999999987e-09	1.199999999999996e-09	8.624999999999975e-10	6.74999999999998e-10	5.324999999999984e-09	2.887499999999992e-09	2.737499999999992e-09	4.312499999999987e-09	1.923749999999994e-08	2.418749999999993e-08	2.486249999999993e-08	4.949999999999986e-09	5.249999999999985e-10	2.999999999999991e-10	1.499999999999996e-10	1.124999999999997e-10	0	9.374999999999972e-10	2.249999999999993e-09	4.162499999999988e-09	3.149999999999991e-09	4.874999999999986e-10	4.124999999999988e-10	3.749999999999989e-10	1.499999999999996e-10	1.199999999999996e-09	1.012499999999997e-09	3.18749999999999e-09	4.649999999999986e-09	5.924999999999983e-09	2.549999999999993e-09	1.949999999999994e-09	7.162499999999979e-09	1.379999999999996e-08	4.312499999999987e-09	1.012499999999997e-09	1.548749999999996e-08	2.084999999999994e-08	2.253749999999993e-08	2.324999999999993e-08	1.109999999999997e-08	7.987499999999976e-09	2.999999999999991e-10	1.499999999999996e-10	-3.749999999999989e-11	-3.749999999999989e-11	3.749999999999989e-11	0
5.999999999999982e-10	2.662499999999992e-09	1.083749999999997e-08	1.447499999999996e-08	4.987499999999985e-09	1.087499999999997e-08	7.537499999999977e-09	8.249999999999976e-09	3.22499999999999e-09	3.749999999999989e-10	1.387499999999996e-09	1.004999999999997e-08	1.334999999999996e-08	3.27749999999999e-08	1.304999999999996e-08	1.687499999999995e-09	1.949999999999994e-09	3.749999999999989e-10	6.74999999999998e-10	1.687499999999995e-09	4.368749999999987e-08	6.712499999999981e-09	9.412499999999973e-09	2.924999999999991e-09	4.612499999999987e-09	2.159999999999994e-08	1.398749999999996e-08	8.174999999999976e-09	6.037499999999982e-09	3.637499999999989e-09	1.533749999999995e-08	7.124999999999979e-09	7.649999999999978e-09	3.749999999999989e-09	1.143749999999997e-08	1.413749999999996e-08	4.724999999999986e-09	1.548749999999996e-08	5.324999999999984e-09	5.174999999999985e-09	1.102499999999997e-08	1.649999999999995e-09	4.874999999999986e-10	1.724999999999995e-09	1.462499999999996e-09	7.124999999999979e-10	4.762499999999986e-09	4.139999999999988e-08	2.662499999999992e-09	2.399999999999993e-09	6.74999999999998e-10	7.949999999999977e-09	1.308749999999996e-08	2.887499999999992e-08	4.387499999999987e-09	3.749999999999989e-10	1.987499999999994e-09	2.966249999999991e-08	7.462499999999978e-09	2.024999999999994e-09	7.349999999999978e-09	8.512499999999974e-09	1.871249999999995e-08	8.062499999999977e-09	4.724999999999986e-09	6.224999999999982e-09	8.587499999999975e-09	7.687499999999977e-09	2.437499999999993e-09	1.124999999999997e-10	1.087499999999997e-09	1.124999999999997e-10	7.499999999999978e-11	1.537499999999996e-09	1.199999999999996e-09	7.499999999999978e-11	4.124999999999988e-10	4.537499999999987e-09	7.124999999999979e-10	1.424999999999996e-09	3.037499999999991e-09	1.424999999999996e-09	1.499999999999996e-09	3.37499999999999e-10	2.774999999999992e-09	3.48749999999999e-09	1.462499999999996e-09	9.262499999999973e-09	3.686249999999989e-08	6.97499999999998e-08	1.211249999999996e-08	1.424999999999996e-09	0	0	3.749999999999989e-11	5.999999999999982e-10	4.124999999999988e-10	1.874999999999995e-10	1.124999999999997e-09	4.462499999999987e-09	5.062499999999985e-09	2.062499999999994e-09	2.624999999999992e-10	2.624999999999992e-10	4.874999999999986e-10	3.37499999999999e-10	-3.749999999999989e-11	-3.749999999999989e-11	4.499999999999987e-10	1.762499999999995e-09	5.774999999999983e-09	5.474999999999984e-09	1.237499999999996e-09	7.574999999999978e-09	2.099999999999994e-09	2.362499999999993e-09	2.501249999999993e-08	8.249999999999976e-09	4.274999999999988e-09	1.578749999999996e-08	3.911249999999989e-08	4.837499999999985e-09	1.874999999999995e-10	-3.749999999999989e-11	-3.749999999999989e-11	7.499999999999978e-11	2.999999999999991e-10	1.874999999999995e-10
3.712499999999989e-09	3.33749999999999e-09	3.899999999999989e-09	1.792499999999995e-08	8.924999999999974e-09	2.512499999999993e-09	1.301249999999996e-08	2.047499999999994e-08	2.099999999999994e-09	1.237499999999996e-09	5.999999999999982e-10	1.724999999999995e-09	3.52499999999999e-09	6.224999999999982e-09	7.162499999999979e-09	7.312499999999979e-09	3.787499999999989e-09	4.162499999999988e-09	2.999999999999991e-09	1.612499999999995e-09	5.133749999999985e-08	1.331249999999996e-08	9.97499999999997e-09	1.154999999999997e-08	1.162499999999997e-08	7.762499999999978e-09	7.574999999999978e-09	6.82499999999998e-09	7.949999999999977e-09	1.289999999999996e-08	4.087499999999988e-09	1.188749999999996e-08	1.027499999999997e-08	2.737499999999992e-09	2.999999999999991e-10	4.874999999999986e-10	6.337499999999981e-09	3.24374999999999e-08	7.274999999999978e-09	4.499999999999987e-10	9.337499999999972e-09	1.312499999999996e-08	1.874999999999994e-09	3.824999999999989e-09	1.649999999999995e-09	7.874999999999976e-09	3.26249999999999e-09	3.44624999999999e-08	1.061249999999997e-08	7.124999999999979e-09	7.462499999999978e-09	1.687499999999995e-09	1.507499999999995e-08	3.26249999999999e-09	1.522499999999996e-08	1.012499999999997e-09	2.624999999999992e-10	1.462499999999996e-09	1.349999999999996e-08	1.098749999999997e-08	6.224999999999982e-09	1.856249999999995e-08	1.567499999999995e-08	8.024999999999976e-09	8.474999999999975e-09	8.249999999999976e-10	3.29999999999999e-09	3.037499999999991e-09	2.437499999999993e-09	1.499999999999996e-10	2.999999999999991e-10	7.874999999999976e-10	1.124999999999997e-10	2.249999999999993e-10	1.574999999999995e-09	3.712499999999989e-09	2.212499999999993e-09	2.549999999999993e-09	1.781249999999995e-08	6.74999999999998e-10	1.012499999999997e-09	1.762499999999995e-09	8.624999999999975e-10	4.387499999999987e-09	3.712499999999989e-09	4.724999999999986e-09	5.549999999999984e-09	7.012499999999979e-09	3.29999999999999e-09	1.814999999999995e-08	1.046249999999997e-08	2.699999999999992e-09	7.499999999999978e-11	1.499999999999996e-10	7.499999999999978e-11	2.999999999999991e-10	1.124999999999997e-10	2.249999999999993e-10	7.124999999999979e-10	2.212499999999993e-09	7.162499999999979e-09	4.462499999999987e-09	1.087499999999997e-09	3.749999999999989e-09	1.499999999999996e-09	4.874999999999986e-10	5.999999999999982e-10	9.749999999999972e-10	3.18749999999999e-09	2.272499999999993e-08	2.261249999999993e-08	1.454999999999996e-08	3.48749999999999e-09	7.574999999999978e-09	7.124999999999979e-10	5.249999999999985e-09	8.624999999999975e-10	1.499999999999996e-09	6.78749999999998e-09	2.531249999999993e-08	2.328749999999993e-08	8.437499999999975e-09	4.874999999999986e-10	3.749999999999989e-10	1.499999999999996e-10	5.249999999999985e-10	3.22499999999999e-09	8.962499999999974e-09
8.249999999999976e-10	6.074999999999982e-09	2.242499999999993e-08	6.037499999999982e-09	1.604999999999995e-08	1.353749999999996e-08	3.29999999999999e-09	9.374999999999973e-09	6.337499999999981e-09	2.062499999999994e-09	1.012499999999997e-09	2.962499999999991e-09	1.241249999999996e-08	3.014999999999991e-08	8.699999999999974e-09	6.037499999999982e-09	5.999999999999982e-10	1.162499999999997e-09	2.662499999999992e-09	8.249999999999976e-09	2.249999999999993e-09	2.324999999999993e-09	9.562499999999972e-09	4.522499999999986e-08	7.349999999999978e-09	1.061249999999997e-08	6.337499999999981e-09	8.137499999999976e-09	7.349999999999978e-09	4.837499999999985e-09	1.132499999999997e-08	1.263749999999996e-08	9.224999999999973e-09	9.862499999999972e-09	3.899999999999989e-09	1.293749999999996e-08	1.949999999999994e-09	5.399999999999984e-09	1.739999999999995e-08	7.124999999999979e-10	3.749999999999989e-11	1.499999999999996e-09	2.778749999999992e-08	1.511249999999995e-08	8.437499999999975e-09	7.537499999999977e-09	3.37499999999999e-09	1.511249999999995e-08	9.862499999999972e-09	7.574999999999978e-09	6.299999999999981e-09	4.124999999999988e-10	1.312499999999996e-09	1.912499999999994e-09	9.374999999999972e-10	9.749999999999972e-10	8.399999999999976e-09	9.374999999999973e-09	2.696249999999992e-08	2.118749999999994e-08	1.263749999999996e-08	9.599999999999972e-09	6.67499999999998e-09	1.241249999999996e-08	3.112499999999991e-09	1.049999999999997e-09	2.699999999999992e-09	3.674999999999989e-09	1.736249999999995e-08	1.398749999999996e-08	1.349999999999996e-09	1.837499999999995e-09	2.174999999999993e-09	4.124999999999988e-09	5.174999999999985e-09	6.299999999999981e-09	1.349999999999996e-09	0	3.749999999999989e-11	1.874999999999995e-10	1.874999999999995e-10	2.624999999999992e-10	9.374999999999972e-10	9.749999999999972e-10	3.787499999999989e-09	2.512499999999993e-09	2.287499999999993e-09	2.812499999999992e-09	1.008749999999997e-08	2.426249999999993e-08	1.113749999999997e-08	3.50999999999999e-08	3.712499999999989e-09	5.624999999999983e-10	1.874999999999995e-10	7.499999999999978e-11	8.624999999999975e-10	8.624999999999975e-10	7.499999999999978e-11	2.362499999999993e-09	1.016249999999997e-08	4.499999999999987e-09	5.624999999999983e-10	2.924999999999991e-09	5.999999999999982e-10	1.312499999999996e-09	2.999999999999991e-10	3.37499999999999e-10	2.999999999999991e-10	2.849999999999992e-09	9.824999999999971e-09	2.028749999999994e-08	3.749999999999989e-09	6.74999999999998e-10	3.37499999999999e-10	5.624999999999983e-10	6.74999999999998e-10	1.649999999999995e-09	8.474999999999975e-09	2.219999999999993e-08	5.133749999999985e-08	8.399999999999976e-09	1.987499999999994e-09	7.499999999999978e-11	1.087499999999997e-09	1.499999999999996e-10	1.049999999999997e-09	2.024999999999994e-09
1.128749999999997e-08	8.924999999999974e-09	9.599999999999972e-09	1.481249999999996e-08	1.064999999999997e-08	1.177499999999996e-08	9.487499999999972e-09	8.024999999999976e-09	7.312499999999979e-09	9.787499999999971e-09	1.571249999999995e-08	8.399999999999976e-09	1.079999999999997e-08	9.112499999999973e-09	1.064999999999997e-08	1.263749999999996e-08	8.249999999999976e-09	6.86249999999998e-09	1.147499999999997e-08	1.008749999999997e-08	9.937499999999971e-09	3.637499999999989e-09	1.342499999999996e-08	1.406249999999996e-08	1.188749999999996e-08	1.004999999999997e-08	6.937499999999979e-09	4.912499999999985e-09	4.574999999999986e-09	1.698749999999995e-08	1.417499999999996e-08	1.987499999999994e-08	9.937499999999971e-09	1.034999999999997e-08	1.008749999999997e-08	8.549999999999976e-09	9.937499999999971e-09	5.249999999999985e-10	6.374999999999982e-10	1.424999999999996e-09	4.499999999999987e-10	3.48749999999999e-09	3.42374999999999e-08	2.358749999999993e-08	1.361249999999996e-08	2.287499999999993e-09	1.912499999999994e-09	2.324999999999993e-08	1.053749999999997e-08	1.169999999999997e-08	4.162499999999988e-09	0	4.462499999999987e-09	1.646249999999995e-08	1.837499999999994e-08	6.299999999999981e-09	6.74999999999998e-10	1.912499999999994e-09	4.912499999999985e-09	2.654999999999992e-08	1.319999999999996e-08	1.027499999999997e-08	9.374999999999973e-09	5.287499999999984e-09	1.177499999999996e-08	7.612499999999978e-09	2.474999999999993e-09	0	3.37499999999999e-10	3.37499999999999e-10	5.699999999999983e-09	4.987499999999985e-09	7.162499999999979e-09	1.301249999999996e-08	1.166249999999997e-08	9.787499999999971e-09	2.999999999999991e-09	1.237499999999996e-09	1.049999999999997e-09	9.749999999999972e-10	1.349999999999996e-09	4.237499999999987e-09	5.137499999999985e-09	2.549999999999993e-09	4.574999999999986e-09	2.662499999999992e-09	1.499999999999996e-10	1.687499999999995e-09	1.799999999999995e-09	9.712499999999972e-09	2.988749999999991e-08	1.871249999999995e-08	1.829999999999995e-08	1.874999999999994e-09	1.799999999999995e-09	1.874999999999995e-10	3.749999999999989e-10	2.174999999999993e-09	2.624999999999992e-10	1.068749999999997e-08	3.37499999999999e-10	1.274999999999996e-09	4.012499999999988e-09	1.027499999999997e-08	1.012499999999997e-09	6.74999999999998e-10	2.024999999999994e-09	1.413749999999996e-08	3.62249999999999e-08	9.562499999999972e-09	2.313749999999993e-08	8.587499999999975e-09	8.924999999999974e-09	1.124999999999997e-09	3.937499999999988e-09	6.374999999999982e-10	2.549999999999993e-09	2.872499999999991e-08	2.321249999999993e-08	1.286249999999996e-08	5.512499999999984e-09	5.737499999999984e-09	1.537499999999996e-09	3.37499999999999e-10	2.249999999999993e-10	1.949999999999994e-09	2.812499999999992e-09	8.999999999999973e-10
8.737499999999975e-09	7.124999999999979e-09	2.024999999999994e-09	3.074999999999991e-09	9.862499999999972e-09	2.249999999999993e-09	1.139999999999997e-08	4.537499999999987e-09	3.937499999999988e-09	4.649999999999986e-09	5.062499999999985e-09	3.116249999999991e-08	4.724999999999986e-09	1.619999999999995e-08	5.549999999999984e-09	9.674999999999971e-09	6.524999999999981e-09	4.574999999999986e-09	2.831249999999992e-08	5.287499999999984e-09	2.249999999999993e-10	1.874999999999995e-10	1.162499999999997e-09	2.414999999999993e-08	1.357499999999996e-08	9.112499999999973e-09	1.379999999999996e-08	2.924999999999991e-09	1.664999999999995e-08	1.061249999999997e-08	8.062499999999977e-09	1.072499999999997e-08	8.362499999999975e-09	6.97499999999998e-09	8.437499999999975e-09	1.019999999999997e-08	7.012499999999979e-09	7.874999999999976e-10	2.624999999999992e-10	1.124999999999997e-10	1.124999999999997e-10	1.949999999999994e-09	2.032499999999994e-08	3.618749999999989e-08	1.109999999999997e-08	3.712499999999989e-09	2.999999999999991e-10	1.001249999999997e-08	2.118749999999994e-08	1.034999999999997e-08	1.124999999999997e-09	1.874999999999994e-09	1.383749999999996e-08	1.758749999999995e-08	1.098749999999997e-08	8.812499999999974e-09	4.012499999999988e-09	1.563749999999995e-08	3.824999999999989e-09	1.124999999999997e-10	7.349999999999978e-09	3.074999999999991e-09	2.174999999999994e-08	1.361249999999996e-08	3.824999999999989e-09	1.743749999999995e-08	2.962499999999991e-09	1.874999999999995e-10	6.74999999999998e-10	1.762499999999995e-09	7.499999999999978e-10	6.224999999999982e-09	3.037499999999991e-09	3.637499999999989e-09	1.638749999999995e-08	4.286249999999987e-08	4.312499999999987e-09	2.999999999999991e-10	5.624999999999983e-10	1.087499999999997e-09	1.499999999999996e-10	1.124999999999997e-10	7.499999999999978e-10	1.537499999999996e-09	1.762499999999995e-09	2.437499999999993e-09	5.999999999999982e-10	2.024999999999994e-09	7.237499999999979e-09	1.799999999999995e-08	1.889999999999994e-08	5.512499999999984e-09	6.337499999999981e-09	1.537499999999996e-09	5.362499999999984e-09	5.174999999999985e-09	4.724999999999986e-09	4.762499999999986e-09	6.487499999999981e-09	2.287499999999993e-09	5.249999999999985e-10	2.999999999999991e-10	1.874999999999995e-10	2.849999999999992e-09	3.637499999999989e-09	8.249999999999976e-10	1.649999999999995e-09	3.749999999999989e-09	1.087499999999997e-09	6.74999999999998e-10	1.319999999999996e-08	1.256249999999996e-08	4.987499999999985e-09	1.499999999999996e-10	2.249999999999993e-10	1.199999999999996e-09	2.812499999999992e-09	3.191249999999991e-08	1.874999999999995e-08	2.028749999999994e-08	1.694999999999995e-08	8.849999999999973e-09	8.249999999999976e-10	2.249999999999993e-10	3.37499999999999e-10	4.874999999999986e-10	5.999999999999982e-10	6.74999999999998e-10
4.349999999999987e-09	1.218749999999996e-08	7.649999999999978e-09	2.212499999999993e-09	1.537499999999996e-09	5.999999999999982e-10	2.399999999999993e-09	5.099999999999985e-09	1.312499999999996e-09	2.774999999999992e-09	3.074999999999991e-09	6.262499999999982e-09	1.646249999999995e-08	7.574999999999978e-09	5.549999999999984e-09	5.024999999999985e-09	1.274999999999996e-09	2.024999999999994e-09	3.862499999999988e-09	5.624999999999983e-09	7.087499999999979e-09	6.599999999999981e-09	1.091249999999997e-08	1.072499999999997e-08	4.612499999999987e-08	2.744999999999992e-08	2.474999999999993e-09	2.137499999999994e-08	7.649999999999978e-09	1.664999999999995e-08	8.887499999999975e-09	7.312499999999979e-09	9.337499999999972e-09	3.37499999999999e-09	4.912499999999985e-09	1.334999999999996e-08	2.324999999999993e-09	3.037499999999991e-09	1.199999999999996e-09	1.687499999999995e-09	2.099999999999994e-09	3.14999999999999e-08	1.709999999999995e-08	1.211249999999996e-08	5.024999999999985e-09	1.169999999999997e-08	3.33749999999999e-09	4.124999999999988e-10	2.692499999999992e-08	5.212499999999985e-09	6.89999999999998e-09	6.112499999999982e-09	1.537499999999996e-09	3.029999999999991e-08	8.962499999999974e-09	9.037499999999974e-09	1.237499999999996e-09	3.749999999999989e-11	9.749999999999972e-10	1.349999999999996e-09	1.462499999999996e-08	3.20999999999999e-08	1.334999999999996e-08	9.899999999999971e-09	5.699999999999983e-09	5.887499999999982e-09	6.112499999999982e-09	1.222499999999996e-08	9.337499999999972e-09	1.762499999999995e-09	2.212499999999993e-09	5.399999999999984e-09	7.799999999999977e-09	1.717499999999995e-08	9.97499999999997e-09	9.712499999999972e-09	2.212499999999993e-09	2.999999999999991e-10	1.574999999999995e-09	2.774999999999992e-09	3.749999999999989e-11	0	3.749999999999989e-11	1.199999999999996e-09	1.537499999999996e-09	1.582499999999995e-08	1.571249999999995e-08	1.724999999999995e-09	5.024999999999985e-09	2.163749999999993e-08	9.937499999999971e-09	3.18749999999999e-09	7.874999999999976e-10	1.627499999999995e-08	2.437499999999993e-08	2.602499999999992e-08	1.859999999999994e-08	1.252499999999996e-08	8.624999999999975e-10	1.687499999999995e-09	1.484999999999996e-08	4.274999999999988e-09	9.374999999999972e-10	8.624999999999975e-10	1.799999999999995e-09	6.374999999999981e-09	2.658749999999992e-08	1.293749999999996e-08	9.599999999999972e-09	1.874999999999995e-10	2.887499999999992e-09	1.282499999999996e-08	1.634999999999995e-08	2.137499999999994e-09	6.74999999999998e-10	1.173749999999997e-08	1.642499999999995e-08	9.524999999999973e-09	1.586249999999995e-08	1.357499999999996e-08	3.974999999999988e-09	3.749999999999989e-11	0	2.999999999999991e-10	1.124999999999997e-10	9.374999999999972e-10	7.499999999999978e-10	4.499999999999987e-10
1.511249999999995e-08	6.449999999999981e-09	2.924999999999991e-09	4.987499999999985e-09	5.437499999999984e-09	6.374999999999982e-10	2.999999999999991e-09	4.387499999999987e-09	7.499999999999978e-10	3.37499999999999e-10	1.162499999999997e-09	9.599999999999972e-09	1.334999999999996e-08	8.024999999999976e-09	3.22499999999999e-09	8.474999999999975e-09	5.099999999999985e-09	1.912499999999994e-09	3.37499999999999e-09	1.424999999999996e-09	6.284999999999981e-08	3.49124999999999e-08	8.624999999999975e-10	3.974999999999988e-09	6.037499999999982e-09	1.049999999999997e-09	1.124999999999997e-09	1.237499999999996e-09	6.78749999999998e-09	5.238749999999985e-08	9.562499999999972e-09	3.787499999999989e-09	1.136249999999997e-08	1.353749999999996e-08	7.012499999999979e-09	1.072499999999997e-08	7.237499999999979e-09	6.89999999999998e-09	5.624999999999983e-10	6.374999999999982e-10	3.599999999999989e-09	1.353749999999996e-08	4.012499999999988e-09	2.966249999999991e-08	8.174999999999976e-09	5.399999999999984e-09	4.274999999999988e-09	8.999999999999973e-10	2.024999999999994e-09	2.831249999999992e-08	1.252499999999996e-08	9.824999999999971e-09	1.012499999999997e-09	3.712499999999989e-09	1.833749999999994e-08	1.001249999999997e-08	5.324999999999984e-09	2.624999999999992e-10	1.049999999999997e-09	1.042499999999997e-08	2.328749999999993e-08	7.949999999999977e-09	1.214999999999996e-08	9.97499999999997e-09	8.924999999999974e-09	6.637499999999981e-09	5.549999999999984e-09	3.33749999999999e-09	2.512499999999993e-09	2.962499999999991e-09	7.124999999999979e-10	5.999999999999982e-10	2.171249999999994e-08	4.574999999999986e-09	6.97499999999998e-09	7.199999999999978e-09	9.824999999999971e-09	5.324999999999984e-09	1.499999999999996e-09	5.999999999999982e-10	3.749999999999989e-10	-3.749999999999989e-11	1.049999999999997e-09	1.799999999999995e-09	4.087499999999988e-09	1.537499999999996e-09	9.749999999999972e-10	1.762499999999995e-09	2.212499999999993e-09	1.143749999999997e-08	1.229999999999996e-08	1.274999999999996e-09	7.874999999999976e-10	6.374999999999982e-10	7.499999999999978e-11	5.999999999999982e-10	1.387499999999996e-09	3.56249999999999e-09	1.799999999999995e-09	1.387499999999996e-09	1.874999999999994e-09	1.537499999999996e-09	1.799999999999995e-09	1.837499999999995e-09	1.349999999999996e-09	1.297499999999996e-08	2.249999999999993e-09	2.699999999999992e-09	1.387499999999996e-09	8.024999999999976e-09	1.057499999999997e-08	8.624999999999975e-09	1.106249999999997e-08	3.037499999999991e-09	0	4.274999999999988e-09	1.338749999999996e-08	2.377499999999993e-08	2.276249999999993e-08	1.196249999999997e-08	4.424999999999987e-09	2.249999999999993e-10	2.699999999999992e-09	4.574999999999986e-09	6.412499999999981e-09	5.812499999999983e-09	5.249999999999985e-10	-3.749999999999989e-11
8.962499999999974e-09	7.874999999999976e-10	2.737499999999992e-09	2.516249999999993e-08	1.912499999999994e-09	3.22499999999999e-09	1.282499999999996e-08	8.362499999999975e-09	8.249999999999976e-10	6.599999999999981e-09	1.083749999999997e-08	1.387499999999996e-09	7.724999999999977e-09	3.824999999999989e-09	1.192499999999996e-08	8.249999999999976e-09	1.199999999999996e-09	4.499999999999987e-10	3.749999999999989e-10	1.499999999999996e-09	2.249999999999993e-09	8.249999999999976e-10	1.987499999999994e-09	8.999999999999973e-10	1.387499999999996e-09	6.74999999999998e-10	2.812499999999992e-09	2.846249999999991e-08	2.392499999999993e-08	6.037499999999982e-09	2.171249999999994e-08	1.799999999999995e-08	4.289999999999987e-08	7.687499999999977e-09	5.999999999999983e-09	5.624999999999983e-09	8.024999999999976e-09	1.856249999999995e-08	5.624999999999983e-09	1.353749999999996e-08	7.349999999999978e-09	9.112499999999973e-09	1.012499999999997e-09	1.113749999999997e-08	1.038749999999997e-08	6.224999999999982e-09	1.417499999999996e-08	4.124999999999988e-10	1.574999999999995e-09	3.974999999999988e-09	2.467499999999993e-08	3.52499999999999e-09	0	1.237499999999996e-09	2.272499999999993e-08	1.563749999999995e-08	6.82499999999998e-09	3.749999999999989e-10	9.224999999999973e-09	2.414999999999993e-08	7.312499999999979e-09	1.218749999999996e-08	2.249999999999993e-09	3.749999999999989e-10	2.088749999999994e-08	9.299999999999972e-09	1.034999999999997e-08	9.337499999999972e-09	4.012499999999988e-09	2.212499999999993e-09	4.387499999999987e-09	1.087499999999997e-09	1.406249999999996e-08	4.499999999999987e-10	5.624999999999983e-10	8.249999999999976e-10	1.499999999999996e-10	7.124999999999979e-10	7.762499999999978e-09	1.109999999999997e-08	2.624999999999992e-10	1.124999999999997e-10	7.499999999999978e-11	5.737499999999984e-09	4.049999999999988e-09	8.249999999999976e-10	2.399999999999993e-09	1.612499999999995e-08	1.038749999999997e-08	7.499999999999978e-10	1.124999999999997e-10	7.124999999999979e-10	2.512499999999993e-09	1.762499999999995e-09	1.274999999999996e-09	3.37499999999999e-10	7.499999999999978e-11	2.662499999999992e-09	9.374999999999972e-10	1.237499999999996e-09	1.312499999999996e-09	1.799999999999995e-09	6.637499999999981e-09	5.624999999999983e-10	2.924999999999991e-09	1.874999999999994e-09	2.774999999999992e-09	2.437499999999993e-09	1.012499999999997e-09	3.749999999999989e-09	8.324999999999975e-09	2.137499999999994e-08	1.631249999999995e-08	1.199999999999997e-08	2.437499999999993e-09	2.999999999999991e-10	8.999999999999973e-10	3.074999999999991e-09	6.524999999999981e-09	1.964999999999994e-08	9.524999999999973e-09	5.024999999999985e-09	1.357499999999996e-08	3.641249999999989e-08	5.201249999999984e-08	1.106249999999997e-08	1.687499999999995e-09	-3.749999999999989e-11
4.874999999999986e-09	9.749999999999972e-09	8.999999999999973e-10	1.169999999999997e-08	3.266249999999991e-08	1.049999999999997e-09	3.52499999999999e-09	1.987499999999994e-09	5.774999999999983e-09	2.152499999999994e-08	1.083749999999997e-08	3.49124999999999e-08	2.924999999999991e-09	1.679999999999995e-08	8.624999999999975e-10	1.166249999999997e-08	3.41249999999999e-09	5.474999999999984e-09	5.549999999999984e-09	4.087499999999988e-09	1.649999999999995e-09	1.312499999999996e-09	1.574999999999995e-09	1.349999999999996e-09	2.287499999999993e-09	9.374999999999973e-09	1.222499999999996e-08	3.18749999999999e-09	5.099999999999985e-09	4.297499999999987e-08	1.016249999999997e-08	2.054999999999994e-08	7.237499999999979e-09	4.799999999999986e-09	6.374999999999982e-10	2.137499999999994e-09	2.613749999999992e-08	1.586249999999995e-08	6.74999999999998e-10	5.362499999999984e-09	1.634999999999995e-08	1.376249999999996e-08	8.437499999999975e-09	8.474999999999975e-09	9.899999999999971e-09	7.04999999999998e-09	7.237499999999979e-09	8.099999999999977e-09	1.874999999999995e-10	8.999999999999973e-10	1.038749999999997e-08	2.624999999999992e-10	1.537499999999996e-09	6.149999999999982e-09	3.56999999999999e-08	1.372499999999996e-08	8.924999999999974e-09	5.212499999999985e-09	6.374999999999982e-10	1.871249999999995e-08	1.267499999999996e-08	6.412499999999981e-09	3.899999999999989e-09	1.267499999999996e-08	1.124999999999997e-10	7.612499999999978e-09	1.346249999999996e-08	6.374999999999982e-10	3.48749999999999e-09	5.174999999999985e-09	2.624999999999992e-10	3.37499999999999e-10	1.237499999999996e-09	2.189999999999993e-08	1.349999999999996e-09	1.574999999999995e-09	6.262499999999982e-09	3.22499999999999e-09	5.437499999999984e-09	3.787499999999989e-09	2.324999999999993e-09	3.787499999999989e-09	3.862499999999988e-09	5.587499999999984e-09	5.812499999999983e-09	4.462499999999987e-09	3.26249999999999e-09	1.274999999999996e-09	3.749999999999989e-10	3.37499999999999e-10	6.487499999999981e-09	2.069999999999994e-08	2.684999999999992e-08	1.079999999999997e-08	4.574999999999986e-09	2.474999999999993e-09	1.162499999999997e-09	0	4.124999999999988e-10	8.999999999999973e-10	4.124999999999988e-09	4.274999999999988e-09	6.74999999999998e-10	5.774999999999983e-09	7.124999999999979e-10	1.574999999999995e-09	1.762499999999995e-09	1.499999999999996e-10	2.249999999999993e-10	4.124999999999988e-10	5.624999999999983e-10	6.562499999999981e-09	1.469999999999996e-08	2.872499999999991e-08	7.499999999999978e-09	7.237499999999979e-09	1.987499999999994e-09	8.249999999999976e-10	2.999999999999991e-09	4.312499999999987e-09	8.249999999999976e-10	1.612499999999995e-08	2.564999999999993e-08	3.31124999999999e-08	1.548749999999996e-08	3.689999999999989e-08	1.649999999999995e-09	-3.749999999999989e-11
1.124999999999997e-10	5.249999999999985e-10	1.541249999999995e-08	1.301249999999996e-08	9.299999999999972e-09	1.912499999999994e-09	8.587499999999975e-09	7.04999999999998e-09	5.812499999999983e-09	8.774999999999974e-09	1.398749999999996e-08	1.874999999999994e-09	1.124999999999997e-09	4.724999999999986e-09	3.37874999999999e-08	1.691249999999995e-08	1.139999999999997e-08	4.087499999999988e-09	4.312499999999987e-09	1.049999999999997e-09	2.024999999999994e-09	3.149999999999991e-09	1.349999999999996e-09	1.612499999999995e-09	6.011249999999982e-08	8.024999999999976e-09	7.949999999999977e-09	2.699999999999992e-09	2.474999999999993e-09	2.662499999999992e-09	2.253749999999993e-08	1.308749999999996e-08	2.512499999999993e-09	4.387499999999987e-09	7.499999999999978e-11	1.027499999999997e-08	2.819999999999992e-08	8.549999999999976e-09	9.97499999999997e-09	8.062499999999977e-09	1.218749999999996e-08	6.412499999999981e-09	1.023749999999997e-08	7.949999999999977e-09	8.962499999999974e-09	9.224999999999973e-09	8.849999999999973e-09	9.787499999999971e-09	1.424999999999996e-09	5.999999999999982e-10	5.324999999999984e-09	2.471249999999993e-08	2.324999999999993e-09	2.624999999999992e-10	2.324999999999993e-09	2.988749999999991e-08	7.387499999999978e-09	2.249999999999993e-10	2.024999999999994e-09	2.437499999999993e-09	8.999999999999973e-10	1.552499999999996e-08	3.36374999999999e-08	9.299999999999972e-09	1.387499999999996e-09	1.226249999999996e-08	2.437499999999993e-09	1.687499999999995e-08	8.137499999999976e-09	5.699999999999983e-09	4.574999999999986e-09	1.499999999999996e-10	1.049999999999997e-09	1.087499999999997e-09	2.062499999999994e-09	6.149999999999982e-09	1.837499999999995e-09	3.22499999999999e-09	6.374999999999981e-09	1.188749999999996e-08	5.624999999999983e-10	6.449999999999981e-09	2.024999999999994e-08	7.762499999999978e-09	2.797499999999992e-08	1.874999999999995e-10	7.124999999999979e-10	1.162499999999997e-09	7.124999999999979e-10	2.999999999999991e-10	1.087499999999997e-09	2.587499999999993e-09	4.537499999999987e-09	4.987499999999985e-09	4.424999999999987e-09	6.374999999999982e-10	1.158749999999997e-08	1.087499999999997e-09	1.462499999999996e-09	3.37499999999999e-10	2.887499999999992e-09	2.587499999999993e-09	2.399999999999993e-09	1.012499999999997e-09	4.499999999999987e-10	3.749999999999989e-10	1.199999999999996e-09	4.424999999999987e-09	1.199999999999996e-09	1.837499999999995e-09	4.499999999999987e-10	2.099999999999994e-09	6.97499999999998e-09	1.762499999999995e-08	1.799999999999995e-09	8.287499999999976e-09	3.33749999999999e-09	2.024999999999994e-09	3.37499999999999e-10	6.374999999999982e-10	7.874999999999976e-10	9.749999999999972e-10	5.437499999999984e-09	1.169999999999997e-08	4.604999999999987e-08	2.831249999999992e-08	4.274999999999988e-09	2.624999999999992e-10
5.999999999999983e-09	1.762499999999995e-09	4.874999999999986e-09	1.949999999999994e-08	5.287499999999984e-09	1.649999999999995e-09	3.149999999999991e-09	4.499999999999987e-10	7.762499999999978e-09	2.092499999999994e-08	2.174999999999994e-08	9.562499999999972e-09	2.999999999999991e-10	9.374999999999972e-10	2.549999999999993e-09	3.697499999999989e-08	4.762499999999986e-09	9.749999999999972e-10	2.249999999999993e-10	1.912499999999994e-09	2.812499999999992e-09	1.724999999999995e-09	1.162499999999997e-09	7.874999999999976e-10	9.449999999999972e-09	5.872499999999983e-08	9.299999999999972e-09	1.094999999999997e-08	5.812499999999983e-09	1.237499999999996e-09	1.417499999999996e-08	7.04999999999998e-09	1.079999999999997e-08	4.499999999999987e-09	8.249999999999976e-10	7.499999999999978e-11	3.059999999999991e-08	1.091249999999997e-08	1.109999999999997e-08	1.799999999999995e-09	2.474999999999993e-09	2.069999999999994e-08	9.112499999999973e-09	9.787499999999971e-09	6.86249999999998e-09	1.301249999999996e-08	4.837499999999985e-09	5.024999999999985e-09	1.132499999999997e-08	1.012499999999997e-09	5.624999999999983e-10	4.349999999999987e-09	3.074999999999991e-08	5.624999999999983e-09	8.137499999999976e-09	8.624999999999975e-10	6.412499999999981e-09	1.604999999999995e-08	2.047499999999994e-08	7.087499999999979e-09	9.374999999999972e-10	7.124999999999979e-10	6.67499999999998e-09	2.928749999999991e-08	4.762499999999986e-09	6.74999999999998e-09	1.522499999999996e-08	5.137499999999985e-09	1.338749999999996e-08	9.074999999999974e-09	8.999999999999973e-10	2.999999999999991e-10	7.874999999999976e-10	8.999999999999973e-10	1.499999999999996e-09	7.387499999999978e-09	1.409999999999996e-08	5.512499999999984e-09	4.312499999999987e-09	2.778749999999992e-08	2.212499999999994e-08	1.499999999999996e-10	1.124999999999997e-10	2.249999999999993e-10	1.499999999999996e-09	2.249999999999993e-10	1.349999999999996e-09	1.387499999999996e-09	1.499999999999996e-10	6.74999999999998e-10	1.499999999999996e-10	6.712499999999981e-09	1.552499999999996e-08	9.487499999999972e-09	3.899999999999989e-09	1.537499999999996e-09	4.499999999999987e-10	1.274999999999996e-09	7.237499999999979e-09	1.049999999999997e-09	9.374999999999972e-10	1.462499999999996e-09	2.137499999999994e-09	1.612499999999995e-09	1.499999999999996e-10	3.037499999999991e-09	1.166249999999997e-08	1.462499999999996e-09	1.874999999999995e-10	2.249999999999993e-10	6.74999999999998e-10	4.874999999999986e-10	1.499999999999996e-10	1.124999999999997e-10	1.499999999999996e-10	-3.749999999999989e-11	-3.749999999999989e-11	-3.749999999999989e-11	6.374999999999982e-10	2.999999999999991e-09	8.924999999999974e-09	1.263749999999996e-08	1.548749999999996e-08	3.44999999999999e-08	7.799999999999977e-09	1.874999999999995e-10	4.124999999999988e-10	5.999999999999982e-10
7.837499999999977e-09	5.062499999999985e-09	5.624999999999983e-09	1.038749999999997e-08	2.249999999999993e-09	3.33749999999999e-09	1.049999999999997e-09	1.612499999999995e-09	4.387499999999987e-09	2.962499999999991e-09	1.237499999999996e-09	1.574999999999995e-09	3.37499999999999e-10	1.424999999999996e-09	6.449999999999981e-09	6.412499999999981e-09	2.362499999999993e-09	1.987499999999994e-09	1.368749999999996e-08	2.099999999999994e-09	9.037499999999974e-09	1.691249999999995e-08	7.124999999999979e-09	5.999999999999982e-10	1.237499999999996e-09	4.199999999999988e-09	4.432499999999987e-08	4.859999999999986e-08	6.74999999999998e-10	2.999999999999991e-10	2.399999999999993e-09	2.186249999999994e-08	1.522499999999996e-08	3.937499999999988e-09	1.773749999999995e-08	2.549999999999993e-09	5.624999999999983e-10	2.279999999999993e-08	5.174999999999985e-09	1.094999999999997e-08	1.012499999999997e-09	1.916249999999994e-08	8.362499999999975e-09	6.82499999999998e-09	1.016249999999997e-08	5.287499999999984e-09	4.687499999999987e-09	1.319999999999996e-08	9.224999999999973e-09	8.287499999999976e-09	4.499999999999987e-10	7.499999999999978e-10	3.22499999999999e-09	1.349999999999996e-09	1.222499999999996e-08	1.177499999999996e-08	2.984999999999991e-08	1.147499999999997e-08	8.737499999999975e-09	8.362499999999975e-09	2.587499999999993e-09	1.499999999999996e-09	4.874999999999986e-10	3.37499999999999e-09	5.999999999999982e-10	1.199999999999996e-09	1.687499999999995e-09	1.237499999999996e-08	9.749999999999972e-09	1.049999999999997e-08	6.074999999999982e-09	3.787499999999989e-09	2.066249999999994e-08	7.874999999999976e-10	5.999999999999982e-10	3.37499999999999e-09	1.278749999999996e-08	1.136249999999997e-08	1.031249999999997e-08	8.437499999999975e-09	1.874999999999994e-09	1.462499999999996e-09	8.624999999999975e-10	2.624999999999992e-10	1.312499999999996e-09	2.362499999999993e-09	1.799999999999995e-09	2.137499999999994e-09	1.124999999999997e-09	2.437499999999993e-09	3.112499999999991e-09	2.726249999999992e-08	1.754999999999995e-08	1.042499999999997e-08	4.799999999999986e-08	1.743749999999995e-08	6.74999999999998e-10	7.874999999999976e-10	3.37499999999999e-09	3.41249999999999e-09	6.599999999999981e-09	2.812499999999992e-09	7.687499999999977e-09	8.512499999999974e-09	2.362499999999993e-09	1.687499999999995e-09	1.799999999999995e-09	5.474999999999984e-09	5.024999999999985e-09	2.474999999999993e-09	2.249999999999993e-10	1.499999999999996e-10	2.024999999999994e-09	4.387499999999987e-09	7.537499999999977e-09	1.964999999999994e-08	1.458749999999996e-08	8.999999999999973e-10	-3.749999999999989e-11	5.474999999999984e-09	1.754999999999995e-08	1.383749999999996e-08	1.694999999999995e-08	7.762499999999978e-09	4.387499999999987e-09	0	2.624999999999992e-10	1.874999999999995e-10
4.124999999999988e-09	1.087499999999997e-09	5.887499999999982e-09	1.522499999999996e-08	6.637499999999981e-09	3.749999999999989e-11	4.874999999999986e-10	1.049999999999997e-09	3.637499999999989e-09	9.187499999999972e-09	5.924999999999983e-09	5.137499999999985e-09	3.937499999999988e-09	3.899999999999989e-09	1.124999999999997e-09	1.874999999999994e-09	2.133749999999994e-08	1.496249999999996e-08	3.44999999999999e-09	1.949999999999994e-09	8.249999999999976e-10	3.674999999999989e-09	7.499999999999978e-09	3.637499999999989e-09	6.74999999999998e-09	5.812499999999983e-09	2.643749999999992e-08	5.654999999999983e-08	1.387499999999996e-09	8.999999999999973e-10	2.234999999999994e-08	1.282499999999996e-08	2.542499999999992e-08	9.599999999999972e-09	9.599999999999972e-09	8.437499999999975e-09	1.012499999999997e-08	1.154999999999997e-08	6.524999999999981e-09	1.214999999999996e-08	8.924999999999974e-09	2.624999999999992e-09	9.749999999999972e-10	2.261249999999993e-08	9.712499999999972e-09	1.244999999999996e-08	9.299999999999972e-09	9.599999999999972e-09	8.324999999999975e-09	1.499999999999996e-10	2.249999999999993e-10	2.737499999999992e-09	2.924999999999991e-09	3.674999999999989e-09	7.124999999999979e-10	6.187499999999982e-09	4.076249999999988e-08	2.538749999999993e-08	1.057499999999997e-08	7.612499999999978e-09	2.249999999999993e-10	9.899999999999971e-09	1.706249999999995e-08	1.237499999999996e-08	1.049999999999997e-09	3.112499999999991e-09	2.482499999999993e-08	8.849999999999973e-09	1.837499999999995e-09	4.124999999999988e-10	9.112499999999973e-09	2.174999999999994e-08	7.949999999999977e-09	2.999999999999991e-10	-3.749999999999989e-11	0	1.237499999999996e-08	1.199999999999997e-08	1.008749999999997e-08	1.424999999999996e-09	1.912499999999994e-09	3.787499999999989e-09	9.97499999999997e-09	2.437499999999993e-09	5.999999999999982e-10	4.574999999999986e-09	2.024999999999994e-09	1.124999999999997e-09	4.499999999999987e-10	1.087499999999997e-09	4.949999999999986e-09	1.124999999999997e-08	1.439999999999996e-08	1.196249999999997e-08	1.004999999999997e-08	7.724999999999977e-09	3.44999999999999e-09	5.812499999999983e-09	4.574999999999986e-09	4.124999999999988e-10	4.874999999999986e-09	7.837499999999977e-09	4.499999999999987e-09	2.332499999999993e-08	1.353749999999996e-08	3.37499999999999e-09	3.749999999999989e-11	1.162499999999997e-09	1.499999999999996e-10	5.249999999999985e-10	2.474999999999993e-09	2.864999999999992e-08	4.053749999999988e-08	9.074999999999974e-09	8.624999999999975e-09	1.604999999999995e-08	1.811249999999995e-08	3.712499999999989e-09	0	9.374999999999972e-10	9.487499999999972e-09	2.711249999999992e-08	1.676249999999995e-08	8.887499999999975e-09	2.587499999999993e-09	1.499999999999996e-10	-3.749999999999989e-11	0
6.374999999999981e-09	1.616249999999995e-08	1.308749999999996e-08	6.712499999999981e-09	8.812499999999974e-09	1.222499999999996e-08	9.374999999999972e-10	1.049999999999997e-09	1.012499999999997e-09	1.072499999999997e-08	1.117499999999997e-08	3.071249999999991e-08	6.82499999999998e-09	2.024999999999994e-09	8.249999999999976e-10	6.74999999999998e-10	3.37499999999999e-09	4.957499999999985e-08	9.862499999999972e-09	1.499999999999996e-09	3.37499999999999e-10	3.29999999999999e-09	5.399999999999984e-09	3.32249999999999e-08	1.439999999999996e-08	4.499999999999987e-09	2.129999999999994e-08	4.649999999999986e-09	1.612499999999995e-09	1.837499999999995e-09	3.637499999999989e-09	1.454999999999996e-08	3.43874999999999e-08	1.091249999999997e-08	8.174999999999976e-09	1.203749999999996e-08	8.737499999999975e-09	1.154999999999997e-08	9.97499999999997e-09	8.174999999999976e-09	9.637499999999971e-09	7.312499999999979e-09	7.612499999999978e-09	5.999999999999982e-10	1.837499999999995e-09	2.767499999999992e-08	9.824999999999971e-09	9.074999999999974e-09	1.049999999999997e-08	7.462499999999978e-09	1.173749999999997e-08	8.174999999999976e-09	7.837499999999977e-09	9.037499999999974e-09	1.462499999999996e-09	7.387499999999978e-09	7.799999999999977e-09	9.299999999999972e-09	1.957499999999994e-08	7.612499999999978e-09	6.037499999999982e-09	7.387499999999978e-09	8.399999999999976e-09	1.518749999999996e-08	7.912499999999977e-09	7.312499999999979e-09	7.312499999999979e-09	2.024999999999994e-09	7.499999999999978e-11	3.37499999999999e-10	2.812499999999992e-09	3.29999999999999e-09	2.493749999999993e-08	4.987499999999985e-09	4.499999999999987e-09	2.437499999999993e-09	6.86249999999998e-09	2.051249999999994e-08	5.887499999999982e-09	1.372499999999996e-08	6.262499999999982e-09	1.124999999999997e-10	4.874999999999986e-10	2.999999999999991e-10	4.499999999999987e-10	1.912499999999994e-09	1.256249999999996e-08	1.203749999999996e-08	1.387499999999996e-09	6.374999999999982e-10	3.37499999999999e-10	3.18749999999999e-09	1.623749999999995e-08	1.263749999999996e-08	9.749999999999972e-09	9.449999999999972e-09	1.031249999999997e-08	1.496249999999996e-08	1.987499999999994e-09	2.624999999999992e-10	7.499999999999978e-11	9.374999999999972e-10	4.499999999999987e-10	6.89999999999998e-09	1.706249999999995e-08	9.862499999999972e-09	2.587499999999993e-09	6.74999999999998e-10	2.999999999999991e-10	9.374999999999972e-10	4.874999999999986e-10	2.399999999999993e-09	8.174999999999976e-09	6.014999999999982e-08	1.972499999999994e-08	1.353749999999996e-08	3.798749999999989e-08	1.972499999999994e-08	2.099999999999994e-09	-3.749999999999989e-11	2.362499999999993e-09	3.41249999999999e-09	2.962499999999991e-09	2.099999999999994e-09	4.499999999999987e-10	1.874999999999995e-10	0	-3.749999999999989e-11
5.774999999999983e-09	5.924999999999983e-09	1.781249999999995e-08	9.937499999999971e-09	1.151249999999997e-08	3.52499999999999e-09	7.687499999999977e-09	1.537499999999996e-09	1.499999999999996e-09	2.084999999999994e-08	1.837499999999994e-08	6.524999999999981e-09	4.874999999999986e-09	7.987499999999976e-09	3.22499999999999e-09	2.437499999999993e-09	2.437499999999993e-09	2.842499999999992e-08	1.417499999999996e-08	3.974999999999988e-09	1.462499999999996e-09	1.237499999999996e-09	2.418749999999993e-08	1.323749999999996e-08	8.437499999999975e-09	4.087499999999988e-09	2.624999999999992e-09	1.511249999999995e-08	6.449999999999981e-09	1.237499999999996e-09	2.624999999999992e-09	1.237499999999996e-09	8.624999999999975e-10	4.541249999999986e-08	9.374999999999973e-09	8.287499999999976e-09	1.121249999999997e-08	8.099999999999977e-09	1.072499999999997e-08	9.374999999999973e-09	7.04999999999998e-09	9.374999999999973e-09	7.687499999999977e-09	7.012499999999979e-09	1.031249999999997e-08	2.624999999999992e-10	2.137499999999994e-09	2.531249999999993e-08	9.787499999999971e-09	1.132499999999997e-08	7.424999999999978e-09	1.031249999999997e-08	7.837499999999977e-09	7.574999999999978e-09	3.149999999999991e-09	5.624999999999983e-10	1.631249999999995e-08	7.574999999999978e-09	1.672499999999995e-08	8.362499999999975e-09	5.399999999999984e-09	1.394999999999996e-08	7.462499999999978e-09	8.624999999999975e-09	8.362499999999975e-09	5.999999999999983e-09	8.062499999999977e-09	5.962499999999982e-09	3.862499999999988e-09	1.687499999999995e-09	2.624999999999992e-09	3.37499999999999e-10	1.312499999999996e-09	1.031249999999997e-08	3.35249999999999e-08	4.274999999999988e-09	8.512499999999974e-09	4.987499999999985e-09	9.149999999999973e-09	1.248749999999996e-08	1.087499999999997e-09	0	1.799999999999995e-09	3.52499999999999e-09	8.999999999999973e-10	2.624999999999992e-10	4.874999999999986e-10	9.749999999999972e-10	5.737499999999984e-09	6.074999999999982e-09	7.499999999999978e-10	1.724999999999995e-09	4.087499999999988e-09	1.151249999999997e-08	3.247499999999991e-08	5.474999999999984e-08	8.699999999999974e-09	1.612499999999995e-09	1.874999999999995e-10	4.124999999999988e-10	5.624999999999983e-10	0	7.499999999999978e-11	9.374999999999972e-10	4.912499999999985e-09	5.549999999999984e-09	1.233749999999996e-08	3.599999999999989e-09	3.749999999999989e-10	5.624999999999983e-10	1.349999999999996e-09	9.674999999999971e-09	1.376249999999996e-08	2.962499999999991e-09	9.937499999999971e-09	3.33374999999999e-08	6.142499999999982e-08	6.74999999999998e-09	5.999999999999982e-10	-3.749999999999989e-11	-3.749999999999989e-11	7.499999999999978e-10	4.724999999999986e-09	1.874999999999995e-10	1.237499999999996e-09	6.374999999999982e-10	2.999999999999991e-10	-3.749999999999989e-11
7.949999999999977e-09	7.04999999999998e-09	6.599999999999981e-09	1.533749999999995e-08	5.774999999999983e-09	3.18749999999999e-09	5.587499999999984e-09	4.349999999999987e-09	7.462499999999978e-09	2.362499999999993e-09	1.016249999999997e-08	2.099999999999994e-08	1.473749999999996e-08	2.924999999999991e-09	2.212499999999993e-09	5.737499999999984e-09	2.624999999999992e-09	1.848749999999995e-08	1.649999999999995e-09	2.774999999999992e-09	4.387499999999987e-09	8.737499999999975e-09	5.249999999999985e-09	1.597499999999995e-08	3.033749999999991e-08	4.499999999999987e-10	2.249999999999993e-10	3.637499999999989e-09	2.542499999999992e-08	1.871249999999995e-08	8.062499999999977e-09	5.887499999999982e-09	2.737499999999992e-09	5.624999999999983e-10	1.424999999999996e-09	6.374999999999982e-10	3.768749999999989e-08	1.136249999999997e-08	9.149999999999973e-09	1.068749999999997e-08	8.249999999999976e-09	6.599999999999981e-09	1.049999999999997e-09	1.462499999999996e-08	1.207499999999996e-08	2.737499999999992e-09	1.499999999999996e-09	1.124999999999997e-10	1.499999999999996e-09	3.45374999999999e-08	1.128749999999997e-08	7.687499999999977e-09	9.524999999999973e-09	4.274999999999988e-09	6.74999999999998e-10	3.37499999999999e-10	1.349999999999996e-09	3.37499999999999e-09	3.768749999999989e-08	9.787499999999971e-09	9.674999999999971e-09	8.587499999999975e-09	9.487499999999972e-09	3.074999999999991e-09	1.357499999999996e-08	1.053749999999997e-08	7.04999999999998e-09	6.562499999999981e-09	1.038749999999997e-08	9.637499999999971e-09	1.874999999999994e-09	4.499999999999987e-10	1.349999999999996e-09	2.399999999999993e-09	8.699999999999974e-09	4.574999999999986e-09	1.481249999999996e-08	6.074999999999982e-09	5.849999999999983e-09	2.587499999999993e-09	8.062499999999977e-09	1.466249999999996e-08	6.82499999999998e-09	1.987499999999994e-09	1.012499999999997e-09	7.499999999999978e-11	7.499999999999978e-11	2.249999999999993e-10	7.499999999999978e-11	1.874999999999995e-10	3.749999999999989e-11	2.024999999999994e-09	5.137499999999985e-09	1.807499999999995e-08	2.437499999999993e-09	2.512499999999993e-09	2.587499999999993e-09	2.024999999999994e-09	2.812499999999992e-09	1.687499999999995e-09	4.312499999999987e-09	9.412499999999973e-09	1.499999999999996e-09	2.549999999999993e-09	9.374999999999972e-10	9.374999999999972e-10	1.874999999999995e-10	1.349999999999996e-09	2.624999999999992e-10	7.124999999999979e-10	1.098749999999997e-08	2.373749999999993e-08	2.752499999999992e-08	5.324999999999984e-09	5.512499999999984e-09	3.652499999999989e-08	2.688749999999992e-08	5.114999999999985e-08	4.312499999999987e-09	2.849999999999992e-09	2.624999999999992e-09	7.499999999999978e-11	3.37499999999999e-10	1.874999999999995e-10	-3.749999999999989e-11	1.124999999999997e-10	1.124999999999997e-10	3.749999999999989e-11
7.124999999999979e-09	4.462499999999987e-09	1.079999999999997e-08	7.237499999999979e-09	1.004999999999997e-08	9.149999999999973e-09	8.099999999999977e-09	3.787499999999989e-09	7.124999999999979e-10	8.999999999999973e-10	5.249999999999985e-10	5.887499999999982e-09	6.037499999999982e-09	5.699999999999983e-09	2.137499999999994e-09	5.212499999999985e-09	4.537499999999987e-09	5.444999999999984e-08	7.687499999999977e-09	8.887499999999975e-09	5.737499999999984e-09	1.031249999999997e-08	1.034999999999997e-08	6.82499999999998e-09	5.249999999999985e-10	1.574999999999995e-09	1.799999999999995e-09	1.379999999999996e-08	2.347499999999993e-08	1.068749999999997e-08	2.699999999999992e-09	8.024999999999976e-09	5.174999999999985e-09	5.024999999999985e-09	1.792499999999995e-08	1.987499999999994e-09	1.848749999999995e-08	7.574999999999978e-09	6.86249999999998e-09	1.263749999999996e-08	9.862499999999972e-09	7.237499999999979e-09	2.849999999999992e-09	8.549999999999976e-09	1.417499999999996e-08	1.124999999999997e-09	1.087499999999997e-09	1.537499999999996e-09	1.912499999999994e-09	1.784999999999995e-08	1.034999999999997e-08	2.212499999999993e-09	3.22499999999999e-09	1.837499999999995e-09	3.074999999999991e-09	1.931249999999994e-08	3.40499999999999e-08	4.162499999999988e-09	1.762499999999995e-09	1.091249999999997e-08	1.252499999999996e-08	2.737499999999992e-09	1.874999999999995e-10	7.874999999999976e-10	2.606249999999992e-08	1.668749999999995e-08	1.188749999999996e-08	6.524999999999981e-09	2.437499999999993e-09	1.027499999999997e-08	1.117499999999997e-08	1.124999999999997e-10	2.624999999999992e-10	2.624999999999992e-09	2.924999999999991e-09	2.212499999999994e-08	2.411249999999993e-08	6.487499999999981e-09	5.287499999999984e-09	1.162499999999997e-09	5.587499999999984e-09	9.337499999999972e-09	2.999999999999991e-09	2.587499999999993e-09	1.837499999999995e-09	0	2.624999999999992e-10	4.124999999999988e-10	1.499999999999996e-09	6.374999999999982e-10	9.374999999999972e-10	4.874999999999986e-10	5.624999999999983e-10	0	2.999999999999991e-10	4.987499999999985e-09	3.037499999999991e-09	1.949999999999994e-09	6.74999999999998e-10	4.462499999999987e-09	9.749999999999972e-10	5.999999999999982e-10	1.162499999999997e-09	3.637499999999989e-09	6.074999999999982e-09	4.702499999999986e-08	6.76124999999998e-08	1.158749999999997e-08	6.374999999999982e-10	5.624999999999983e-10	4.649999999999986e-09	1.124999999999997e-08	1.627499999999995e-08	5.249999999999985e-09	2.699999999999992e-09	1.421249999999996e-08	1.349999999999996e-08	2.253749999999993e-08	9.862499999999972e-09	3.749999999999989e-09	3.899999999999989e-09	1.912499999999994e-09	1.874999999999995e-10	7.499999999999978e-11	-7.499999999999978e-11	-3.749999999999989e-11	7.499999999999978e-11	1.499999999999996e-10
9.97499999999997e-09	6.337499999999981e-09	9.299999999999972e-09	9.637499999999971e-09	7.274999999999978e-09	1.072499999999997e-08	6.112499999999982e-09	3.787499999999989e-09	1.544999999999995e-08	1.124999999999997e-09	1.616249999999995e-08	2.999999999999991e-09	8.962499999999974e-09	8.587499999999975e-09	1.199999999999996e-09	1.349999999999996e-09	2.527499999999993e-08	6.637499999999981e-09	9.637499999999971e-09	3.599999999999989e-09	2.962499999999991e-09	1.087499999999997e-09	5.624999999999983e-10	1.162499999999997e-09	2.696249999999992e-08	2.512499999999993e-08	3.33749999999999e-09	4.012499999999988e-09	2.193749999999993e-08	8.362499999999975e-09	8.737499999999975e-09	5.062499999999985e-09	6.037499999999982e-09	1.732499999999995e-08	1.027499999999997e-08	2.062499999999994e-09	1.477499999999996e-08	8.099999999999977e-09	4.199999999999988e-09	1.874999999999994e-09	2.238749999999993e-08	1.301249999999996e-08	8.099999999999977e-09	6.112499999999982e-09	1.492499999999996e-08	1.312499999999996e-09	6.562499999999981e-09	2.887499999999992e-09	4.012499999999988e-09	7.424999999999978e-09	1.124999999999997e-10	1.499999999999996e-10	5.249999999999985e-10	1.049999999999997e-09	2.212499999999993e-09	8.662499999999974e-09	8.174999999999976e-09	1.972499999999994e-08	1.668749999999995e-08	1.237499999999996e-09	1.837499999999995e-09	8.249999999999976e-09	6.449999999999981e-09	5.999999999999982e-10	5.399999999999984e-09	6.356249999999981e-08	2.167499999999994e-08	9.824999999999971e-09	2.249999999999993e-10	5.249999999999985e-10	5.887499999999982e-09	1.083749999999997e-08	2.287499999999993e-09	9.374999999999972e-10	7.162499999999979e-09	1.027499999999997e-08	8.887499999999975e-09	9.674999999999971e-09	1.987499999999994e-09	3.037499999999991e-09	7.274999999999978e-09	3.787499999999989e-09	3.749999999999989e-10	4.874999999999986e-10	1.237499999999996e-09	1.874999999999995e-10	2.249999999999993e-10	7.162499999999979e-09	8.849999999999973e-09	9.637499999999971e-09	7.949999999999977e-09	3.52499999999999e-09	2.549999999999993e-09	1.274999999999996e-09	3.37499999999999e-10	2.887499999999992e-09	7.499999999999978e-11	1.124999999999997e-10	1.387499999999996e-09	1.274999999999996e-09	1.687499999999995e-09	5.249999999999985e-10	1.124999999999997e-10	1.154999999999997e-08	4.616249999999986e-08	2.568749999999992e-08	1.383749999999996e-08	7.274999999999978e-09	4.162499999999988e-09	3.749999999999989e-10	2.212499999999993e-09	1.724999999999995e-09	7.724999999999977e-09	1.102499999999997e-08	8.887499999999975e-09	1.154999999999997e-08	2.021249999999994e-08	5.962499999999982e-09	1.038749999999997e-08	2.531249999999993e-08	7.499999999999978e-10	5.249999999999985e-10	-3.749999999999989e-11	1.124999999999997e-09	4.499999999999987e-10	1.124999999999997e-10	0	0
7.274999999999978e-09	8.362499999999975e-09	9.712499999999972e-09	6.487499999999981e-09	4.537499999999987e-09	5.437499999999984e-09	3.899999999999989e-09	1.537499999999996e-09	1.012499999999997e-08	3.31124999999999e-08	5.737499999999984e-09	2.062499999999994e-09	2.249999999999993e-10	1.049999999999997e-09	1.657499999999995e-08	2.962499999999991e-09	5.662499999999984e-09	5.962499999999982e-09	1.012499999999997e-09	1.987499999999994e-09	6.149999999999982e-09	6.337499999999981e-09	2.137499999999994e-08	4.687499999999987e-09	1.724999999999995e-09	1.424999999999996e-09	4.994999999999986e-08	1.462499999999996e-09	3.48749999999999e-09	2.673749999999992e-08	8.137499999999976e-09	5.212499999999985e-09	1.503749999999996e-08	7.912499999999977e-09	1.053749999999997e-08	1.837499999999995e-09	1.874999999999995e-10	4.124999999999988e-10	1.124999999999997e-10	2.587499999999993e-09	1.151249999999997e-08	4.237499999999987e-08	2.313749999999993e-08	1.049999999999997e-08	5.737499999999984e-09	5.774999999999983e-09	4.799999999999986e-09	2.737499999999992e-08	5.774999999999983e-09	1.012499999999997e-08	9.749999999999972e-10	5.249999999999985e-10	5.249999999999985e-10	2.399999999999993e-09	7.237499999999979e-09	4.469999999999987e-08	9.562499999999972e-09	1.241249999999996e-08	1.327499999999996e-08	3.26249999999999e-09	1.402499999999996e-08	8.999999999999973e-09	8.099999999999977e-09	1.499999999999996e-09	1.289999999999996e-08	1.469999999999996e-08	8.137499999999976e-09	4.762499999999986e-09	3.33749999999999e-09	1.012499999999997e-09	1.912499999999994e-09	4.012499999999988e-09	4.837499999999985e-09	3.52499999999999e-09	3.599999999999989e-09	1.094999999999997e-08	1.207499999999996e-08	1.391249999999996e-08	2.084999999999994e-08	3.37499999999999e-10	3.22499999999999e-09	3.074999999999991e-09	3.037499999999991e-09	2.624999999999992e-10	5.624999999999983e-10	5.624999999999983e-10	2.024999999999994e-09	2.287499999999993e-09	3.41249999999999e-09	9.712499999999972e-09	9.187499999999972e-09	6.74999999999998e-10	1.874999999999994e-09	7.499999999999978e-11	0	-3.749999999999989e-11	0	3.749999999999989e-11	1.537499999999996e-09	9.899999999999971e-09	7.199999999999978e-09	3.824999999999989e-09	7.874999999999976e-10	1.679999999999995e-08	2.174999999999994e-08	2.159999999999994e-08	2.422499999999993e-08	2.234999999999994e-08	1.724999999999995e-08	3.074999999999991e-09	8.999999999999973e-10	7.499999999999978e-11	1.012499999999997e-09	3.974999999999988e-09	4.649999999999986e-09	1.451249999999996e-08	5.362499999999984e-09	8.999999999999973e-10	1.199999999999996e-09	4.499999999999987e-10	1.349999999999996e-09	4.387499999999987e-09	1.724999999999995e-08	6.243749999999982e-08	1.008749999999997e-08	2.024999999999994e-09	6.374999999999982e-10	0
8.212499999999975e-09	8.474999999999975e-09	1.072499999999997e-08	7.687499999999977e-09	2.512499999999993e-09	1.087499999999997e-09	4.124999999999988e-10	8.249999999999976e-10	1.642499999999995e-08	2.148749999999994e-08	1.237499999999996e-08	4.124999999999988e-09	1.799999999999995e-08	1.687499999999995e-09	7.874999999999976e-10	1.874999999999995e-10	2.999999999999991e-10	3.37499999999999e-10	1.499999999999996e-09	2.324999999999993e-09	3.674999999999989e-09	3.26249999999999e-09	5.362499999999984e-09	8.962499999999974e-09	4.533749999999987e-08	1.537499999999996e-09	3.052499999999991e-08	2.006249999999994e-08	9.299999999999972e-09	2.962499999999991e-09	1.799999999999995e-09	1.162499999999997e-09	5.212499999999985e-09	3.40124999999999e-08	8.587499999999975e-09	1.064999999999997e-08	8.287499999999976e-09	9.562499999999972e-09	9.149999999999973e-09	8.924999999999974e-09	5.062499999999985e-09	5.812499999999983e-09	1.829999999999995e-08	8.774999999999974e-09	7.499999999999978e-10	4.874999999999986e-10	1.237499999999996e-09	2.137499999999994e-08	2.249999999999993e-08	6.412499999999981e-09	4.612499999999987e-09	1.049999999999997e-09	4.499999999999987e-10	5.249999999999985e-10	2.977499999999991e-08	1.346249999999996e-08	6.112499999999982e-09	1.619999999999995e-08	5.812499999999983e-09	2.924999999999991e-09	7.012499999999979e-09	1.226249999999996e-08	2.306249999999993e-08	1.912499999999994e-09	0	3.112499999999991e-09	2.062499999999994e-09	6.82499999999998e-09	1.023749999999997e-08	4.162499999999988e-09	3.52499999999999e-09	9.712499999999972e-09	1.773749999999995e-08	2.924999999999991e-09	2.887499999999992e-09	1.098749999999997e-08	1.008749999999997e-08	5.287499999999984e-09	4.499999999999987e-09	9.374999999999972e-10	5.999999999999982e-10	2.099999999999994e-09	1.837499999999995e-09	5.624999999999983e-10	1.162499999999997e-09	2.624999999999992e-09	5.624999999999983e-10	1.574999999999995e-09	4.874999999999986e-10	1.762499999999995e-09	1.162499999999997e-08	4.612499999999987e-09	3.112499999999991e-09	4.837499999999985e-09	9.562499999999972e-09	1.226249999999996e-08	5.399999999999984e-09	5.999999999999982e-10	3.637499999999989e-09	1.166249999999997e-08	4.087499999999988e-09	5.249999999999985e-10	1.124999999999997e-10	7.537499999999977e-09	8.699999999999974e-09	2.144999999999994e-08	1.192499999999996e-08	1.627499999999995e-08	1.552499999999996e-08	3.37499999999999e-10	-3.749999999999989e-11	3.749999999999989e-11	7.499999999999978e-11	2.249999999999993e-10	8.249999999999976e-10	3.37499999999999e-10	4.124999999999988e-10	1.124999999999997e-10	0	-3.749999999999989e-11	-3.749999999999989e-11	8.962499999999974e-09	7.424999999999978e-09	7.312499999999979e-09	7.462499999999978e-09	7.124999999999979e-09	1.286249999999996e-08	9.374999999999972e-10
5.924999999999983e-09	2.999999999999991e-10	1.087499999999997e-09	1.649999999999995e-09	7.874999999999976e-10	0	4.499999999999987e-10	-3.749999999999989e-11	-3.749999999999989e-11	2.249999999999993e-10	2.249999999999993e-09	1.308749999999996e-08	1.687499999999995e-09	1.162499999999997e-09	1.087499999999997e-09	2.999999999999991e-10	0	-3.749999999999989e-11	0	1.649999999999995e-09	5.624999999999983e-10	8.624999999999975e-10	1.874999999999995e-10	-3.749999999999989e-11	-3.749999999999989e-11	3.749999999999989e-11	0	9.374999999999972e-10	1.087499999999997e-09	3.749999999999989e-10	7.499999999999978e-11	5.249999999999985e-10	8.624999999999975e-10	2.699999999999992e-09	2.512499999999993e-09	8.624999999999975e-10	2.249999999999993e-10	2.774999999999992e-09	1.799999999999995e-09	1.387499999999996e-09	3.637499999999989e-09	3.37499999999999e-10	1.462499999999996e-09	3.674999999999989e-09	1.649999999999995e-09	7.499999999999978e-11	3.749999999999989e-11	-3.749999999999989e-11	-3.749999999999989e-11	-3.749999999999989e-11	-3.749999999999989e-11	3.749999999999989e-11	2.212499999999993e-09	3.37499999999999e-10	8.024999999999976e-09	1.466249999999996e-08	3.149999999999991e-09	1.012499999999997e-09	1.124999999999997e-09	0	1.462499999999996e-09	7.499999999999978e-11	-3.749999999999989e-11	2.249999999999993e-09	7.499999999999978e-09	9.749999999999972e-10	1.987499999999994e-09	5.249999999999985e-10	1.274999999999996e-09	1.874999999999994e-09	2.249999999999993e-10	-3.749999999999989e-11	-3.749999999999989e-11	-3.749999999999989e-11	2.324999999999993e-09	7.424999999999978e-09	5.999999999999982e-10	4.499999999999987e-10	6.74999999999998e-10	3.26249999999999e-09	4.874999999999986e-10	0	0	-3.749999999999989e-11	0	-3.749999999999989e-11	-3.749999999999989e-11	-3.749999999999989e-11	0	0	8.249999999999976e-10	3.37499999999999e-10	1.499999999999996e-10	1.912499999999994e-09	2.624999999999992e-09	1.049999999999997e-08	2.246249999999993e-08	-3.749999999999989e-11	-3.749999999999989e-11	-3.749999999999989e-11	0	-3.749999999999989e-11	0	1.349999999999996e-09	1.162499999999997e-09	4.424999999999987e-09	0	1.087499999999997e-08	1.274999999999996e-09	5.249999999999985e-10	-3.749999999999989e-11	-3.749999999999989e-11	-3.749999999999989e-11	2.624999999999992e-10	4.499999999999987e-10	-3.749999999999989e-11	-3.749999999999989e-11	-3.749999999999989e-11	0	2.999999999999991e-10	-3.749999999999989e-11	-3.749999999999989e-11	7.499999999999978e-11	-3.749999999999989e-11	-3.749999999999989e-11	-7.499999999999978e-11	-3.749999999999989e-11	7.499999999999978e-11
3.862499999999988e-09	3.712499999999989e-09	4.612499999999987e-09	2.324999999999993e-09	2.062499999999994e-09	2.137499999999994e-09	3.712499999999989e-09	3.937499999999988e-09	1.349999999999996e-09	5.774999999999983e-09	2.114999999999994e-08	1.631249999999995e-08	4.387499999999987e-09	2.587499999999993e-09	1.424999999999996e-09	1.537499999999996e-09	1.537499999999996e-09	1.124999999999997e-09	8.249999999999976e-10	8.249999999999976e-10	1.312499999999996e-09	1.237499999999996e-09	4.499999999999987e-10	3.37499999999999e-10	6.374999999999982e-10	1.874999999999995e-10	2.624999999999992e-10	1.121249999999997e-08	5.099999999999985e-09	2.291249999999993e-08	3.56249999999999e-09	5.624999999999983e-10	3.074999999999991e-09	5.126249999999985e-08	1.597499999999995e-08	5.084999999999985e-08	2.624999999999992e-08	6.187499999999982e-09	1.237499999999996e-08	3.674999999999989e-09	1.499999999999996e-10	3.749999999999989e-11	3.749999999999989e-11	0	3.48749999999999e-09	1.874999999999994e-09	7.874999999999976e-10	4.124999999999988e-10	1.124999999999997e-10	2.249999999999993e-10	7.124999999999979e-10	1.499999999999996e-10	1.612499999999995e-09	3.48749999999999e-09	2.699999999999992e-09	5.512499999999984e-09	4.387499999999987e-09	9.539999999999972e-08	2.928749999999991e-08	1.012499999999997e-09	1.087499999999997e-09	1.837499999999995e-09	3.112499999999991e-09	2.624999999999992e-10	2.774999999999992e-09	1.664999999999995e-08	1.949999999999994e-09	1.484999999999996e-08	3.674999999999989e-09	1.087499999999997e-09	1.499999999999996e-10	-3.749999999999989e-11	3.749999999999989e-11	7.499999999999978e-11	2.774999999999992e-09	5.174999999999985e-09	1.612499999999995e-09	2.624999999999992e-10	7.124999999999979e-10	2.249999999999993e-10	4.499999999999987e-10	1.987499999999994e-09	1.199999999999996e-09	3.749999999999989e-11	3.749999999999989e-11	0	4.499999999999987e-10	1.499999999999996e-10	0	3.749999999999989e-11	3.48749999999999e-09	3.712499999999989e-09	3.29999999999999e-09	5.512499999999984e-09	9.374999999999972e-10	9.074999999999974e-09	3.52499999999999e-09	3.26249999999999e-09	-3.749999999999989e-11	-3.749999999999989e-11	-3.749999999999989e-11	1.124999999999997e-10	1.612499999999995e-09	3.44999999999999e-09	2.099999999999994e-09	9.749999999999972e-10	1.574999999999995e-09	3.198749999999991e-08	7.012499999999979e-09	6.374999999999982e-10	6.374999999999982e-10	3.37499999999999e-10	1.874999999999995e-10	4.124999999999988e-10	7.499999999999978e-11	1.874999999999995e-10	5.999999999999982e-10	1.349999999999996e-09	1.874999999999994e-09	7.874999999999976e-10	1.124999999999997e-10	1.874999999999995e-10	3.637499999999989e-08	1.447499999999996e-08	8.999999999999973e-09	1.349999999999996e-08	8.662499999999974e-09	1.349999999999996e-09
5.924999999999983e-09	5.699999999999983e-09	3.29999999999999e-09	4.349999999999987e-09	1.424999999999996e-09	2.249999999999993e-10	2.549999999999993e-09	6.86249999999998e-09	3.28874999999999e-08	1.874999999999994e-09	2.549999999999993e-09	2.924999999999991e-09	4.237499999999987e-09	1.323749999999996e-08	3.899999999999989e-09	2.249999999999993e-09	6.224999999999982e-09	3.749999999999989e-09	3.712499999999989e-09	2.118749999999994e-08	3.003749999999991e-08	1.109999999999997e-08	4.124999999999988e-10	1.649999999999995e-09	4.124999999999988e-10	7.499999999999978e-11	2.624999999999992e-10	1.162499999999997e-09	2.924999999999991e-09	6.74999999999998e-09	7.387499999999978e-09	2.062499999999994e-09	4.612499999999987e-09	3.899999999999989e-09	1.724999999999995e-09	6.374999999999982e-10	2.212499999999993e-09	1.424999999999996e-09	2.587499999999993e-08	6.112499999999981e-08	5.812499999999983e-09	2.249999999999993e-10	1.274999999999996e-09	4.124999999999988e-10	3.862499999999988e-09	3.41249999999999e-09	5.324999999999984e-09	1.687499999999995e-09	0	1.199999999999996e-09	5.099999999999985e-09	2.339999999999993e-08	4.499999999999987e-10	4.499999999999987e-10	5.962499999999982e-09	3.862499999999988e-09	3.37499999999999e-10	9.374999999999972e-10	6.404999999999981e-08	2.564999999999993e-08	3.29999999999999e-09	1.049999999999997e-09	2.501249999999993e-08	2.227499999999993e-08	5.887499999999982e-09	7.762499999999978e-09	3.899999999999989e-09	2.081249999999994e-08	4.199999999999988e-09	2.624999999999992e-10	4.124999999999988e-10	7.499999999999978e-10	2.999999999999991e-09	1.563749999999995e-08	1.124999999999997e-10	5.624999999999983e-10	1.837499999999995e-09	1.087499999999997e-09	1.874999999999994e-09	8.249999999999976e-10	7.874999999999976e-10	9.749999999999972e-10	3.749999999999989e-10	3.22499999999999e-09	1.124999999999997e-10	3.749999999999989e-11	7.499999999999978e-11	3.37499999999999e-10	0	3.749999999999989e-11	5.624999999999983e-10	1.274999999999996e-09	3.074999999999991e-09	7.499999999999978e-10	1.874999999999995e-10	7.499999999999978e-11	5.624999999999983e-10	2.962499999999991e-09	7.874999999999976e-10	8.249999999999976e-10	8.999999999999973e-10	2.812499999999992e-09	5.999999999999982e-10	1.499999999999996e-10	3.26249999999999e-09	3.037499999999991e-09	2.849999999999992e-09	7.499999999999978e-11	2.362499999999993e-09	1.619999999999995e-08	8.249999999999976e-10	2.212499999999993e-09	3.749999999999989e-10	2.624999999999992e-10	9.749999999999972e-10	3.37499999999999e-10	2.624999999999992e-10	0	3.749999999999989e-11	1.349999999999996e-09	2.137499999999994e-09	5.249999999999985e-10	5.287499999999984e-09	1.687499999999995e-09	4.574999999999986e-09	1.274999999999996e-09	0	-3.749999999999989e-11
1.454999999999996e-08	8.437499999999975e-09	6.86249999999998e-09	4.724999999999986e-09	2.924999999999991e-09	1.053749999999997e-08	2.887499999999992e-09	1.349999999999996e-09	1.574999999999995e-09	3.52499999999999e-09	1.499999999999996e-08	1.679999999999995e-08	2.812499999999992e-09	6.262499999999982e-09	1.072499999999997e-08	2.621249999999992e-08	1.799999999999995e-09	1.799999999999995e-09	5.662499999999984e-09	4.286249999999987e-08	8.887499999999975e-09	6.74999999999998e-10	2.624999999999992e-10	1.537499999999996e-09	2.362499999999993e-09	2.099999999999994e-09	1.312499999999996e-09	2.024999999999994e-09	5.999999999999982e-10	1.274999999999996e-09	2.774999999999992e-09	3.33749999999999e-09	1.387499999999996e-09	1.912499999999994e-09	1.012499999999997e-09	1.424999999999996e-09	4.012499999999988e-09	2.174999999999993e-09	1.237499999999996e-08	6.74999999999998e-10	4.162499999999988e-09	1.096874999999997e-07	1.739999999999995e-08	1.349999999999996e-09	9.562499999999972e-09	2.823749999999992e-08	1.031249999999997e-08	7.237499999999979e-09	1.087499999999997e-09	0	3.749999999999989e-11	3.674999999999989e-09	4.102499999999988e-08	3.149999999999991e-09	3.37499999999999e-10	5.624999999999983e-10	4.874999999999986e-10	2.249999999999993e-10	2.249999999999993e-10	1.237499999999996e-09	1.162499999999997e-09	1.687499999999995e-09	2.996249999999992e-08	5.707499999999983e-08	4.912499999999985e-09	9.374999999999972e-10	2.287499999999993e-09	2.257499999999993e-08	1.571249999999995e-08	1.724999999999995e-09	7.874999999999976e-10	7.949999999999977e-09	6.224999999999982e-09	3.749999999999989e-11	2.999999999999991e-10	3.712499999999989e-09	1.499999999999996e-09	7.874999999999976e-10	2.624999999999992e-10	4.499999999999987e-10	1.724999999999995e-09	2.362499999999993e-09	3.33749999999999e-09	8.999999999999973e-10	3.37499999999999e-10	3.37499999999999e-10	1.574999999999995e-09	7.949999999999977e-09	2.223749999999993e-08	8.962499999999974e-09	2.999999999999991e-10	1.799999999999995e-09	2.849999999999992e-09	5.174999999999985e-09	1.874999999999994e-09	2.999999999999991e-10	7.124999999999979e-10	1.724999999999995e-09	4.162499999999988e-09	7.499999999999978e-11	1.124999999999997e-10	4.874999999999986e-10	1.274999999999996e-09	7.124999999999979e-10	4.874999999999986e-10	7.499999999999978e-10	4.874999999999986e-10	4.124999999999988e-10	2.999999999999991e-10	4.874999999999986e-10	1.649999999999995e-09	2.662499999999992e-09	2.437499999999993e-09	1.424999999999996e-09	4.837499999999985e-09	8.699999999999974e-09	1.601249999999995e-08	1.308749999999996e-08	6.74999999999998e-10	-3.749999999999989e-11	3.749999999999989e-11	7.874999999999976e-10	1.413749999999996e-08	4.649999999999986e-09	7.124999999999979e-10	1.124999999999997e-09	5.624999999999983e-10	-3.749999999999989e-11
1.072499999999997e-08	7.537499999999977e-09	5.849999999999983e-09	5.662499999999984e-09	1.177499999999996e-08	1.136249999999997e-08	1.173749999999997e-08	9.824999999999971e-09	3.44999999999999e-09	3.18749999999999e-09	8.437499999999975e-09	1.424999999999996e-09	4.087499999999988e-09	2.624999999999992e-09	2.624999999999992e-09	4.874999999999986e-09	1.117499999999997e-08	1.473749999999996e-08	4.473749999999987e-08	1.421249999999996e-08	1.031249999999997e-08	3.749999999999989e-11	2.999999999999991e-10	1.874999999999994e-09	2.902499999999991e-08	2.437499999999993e-09	3.712499999999989e-09	2.437499999999993e-09	7.499999999999978e-10	2.999999999999991e-10	8.362499999999975e-09	1.623749999999995e-08	4.664999999999987e-08	1.784999999999995e-08	4.124999999999988e-09	5.399999999999984e-09	2.111249999999994e-08	1.199999999999997e-08	9.149999999999973e-09	4.162499999999988e-09	3.749999999999989e-11	3.44999999999999e-09	5.212499999999985e-09	3.52499999999999e-09	3.161249999999991e-08	2.261249999999993e-08	8.812499999999974e-09	1.049999999999997e-08	3.56249999999999e-09	3.749999999999989e-11	1.124999999999997e-10	7.499999999999978e-11	1.874999999999995e-10	1.237499999999996e-09	4.049999999999988e-09	1.777499999999995e-08	7.124999999999979e-10	2.999999999999991e-10	2.024999999999994e-09	5.249999999999985e-10	2.999999999999991e-09	3.22499999999999e-09	4.799999999999986e-09	8.812499999999974e-09	7.874999999999976e-10	2.249999999999993e-10	1.286249999999996e-08	5.009999999999985e-08	3.037499999999991e-09	3.18749999999999e-09	2.474999999999993e-09	7.124999999999979e-10	1.646249999999995e-08	7.237499999999979e-09	3.749999999999989e-10	8.999999999999973e-10	9.749999999999972e-10	8.624999999999975e-10	1.012499999999997e-09	8.249999999999976e-10	3.37499999999999e-10	2.399999999999993e-09	3.749999999999989e-09	1.312499999999996e-09	1.424999999999996e-09	4.124999999999988e-10	2.249999999999993e-09	6.937499999999979e-09	8.287499999999976e-09	7.124999999999979e-10	3.749999999999989e-10	0	2.024999999999994e-09	5.024999999999985e-09	1.274999999999996e-09	2.999999999999991e-10	5.512499999999984e-09	1.166249999999997e-08	9.149999999999973e-09	3.074999999999991e-09	4.874999999999986e-10	6.74999999999998e-10	2.549999999999993e-09	5.624999999999983e-10	4.687499999999987e-09	7.949999999999977e-09	1.162499999999997e-08	8.024999999999976e-09	1.499999999999996e-09	5.999999999999982e-10	2.999999999999991e-10	9.374999999999972e-10	8.249999999999976e-10	1.124999999999997e-09	1.274999999999996e-09	9.112499999999973e-09	1.023749999999997e-08	8.362499999999975e-09	1.912499999999994e-09	1.394999999999996e-08	5.062499999999985e-09	3.22499999999999e-09	2.737499999999992e-09	1.612499999999995e-09	4.874999999999986e-10	1.499999999999996e-10	2.624999999999992e-10	1.087499999999997e-09
6.78749999999998e-09	4.874999999999986e-09	6.449999999999981e-09	3.38999999999999e-08	3.749999999999989e-09	1.499999999999996e-08	7.087499999999979e-09	5.287499999999984e-09	3.48749999999999e-09	1.593749999999995e-08	8.362499999999975e-09	7.124999999999979e-10	3.29999999999999e-09	2.774999999999992e-09	5.924999999999983e-09	5.399999999999984e-09	3.41249999999999e-09	1.102499999999997e-08	8.774999999999974e-09	2.639999999999992e-08	3.824999999999989e-09	2.587499999999993e-09	1.499999999999996e-09	8.249999999999976e-10	5.099999999999985e-09	3.26249999999999e-09	2.831249999999992e-08	2.174999999999994e-08	1.012499999999997e-09	5.624999999999983e-10	1.387499999999996e-09	2.369999999999993e-08	3.43499999999999e-08	1.499999999999996e-09	7.162499999999979e-09	2.002499999999994e-08	1.034999999999997e-08	5.249999999999985e-09	1.496249999999996e-08	5.399999999999984e-09	1.274999999999996e-09	1.447499999999996e-08	1.222499999999996e-08	4.499999999999987e-10	4.537499999999987e-09	6.224999999999982e-09	2.482499999999993e-08	1.687499999999995e-09	2.624999999999992e-10	5.624999999999983e-10	2.774999999999992e-09	1.312499999999996e-09	8.624999999999975e-10	7.124999999999979e-10	1.574999999999995e-09	1.859999999999994e-08	3.599999999999989e-08	3.194999999999991e-08	6.037499999999982e-09	1.353749999999996e-08	1.199999999999996e-09	5.624999999999983e-10	5.624999999999983e-10	3.119999999999991e-08	1.406249999999996e-08	4.649999999999986e-09	9.149999999999973e-09	4.124999999999988e-09	3.41249999999999e-09	1.799999999999995e-09	7.499999999999978e-11	7.499999999999978e-11	1.949999999999994e-09	3.749999999999989e-11	9.749999999999972e-10	1.312499999999996e-09	4.874999999999986e-10	0	1.124999999999997e-10	3.37499999999999e-10	0	4.874999999999986e-10	5.212499999999985e-09	4.124999999999988e-09	4.237499999999987e-09	2.362499999999993e-09	2.287499999999993e-09	1.087499999999997e-09	1.687499999999995e-09	5.362499999999984e-09	5.324999999999984e-09	3.862499999999988e-09	4.612499999999987e-09	3.37499999999999e-10	2.849999999999992e-09	3.686249999999989e-08	3.903749999999988e-08	2.051249999999994e-08	6.86249999999998e-09	5.624999999999983e-10	8.624999999999975e-10	1.724999999999995e-09	1.199999999999996e-09	4.499999999999987e-10	1.762499999999995e-09	2.962499999999991e-09	8.249999999999976e-10	3.749999999999989e-11	1.874999999999995e-10	-3.749999999999989e-11	1.012499999999997e-09	4.499999999999987e-09	5.212499999999985e-09	2.999999999999991e-10	2.999999999999991e-10	8.287499999999976e-09	2.189999999999993e-08	3.716249999999989e-08	1.242749999999996e-07	1.274999999999996e-09	1.387499999999996e-09	2.212499999999993e-09	1.537499999999996e-09	1.387499999999996e-09	-3.749999999999989e-11	-3.749999999999989e-11	0	7.499999999999978e-11
1.274999999999996e-09	7.537499999999977e-09	7.237499999999979e-09	8.999999999999973e-09	8.212499999999975e-09	2.793749999999992e-08	4.199999999999988e-09	5.287499999999984e-09	1.166249999999997e-08	2.849999999999992e-09	3.749999999999989e-10	4.124999999999988e-10	5.624999999999983e-10	1.012499999999997e-08	4.762499999999986e-09	4.087499999999988e-09	2.812499999999992e-09	6.187499999999982e-09	2.062499999999994e-09	1.417499999999996e-08	1.608749999999995e-08	2.418749999999993e-08	3.32999999999999e-08	7.912499999999977e-09	2.999999999999991e-10	0	2.474999999999993e-09	5.887499999999982e-09	8.099999999999977e-09	6.112499999999982e-09	2.174999999999993e-09	7.649999999999978e-09	9.937499999999971e-09	1.717499999999995e-08	1.488749999999996e-08	3.063749999999991e-08	1.079999999999997e-08	8.287499999999976e-09	6.82499999999998e-09	1.064999999999997e-08	2.999999999999991e-10	1.087499999999997e-09	1.826249999999995e-08	3.599999999999989e-09	2.212499999999993e-09	2.737499999999992e-09	4.349999999999987e-09	7.499999999999978e-10	8.999999999999973e-10	2.024999999999994e-09	3.749999999999989e-09	1.049999999999997e-09	4.124999999999988e-10	3.23624999999999e-08	3.40499999999999e-08	9.262499999999973e-09	1.244999999999996e-08	1.229999999999996e-08	4.874999999999986e-10	7.124999999999979e-10	4.874999999999986e-10	1.424999999999996e-09	1.514999999999996e-08	2.002499999999994e-08	1.919999999999994e-08	2.178749999999994e-08	7.987499999999976e-09	2.287499999999993e-09	1.387499999999996e-09	3.33749999999999e-09	1.124999999999997e-10	3.749999999999989e-10	0	3.749999999999989e-11	1.349999999999996e-09	1.049999999999997e-09	5.624999999999983e-10	1.987499999999994e-09	9.97499999999997e-09	1.402499999999996e-08	8.737499999999975e-09	9.224999999999973e-09	2.512499999999993e-09	7.124999999999979e-10	3.074999999999991e-09	3.712499999999989e-09	8.249999999999976e-10	2.549999999999993e-09	7.124999999999979e-10	1.424999999999996e-09	5.662499999999984e-09	1.424999999999996e-08	5.999999999999982e-10	1.537499999999996e-09	1.499999999999996e-09	3.937499999999988e-09	1.417499999999996e-08	5.227499999999984e-08	2.579999999999992e-08	3.149999999999991e-09	6.374999999999982e-10	8.624999999999975e-10	5.249999999999985e-10	9.374999999999972e-10	1.124999999999997e-09	1.312499999999996e-09	2.699999999999992e-09	1.012499999999997e-09	3.749999999999989e-11	2.249999999999993e-10	7.874999999999976e-10	3.37499999999999e-10	1.799999999999995e-09	8.624999999999975e-10	2.249999999999993e-10	3.749999999999989e-11	2.999999999999991e-10	5.099999999999985e-09	1.698749999999995e-08	3.53624999999999e-08	2.598749999999992e-08	1.199999999999996e-09	2.249999999999993e-10	-7.499999999999978e-11	3.749999999999989e-11	5.624999999999983e-10	1.124999999999997e-10	-3.749999999999989e-11
3.787499999999989e-09	2.024999999999994e-09	1.049999999999997e-08	5.812499999999983e-09	1.916249999999994e-08	1.398749999999996e-08	8.849999999999973e-09	2.887499999999992e-09	2.362499999999993e-09	1.537499999999996e-09	1.724999999999995e-09	2.324999999999993e-09	5.174999999999985e-09	6.262499999999982e-09	3.637499999999989e-09	5.999999999999982e-10	5.624999999999983e-10	1.762499999999995e-09	1.124999999999997e-09	1.634999999999995e-08	5.163749999999985e-08	2.534999999999993e-08	1.113749999999997e-08	8.924999999999974e-09	4.124999999999988e-10	7.499999999999978e-11	5.624999999999983e-10	5.662499999999984e-09	1.424999999999996e-09	1.098749999999997e-08	5.437499999999984e-09	2.474999999999993e-09	7.124999999999979e-10	5.699999999999983e-09	5.216249999999985e-08	1.327499999999996e-08	9.749999999999972e-09	1.297499999999996e-08	7.162499999999979e-09	7.799999999999977e-09	4.124999999999988e-09	-3.749999999999989e-11	-3.749999999999989e-11	1.124999999999997e-10	2.332499999999993e-08	2.324999999999993e-08	7.537499999999977e-09	-3.749999999999989e-11	2.399999999999993e-09	1.792499999999995e-08	1.916249999999994e-08	2.549999999999993e-09	3.749999999999989e-11	5.249999999999985e-10	1.466249999999996e-08	2.834999999999992e-08	1.012499999999997e-08	1.387499999999996e-09	5.999999999999982e-10	1.087499999999997e-09	5.624999999999983e-10	2.474999999999993e-09	1.582499999999995e-08	2.714999999999992e-08	1.233749999999996e-08	8.624999999999975e-10	2.024999999999994e-09	3.44999999999999e-09	2.099999999999994e-09	0	4.874999999999986e-10	5.999999999999982e-10	2.999999999999991e-10	-3.749999999999989e-11	5.624999999999983e-10	3.52499999999999e-09	1.799999999999995e-09	4.087499999999988e-09	9.787499999999971e-09	1.912499999999994e-08	1.334999999999996e-08	2.999999999999991e-09	8.249999999999976e-10	7.499999999999978e-11	1.612499999999995e-09	4.124999999999988e-09	4.874999999999986e-10	1.574999999999995e-09	6.78749999999998e-09	3.599999999999989e-09	1.274999999999996e-09	7.499999999999978e-10	4.499999999999987e-10	1.837499999999995e-09	8.624999999999975e-10	7.874999999999976e-10	2.062499999999994e-09	1.777499999999995e-08	1.364999999999996e-08	3.037499999999991e-09	1.499999999999996e-10	7.499999999999978e-11	5.249999999999985e-10	3.749999999999989e-10	4.199999999999988e-09	1.649999999999995e-09	1.462499999999996e-09	2.212499999999993e-09	3.749999999999989e-11	-3.749999999999989e-11	1.874999999999995e-10	1.124999999999997e-10	3.749999999999989e-10	0	3.749999999999989e-10	1.724999999999995e-09	7.499999999999978e-10	8.249999999999976e-10	2.512499999999993e-09	1.874999999999994e-09	1.237499999999996e-09	4.837499999999985e-09	3.749999999999989e-11	5.624999999999983e-10	-3.749999999999989e-11	1.162499999999997e-09	3.749999999999989e-11	-3.749999999999989e-11
2.999999999999991e-10	1.837499999999995e-09	1.331249999999996e-08	3.42749999999999e-08	1.109999999999997e-08	1.049999999999997e-08	8.399999999999976e-09	7.687499999999977e-09	7.087499999999979e-09	7.649999999999978e-09	4.762499999999986e-09	1.649999999999995e-09	1.949999999999994e-09	2.399999999999993e-09	4.087499999999988e-09	2.999999999999991e-09	3.29999999999999e-09	4.687499999999987e-09	1.012499999999997e-09	3.52499999999999e-09	6.532499999999981e-08	5.924999999999983e-09	7.424999999999978e-09	9.449999999999972e-09	3.824999999999989e-09	1.874999999999995e-10	1.462499999999996e-09	8.624999999999975e-10	6.374999999999982e-10	2.249999999999993e-09	9.112499999999973e-09	2.212499999999993e-09	7.124999999999979e-10	5.737499999999984e-09	1.676249999999995e-08	1.631249999999995e-08	5.088749999999985e-08	1.049999999999997e-08	5.887499999999982e-09	4.349999999999987e-09	1.364999999999996e-08	9.787499999999971e-09	7.462499999999978e-09	2.624999999999992e-10	5.624999999999983e-10	1.274999999999996e-09	2.624999999999992e-10	1.874999999999995e-10	4.499999999999987e-10	2.624999999999992e-10	6.374999999999982e-10	2.999999999999991e-09	3.749999999999989e-10	7.874999999999976e-10	3.037499999999991e-09	1.391249999999996e-08	8.804999999999975e-08	9.599999999999972e-09	7.499999999999978e-10	1.274999999999996e-09	7.499999999999978e-11	1.124999999999997e-09	4.087499999999988e-09	7.387499999999978e-09	9.862499999999972e-09	1.072499999999997e-08	1.301249999999996e-08	1.274999999999996e-09	5.249999999999985e-10	0	3.749999999999989e-11	4.874999999999986e-10	4.124999999999988e-10	3.749999999999989e-11	7.499999999999978e-11	2.249999999999993e-10	1.237499999999996e-09	4.312499999999987e-09	7.537499999999977e-09	2.231249999999994e-08	2.062499999999994e-09	1.387499999999996e-09	1.912499999999994e-09	3.749999999999989e-11	7.499999999999978e-10	1.949999999999994e-09	4.049999999999988e-09	6.374999999999982e-10	5.249999999999985e-10	1.649999999999995e-09	4.124999999999988e-10	3.749999999999989e-11	2.174999999999993e-09	1.612499999999995e-09	1.499999999999996e-10	-3.749999999999989e-11	-3.749999999999989e-11	1.087499999999997e-09	2.099999999999994e-09	1.462499999999996e-09	7.499999999999978e-11	-3.749999999999989e-11	1.124999999999997e-10	3.599999999999989e-09	4.987499999999985e-09	4.874999999999986e-10	1.987499999999994e-09	4.237499999999987e-09	5.249999999999985e-09	1.237499999999996e-09	1.124999999999997e-09	2.024999999999994e-09	3.37499999999999e-09	1.199999999999996e-09	2.624999999999992e-10	8.999999999999973e-10	2.849999999999992e-09	9.412499999999973e-09	3.824999999999989e-09	2.999999999999991e-10	2.999999999999991e-10	-3.749999999999989e-11	-3.749999999999989e-11	-3.749999999999989e-11	-3.749999999999989e-11	1.687499999999995e-09	1.274999999999996e-09	5.249999999999985e-10
4.649999999999986e-09	8.699999999999974e-09	5.662499999999984e-09	9.374999999999972e-10	8.999999999999973e-10	1.949999999999994e-09	6.112499999999982e-09	2.343749999999993e-08	6.937499999999979e-09	2.789999999999992e-08	6.599999999999981e-09	2.062499999999994e-09	2.474999999999993e-09	6.449999999999981e-09	1.694999999999995e-08	1.739999999999995e-08	1.229999999999996e-08	9.862499999999972e-09	8.624999999999975e-10	1.653749999999995e-08	8.587499999999975e-09	9.787499999999971e-09	1.649999999999995e-09	2.437499999999993e-09	2.999999999999991e-10	7.124999999999979e-10	9.374999999999972e-10	1.199999999999996e-09	1.724999999999995e-09	3.037499999999991e-09	3.37499999999999e-10	1.631249999999995e-08	2.024999999999994e-08	1.499999999999996e-09	4.124999999999988e-10	9.374999999999972e-10	1.282499999999996e-08	6.46874999999998e-08	8.249999999999976e-09	1.151249999999997e-08	6.112499999999982e-09	3.824999999999989e-09	8.399999999999976e-09	4.237499999999987e-09	3.749999999999989e-11	1.349999999999996e-09	3.41249999999999e-09	1.814999999999995e-08	1.657499999999995e-08	7.499999999999978e-11	6.74999999999998e-10	1.874999999999994e-09	1.837499999999995e-09	6.74999999999998e-10	3.37499999999999e-10	4.049999999999988e-09	4.874999999999986e-09	8.624999999999975e-10	1.874999999999994e-09	1.274999999999996e-09	9.749999999999972e-10	1.049999999999997e-09	5.737499999999984e-09	1.796249999999995e-08	3.191249999999991e-08	7.199999999999978e-09	1.912499999999994e-09	6.374999999999982e-10	8.999999999999973e-10	1.162499999999997e-09	1.087499999999997e-09	4.012499999999988e-09	2.737499999999992e-09	3.937499999999988e-09	2.399999999999993e-09	2.062499999999994e-09	1.087499999999997e-09	2.849999999999992e-09	7.987499999999976e-09	2.887499999999992e-09	3.37499999999999e-10	1.874999999999995e-10	4.874999999999986e-10	2.624999999999992e-10	1.874999999999995e-10	1.049999999999997e-09	3.712499999999989e-09	2.399999999999993e-09	1.199999999999996e-09	7.499999999999978e-09	1.274999999999996e-09	5.999999999999982e-10	2.024999999999994e-09	8.549999999999976e-09	3.33749999999999e-09	4.987499999999985e-09	2.624999999999992e-10	2.624999999999992e-10	1.762499999999995e-09	3.149999999999991e-09	2.999999999999991e-10	-3.749999999999989e-11	3.749999999999989e-10	2.699999999999992e-09	1.106249999999997e-08	1.537499999999996e-09	5.137499999999985e-09	1.237499999999996e-09	8.624999999999975e-10	0	3.37499999999999e-10	3.149999999999991e-09	6.337499999999981e-09	2.624999999999992e-09	1.537499999999996e-09	1.874999999999995e-10	7.874999999999976e-10	1.949999999999994e-09	1.687499999999995e-09	1.312499999999996e-09	1.124999999999997e-10	-3.749999999999989e-11	5.249999999999985e-10	7.499999999999978e-11	7.499999999999978e-11	-3.749999999999989e-11	1.724999999999995e-09	7.499999999999978e-10
7.574999999999978e-09	7.912499999999977e-09	4.912499999999985e-09	7.04999999999998e-09	1.132499999999997e-08	8.924999999999974e-09	1.612499999999995e-09	2.024999999999994e-09	1.323749999999996e-08	2.369999999999993e-08	8.924999999999974e-09	7.199999999999978e-09	2.137499999999994e-09	1.211249999999996e-08	1.638749999999995e-08	1.068749999999997e-08	5.287499999999984e-09	6.149999999999982e-09	9.037499999999974e-09	1.424999999999996e-09	4.724999999999986e-09	1.908749999999995e-08	7.424999999999978e-09	1.244999999999996e-08	2.212499999999993e-09	5.624999999999983e-10	1.349999999999996e-09	6.82499999999998e-09	2.962499999999991e-09	1.274999999999996e-09	4.499999999999987e-10	1.387499999999996e-09	4.349999999999987e-09	4.049999999999988e-09	1.387499999999996e-09	2.024999999999994e-09	1.424999999999996e-08	2.962499999999991e-09	3.22499999999999e-09	5.257499999999985e-08	3.671249999999989e-08	1.372499999999996e-08	3.149999999999991e-09	9.562499999999972e-09	2.737499999999992e-09	1.882499999999995e-08	1.293749999999996e-08	9.037499999999974e-09	7.912499999999977e-09	7.724999999999977e-09	7.874999999999976e-10	4.199999999999988e-09	1.642499999999995e-08	4.387499999999987e-09	4.874999999999986e-10	1.837499999999995e-09	1.462499999999996e-09	2.924999999999991e-09	5.249999999999985e-10	4.874999999999986e-10	1.012499999999997e-09	1.094999999999997e-08	1.859999999999994e-08	2.279999999999993e-08	3.599999999999989e-09	2.962499999999991e-09	5.249999999999985e-10	2.114999999999994e-08	4.563749999999987e-08	2.624999999999992e-09	3.749999999999989e-11	2.399999999999993e-09	3.599999999999989e-09	1.687499999999995e-09	1.049999999999997e-09	7.499999999999978e-11	2.587499999999993e-09	3.52499999999999e-09	7.387499999999978e-09	1.664999999999995e-08	1.886249999999994e-08	3.112499999999991e-09	1.874999999999995e-10	2.249999999999993e-10	2.999999999999991e-10	1.499999999999996e-10	1.049999999999997e-09	3.52499999999999e-09	2.062499999999994e-09	4.499999999999987e-10	6.74999999999998e-10	1.874999999999995e-10	1.237499999999996e-09	8.737499999999975e-09	6.374999999999981e-09	1.537499999999996e-09	4.124999999999988e-10	1.874999999999995e-10	8.624999999999975e-10	1.724999999999995e-08	1.897499999999994e-08	3.678749999999989e-08	7.724999999999977e-09	3.674999999999989e-09	4.874999999999986e-10	7.499999999999978e-11	1.687499999999995e-09	8.249999999999976e-09	4.124999999999988e-09	5.999999999999982e-10	3.37499999999999e-10	1.124999999999997e-10	3.37499999999999e-10	3.974999999999988e-09	3.37499999999999e-10	5.624999999999983e-10	3.112499999999991e-09	8.999999999999973e-10	1.049999999999997e-09	3.749999999999989e-10	-3.749999999999989e-11	-3.749999999999989e-11	1.874999999999995e-10	1.462499999999996e-09	6.74999999999998e-10	1.499999999999996e-09	1.649999999999995e-09	6.74999999999998e-10
9.524999999999973e-09	5.849999999999983e-09	4.687499999999987e-09	1.068749999999997e-08	1.428749999999996e-08	1.229999999999996e-08	8.212499999999975e-09	2.962499999999991e-09	1.049999999999997e-08	1.814999999999995e-08	9.749999999999972e-10	1.942499999999994e-08	2.662499999999992e-09	1.556249999999995e-08	1.252499999999996e-08	6.187499999999982e-09	1.012499999999997e-09	8.587499999999975e-09	1.049999999999997e-09	4.499999999999987e-10	7.124999999999979e-10	1.124999999999997e-10	1.874999999999995e-10	5.699999999999983e-09	5.249999999999985e-09	2.249999999999993e-10	4.912499999999985e-09	1.184999999999997e-08	1.709999999999995e-08	6.97499999999998e-09	3.29999999999999e-09	1.837499999999995e-09	2.474999999999993e-09	4.012499999999988e-09	4.874999999999986e-10	8.816249999999974e-08	1.136249999999997e-08	1.893749999999994e-08	1.237499999999996e-09	9.074999999999974e-09	8.849999999999973e-09	3.599999999999989e-09	2.981249999999991e-08	2.812499999999992e-09	3.749999999999989e-10	3.56249999999999e-09	1.507499999999995e-08	2.962499999999991e-08	5.999999999999983e-09	1.499999999999996e-09	3.749999999999989e-10	2.174999999999993e-09	4.162499999999988e-09	2.587499999999993e-09	3.37499999999999e-10	1.237499999999996e-09	1.162499999999997e-09	1.049999999999997e-09	0	-3.749999999999989e-11	3.48749999999999e-09	6.89999999999998e-09	5.324999999999984e-09	8.062499999999977e-09	1.184999999999997e-08	2.587499999999993e-09	2.999999999999991e-10	2.981249999999991e-08	3.007499999999991e-08	2.174999999999993e-09	7.499999999999978e-11	3.37499999999999e-10	7.387499999999978e-09	6.637499999999981e-09	3.937499999999988e-09	6.374999999999982e-10	9.524999999999973e-09	1.848749999999995e-08	2.343749999999993e-08	1.762499999999995e-08	2.216249999999993e-08	1.004999999999997e-08	5.399999999999984e-09	2.699999999999992e-09	7.874999999999976e-10	1.124999999999997e-10	5.587499999999984e-09	1.706249999999995e-08	2.812499999999992e-09	5.999999999999982e-10	1.124999999999997e-10	3.749999999999989e-10	2.624999999999992e-10	3.37499999999999e-10	5.624999999999983e-10	6.74999999999998e-10	7.124999999999979e-10	3.37499999999999e-10	3.37499999999999e-10	9.262499999999973e-09	1.979999999999994e-08	1.046249999999997e-08	1.199999999999996e-09	0	3.749999999999989e-11	0	2.624999999999992e-10	3.749999999999989e-10	2.024999999999994e-09	0	5.437499999999984e-09	5.249999999999985e-10	7.124999999999979e-10	3.149999999999991e-09	5.999999999999982e-10	1.874999999999994e-09	6.89999999999998e-09	2.737499999999992e-09	1.199999999999996e-09	2.624999999999992e-10	1.312499999999996e-09	2.249999999999993e-10	3.749999999999989e-11	4.874999999999986e-09	6.637499999999981e-09	5.099999999999985e-09	1.038749999999997e-08	3.074999999999991e-09
5.549999999999984e-09	3.899999999999989e-09	1.559999999999995e-08	5.099999999999985e-09	7.199999999999978e-09	8.774999999999974e-09	1.143749999999997e-08	1.394999999999996e-08	6.374999999999981e-09	9.749999999999972e-09	5.324999999999984e-09	2.699999999999992e-09	1.462499999999996e-09	1.987499999999994e-09	2.516249999999993e-08	1.027499999999997e-08	2.699999999999992e-09	1.724999999999995e-09	1.237499999999996e-09	2.549999999999993e-09	2.287499999999993e-09	1.049999999999997e-09	1.312499999999996e-09	1.162499999999997e-09	1.012499999999997e-09	1.049999999999997e-09	1.574999999999995e-09	2.099999999999994e-09	1.297499999999996e-08	3.28124999999999e-08	2.422499999999993e-08	3.749999999999989e-10	2.099999999999994e-09	5.512499999999984e-09	6.449999999999981e-09	4.139999999999988e-08	2.501249999999993e-08	2.276249999999993e-08	1.046249999999997e-08	7.537499999999977e-09	1.027499999999997e-08	9.337499999999972e-09	5.287499999999984e-09	3.937499999999988e-09	1.874999999999995e-10	7.499999999999978e-11	2.249999999999993e-10	1.492499999999996e-08	2.448749999999993e-08	4.124999999999988e-10	1.387499999999996e-09	1.087499999999997e-09	5.624999999999983e-10	3.37499999999999e-10	1.087499999999997e-09	5.512499999999984e-09	5.137499999999985e-09	1.424999999999996e-09	4.874999999999986e-10	7.124999999999979e-10	1.848749999999995e-08	4.331249999999987e-08	1.638749999999995e-08	1.199999999999997e-08	1.417499999999996e-08	3.899999999999989e-09	7.124999999999979e-10	7.499999999999978e-10	2.999999999999991e-09	2.662499999999992e-09	4.499999999999987e-10	3.749999999999989e-11	1.274999999999996e-09	5.212499999999985e-09	1.016249999999997e-08	5.024999999999985e-09	1.799999999999995e-09	1.331249999999996e-08	2.797499999999992e-08	1.634999999999995e-08	1.769999999999995e-08	1.612499999999995e-08	1.409999999999996e-08	2.122499999999994e-08	1.462499999999996e-09	6.149999999999982e-09	1.316249999999996e-08	1.728749999999995e-08	3.37499999999999e-09	5.249999999999985e-10	-3.749999999999989e-11	0	3.749999999999989e-11	7.499999999999978e-11	3.749999999999989e-10	1.499999999999996e-10	2.249999999999993e-10	1.874999999999995e-10	7.499999999999978e-11	2.474999999999993e-09	2.624999999999992e-10	1.949999999999994e-09	6.74999999999998e-10	2.624999999999992e-10	1.537499999999996e-09	1.462499999999996e-09	2.249999999999993e-10	1.124999999999997e-10	3.29999999999999e-09	1.574999999999995e-09	8.624999999999975e-10	-3.749999999999989e-11	1.499999999999996e-10	3.37499999999999e-10	1.762499999999995e-09	7.612499999999978e-09	1.049999999999997e-08	1.177499999999996e-08	2.962499999999991e-09	9.374999999999972e-10	1.987499999999994e-09	2.137499999999994e-09	5.249999999999985e-10	6.224999999999982e-09	2.827499999999992e-08	1.492499999999996e-08	3.52124999999999e-08	3.22499999999999e-09
6.86249999999998e-09	1.098749999999997e-08	1.117499999999997e-08	7.349999999999978e-09	3.637499999999989e-09	1.634999999999995e-08	1.049999999999997e-08	2.324999999999993e-09	5.849999999999983e-09	6.224999999999982e-09	9.299999999999972e-09	4.087499999999988e-09	5.474999999999984e-09	3.29999999999999e-09	2.249999999999993e-09	5.549999999999984e-09	1.312499999999996e-09	1.087499999999997e-09	1.687499999999995e-09	2.437499999999993e-09	3.637499999999989e-09	1.023749999999997e-08	7.687499999999977e-09	2.137499999999994e-09	2.887499999999992e-09	2.774999999999992e-09	2.174999999999993e-09	1.987499999999994e-09	3.179999999999991e-08	6.929999999999979e-08	1.428749999999996e-08	3.37499999999999e-10	3.974999999999988e-09	1.124999999999997e-09	2.999999999999991e-10	3.37499999999999e-09	8.212499999999975e-09	3.974999999999988e-09	7.04999999999998e-09	2.208749999999994e-08	1.121249999999997e-08	1.661249999999995e-08	2.463749999999993e-08	1.132499999999997e-08	5.624999999999983e-10	1.874999999999995e-10	5.999999999999982e-10	2.587499999999993e-09	7.874999999999976e-10	1.124999999999997e-10	3.749999999999989e-11	3.749999999999989e-11	1.499999999999996e-10	5.999999999999982e-10	2.924999999999991e-09	4.724999999999986e-09	1.908749999999995e-08	7.676249999999977e-08	1.402499999999996e-08	1.387499999999996e-09	1.762499999999995e-09	2.474999999999993e-08	1.646249999999995e-08	1.499999999999996e-09	6.487499999999981e-09	1.762499999999995e-08	3.37499999999999e-10	2.999999999999991e-10	8.624999999999975e-10	1.274999999999996e-09	3.749999999999989e-10	2.212499999999993e-09	1.199999999999997e-08	1.087499999999997e-08	3.862499999999988e-09	7.499999999999978e-11	1.312499999999996e-09	1.346249999999996e-08	9.262499999999973e-09	1.196249999999997e-08	1.076249999999997e-08	2.598749999999992e-08	1.567499999999995e-08	6.449999999999981e-09	3.712499999999989e-09	1.169999999999997e-08	3.637499999999989e-09	5.849999999999983e-09	6.374999999999981e-09	3.749999999999989e-10	2.624999999999992e-10	3.37499999999999e-10	1.199999999999996e-09	9.374999999999972e-10	5.624999999999983e-10	6.374999999999982e-10	8.587499999999975e-09	2.478749999999993e-08	3.43124999999999e-08	6.074999999999982e-09	2.437499999999993e-09	0	1.499999999999996e-10	7.874999999999976e-10	4.537499999999987e-09	1.424999999999996e-09	2.999999999999991e-10	1.124999999999997e-10	2.249999999999993e-10	9.337499999999972e-09	5.287499999999984e-09	7.499999999999978e-11	1.124999999999997e-10	1.012499999999997e-09	2.624999999999992e-10	8.999999999999973e-10	3.637499999999989e-09	3.974999999999988e-09	1.162499999999997e-09	1.687499999999995e-09	5.212499999999985e-09	9.337499999999972e-09	1.413749999999996e-08	9.97499999999997e-09	1.289999999999996e-08	1.792499999999995e-08	5.212499999999985e-09	4.424999999999987e-09
9.037499999999974e-09	1.634999999999995e-08	5.474999999999984e-09	6.112499999999982e-09	1.739999999999995e-08	5.437499999999984e-09	1.312499999999996e-08	7.537499999999977e-09	7.687499999999977e-09	2.024999999999994e-09	2.099999999999994e-09	3.862499999999988e-09	1.548749999999996e-08	1.132499999999997e-08	3.074999999999991e-09	2.624999999999992e-10	1.087499999999997e-09	3.56249999999999e-09	5.249999999999985e-10	4.837499999999985e-09	2.722499999999992e-08	5.587499999999984e-09	4.762499999999986e-09	9.524999999999973e-09	3.22499999999999e-09	1.177499999999996e-08	1.323749999999996e-08	2.786249999999992e-08	8.324999999999975e-09	5.324999999999984e-09	1.222499999999996e-08	6.74999999999998e-10	5.999999999999982e-10	6.74999999999998e-10	7.124999999999979e-10	2.249999999999993e-10	1.987499999999994e-09	6.056249999999983e-08	1.211249999999996e-08	6.524999999999981e-09	1.724999999999995e-09	1.012499999999997e-09	8.624999999999975e-10	5.624999999999983e-10	1.162499999999997e-09	1.724999999999995e-09	1.087499999999997e-09	5.137499999999985e-09	1.203749999999996e-08	1.136249999999997e-08	1.574999999999995e-09	7.499999999999978e-10	6.74999999999998e-10	4.874999999999986e-10	2.662499999999992e-09	2.887499999999992e-09	5.291249999999985e-08	6.041249999999983e-08	6.74999999999998e-09	1.087499999999997e-09	2.812499999999992e-09	2.662499999999992e-09	3.26249999999999e-09	4.424999999999987e-09	3.36749999999999e-08	1.458749999999996e-08	9.749999999999972e-09	3.37499999999999e-09	4.612499999999987e-09	2.249999999999993e-10	2.624999999999992e-10	5.699999999999983e-09	4.874999999999986e-09	4.199999999999988e-09	1.499999999999996e-10	1.499999999999996e-10	8.624999999999975e-10	3.56249999999999e-09	2.549999999999993e-09	8.887499999999975e-09	1.053749999999997e-08	1.143749999999997e-08	1.199999999999997e-08	8.737499999999975e-09	1.499999999999996e-10	4.499999999999987e-09	6.037499999999982e-09	6.299999999999981e-09	1.694999999999995e-08	2.287499999999993e-09	-3.749999999999989e-11	7.499999999999978e-11	2.624999999999992e-10	4.124999999999988e-10	2.624999999999992e-10	3.33749999999999e-09	2.876249999999991e-08	3.45374999999999e-08	1.207499999999996e-08	3.809999999999989e-08	3.26999999999999e-08	4.124999999999988e-10	0	1.499999999999996e-10	1.499999999999996e-10	0	1.499999999999996e-10	7.499999999999978e-11	3.112499999999991e-09	7.574999999999978e-09	6.374999999999981e-09	3.862499999999988e-09	4.087499999999988e-09	1.424999999999996e-09	3.37499999999999e-10	0	8.624999999999975e-10	2.999999999999991e-10	2.249999999999993e-10	6.74999999999998e-10	5.887499999999982e-09	9.899999999999971e-09	8.512499999999974e-09	2.741249999999992e-08	1.117499999999997e-08	2.279999999999993e-08	2.369999999999993e-08	7.537499999999977e-09
1.327499999999996e-08	2.324999999999993e-09	7.762499999999978e-09	7.124999999999979e-09	7.949999999999977e-09	1.402499999999996e-08	4.949999999999986e-09	1.031249999999997e-08	4.124999999999988e-09	2.238749999999993e-08	2.962499999999991e-09	4.499999999999987e-10	1.762499999999995e-09	3.074999999999991e-09	4.837499999999985e-09	3.56249999999999e-09	1.874999999999994e-09	2.069999999999994e-08	2.958749999999991e-08	1.274999999999996e-09	2.062499999999994e-09	8.249999999999976e-10	1.687499999999995e-09	2.137499999999994e-09	3.149999999999991e-09	1.724999999999995e-08	1.691249999999995e-08	2.516249999999993e-08	2.118749999999994e-08	7.762499999999978e-09	7.949999999999977e-09	2.999999999999991e-10	4.874999999999986e-10	5.399999999999984e-09	2.452499999999993e-08	6.599999999999981e-09	2.999999999999991e-10	1.874999999999995e-10	6.82499999999998e-09	5.774999999999983e-09	2.463749999999993e-08	1.102499999999997e-08	1.762499999999995e-09	2.624999999999992e-10	8.249999999999976e-10	7.499999999999978e-10	5.249999999999985e-10	4.499999999999987e-10	3.18749999999999e-09	3.149999999999991e-09	2.212499999999993e-09	7.499999999999978e-10	7.499999999999978e-11	8.249999999999976e-10	8.137499999999976e-09	4.874999999999986e-09	1.012499999999997e-09	2.437499999999993e-09	1.349999999999996e-09	4.987499999999985e-09	8.699999999999974e-09	1.286249999999996e-08	1.338749999999996e-08	1.124999999999997e-09	3.749999999999989e-11	7.499999999999978e-11	1.199999999999996e-09	2.062499999999994e-09	7.124999999999979e-10	1.874999999999995e-10	7.124999999999979e-10	1.687499999999995e-09	3.749999999999989e-09	1.237499999999996e-09	5.999999999999982e-10	5.624999999999983e-10	4.499999999999987e-10	3.749999999999989e-10	2.774999999999992e-09	5.999999999999983e-09	2.069999999999994e-08	1.717499999999995e-08	4.349999999999987e-09	6.374999999999982e-10	0	2.249999999999993e-10	3.749999999999989e-11	3.749999999999989e-11	1.424999999999996e-09	1.049999999999997e-09	6.74999999999998e-10	1.987499999999994e-09	1.334999999999996e-08	6.74999999999998e-09	5.999999999999982e-10	4.661249999999986e-08	6.84749999999998e-08	4.057499999999988e-08	1.199999999999997e-08	4.522499999999986e-08	2.137499999999994e-08	8.474999999999975e-09	1.724999999999995e-09	7.499999999999978e-11	2.999999999999991e-10	5.249999999999985e-10	2.624999999999992e-10	3.607499999999989e-08	2.107499999999994e-08	1.087499999999997e-09	8.437499999999975e-09	2.362499999999993e-09	3.074999999999991e-09	3.149999999999991e-09	8.999999999999973e-10	0	1.124999999999997e-10	1.499999999999996e-10	2.249999999999993e-10	7.499999999999978e-11	7.124999999999979e-10	6.374999999999982e-10	2.024999999999994e-09	2.673749999999992e-08	1.184999999999997e-08	5.324999999999984e-09	6.97499999999998e-09	4.574999999999986e-09
1.874999999999994e-09	3.712499999999989e-09	4.499999999999987e-09	4.387499999999987e-09	8.662499999999974e-09	1.211249999999996e-08	1.241249999999996e-08	5.699999999999983e-09	8.849999999999973e-09	1.237499999999996e-08	1.946249999999994e-08	1.537499999999996e-09	2.474999999999993e-09	2.887499999999992e-09	4.499999999999987e-10	3.749999999999989e-11	7.499999999999978e-10	7.499999999999978e-10	1.387499999999996e-09	1.499999999999996e-09	3.48749999999999e-09	3.52499999999999e-09	1.949999999999994e-09	2.099999999999994e-09	1.788749999999995e-08	3.41249999999999e-09	1.143749999999997e-08	7.297499999999979e-08	2.366249999999993e-08	8.962499999999974e-09	6.86249999999998e-09	8.212499999999975e-09	2.999999999999991e-10	3.26249999999999e-09	1.192499999999996e-08	1.826249999999995e-08	1.589999999999995e-08	2.249999999999993e-10	-3.749999999999989e-11	9.749999999999972e-10	6.67499999999998e-09	2.808749999999992e-08	5.624999999999983e-10	0	1.124999999999997e-10	5.624999999999983e-10	8.624999999999975e-10	7.499999999999978e-10	1.349999999999996e-09	1.829999999999995e-08	1.807499999999995e-08	3.26249999999999e-09	2.624999999999992e-10	7.499999999999978e-10	1.162499999999997e-09	1.762499999999995e-09	1.087499999999997e-09	3.749999999999989e-11	3.074999999999991e-09	2.036249999999994e-08	2.602499999999992e-08	2.268749999999993e-08	2.403749999999993e-08	7.874999999999976e-09	1.874999999999994e-09	1.593749999999995e-08	1.376249999999996e-08	2.924999999999991e-09	7.124999999999979e-10	7.124999999999979e-10	2.737499999999992e-09	5.999999999999982e-10	1.124999999999997e-10	1.012499999999997e-09	1.162499999999997e-09	1.162499999999997e-09	1.049999999999997e-09	4.874999999999986e-09	1.173749999999997e-08	4.499999999999987e-10	4.874999999999986e-10	1.799999999999995e-09	6.74999999999998e-10	4.124999999999988e-10	-3.749999999999989e-11	0	2.999999999999991e-10	1.199999999999996e-09	5.812499999999983e-09	3.656249999999989e-08	2.606249999999992e-08	1.267499999999996e-08	9.299999999999972e-09	3.824999999999989e-09	1.837499999999995e-09	2.883749999999992e-08	2.988749999999991e-08	5.249999999999985e-09	6.637499999999981e-09	4.563749999999987e-08	1.938749999999994e-08	1.109999999999997e-08	9.824999999999971e-09	1.799999999999995e-09	2.249999999999993e-10	7.499999999999978e-11	7.499999999999978e-11	9.899999999999971e-09	8.174999999999976e-09	1.102499999999997e-08	5.737499999999984e-09	1.687499999999995e-09	2.999999999999991e-09	7.762499999999978e-09	6.449999999999981e-09	1.087499999999997e-09	-3.749999999999989e-11	-3.749999999999989e-11	4.687499999999987e-09	-3.749999999999989e-11	-3.749999999999989e-11	6.74999999999998e-10	2.249999999999993e-10	4.274999999999988e-09	5.137499999999985e-09	8.662499999999974e-09	1.687499999999995e-09	-7.499999999999978e-11
5.962499999999982e-09	2.849999999999992e-09	1.964999999999994e-08	9.787499999999971e-09	1.004999999999997e-08	4.462499999999987e-09	5.924999999999983e-09	8.887499999999975e-09	1.124999999999997e-08	1.784999999999995e-08	2.849999999999992e-09	4.499999999999987e-10	8.249999999999976e-10	2.137499999999994e-09	7.462499999999978e-09	6.78749999999998e-09	4.199999999999988e-08	2.399999999999993e-09	2.099999999999994e-09	4.537499999999987e-09	5.587499999999984e-09	3.52499999999999e-09	1.016249999999997e-08	3.749999999999989e-09	2.126249999999994e-08	1.983749999999994e-08	2.924999999999991e-09	4.499999999999987e-09	2.617499999999992e-08	1.128749999999997e-08	7.499999999999978e-09	4.124999999999988e-09	9.937499999999971e-09	1.001249999999997e-08	1.724999999999995e-09	2.039999999999994e-08	6.149999999999982e-09	1.612499999999995e-09	6.374999999999982e-10	2.699999999999992e-09	4.949999999999986e-09	6.299999999999981e-09	1.049999999999997e-08	3.074999999999991e-09	1.462499999999996e-09	5.737499999999984e-09	2.343749999999993e-08	3.44999999999999e-09	1.199999999999996e-09	4.634999999999986e-08	1.244999999999996e-08	5.324999999999984e-09	1.124999999999997e-09	5.999999999999982e-10	1.964999999999994e-08	1.447499999999996e-08	3.37499999999999e-10	1.019999999999997e-08	4.124999999999988e-10	9.337499999999972e-09	1.901249999999994e-08	1.732499999999995e-08	1.128749999999997e-08	1.027499999999997e-08	2.962499999999991e-09	1.124999999999997e-09	3.37499999999999e-10	-3.749999999999989e-11	0	7.499999999999978e-10	1.462499999999996e-09	4.499999999999987e-10	0	4.124999999999988e-10	2.437499999999993e-09	7.612499999999978e-09	6.449999999999981e-09	3.599999999999989e-09	3.41249999999999e-09	4.124999999999988e-10	2.249999999999993e-10	1.499999999999996e-10	1.274999999999996e-09	7.124999999999979e-10	3.862499999999988e-09	1.417499999999996e-08	2.752499999999992e-08	3.45749999999999e-08	1.421249999999996e-08	2.966249999999991e-08	1.177499999999996e-08	1.837499999999995e-09	4.912499999999985e-09	4.199999999999988e-09	-3.749999999999989e-11	7.574999999999978e-09	4.387499999999987e-09	5.024999999999985e-09	2.321249999999993e-08	2.377499999999993e-08	1.934999999999994e-08	3.48749999999999e-08	7.387499999999978e-09	3.974999999999988e-09	0	-3.749999999999989e-11	4.499999999999987e-09	7.987499999999976e-09	1.042499999999997e-08	4.537499999999987e-09	2.699999999999992e-09	3.33749999999999e-09	1.252499999999996e-08	8.512499999999974e-09	6.449999999999981e-09	1.424999999999996e-09	3.637499999999989e-09	2.204999999999994e-08	2.002499999999994e-08	4.799999999999986e-09	0	7.499999999999978e-11	4.874999999999986e-10	1.274999999999996e-09	9.374999999999972e-10	1.874999999999995e-10	1.874999999999995e-10	-3.749999999999989e-11
