1.561334057568478e-08	1.265225061122173e-08	1.294985996402839e-08	1.316910254599931e-08	1.214413224905242e-08	1.037824907334827e-08	8.240794265887396e-09	8.273317542547693e-09	9.484856335536937e-09	8.870701959905303e-09	6.600194267902646e-09	5.741589719674149e-09	5.647202558134999e-09	5.987366828224266e-09	6.317987529182308e-09	5.398951788651058e-09	6.278679273650947e-09	8.525965734880675e-09	1.157126768519045e-08	1.374525735727473e-08	1.545111108226899e-08	1.708218789126724e-08	1.758089708706189e-08	1.721425052580886e-08	1.646214875943173e-08	1.555343670394388e-08	1.353130652002247e-08	1.281656985124426e-08	1.410909022349396e-08	1.579978511987223e-08	1.636207292450359e-08	1.580109082650989e-08	1.401004689513875e-08	1.353885219416345e-08	1.125136946306111e-08	8.795379586070717e-09	6.843818403992596e-09	6.771285476635779e-09	7.499215389708443e-09	7.968015011988372e-09	8.428436454669744e-09	9.029990849691333e-09	1.010926923273037e-08	9.985384240594504e-09	9.367991013739022e-09	8.69291343676334e-09	7.929616908237433e-09	7.093042484979808e-09	7.588550077408473e-09	9.48748926871093e-09	1.063924295973047e-08	1.093027742370226e-08	1.075613677317208e-08	9.626504683573189e-09	6.591665771468185e-09	5.947314668169574e-09	6.581331819993347e-09	7.04035309488095e-09	6.967261782781865e-09	7.666744172867562e-09	8.7471917052578e-09	9.449152070267672e-09	1.004901822704465e-08	9.930327740047384e-09	1.099572620788734e-08	1.273259720460743e-08	1.321589334041408e-08	1.307242208252656e-08	1.362714109595478e-08	1.363134964727944e-08	1.351923111642622e-08	1.576948113053518e-08	1.945706100383817e-08	2.210195469707033e-08	2.279008280473477e-08	2.155583518494215e-08	1.930712842007478e-08	1.546754080361388e-08	1.120766987084623e-08	7.285630781944061e-09	5.760505984020633e-09	5.842917513210842e-09	7.194539450037434e-09	8.11384868107899e-09	9.053212065359044e-09	9.393183597910551e-09	9.070804612032873e-09	9.098690724084852e-09	9.208718333443383e-09	8.661393393680966e-09	8.214233058341308e-09	8.384452419846878e-09	8.352551781405279e-09	8.433737473333307e-09	9.552342673641519e-09	9.911691687724281e-09	9.218830625675064e-09	7.71635758567201e-09	7.243245879443521e-09	8.213089574137064e-09	9.336024385897589e-09	1.049547490495892e-08	1.195565235275989e-08	1.302852330773593e-08	1.413356547227187e-08	1.302504829351279e-08	1.187000326751943e-08	1.081493169432144e-08	1.060976691572034e-08	1.188646719586298e-08	1.300246128143918e-08	1.276427733084635e-08	1.241854362096847e-08	1.171225471097079e-08	1.016074144270491e-08	9.876979546908865e-09	1.044045654960383e-08	1.018367851634242e-08	1.032030449893212e-08	1.152420193786269e-08	1.260938575874298e-08	1.276528586383904e-08	1.23020944700976e-08	1.186278581757746e-08	1.103114135289052e-08	1.053488205745733e-08	9.058369631758706e-09	8.0531206087281e-09
1.531468511450339e-08	9.862412373774118e-09	9.205332141384326e-09	1.086118006251312e-08	1.189479791155892e-08	1.189858527952389e-08	1.106641310415839e-08	1.100918186071515e-08	1.143249423144024e-08	1.098258527077359e-08	9.931681877810214e-09	7.953716433044861e-09	6.515212800276997e-09	5.514108362938636e-09	4.851566702414377e-09	4.817073471636703e-09	7.223294592604598e-09	9.897438965375772e-09	1.228364638985734e-08	1.4258754657285e-08	1.558986970407874e-08	1.621166970357033e-08	1.565367070250537e-08	1.522123499880877e-08	1.492928302155851e-08	1.430224102005415e-08	1.385471223162401e-08	1.33304695480583e-08	1.379529049493942e-08	1.472546918264558e-08	1.498578326296659e-08	1.405285815830764e-08	1.181253720015999e-08	9.432080516629006e-09	8.644612373227483e-09	8.805800354460692e-09	8.437568673890566e-09	8.499129429554912e-09	9.072543101086806e-09	9.565273204447486e-09	9.59637903702254e-09	9.198174781296861e-09	8.518194379335195e-09	8.174787721922237e-09	7.496418034966034e-09	7.270600824850337e-09	7.602429237801375e-09	8.213348115936153e-09	9.151872235479832e-09	1.075400023821153e-08	1.175014026709597e-08	1.217751838212706e-08	1.180571800126362e-08	1.035598484910344e-08	8.495686009602744e-09	6.945768464565669e-09	7.420752359301977e-09	8.004339891146763e-09	8.403654849891964e-09	8.601386715735968e-09	8.494413323749941e-09	9.207031897153519e-09	9.864925553533803e-09	1.011686954439039e-08	9.962212844108587e-09	1.174615854276058e-08	1.368390582548402e-08	1.487515863610952e-08	1.523630532616578e-08	1.471092604379059e-08	1.436879399733706e-08	1.615165254848765e-08	1.85873028568152e-08	2.030051488283107e-08	2.099593499511232e-08	2.01968566057682e-08	1.731833862098581e-08	1.308534388393533e-08	9.710999971716405e-09	7.919917355459412e-09	6.489401696874624e-09	6.565900234219064e-09	7.371127163816137e-09	8.471489657454107e-09	9.285283175378054e-09	9.659665550815571e-09	9.728056962600969e-09	9.797686249901393e-09	9.255757486189201e-09	8.280417335306458e-09	7.860414919125508e-09	8.370516961750081e-09	8.873852194825449e-09	9.236188387910118e-09	9.440091049429213e-09	9.117475628189125e-09	7.935929245174196e-09	6.685271938822533e-09	6.835107534640406e-09	7.488330692713417e-09	8.585964146366655e-09	9.450361921564138e-09	1.111218323267192e-08	1.245743603049984e-08	1.305211908837264e-08	1.323573110351381e-08	1.281271436674005e-08	1.204684635808809e-08	1.200774783729814e-08	1.217074514440363e-08	1.314757712121047e-08	1.358227984503128e-08	1.315035649623133e-08	1.192020254618137e-08	1.006721058231132e-08	8.849762400185626e-09	1.064422954447874e-08	1.197379646575581e-08	1.266477652116485e-08	1.280748114947536e-08	1.274616605247244e-08	1.273940295654158e-08	1.179395544436877e-08	1.05229169766804e-08	9.93737021446735e-09	9.314879745319575e-09	8.611140913232359e-09	8.499425549377783e-09
1.198659488605901e-08	8.766225252439598e-09	9.253306314190032e-09	1.042464485716232e-08	1.205247367951405e-08	1.288748718355256e-08	1.263190299358058e-08	1.211340569461651e-08	1.218974813230036e-08	1.200279651112266e-08	1.117728716158603e-08	9.98754306558365e-09	8.167900402729271e-09	6.144339958277296e-09	5.04306328833088e-09	6.006754416905901e-09	8.338481458475048e-09	1.073320939444913e-08	1.276178148644317e-08	1.412251753475278e-08	1.476000795465944e-08	1.445987324362202e-08	1.370010486623543e-08	1.311192704469208e-08	1.316598617370959e-08	1.330798801060645e-08	1.322053357799052e-08	1.239470828267251e-08	1.164679397551529e-08	1.187644183812041e-08	1.178512212192359e-08	1.078920965677658e-08	9.283852546405282e-09	9.549634847675063e-09	9.4955774675643e-09	8.99030944876352e-09	9.654479044486613e-09	1.033054918680439e-08	1.096091951070159e-08	1.166772070195797e-08	1.181145988342491e-08	1.102780337383135e-08	9.822803926847096e-09	8.611539274117325e-09	7.983588160411511e-09	8.283079512400317e-09	8.671375946065666e-09	9.120335294640016e-09	9.641750375195012e-09	1.089807972848492e-08	1.216538279682606e-08	1.264328529934935e-08	1.288138252751543e-08	1.220589528850776e-08	1.014742466870755e-08	7.681457538459709e-09	6.590601420842249e-09	7.281621608640991e-09	7.979086801905364e-09	7.879441590921576e-09	7.702716892185972e-09	8.189892779882466e-09	8.701328324921195e-09	8.84790647112321e-09	8.951628547854637e-09	1.148811654962251e-08	1.400630486926555e-08	1.522048782058327e-08	1.518246994883412e-08	1.383773749037828e-08	1.297698024300301e-08	1.540455709906031e-08	1.802506034316851e-08	1.95100722416245e-08	1.979050836018068e-08	1.786305926525778e-08	1.475744640404433e-08	1.297086397569918e-08	1.243800363340782e-08	1.173184171820721e-08	1.042453031142505e-08	8.987569851972565e-09	7.711753435672112e-09	8.166240278582683e-09	8.903376348397235e-09	9.168008503261538e-09	8.97194762766428e-09	8.31021472214303e-09	7.051816049736408e-09	6.517203796939683e-09	7.375829046043759e-09	8.275401831628857e-09	8.816702215042829e-09	8.853666235864848e-09	8.839154496181002e-09	9.042961439125836e-09	8.728508321219021e-09	7.48197803246856e-09	7.482685708771081e-09	8.745083228843632e-09	1.005588458609436e-08	1.089780008898236e-08	1.173218138930367e-08	1.282623554016873e-08	1.332273567158292e-08	1.307167625931654e-08	1.234273358826609e-08	1.136663874606672e-08	1.131481957219616e-08	1.165096755280326e-08	1.227511014678336e-08	1.31382258992801e-08	1.311098415546576e-08	1.213207416177451e-08	1.091150532130115e-08	1.038870324346301e-08	1.104517528019296e-08	1.177413416024408e-08	1.222194976840772e-08	1.250821830370643e-08	1.251143334798673e-08	1.212582971931357e-08	1.121800837139859e-08	1.001726155063524e-08	9.437898877619236e-09	8.972980852378642e-09	8.972716860801692e-09	9.753624292787535e-09
9.811251435064462e-09	8.012994954116439e-09	9.792315547812924e-09	1.174053449555475e-08	1.334687215552768e-08	1.429484265350339e-08	1.457216760143244e-08	1.352737522732826e-08	1.079881998293827e-08	9.913772510598725e-09	1.002554041119353e-08	9.313580722602403e-09	8.56815406872524e-09	8.164402381201707e-09	7.550968837904965e-09	7.66528796280351e-09	7.80264893714521e-09	9.820119815801161e-09	1.140730064478674e-08	1.219236323280603e-08	1.251579338715779e-08	1.202546489834074e-08	1.17461283001595e-08	1.193838840693832e-08	1.223079978506857e-08	1.337213271958331e-08	1.378446517718437e-08	1.304028708848961e-08	1.224496165595917e-08	1.204117527449824e-08	1.206877190023529e-08	1.198196233937498e-08	1.064140048122287e-08	8.920126726106272e-09	8.534685967752916e-09	8.823356440039671e-09	9.631943733777305e-09	1.075920958704458e-08	1.177679686683438e-08	1.240275164914839e-08	1.243576471164672e-08	1.200974815051823e-08	1.119556225452309e-08	9.353655901310724e-09	8.29737440122179e-09	9.029344011623606e-09	9.708276147591446e-09	1.020280549455409e-08	1.125279185042268e-08	1.265072860911099e-08	1.332078671786068e-08	1.282664172716503e-08	1.173636834132231e-08	1.11793990440142e-08	9.059471812934594e-09	6.947180048013924e-09	6.90283707855317e-09	7.396546116453945e-09	7.591512166204364e-09	8.21473683456668e-09	8.425006980491915e-09	8.221362344195697e-09	7.94443463677979e-09	7.830835817969231e-09	8.237602327520439e-09	9.472287479006915e-09	1.113947256513092e-08	1.198115459951402e-08	1.198768397108689e-08	1.232699085081506e-08	1.435120326813007e-08	1.674635286256644e-08	1.837927407135763e-08	1.904631092840923e-08	1.811054475350094e-08	1.493997036654217e-08	1.377130419323399e-08	1.445092660180676e-08	1.492826638122993e-08	1.48605803649176e-08	1.448656705538068e-08	1.331921384938567e-08	1.107356054803841e-08	8.418990686095067e-09	7.060392246333094e-09	7.103337647911951e-09	6.99162598435016e-09	5.106230649001812e-09	2.840061603360521e-09	3.918468283988124e-09	6.654037730130307e-09	8.478995297533876e-09	9.326229105777061e-09	9.966761668727316e-09	1.081937232542611e-08	1.097535429612733e-08	1.061876869373649e-08	1.027567087096418e-08	1.011371093295458e-08	1.066670717983065e-08	1.148913350719209e-08	1.216759251598494e-08	1.26763847015203e-08	1.274141418426745e-08	1.227538983371239e-08	1.150480097918255e-08	9.625486449934e-09	8.467032312134383e-09	9.773488598885144e-09	1.156500873983405e-08	1.311810954373947e-08	1.37308463836077e-08	1.328941375874614e-08	1.204916846890044e-08	1.110199614078172e-08	1.081951138379955e-08	1.090099937545435e-08	1.108176936225625e-08	1.105357907891113e-08	1.14598809382441e-08	1.195688473529561e-08	1.176205412136696e-08	1.108675621332718e-08	1.013771803940167e-08	9.588638210324175e-09	9.283441145619392e-09	9.37794004621249e-09	1.125621178638525e-08
9.521339025996085e-09	8.729067278041347e-09	1.051150683536895e-08	1.226432784105139e-08	1.372460045472726e-08	1.468811740404768e-08	1.488833022238522e-08	1.343947079799707e-08	9.463549551700355e-09	8.383451656894073e-09	9.164596451287594e-09	8.450351090887723e-09	8.16536448973758e-09	8.913140028270161e-09	9.2095446544898e-09	9.293293353117322e-09	9.389532255130813e-09	1.00023868761067e-08	1.019322063257567e-08	1.032533911695472e-08	9.948110778091486e-09	1.000648988404609e-08	1.101426760623109e-08	1.229018868614067e-08	1.305426256334763e-08	1.391671665273989e-08	1.443441512110396e-08	1.413762640479602e-08	1.230829718244573e-08	1.049274612103483e-08	9.84864466249695e-09	1.030729841336313e-08	1.003513097976988e-08	9.424895292284835e-09	1.012638109935903e-08	1.079223652849872e-08	1.110424314263759e-08	1.152065502058652e-08	1.212981742559607e-08	1.240360958963922e-08	1.25426166867888e-08	1.232595694795102e-08	1.13795360414199e-08	1.036857294997687e-08	1.040677431969591e-08	1.069951236212278e-08	1.05426397728458e-08	1.114991711256014e-08	1.242561505846497e-08	1.359530878798132e-08	1.403591967924754e-08	1.289823085685604e-08	1.097042737856078e-08	9.431924928826277e-09	9.004904595779009e-09	8.025589766195762e-09	6.404957540017147e-09	5.694510179783506e-09	6.072386038641458e-09	6.971986012670124e-09	7.86817976167646e-09	8.503711105123345e-09	8.834042165480584e-09	8.908383101913088e-09	9.439449455668915e-09	9.787893853525723e-09	9.917894886602021e-09	9.604155574120445e-09	9.485756066837965e-09	1.083367402873596e-08	1.298878597658734e-08	1.508763217015924e-08	1.669409026424228e-08	1.697988174384919e-08	1.546221136439678e-08	1.355221060635446e-08	1.340974498430182e-08	1.504982423222635e-08	1.644039028480271e-08	1.68258289945775e-08	1.62934986168992e-08	1.412235537835193e-08	1.089117216909805e-08	8.366553574817487e-09	7.345844925846288e-09	7.523791344020186e-09	7.226550558162721e-09	6.031573644304184e-09	5.165118826318649e-09	5.978919910665411e-09	7.658511457337893e-09	8.479911004302254e-09	9.03808141500826e-09	1.00720335811706e-08	1.099270874748417e-08	1.135855434955274e-08	1.156531311430401e-08	1.164831385935284e-08	1.151054470739286e-08	1.153986765932873e-08	1.22129485479298e-08	1.293205562925232e-08	1.276286650249979e-08	1.125656383022369e-08	1.030754164956866e-08	1.015587558386771e-08	9.383722813643422e-09	8.187682708698403e-09	9.718397776081185e-09	1.164313759876248e-08	1.283850389429431e-08	1.323697804361227e-08	1.268747155739636e-08	1.17618415339723e-08	1.137932291692249e-08	1.120475596158957e-08	1.113123343720185e-08	1.103664876352516e-08	1.081800919404964e-08	1.024343341265819e-08	9.590936093665554e-09	9.861441901798825e-09	1.061280648785055e-08	1.091590525598166e-08	1.056137640462723e-08	1.033174129629276e-08	1.052498813719204e-08	1.207472337223528e-08
1.113855462894216e-08	8.654116908953759e-09	1.037508138985934e-08	1.221540065426633e-08	1.363348109785897e-08	1.425414587530957e-08	1.39107980541461e-08	1.155346023510912e-08	8.753084595081726e-09	6.969287233311569e-09	7.937928857438024e-09	9.447989229115841e-09	9.784044864579226e-09	9.771884579642108e-09	9.656230187188171e-09	9.872948221156579e-09	1.040727493228948e-08	1.058294788740729e-08	1.115191984415958e-08	1.123840605335311e-08	1.033672389959737e-08	9.961681992584284e-09	1.054433982159991e-08	1.081444752143269e-08	1.204778416049302e-08	1.390975888161712e-08	1.436676079661458e-08	1.353799401397679e-08	1.184099856647671e-08	1.12500440108562e-08	1.189579431545088e-08	1.216321150756037e-08	1.143844119717074e-08	1.079403721689347e-08	1.140205227068063e-08	1.188150191136562e-08	1.216818502494065e-08	1.186487422952027e-08	1.022356782649472e-08	9.357150040512207e-09	8.67315520629692e-09	8.673623617298088e-09	8.968655445073831e-09	8.920407465077651e-09	9.442143623535445e-09	1.068648061660473e-08	1.140368964764142e-08	1.132556509589684e-08	1.146358501094871e-08	1.150484417437626e-08	1.106979173737377e-08	1.136534650901687e-08	1.174388521700927e-08	1.199742348251961e-08	1.164798130681295e-08	1.000751535376968e-08	8.405145271090603e-09	7.175687782185243e-09	6.942923344199829e-09	7.334466568256776e-09	8.278524296015964e-09	9.670771685971853e-09	1.075123025837647e-08	1.141887186197118e-08	1.179731377349697e-08	1.219085310086683e-08	1.215701796979001e-08	1.148950357471509e-08	1.001530791106615e-08	9.482486092869905e-09	1.023480659246587e-08	1.163273249183031e-08	1.315350026409477e-08	1.41369392671162e-08	1.448181052095919e-08	1.393112686921738e-08	1.454913337055025e-08	1.610181549833067e-08	1.699141262958667e-08	1.66048252179156e-08	1.442632388520475e-08	1.17176382425376e-08	9.674985067359803e-09	8.197741570386936e-09	7.214719439367334e-09	7.050054580657216e-09	7.224517988445649e-09	7.592863406918161e-09	7.865300816364109e-09	7.858548615859927e-09	7.970280435797903e-09	8.148832171473444e-09	8.308719209902876e-09	8.569153223804013e-09	8.920597255176204e-09	9.637268307907886e-09	1.019054097005391e-08	1.060224849069127e-08	1.102324590138233e-08	1.181300953036597e-08	1.316174949260354e-08	1.340450123973933e-08	1.294996402214136e-08	1.172737568607286e-08	1.095066233648762e-08	1.083483445879108e-08	1.093927388215856e-08	1.156328160525371e-08	1.242521921842107e-08	1.290101174102653e-08	1.295836336874879e-08	1.286338439630989e-08	1.188216793824619e-08	1.134047166521919e-08	1.109413955430448e-08	1.116778135942725e-08	1.091783028138516e-08	1.022108358502618e-08	9.73615713084232e-09	9.350620920521777e-09	8.690700381769203e-09	8.205437602061645e-09	9.150590163305632e-09	1.037437525652947e-08	1.115351254715135e-08	1.138926393553955e-08	1.180023072491167e-08	1.272851209680488e-08
1.281889103875728e-08	1.079692995966745e-08	1.009848466106437e-08	1.016068728282027e-08	1.149656053295319e-08	1.181955413000878e-08	1.096585853208918e-08	9.7088627325158e-09	9.104980878853429e-09	9.266344823785416e-09	1.060331251421883e-08	1.163177511068767e-08	1.176487100999993e-08	1.065920790239084e-08	9.135826460952935e-09	8.586798822832519e-09	9.786215833780023e-09	1.119101025750227e-08	1.202498098968699e-08	1.084258494952958e-08	8.957748451016489e-09	9.101429105471819e-09	9.933450897344552e-09	1.226579307629963e-08	1.481577995668316e-08	1.645334641915006e-08	1.568667749561336e-08	1.269752601181989e-08	1.178227533788983e-08	1.19107865077327e-08	1.272816499714149e-08	1.2389504271058e-08	1.107981540430253e-08	1.064338283939575e-08	1.107071289623832e-08	1.149283727790905e-08	1.16570020202654e-08	1.102996492787114e-08	9.124599472153805e-09	6.813437825194234e-09	5.757195222146827e-09	5.705830209032819e-09	7.306636782265384e-09	8.560776727856538e-09	9.471559378968161e-09	1.053961801366344e-08	1.140689194686762e-08	1.161095026595129e-08	1.127864605283343e-08	1.024341930801065e-08	9.645493084367108e-09	9.330981456105619e-09	1.050041074251639e-08	1.136665058817019e-08	1.143965349144909e-08	1.086945287789187e-08	1.047780504539987e-08	1.048398973128247e-08	9.297302482883283e-09	8.944252159726252e-09	1.034467556478903e-08	1.183058430346053e-08	1.268238878130954e-08	1.307960792083716e-08	1.315516716095555e-08	1.352083329883344e-08	1.328343855139465e-08	1.271453911015797e-08	1.17210557661111e-08	1.07147631852225e-08	1.088165995263089e-08	1.116258436920586e-08	1.154393882803624e-08	1.322121270190577e-08	1.421822794389535e-08	1.41238504412067e-08	1.494372877087627e-08	1.556537453202441e-08	1.567426049349629e-08	1.391198833497082e-08	1.066465772825391e-08	9.152270387096719e-09	8.281097402317424e-09	6.629404739607288e-09	5.2746822584131e-09	5.555584773468943e-09	6.480893411469785e-09	7.929079868194133e-09	8.799742396986121e-09	9.09566423822966e-09	9.082528445811914e-09	9.310392420189674e-09	9.116763764302765e-09	8.572248841143029e-09	8.532852872062619e-09	9.261726775327922e-09	9.972796589695306e-09	1.063578492873003e-08	1.172340497509004e-08	1.284391673665297e-08	1.344217130942612e-08	1.312947365111155e-08	1.240404983449063e-08	1.17003346131924e-08	1.147973601946171e-08	1.135360235786606e-08	1.194451915764476e-08	1.274845425623699e-08	1.297487997841713e-08	1.268942874550668e-08	1.251769355022038e-08	1.231189191450939e-08	1.174930326231207e-08	1.167840768574138e-08	1.196129866595459e-08	1.182658128081071e-08	1.067801285669034e-08	9.2279262604388e-09	8.850358167144804e-09	8.496508283504934e-09	8.026289222015049e-09	8.689442032933919e-09	9.898467895269687e-09	1.072747811023135e-08	1.133828813107937e-08	1.149339798112785e-08	1.176824264762863e-08	1.216861934028779e-08
1.571554561147556e-08	1.311792564422117e-08	1.086816301453567e-08	8.811860380760508e-09	8.560057341944448e-09	8.9403197627586e-09	8.97688269061219e-09	9.222393147513419e-09	8.907387612012224e-09	9.203231351520841e-09	1.016786385387023e-08	1.0587681944429e-08	1.10870444719941e-08	1.066382976869436e-08	9.901905446463368e-09	1.065693208447454e-08	1.229005485157489e-08	1.336295624260856e-08	1.322341897502228e-08	1.235235805525874e-08	1.130102752169696e-08	9.601304829298776e-09	9.22956625213034e-09	1.047875964086321e-08	1.280214864964509e-08	1.378379676068464e-08	1.346771248830107e-08	1.316777156632266e-08	1.280775373849265e-08	1.18236374156679e-08	1.143936260962965e-08	9.607493372750152e-09	8.82613660799782e-09	1.025245261664563e-08	1.201097564902707e-08	1.39196487285566e-08	1.484086060045339e-08	1.316321519936295e-08	9.619042494373554e-09	7.581728634753905e-09	7.351460737985977e-09	8.163922541495459e-09	9.354943649870516e-09	1.008589820958575e-08	1.061620176464847e-08	1.112689234220884e-08	1.149522628279754e-08	1.079812912353624e-08	8.411979035491143e-09	6.686103754166003e-09	5.351078622163882e-09	5.695344328397297e-09	8.210273040999746e-09	1.001246330697182e-08	1.028977699172546e-08	1.024808793591338e-08	1.052869668333693e-08	1.026719492745732e-08	9.854328681318801e-09	1.0326084027373e-08	1.195449238514959e-08	1.338433113827852e-08	1.403943930367705e-08	1.426154909669398e-08	1.395802731109774e-08	1.391008023780978e-08	1.386233179910272e-08	1.338864252751926e-08	1.202992927462659e-08	1.069717991043946e-08	1.071508642362886e-08	1.161254854622237e-08	1.277984816934201e-08	1.431343566585142e-08	1.564917032152698e-08	1.597099422750859e-08	1.565115770770167e-08	1.54583895724262e-08	1.41083860813027e-08	1.109994459805796e-08	7.504186203774447e-09	7.046442069727393e-09	6.601681904958886e-09	4.601770719168483e-09	3.948077885642964e-09	4.658584473617958e-09	6.197860749632743e-09	8.643220415747789e-09	1.079967424111852e-08	1.182975876803005e-08	1.150838244589499e-08	1.087651531480224e-08	1.018232199203556e-08	9.245630233867765e-09	8.378252919247838e-09	8.121177759101362e-09	8.46035554923783e-09	9.797373058446645e-09	1.135963611528641e-08	1.292309370904157e-08	1.338956114328646e-08	1.320859038019856e-08	1.272593453977115e-08	1.264688297228367e-08	1.276894507459688e-08	1.278575296243066e-08	1.317694634861854e-08	1.287723479215521e-08	1.195985734344435e-08	1.173423969574333e-08	1.176125298765892e-08	1.138896777819197e-08	1.115098164127351e-08	1.135903414440424e-08	1.139155339126922e-08	1.056740469820533e-08	1.046725219654796e-08	9.676583621317722e-09	8.545780727650984e-09	8.020494933916247e-09	8.43424234072374e-09	9.823277372969909e-09	1.09438338740668e-08	1.120699478501525e-08	1.104368175408741e-08	1.115474881051464e-08	1.173697757334721e-08	1.212745763177869e-08
1.600803784523245e-08	1.195521743030146e-08	9.694657431980406e-09	7.117061879234552e-09	6.501211278154275e-09	8.398876408511968e-09	1.050383197748597e-08	1.147211387420897e-08	1.156707107249832e-08	1.189751845229162e-08	1.232877832377161e-08	1.198729596759145e-08	1.064341160743378e-08	9.180174842882912e-09	8.469566907637542e-09	1.034155596663862e-08	1.285124628517874e-08	1.364946650373472e-08	1.293782222197413e-08	1.195106420616698e-08	1.071706556955049e-08	9.843659403854853e-09	1.077760815352935e-08	1.17766026416987e-08	1.301615869252819e-08	1.378639969712841e-08	1.34555501896982e-08	1.194845712342105e-08	1.052717935510905e-08	7.483223499017645e-09	6.741916345977246e-09	7.345403751882967e-09	9.005764297516576e-09	1.08928697336856e-08	1.232103464906267e-08	1.239172343298243e-08	1.283320703496182e-08	1.441046552296808e-08	1.35521815225284e-08	1.163075357158343e-08	9.769399548143744e-09	9.099137223335432e-09	9.029993159912458e-09	9.369724587488502e-09	1.004344838593397e-08	1.012311887980703e-08	1.020979527020775e-08	9.664922688314758e-09	7.26490717871515e-09	5.534426013601971e-09	6.229327905297873e-09	8.782862820850625e-09	1.123641932442011e-08	1.277529411265512e-08	1.293493297908433e-08	1.309893113148306e-08	1.261520663371149e-08	1.16955869768022e-08	1.026791426349131e-08	9.708019288446164e-09	1.142999783287746e-08	1.303143485224986e-08	1.322570120786655e-08	1.155876108290709e-08	1.039131883218278e-08	1.103916532421564e-08	1.157786289129472e-08	1.154525761626489e-08	1.044271226481883e-08	9.347153285496885e-09	9.7433133695876e-09	1.095904927502116e-08	1.279893810275303e-08	1.479939441395147e-08	1.573638159372896e-08	1.581395414339075e-08	1.565645728979458e-08	1.514523101779369e-08	1.322715448008816e-08	1.148549809743836e-08	1.078366729171526e-08	9.832252605675401e-09	7.906244860971076e-09	6.007976096242347e-09	6.254731718728502e-09	6.629203930723979e-09	8.511133547845646e-09	1.015047268027278e-08	1.046809803927526e-08	1.039543595763933e-08	9.737692893401938e-09	8.880509839262231e-09	8.546318203775313e-09	8.910748863270878e-09	9.156907528377525e-09	8.050231726567008e-09	6.927625500703566e-09	7.273334552988539e-09	9.955354486412772e-09	1.212808881610153e-08	1.298289790883828e-08	1.307595112889369e-08	1.311460787933921e-08	1.353179750829289e-08	1.389081906252099e-08	1.430274898792152e-08	1.428707614711743e-08	1.345024500564273e-08	1.212901412903623e-08	1.071337698258587e-08	1.097036012215068e-08	1.15028900728419e-08	1.117340520479829e-08	1.109699576293947e-08	1.125686214322918e-08	1.129166404322598e-08	1.087457741789593e-08	9.040709317392402e-09	7.579186365596325e-09	7.68937340309668e-09	9.460669245090834e-09	1.12117334887011e-08	1.156085793551135e-08	1.099839999542501e-08	1.078326300763743e-08	1.112468494755168e-08	1.139953792658998e-08	1.149867566081964e-08
1.670156144298107e-08	1.169530083178597e-08	9.136077611214129e-09	6.641902048277413e-09	5.885055920912528e-09	8.922243627547361e-09	1.183536857844763e-08	1.315317975113778e-08	1.346076096790295e-08	1.330920378678427e-08	1.180857189304762e-08	1.042183990074198e-08	9.911164981190063e-09	9.303302798028992e-09	8.05954238999308e-09	8.332311787239781e-09	9.598501781446559e-09	1.006862204360592e-08	1.056965302593197e-08	1.164363337948529e-08	1.230611985501925e-08	1.195087159297097e-08	1.177943410980108e-08	1.34237057226099e-08	1.500960290328428e-08	1.433662546722161e-08	1.324516670591477e-08	1.144138483639943e-08	8.934419167928163e-09	6.19046746689011e-09	5.491353907319355e-09	7.021518296357856e-09	1.035437334544757e-08	1.392267648779395e-08	1.626941304791201e-08	1.633762053805752e-08	1.543565406964578e-08	1.250566284683115e-08	1.079441579504514e-08	1.009199856401396e-08	8.874367809238441e-09	8.095647762261994e-09	7.892419311126067e-09	8.040651798082943e-09	8.223159474541515e-09	9.3584162214964e-09	1.027872710458792e-08	9.346356808838251e-09	7.501120840839966e-09	5.955847258934827e-09	6.925681602261693e-09	9.735331852872615e-09	1.253438670996856e-08	1.430189452970294e-08	1.511255903032652e-08	1.518621839522411e-08	1.454225166970588e-08	1.291820063313407e-08	1.210931739984253e-08	1.085186323969638e-08	1.105080856490318e-08	1.214366561490686e-08	1.176747931455771e-08	9.254582465018102e-09	8.523195682462514e-09	9.558576598235187e-09	1.066391488336612e-08	1.139275791083093e-08	1.16173034091216e-08	9.637756978068347e-09	7.725002973514559e-09	8.299002745556436e-09	1.028878737024109e-08	1.237626757768231e-08	1.377089543455322e-08	1.443690008905607e-08	1.479035031134544e-08	1.393433111770626e-08	1.190698233611137e-08	1.036911272589443e-08	9.901971907272877e-09	9.473521252798815e-09	8.534477666498448e-09	9.110086631214009e-09	1.031739884435419e-08	1.007994416058958e-08	9.894403995770664e-09	1.006289825334491e-08	9.451317513774222e-09	8.941775424161945e-09	9.41434669917594e-09	1.021416122981451e-08	1.07083214735279e-08	1.12695950580316e-08	1.241017570636355e-08	1.175351412517514e-08	9.9288706719285e-09	9.891737033682112e-09	1.126294007225558e-08	1.145908617008594e-08	1.090546928045531e-08	1.099296843556611e-08	1.22180307824334e-08	1.312918092312606e-08	1.366368669399136e-08	1.372862319553474e-08	1.356019417704405e-08	1.202932223497848e-08	9.494828674091853e-09	7.023725599634322e-09	8.151983989299129e-09	9.157293753056691e-09	9.293528935832069e-09	1.006018579087435e-08	1.18156675899915e-08	1.278528691902358e-08	1.220022402288829e-08	9.752239273119064e-09	8.586200773584516e-09	1.0090899507002e-08	1.150053635671218e-08	1.211204067953963e-08	1.146737685206687e-08	1.080254659523566e-08	1.097435874917328e-08	1.111076708502751e-08	1.100474180044271e-08	1.053489056812838e-08
1.569882159986304e-08	1.094157541195041e-08	8.730109232193434e-09	7.661508302443683e-09	8.735501898616667e-09	1.100142792294575e-08	1.273158259524247e-08	1.353131189841908e-08	1.312799263296809e-08	1.206864677745838e-08	1.121115552988747e-08	1.038781669193433e-08	9.422363711018392e-09	9.106873339394964e-09	8.324582086942303e-09	7.537695740134269e-09	6.304036604561547e-09	6.490498049709036e-09	9.16421563163247e-09	1.104007059106003e-08	1.252915245000967e-08	1.357823684208688e-08	1.425395565196839e-08	1.507397049189299e-08	1.50779800056106e-08	1.43747681208128e-08	1.324131327188059e-08	1.132602113432321e-08	8.836089108566998e-09	6.547821298230744e-09	6.04630690789405e-09	6.734369123463351e-09	9.870908247143164e-09	1.303498756092723e-08	1.501944167842359e-08	1.515331759256848e-08	1.400262695398449e-08	1.302318730636235e-08	1.219505173888502e-08	1.107449163724765e-08	8.950872663231136e-09	7.858598680937875e-09	7.472988144335287e-09	7.891949748513978e-09	9.497715019991654e-09	1.041566552639267e-08	1.015241353681522e-08	9.642971833769142e-09	8.827747140354365e-09	8.388256332016597e-09	8.74718306008744e-09	1.037418736143289e-08	1.321168631991905e-08	1.526398534249372e-08	1.563434636328048e-08	1.555402122645226e-08	1.569206152599701e-08	1.524950346070084e-08	1.383760692606875e-08	1.274517758788296e-08	1.072310672579024e-08	1.005323798852463e-08	1.013383858205576e-08	9.811475679159008e-09	9.653712023757768e-09	9.33035981014278e-09	9.510731044491532e-09	9.533579867421208e-09	9.455847588997412e-09	9.125500863048366e-09	6.648516777280314e-09	6.292324331195122e-09	7.307767438411684e-09	9.355501026905073e-09	1.15923299362807e-08	1.269738794335957e-08	1.254385347574007e-08	1.176351510005205e-08	1.068848241255392e-08	9.18321889980983e-09	9.019588561460261e-09	9.048164259336622e-09	8.260724919383975e-09	8.462625105626217e-09	8.713938493830592e-09	8.492712708807926e-09	8.444151143092159e-09	1.001023034359162e-08	1.122060408295334e-08	1.033819967049608e-08	1.138502254597378e-08	1.35281001204028e-08	1.483158818410226e-08	1.575232403468331e-08	1.57832067634014e-08	1.393924523808977e-08	1.352898305131208e-08	1.548264881326724e-08	1.5872646122486e-08	1.406070588901994e-08	1.100797785754752e-08	1.035781566256972e-08	1.072007048221849e-08	1.1561919917079e-08	1.182735263186469e-08	1.096609241127851e-08	1.053409314035861e-08	1.021340853109967e-08	8.390772627671881e-09	7.282462702440367e-09	8.876891067670292e-09	9.120060580811853e-09	7.529069008689962e-09	7.68242309002212e-09	9.821489851772195e-09	1.11582787572325e-08	1.141452604261595e-08	1.023720749492366e-08	8.195201734765165e-09	8.922793857710588e-09	1.103132680378196e-08	1.162973687079553e-08	1.129050863501854e-08	1.181540867141528e-08	1.237126517432296e-08	1.201439714887904e-08	1.182473221206609e-08	1.182201825340756e-08
1.463052667562148e-08	1.119246106089725e-08	1.03360395705482e-08	1.037555663498183e-08	1.075454096975903e-08	1.191254583886362e-08	1.259578770555525e-08	1.254477113082633e-08	1.205569379984958e-08	1.135681674324139e-08	1.019254657717877e-08	9.246740027285128e-09	8.855142835015649e-09	7.87807415072491e-09	7.073899323798731e-09	5.852335727788816e-09	3.989695298613171e-09	4.587224050310586e-09	7.167812452341794e-09	9.215337783395122e-09	1.090283119140874e-08	1.286673498568195e-08	1.457845294073583e-08	1.572210965211608e-08	1.656521736860234e-08	1.639642031282845e-08	1.421938798827053e-08	1.295124866887849e-08	1.274259903585007e-08	1.226337069047515e-08	1.115052180451037e-08	1.017784696981384e-08	1.113204862712286e-08	1.326231616840402e-08	1.476761700229314e-08	1.322703732614173e-08	1.137696280356493e-08	1.07699833303462e-08	1.042401764408822e-08	1.019847509362454e-08	9.566552247666331e-09	8.506989485115288e-09	8.216891831811118e-09	8.228830886417762e-09	9.119662876510458e-09	9.549443161847648e-09	8.755405080848383e-09	7.378485532296191e-09	5.958433411899061e-09	6.609899123463266e-09	8.606748531928781e-09	1.155787949366735e-08	1.391231161665044e-08	1.573331441277089e-08	1.673280937866279e-08	1.696165318517861e-08	1.72802177682647e-08	1.626687770661558e-08	1.416473571139307e-08	1.197551510889469e-08	8.839269902084041e-09	8.022624734452783e-09	9.301749683096009e-09	1.099657249653337e-08	1.201750296016684e-08	1.101694304051295e-08	9.533731215197894e-09	9.597610262826494e-09	8.785812749553024e-09	8.524332591176035e-09	7.565861048271377e-09	5.859315714727715e-09	6.268262843729027e-09	8.657020903196991e-09	1.036237580670851e-08	1.092340881366174e-08	1.029406907457503e-08	1.003839176802688e-08	9.557940996854804e-09	7.852246252335842e-09	7.752334526964286e-09	7.747130592574514e-09	7.577721955856786e-09	7.470761913086834e-09	7.455237940858068e-09	7.650047672872442e-09	9.695454101505544e-09	1.234549903417515e-08	1.376161343963863e-08	1.451426209113276e-08	1.532285124167751e-08	1.568256913208045e-08	1.620392066070047e-08	1.593373581771837e-08	1.658092562340481e-08	1.737780957080768e-08	1.607191573670267e-08	1.510282612433783e-08	1.416109118471658e-08	1.388533847627729e-08	1.277119269838333e-08	1.181137867992262e-08	1.133339974462173e-08	1.036401687514677e-08	9.810489724094672e-09	9.300267061554281e-09	8.206054863274617e-09	7.822865453048029e-09	7.589475326514544e-09	6.934701928814127e-09	7.959366809472518e-09	7.662521067079136e-09	6.290499794056141e-09	6.951913621856435e-09	8.877686676250704e-09	1.057630334657568e-08	1.12630536859879e-08	1.133036693503481e-08	1.107563529738124e-08	1.031490751750037e-08	1.029639479254136e-08	1.095630867676399e-08	1.170678492349098e-08	1.208607157436816e-08	1.229086020330946e-08	1.208899097436946e-08	1.187717461497581e-08	1.237154288323379e-08
1.572985815690689e-08	1.251114944647538e-08	1.134720273875513e-08	1.001318401096172e-08	9.596935178153666e-09	1.030948881418821e-08	1.125478153378632e-08	1.150258723057103e-08	1.152415547184083e-08	1.066253357176067e-08	8.728299275886529e-09	8.081807954641449e-09	8.711469887801581e-09	8.930652080837328e-09	8.194989114431386e-09	6.803308900876956e-09	5.652863726179408e-09	6.157619041773033e-09	8.149821752809799e-09	1.025531546490596e-08	1.281232540988328e-08	1.473211959818593e-08	1.545782814162962e-08	1.536080976527316e-08	1.437937259551541e-08	1.209661060650135e-08	1.135191706099076e-08	1.230763103718905e-08	1.324776456341568e-08	1.386558244777406e-08	1.469851913099222e-08	1.434694860884683e-08	1.365332837286129e-08	1.123714027718513e-08	9.842445049167354e-09	1.113332128871798e-08	1.141450175465855e-08	9.882583313094393e-09	9.057203635208901e-09	9.43320133180102e-09	9.525817123481006e-09	9.891283374215688e-09	1.021152653123731e-08	9.871162796116779e-09	9.256652212219337e-09	8.814935202437532e-09	7.995224117999238e-09	6.822142449161897e-09	5.435786350561024e-09	6.408715538846005e-09	9.465998523506668e-09	1.191045540661972e-08	1.378197198884587e-08	1.514261025333175e-08	1.595145478974906e-08	1.641272422384327e-08	1.655753983490303e-08	1.591496316789387e-08	1.32222262164313e-08	1.016414583745166e-08	8.629671971636023e-09	8.717865554507047e-09	1.024078000205797e-08	1.162074968725351e-08	1.222795990314252e-08	1.230071284522184e-08	1.169918832970261e-08	1.042079066020586e-08	8.344153879201959e-09	7.354726654364928e-09	7.516638362196659e-09	8.112331783354251e-09	7.414753788290691e-09	7.88587131851826e-09	8.715442677820074e-09	9.319896237218327e-09	9.99633884480639e-09	1.037135931081551e-08	1.006119402173283e-08	8.897315354607519e-09	7.073809407676583e-09	6.417195556937255e-09	7.329208477511898e-09	8.343840247495126e-09	8.718702502531377e-09	9.148415696046605e-09	1.078141060899492e-08	1.26990291495227e-08	1.408001337293867e-08	1.537286814823591e-08	1.62832534771059e-08	1.62401272268006e-08	1.524058500290491e-08	1.458274450934907e-08	1.555775046139208e-08	1.639835791695584e-08	1.7506064021819e-08	1.801088261546076e-08	1.654920153692188e-08	1.386711492417096e-08	1.086576815403864e-08	8.248224880217078e-09	7.615449662030344e-09	7.954317528107339e-09	7.500755880663444e-09	7.510347348049842e-09	7.747774331788985e-09	7.878873141165574e-09	7.681121323201994e-09	7.274845950615625e-09	7.371977732189538e-09	7.098105997660392e-09	7.285431833735434e-09	9.391147369531515e-09	1.164170260487231e-08	1.289648044186434e-08	1.293510601288658e-08	1.276287637933409e-08	1.227245837670444e-08	1.096887584255477e-08	1.008624599318358e-08	1.023120337492437e-08	1.045869841669561e-08	1.087181730833491e-08	1.123856062472559e-08	1.125504488453133e-08	1.187487974127309e-08	1.266679949406064e-08
1.68376401422009e-08	1.284382464257162e-08	1.115420982751229e-08	9.727355366036469e-09	9.634127167147238e-09	9.958232831571959e-09	1.071461874579958e-08	1.028089330197519e-08	9.484476275052655e-09	9.077080602770213e-09	8.831893138574489e-09	8.914010579170603e-09	9.460966569149327e-09	9.960161782341315e-09	9.520019067271858e-09	8.391497675111042e-09	8.175273494107329e-09	9.281070896992649e-09	9.732621694581575e-09	9.928938827114685e-09	1.133067411841652e-08	1.328810756250064e-08	1.351797681845803e-08	1.27691037227194e-08	1.129265628714227e-08	9.024876900406336e-09	1.093026183565921e-08	1.422806851348336e-08	1.62573877233104e-08	1.647928731051419e-08	1.509832738176962e-08	1.460979894637512e-08	1.240097971223235e-08	8.923543147555949e-09	8.373589673833818e-09	9.587298721970466e-09	9.713421686924855e-09	9.568764213394587e-09	1.043632222975557e-08	1.108376541214465e-08	1.099873374320467e-08	1.095610835938605e-08	1.098134790315728e-08	9.908931571156726e-09	8.812048405150392e-09	7.003785928781714e-09	6.244274062045151e-09	6.413011126859654e-09	6.468590755078109e-09	8.913178328737185e-09	1.238441582732979e-08	1.451922287280843e-08	1.606801733585745e-08	1.732783638920052e-08	1.757615374010445e-08	1.795515739216715e-08	1.724598470905738e-08	1.445548415825658e-08	1.063008625251945e-08	7.434534675735691e-09	5.244288988371382e-09	6.474667958753794e-09	9.208744156770669e-09	1.140402729922846e-08	1.225335616184344e-08	1.123639459768381e-08	8.655044027879594e-09	7.89727412612921e-09	8.454968031815214e-09	9.191900707093365e-09	9.445825897601427e-09	1.051995799753286e-08	1.080161954302929e-08	9.690384917491523e-09	8.511140908103289e-09	7.529236859093131e-09	7.813410876203515e-09	8.248567351176155e-09	8.347112671407612e-09	7.74412351517996e-09	6.655921061609889e-09	7.746602660415451e-09	8.316904507144953e-09	8.631001381147419e-09	8.45801496404902e-09	8.504231159759134e-09	1.091694266581186e-08	1.397787486786773e-08	1.594480768230682e-08	1.686042908565871e-08	1.689212856602573e-08	1.572033431848963e-08	1.430488741501488e-08	1.447176100496137e-08	1.657550546850857e-08	1.742173601009658e-08	1.741535696492499e-08	1.760462080558235e-08	1.691415540019455e-08	1.513446088213308e-08	1.173213025684188e-08	7.853753951660021e-09	6.827575846918035e-09	6.849121612097043e-09	6.634245857798492e-09	6.617366388462799e-09	6.898124696051177e-09	7.367315289415852e-09	7.24733630756305e-09	7.051014122721097e-09	7.262324938100728e-09	8.314793129496417e-09	9.887775096376223e-09	1.155121272148392e-08	1.286134657490766e-08	1.252817532702958e-08	1.081099291730431e-08	1.034887465103882e-08	1.076027493020815e-08	1.057852100688753e-08	1.064625012802471e-08	1.099787856574664e-08	1.074005226040896e-08	1.047110334399122e-08	1.038972861372448e-08	1.116777587818627e-08	1.252747474437711e-08	1.363742925452796e-08
1.570078170390975e-08	1.147787005873744e-08	1.103965776131839e-08	1.087019458137632e-08	1.063869445124076e-08	1.095127491127085e-08	1.081424072260994e-08	9.419355037624149e-09	7.795880486217903e-09	7.979273461573273e-09	8.601619251494651e-09	9.233917806828878e-09	1.012511611516759e-08	1.033627120902463e-08	1.034529242409547e-08	1.019741041500693e-08	1.064500490648148e-08	1.186980513492968e-08	1.269293998420734e-08	1.282092016400748e-08	1.148588526218255e-08	9.975543065556505e-09	9.886291987966521e-09	9.789401436682431e-09	9.119911482694271e-09	1.069576741616443e-08	1.287390496310261e-08	1.440634277198703e-08	1.5571415200881e-08	1.628392757894058e-08	1.619863133851545e-08	1.36137863395351e-08	1.074969060536881e-08	7.099588825878132e-09	6.417355471851073e-09	6.264858389113196e-09	7.915267719985606e-09	9.495612708156486e-09	1.046382347718251e-08	1.083418697054715e-08	1.058451136440321e-08	1.019966103284403e-08	9.8636095965587e-09	9.643358800990715e-09	9.129127640430957e-09	8.545329408480372e-09	8.040139789421617e-09	8.274272271602907e-09	8.93039798380018e-09	1.070999487375112e-08	1.31329142322796e-08	1.51818082081297e-08	1.712315091141106e-08	1.853281876364944e-08	1.946191249069426e-08	1.942855565041968e-08	1.657526543132255e-08	1.241666485229531e-08	8.600942783276989e-09	4.731378916094044e-09	5.020467838404555e-09	8.357069766192095e-09	1.141385701321685e-08	1.282181536112023e-08	1.264536800386917e-08	1.145025171934519e-08	9.410022693965071e-09	8.70676898890348e-09	9.323521511308309e-09	1.062526743425133e-08	1.11785612306743e-08	1.134554125391444e-08	1.06062140701459e-08	8.245819575749614e-09	6.297565855325365e-09	6.051234431855468e-09	5.974481255919169e-09	5.265683749168366e-09	4.303324277089233e-09	4.337074486458722e-09	6.093769502378799e-09	8.469966792908394e-09	1.023991151130589e-08	1.072746324360505e-08	9.778957926566152e-09	7.951276500087284e-09	9.859199037564167e-09	1.307568036333004e-08	1.509701180256594e-08	1.608231014521498e-08	1.625145627090289e-08	1.591638188745852e-08	1.565553511167315e-08	1.584847830840964e-08	1.695176494270609e-08	1.779736293470296e-08	1.772534148784812e-08	1.644272354192166e-08	1.610090198128051e-08	1.550613526090851e-08	1.231106612385324e-08	9.299292460475998e-09	7.704850110748288e-09	7.580852523198195e-09	7.510193475799534e-09	7.3538705929189e-09	7.328384597503911e-09	7.237733936917132e-09	6.903124045705467e-09	7.284032720576842e-09	8.328604400795517e-09	9.091407595074811e-09	1.044231228206069e-08	1.165485735730688e-08	1.209852406009933e-08	1.190694095040197e-08	1.062192716722139e-08	9.487727363215167e-09	9.091460903855543e-09	9.351196522830503e-09	1.035688700002902e-08	1.065484750713954e-08	1.029420690869036e-08	1.007149127703918e-08	1.083869383598801e-08	1.20052861474853e-08	1.326252900525347e-08	1.399335141398468e-08
1.515512842120765e-08	1.124827781540322e-08	1.175916082740404e-08	1.087538256305143e-08	9.687311149352981e-09	1.058498092407211e-08	1.087182808388485e-08	1.103431478664603e-08	9.799711803940628e-09	7.231633353847842e-09	7.258469460083182e-09	8.436563974275416e-09	9.69623162386789e-09	1.072889755263749e-08	1.135139194342947e-08	1.146359955409464e-08	1.097910780750651e-08	1.042268685144142e-08	1.09165804456193e-08	1.06661877863289e-08	1.056191079066104e-08	1.052137096777834e-08	1.086574209240451e-08	1.066688491441189e-08	1.084515924998982e-08	1.256348324055538e-08	1.48558616108035e-08	1.696738710696478e-08	1.776711585679379e-08	1.704248852370727e-08	1.561174967436525e-08	1.270030746769315e-08	9.859024038047744e-09	6.479157190876772e-09	4.828638117608229e-09	4.049872837851453e-09	4.84402647864535e-09	6.89158596803074e-09	8.726309275628006e-09	9.625916091602321e-09	9.333909692745165e-09	8.840842688270904e-09	8.668984135488933e-09	8.632377946893683e-09	8.442850457000166e-09	8.729415988000877e-09	9.180200105141582e-09	1.023671385069485e-08	1.211966961065338e-08	1.396860640117872e-08	1.618794616245256e-08	1.826029629796765e-08	1.973630438138286e-08	2.052867434366932e-08	2.055049041511021e-08	1.840779495422108e-08	1.501963241538322e-08	1.018380739467771e-08	5.213304163853692e-09	2.914578076621437e-09	4.984733912135806e-09	8.665166555934774e-09	1.173233541666546e-08	1.342789169264981e-08	1.265678873323856e-08	9.992545100510961e-09	9.514774407005502e-09	9.535910920783608e-09	9.748819845371805e-09	1.077417281810062e-08	1.121460693737786e-08	1.095795067934682e-08	9.605990994027154e-09	6.20502039741669e-09	5.104188687535913e-09	5.856335081227555e-09	6.46223337075771e-09	6.279824223274282e-09	6.291460206590993e-09	6.77017512753116e-09	8.235742735357118e-09	9.520864270934784e-09	9.947646934047653e-09	9.781739947467213e-09	9.360492137647907e-09	8.151984604292575e-09	8.239471975085932e-09	1.107777186929791e-08	1.369675974714458e-08	1.530196962529675e-08	1.564131925662101e-08	1.57709026145828e-08	1.593514938968956e-08	1.668478769364007e-08	1.760255495127726e-08	1.786119927851172e-08	1.693637397554122e-08	1.602269079738697e-08	1.652488253464465e-08	1.588642716836386e-08	1.264646978140019e-08	8.505880743353995e-09	7.322590275805217e-09	7.313447150957525e-09	7.035744732785602e-09	7.070983535085684e-09	7.746143677515646e-09	8.126995738049743e-09	8.421311813171994e-09	9.003995183109572e-09	9.646132768197733e-09	1.011989314284657e-08	1.052914866293842e-08	1.058826706055452e-08	1.085964998624898e-08	1.063523699513209e-08	1.025519519605885e-08	9.731434974298584e-09	9.353782711942305e-09	9.333517534891239e-09	1.005305423348072e-08	1.043778587683725e-08	1.014459290375373e-08	9.887517621255929e-09	1.048722959754212e-08	1.206651472558636e-08	1.366025555568512e-08	1.427745346093252e-08
1.452425115765568e-08	1.132843069319883e-08	1.120307860662544e-08	1.11004646543489e-08	1.063166142890257e-08	1.217536081854334e-08	1.251107895035639e-08	1.11390965365444e-08	9.02714450120014e-09	6.521491621897549e-09	5.599754417731746e-09	6.60749632881152e-09	7.747657803210848e-09	8.950184760362607e-09	9.566883685160208e-09	1.017538830414022e-08	1.070177173471634e-08	1.148040792879644e-08	1.228890610873289e-08	1.299826806946892e-08	1.364430782163158e-08	1.438727622322298e-08	1.458389914264383e-08	1.452963252561945e-08	1.318102370036297e-08	1.159355629523625e-08	1.203109917492394e-08	1.330207544120671e-08	1.466953491256871e-08	1.552171348327891e-08	1.516178218689469e-08	1.328176702854999e-08	1.087576568743503e-08	8.488874235101972e-09	6.400848402434853e-09	5.284800019285167e-09	3.474039181710343e-09	4.609332470191151e-09	6.235985109357488e-09	7.02261871190729e-09	7.468329824056371e-09	7.93988743881646e-09	8.231027695989603e-09	7.674626913658402e-09	7.273816554948853e-09	8.192752927972014e-09	9.714636355058087e-09	1.191907274097374e-08	1.400952499930471e-08	1.506474903786783e-08	1.607211222385381e-08	1.932009925915005e-08	2.141474109132124e-08	2.187482206789797e-08	2.071116474799384e-08	1.804253505968715e-08	1.464507918449614e-08	1.015724266409255e-08	5.857108032064332e-09	3.079573477971333e-09	4.913741969328226e-09	7.969686585975881e-09	9.572543620297949e-09	1.028552068688348e-08	1.017398222895638e-08	9.334849320221711e-09	8.951839134581926e-09	8.951676430566887e-09	9.370861505517849e-09	1.075521509405068e-08	1.208338044080414e-08	1.199037752078596e-08	1.065687502449913e-08	1.021856770918797e-08	8.68518353580467e-09	7.328815978399502e-09	7.550961959763904e-09	8.036147756108034e-09	8.379449302660462e-09	8.568883481916194e-09	9.608484892237294e-09	1.087416113802493e-08	1.10765649307217e-08	1.084274334696174e-08	8.920053934447538e-09	6.310815809684565e-09	5.864472244850752e-09	8.632217549224104e-09	1.172607064011465e-08	1.41935678892944e-08	1.532571247127945e-08	1.486951657038819e-08	1.395233454687116e-08	1.433224834851867e-08	1.495300939181531e-08	1.578539087297296e-08	1.684176877074901e-08	1.730444015971372e-08	1.709740489958092e-08	1.53061797780916e-08	1.26036777116629e-08	8.50908299737221e-09	5.711977753458863e-09	5.124870128180854e-09	6.280680593898374e-09	7.462953935585974e-09	8.813397025091285e-09	1.002072325566945e-08	1.086356004510956e-08	1.12617685913195e-08	1.126649397891646e-08	1.101517946755035e-08	1.072287967440194e-08	1.056543771102945e-08	1.079255841812995e-08	1.106733716205247e-08	1.084362763252063e-08	1.001702258653068e-08	9.175234832182451e-09	9.249519708403428e-09	9.908394963502914e-09	9.916697441395653e-09	9.612110928310651e-09	9.575325197093416e-09	1.05374930451994e-08	1.174135676695719e-08	1.304916253266726e-08	1.429386624046646e-08
1.479169507153245e-08	1.293854758498731e-08	1.130250042929185e-08	9.14609740659465e-09	8.564154731581773e-09	1.007898262000324e-08	1.129035479647449e-08	1.105619896406916e-08	9.537304507882231e-09	8.924040014306672e-09	8.884483505946617e-09	9.189496527758188e-09	9.078634388175156e-09	7.813573385644525e-09	7.007618154088445e-09	7.427404984306376e-09	8.932602095323172e-09	1.170910663593946e-08	1.402564967496295e-08	1.551546738797963e-08	1.608522671336915e-08	1.578537973239192e-08	1.53471453217537e-08	1.469893920510041e-08	1.325268504923394e-08	1.245016147089742e-08	1.210229861848091e-08	1.329733013227111e-08	1.403946873118805e-08	1.319050548490072e-08	1.272531440252697e-08	1.250444873273041e-08	1.122733985635785e-08	8.801918340971917e-09	6.213847137535075e-09	5.208335712599965e-09	3.708610097409449e-09	1.574873693543498e-09	2.990894949310431e-09	5.057459536167966e-09	6.546751723698792e-09	7.563047463475966e-09	8.169269307389509e-09	7.249187559510198e-09	6.640660496258032e-09	8.000917160695792e-09	1.124163416026802e-08	1.445384189989526e-08	1.702352803713322e-08	1.853991415443478e-08	1.897741538522372e-08	1.990910737889351e-08	2.087889309549489e-08	2.155588223420846e-08	2.14563214007118e-08	1.901025072859607e-08	1.529653557709659e-08	9.005677875869431e-09	2.87017272173634e-09	1.774386163210885e-09	3.952997924426769e-09	7.007655283091419e-09	8.338972878008463e-09	8.134370104619479e-09	7.861114490303562e-09	8.595474573882786e-09	8.665648064177198e-09	9.955710823411932e-09	1.146557655625918e-08	1.25017242051615e-08	1.348882301431544e-08	1.405663768498514e-08	1.349567073095079e-08	1.239498107851357e-08	1.015574580406229e-08	8.585494922768611e-09	7.277098103517304e-09	7.823234859178187e-09	8.453320676710436e-09	8.292419800968639e-09	8.822986866207816e-09	1.019292153945792e-08	1.05877848367604e-08	1.01862340776006e-08	8.109164149812569e-09	6.592903263565542e-09	5.900212596759746e-09	7.559913104212844e-09	1.035211377659861e-08	1.300549505512702e-08	1.499371417975866e-08	1.557459049115934e-08	1.472781012698469e-08	1.334205193080914e-08	1.227693835980275e-08	1.296377572039889e-08	1.522184472889581e-08	1.718376498755954e-08	1.765242247520135e-08	1.558085901384379e-08	1.073954845882429e-08	8.756755705117872e-09	7.904759850766724e-09	7.634113774057671e-09	7.885825963392427e-09	8.638532618621671e-09	9.522787233475957e-09	1.02225651449895e-08	1.084585412562957e-08	1.103255287550554e-08	1.081808689594544e-08	1.078247929373471e-08	1.092197033878051e-08	1.116314046668916e-08	1.1103733084293e-08	1.060487892889609e-08	9.92899458230311e-09	9.902365628551445e-09	1.020709113154447e-08	1.027377584167428e-08	9.836022779199912e-09	9.127526510144957e-09	9.173994811737658e-09	9.666207865651127e-09	1.063464051732443e-08	1.197579478787598e-08	1.293586228574562e-08	1.361019528795992e-08
1.603445222178166e-08	1.36406287860978e-08	1.082055124611698e-08	7.245987845531651e-09	6.73220406242729e-09	9.165276764706994e-09	1.088604815622867e-08	1.107584658450449e-08	1.002031756477876e-08	9.437539536183916e-09	9.576794133946668e-09	9.229077670522899e-09	8.554685937476765e-09	7.655719581174808e-09	6.366092304633383e-09	7.173660273930144e-09	9.070330916891454e-09	1.220573681063024e-08	1.521706510498858e-08	1.722434043234946e-08	1.843311894422555e-08	1.851556674071195e-08	1.777580421258035e-08	1.57407876594584e-08	1.369182723810154e-08	1.274213638812549e-08	1.274913951842193e-08	1.253715697968959e-08	1.244123044295797e-08	1.176493005835173e-08	1.183141762665453e-08	1.141092553077983e-08	9.464620307330986e-09	8.066559921121044e-09	7.634730664478542e-09	6.371099592873723e-09	3.276911480729306e-09	1.470212161230591e-09	6.066927283390355e-10	3.249650971980597e-09	5.199260964837769e-09	6.017156356102806e-09	6.358439356845201e-09	6.531832163321301e-09	6.355348823266035e-09	8.833378836256245e-09	1.235247355962842e-08	1.503894161187618e-08	1.62663960675227e-08	1.761692944077969e-08	1.850630005119762e-08	2.007026752548087e-08	2.092863144701907e-08	2.035344423634623e-08	2.006376738552129e-08	1.743407256481099e-08	1.328262799759292e-08	8.687297859358225e-09	5.318982491974931e-09	4.040608829626775e-09	4.855881422451878e-09	6.732861009471718e-09	7.773062972372078e-09	8.285872291662677e-09	9.974978248836609e-09	1.063483014903984e-08	1.070754562110512e-08	1.162594092063398e-08	1.257140562135879e-08	1.338516677742164e-08	1.413068759013802e-08	1.429370052959537e-08	1.381507059896369e-08	1.235272150166883e-08	1.053911241542985e-08	8.141952708822918e-09	7.950195505419776e-09	9.334927686826867e-09	9.951074882998917e-09	9.687772363847787e-09	9.633198539778741e-09	1.077307855595271e-08	1.091968599721017e-08	9.447507382585398e-09	7.757021113134807e-09	7.113318527657567e-09	6.817362860675237e-09	8.079959161329098e-09	9.949539220093082e-09	1.244105394252824e-08	1.477839721391922e-08	1.548437020503693e-08	1.318232498385457e-08	1.047638468299645e-08	9.113534598125157e-09	9.024479831913243e-09	1.092813785994079e-08	1.359212671508986e-08	1.444356550578647e-08	1.264574336949795e-08	1.167909975267616e-08	1.031581413317151e-08	9.778701415224059e-09	9.718303338702292e-09	9.630312998172974e-09	1.007689926748229e-08	1.094989349229371e-08	1.157113055758818e-08	1.124700182115557e-08	1.033157637312601e-08	1.012575016153871e-08	1.021707767435244e-08	1.061342097684972e-08	1.15135837712493e-08	1.198580349551246e-08	1.169175437194286e-08	1.094052219095842e-08	1.123856085785467e-08	1.18568961225846e-08	1.166308788990478e-08	1.077603159532554e-08	9.830036020929934e-09	9.797331859246674e-09	1.000292326050903e-08	9.990622952917352e-09	1.037784273894958e-08	1.145858017251408e-08	1.173257693733853e-08
1.523837735744973e-08	1.102138492723429e-08	9.267862228534455e-09	8.904917231718518e-09	8.33250924197507e-09	8.972573718306369e-09	9.972421769627566e-09	1.057768310602496e-08	1.066379131776025e-08	1.101283258609876e-08	1.057100794805916e-08	1.064522524746083e-08	1.056965797843742e-08	9.345159811037862e-09	8.196700364820916e-09	8.165898483413491e-09	9.774395209668337e-09	1.169981542554097e-08	1.444972551022255e-08	1.594930692904624e-08	1.562327112700142e-08	1.525595389329039e-08	1.594312023477925e-08	1.61075071220286e-08	1.52394706249005e-08	1.434424519610237e-08	1.264448063059452e-08	1.143879256864538e-08	1.124939996150663e-08	1.163999572373771e-08	1.255682645122173e-08	1.270746369792671e-08	1.174130347231857e-08	8.885167600863759e-09	6.492389003209511e-09	3.992966682714522e-09	1.971400628910244e-09	7.480251130061587e-10	0	1.303577980848665e-09	2.135091971483552e-09	3.454904972112327e-09	4.964420618406743e-09	6.016663364654039e-09	6.957509398704821e-09	1.002237996846176e-08	1.380335496511406e-08	1.70461653399745e-08	1.905673621733208e-08	1.998856589005593e-08	1.994268087405498e-08	1.972847995456242e-08	1.942684476219441e-08	1.894924989445524e-08	1.826874080355175e-08	1.589053045901989e-08	1.295428163101109e-08	1.026770232554782e-08	8.598321121684166e-09	7.546463065781961e-09	7.675142391784508e-09	8.936516658065946e-09	1.054829387344373e-08	1.066545852129373e-08	9.736848248900057e-09	1.015162767784649e-08	9.796289501846342e-09	1.00339610617369e-08	1.031456185676711e-08	1.041684949669599e-08	1.201999565323737e-08	1.329737941110952e-08	1.323143382863362e-08	1.166991460775512e-08	1.086617130227818e-08	1.017745031430868e-08	9.941833270327641e-09	9.77108191853451e-09	9.682058876749026e-09	9.01891463884129e-09	9.274736497554886e-09	9.018847435593427e-09	8.076682674326593e-09	7.306197475190631e-09	7.173215362799795e-09	6.712807702215608e-09	7.201609125789116e-09	9.471652992420464e-09	1.249477979604703e-08	1.474918077308831e-08	1.564883943353554e-08	1.447616976453161e-08	1.239704347847343e-08	9.999208742611264e-09	8.419554174378609e-09	8.947814855032931e-09	9.692766198862641e-09	1.098218530642109e-08	1.25755589374521e-08	1.30736456857296e-08	1.208376506412802e-08	1.166033921661555e-08	1.157648815809785e-08	1.113374321961608e-08	1.091346826105421e-08	1.078717565554156e-08	1.092041126229502e-08	1.122998317880093e-08	1.065241763443623e-08	1.05270230561695e-08	1.076069630293674e-08	9.731970916900481e-09	1.004345806861349e-08	1.157724369209929e-08	1.229347361143035e-08	1.187058730474079e-08	1.136349203103572e-08	1.153882660828862e-08	1.118371688022747e-08	1.127056513734989e-08	1.097405320905282e-08	1.062325805588645e-08	1.01521625013126e-08	9.642038320334884e-09	9.204175723368645e-09	9.831666541759783e-09	1.11572701842557e-08	1.223627893488524e-08
1.191042821937733e-08	1.002551999630547e-08	9.687081637379735e-09	8.676689489039001e-09	8.674715912942806e-09	9.261014822131466e-09	1.018953133103807e-08	1.207453646218589e-08	1.363618958035795e-08	1.405645710033879e-08	1.331328164866475e-08	1.229545984764827e-08	1.072990519307652e-08	9.308782543014543e-09	6.632204488648108e-09	5.581941023382504e-09	7.381088165166614e-09	1.027574769750858e-08	1.306096356234724e-08	1.528250531439075e-08	1.632069448311785e-08	1.695576104606647e-08	1.728527850596294e-08	1.639972852180817e-08	1.50598968592021e-08	1.27812203513601e-08	1.083915690787591e-08	9.467769899115479e-09	1.086912232947355e-08	1.288531141806211e-08	1.386518449152995e-08	1.349323846343023e-08	1.078909436656534e-08	7.00265410286596e-09	4.106865433340532e-09	2.994678312255392e-09	2.71070695687468e-09	2.179920877054877e-09	2.170230580073824e-09	1.393393860406937e-09	2.97403056418309e-10	2.110242348191291e-09	4.876220429129669e-09	7.026615117393744e-09	8.688302091139423e-09	1.038567640954748e-08	1.372356786534031e-08	1.734613613785482e-08	1.897429432691883e-08	1.973992088226717e-08	2.049868816519643e-08	2.073163602892764e-08	1.961752859762071e-08	1.884371756369973e-08	1.711708712958341e-08	1.499746005336725e-08	1.225454337351936e-08	9.586063566525183e-09	9.377459701392676e-09	9.329926691495054e-09	9.524636699165179e-09	1.053308986731805e-08	1.223909318268021e-08	1.319451800886308e-08	1.288755248691819e-08	1.180520470217213e-08	1.108751830853728e-08	1.019367410889834e-08	9.371511159117931e-09	8.256192415153068e-09	8.937109566969703e-09	1.028857099813493e-08	9.882273849114617e-09	8.632204706658987e-09	8.410397258100102e-09	8.845044851543767e-09	1.094450554483831e-08	1.182536816753236e-08	1.100022165391636e-08	1.053172539788635e-08	1.017428964164036e-08	9.029633712395407e-09	7.65331353243425e-09	6.766591898249571e-09	6.101136427361738e-09	6.57406021344854e-09	8.324737348640974e-09	1.089861720403974e-08	1.293281458043546e-08	1.423856434070006e-08	1.462025542200499e-08	1.364343494492722e-08	1.202646732533437e-08	9.784290223517354e-09	8.216850272150599e-09	7.704594338733278e-09	8.851407358492704e-09	1.07410937375761e-08	1.194048128506936e-08	1.218472104926021e-08	1.210331915846563e-08	1.272156445655908e-08	1.336565847595471e-08	1.333828516978001e-08	1.315245764462741e-08	1.278170977138149e-08	1.229656151416809e-08	1.142722086708933e-08	1.062380533487807e-08	9.845499431384765e-09	9.269908560206296e-09	9.132128007862828e-09	9.731707988408735e-09	1.071094484695174e-08	1.093565481884441e-08	1.091507927898013e-08	1.156388261910846e-08	1.242843613457857e-08	1.23569583991689e-08	1.201812419759441e-08	1.121595889429758e-08	9.715039403252164e-09	8.620811203854173e-09	8.651201067830336e-09	9.220906316461584e-09	1.021494481680065e-08	1.173500071181863e-08	1.278274174049808e-08
1.211774331799836e-08	9.350116126750935e-09	8.471626234116377e-09	8.332808205942817e-09	9.363312327815882e-09	9.850236733947585e-09	1.112469897500789e-08	1.29466640630448e-08	1.44789438859371e-08	1.479964821550249e-08	1.230684138319442e-08	1.070292423068858e-08	1.00244113172856e-08	9.652269221224686e-09	8.062409446735815e-09	6.231660247736355e-09	6.901798526384443e-09	9.009131945386717e-09	1.227046510821918e-08	1.51749814081472e-08	1.668349690700376e-08	1.776193957179293e-08	1.785654678715305e-08	1.675145963947684e-08	1.33831137490287e-08	1.120180151447349e-08	1.141614476015056e-08	1.079347287733283e-08	1.056670887918244e-08	1.197977556560351e-08	1.283008730090685e-08	1.15463898282533e-08	8.980372212718869e-09	6.36465731651655e-09	5.925247479502577e-09	6.463857626997513e-09	5.534462970780752e-09	4.446640830492979e-09	3.596709811113422e-09	1.962216065022078e-09	5.100428077021133e-10	1.889515847785721e-09	4.780190485343534e-09	7.213948582223764e-09	8.808724290454534e-09	9.773261125973385e-09	1.32100649568521e-08	1.662043503738895e-08	1.854163289664358e-08	1.948405483250725e-08	1.940624356007103e-08	1.882113841930527e-08	1.855729628595219e-08	1.762157680534269e-08	1.608463389793054e-08	1.341815698780567e-08	1.183568160098157e-08	1.080406206209352e-08	9.657341201044089e-09	9.097801336886986e-09	9.489686377143802e-09	1.061427250273078e-08	1.24310520855819e-08	1.367102808428465e-08	1.38940348229462e-08	1.255528110959174e-08	1.076100987494563e-08	9.989367886939362e-09	9.836341365975794e-09	9.073134692024714e-09	8.151866847910642e-09	8.001813967396254e-09	8.380246657027885e-09	8.632108922760077e-09	9.100018361486035e-09	9.766925191865605e-09	1.108378560425112e-08	1.210647170672728e-08	1.146418595751263e-08	1.07402970802647e-08	1.044861328864783e-08	9.669895967844948e-09	8.129661822421288e-09	6.904184566039467e-09	6.058382883124634e-09	7.567541045373961e-09	1.058830660196166e-08	1.329386099561376e-08	1.494439680065102e-08	1.521722268075574e-08	1.396553258346215e-08	1.258172794966816e-08	1.200800843839046e-08	1.1572786336584e-08	1.113046549241988e-08	1.066615711897816e-08	9.296324311431082e-09	9.577264639633249e-09	1.043335092329425e-08	1.024036275977101e-08	9.611913799860963e-09	9.993232299726523e-09	1.041670333216091e-08	1.025348122424552e-08	9.908500393173608e-09	9.944124382751212e-09	1.001952305769228e-08	9.942759418100146e-09	9.652376549355434e-09	1.018508863535155e-08	9.792548698233652e-09	9.34472958816756e-09	1.045234228498956e-08	1.190498783626225e-08	1.297220781470186e-08	1.376025133473139e-08	1.471828721813389e-08	1.533603125097709e-08	1.502454083096083e-08	1.330586517826223e-08	1.111809857362336e-08	9.139593063553154e-09	8.444913965603805e-09	8.606653517370918e-09	9.119480752151557e-09	9.26577203264525e-09	9.865701990429833e-09	1.132943899414514e-08
1.185555385600319e-08	9.316424480162164e-09	8.731445915544797e-09	7.654725447148937e-09	8.885003631543002e-09	1.109065419921218e-08	1.288131563291206e-08	1.384532830505091e-08	1.326758272221061e-08	1.222566781865155e-08	1.255824786467771e-08	1.233149512737255e-08	1.141433074006561e-08	1.021657753174577e-08	8.059581028454321e-09	5.743822345756749e-09	5.948985823011074e-09	7.694385452313353e-09	1.076329935501889e-08	1.382734448162214e-08	1.561039114567541e-08	1.700528805666388e-08	1.738195014762329e-08	1.462568871303658e-08	1.344430868215355e-08	1.375960418314494e-08	1.403224475784991e-08	1.408726276287286e-08	1.382596073773636e-08	1.304648772154329e-08	1.122751188773727e-08	8.498107544552273e-09	7.498171129034171e-09	7.13770791923609e-09	6.864914949163834e-09	6.322175975971474e-09	4.652624054930372e-09	4.215627581783044e-09	4.287726619781674e-09	4.224349711701693e-09	2.717011819618882e-09	2.259195392193195e-09	4.448811115878916e-09	7.432363205633795e-09	9.277655720047559e-09	1.043517216339703e-08	1.242479577106155e-08	1.430675736769086e-08	1.566631918088855e-08	1.697754125519886e-08	1.757690815872984e-08	1.754814350976043e-08	1.672001678636105e-08	1.513739210489378e-08	1.353826904922611e-08	1.38111911598727e-08	1.313982197232904e-08	1.184100149454689e-08	1.144976085629643e-08	1.147760714270779e-08	1.248201705618261e-08	1.389449354314936e-08	1.496858971816918e-08	1.536687451481e-08	1.483897681771757e-08	1.397293939610508e-08	1.274952789458367e-08	1.108514932863212e-08	8.471722480538343e-09	6.782177066107104e-09	6.252791261790348e-09	6.982609904250051e-09	7.716563287300836e-09	8.095801434291105e-09	8.694489005614768e-09	9.788711584061146e-09	1.048135071205962e-08	1.035556711257306e-08	9.667042325286708e-09	9.28864350828405e-09	8.751153669126497e-09	7.24999256400598e-09	5.895730080337424e-09	6.627413505294579e-09	7.385047763877904e-09	8.726548257151921e-09	1.200122665169298e-08	1.495163318637378e-08	1.654675556585691e-08	1.681219744548217e-08	1.607378027771119e-08	1.512091563876177e-08	1.216226253697186e-08	1.059885992774327e-08	1.044392003832574e-08	1.004428275094525e-08	9.712659592807294e-09	9.380592685249124e-09	9.170945032970555e-09	9.078331241521208e-09	9.528488565060934e-09	9.542795554696234e-09	9.402364876211966e-09	1.004094398533395e-08	1.100783011325778e-08	1.106163512724265e-08	1.118469233498757e-08	1.110626265465611e-08	1.099257492778212e-08	1.055816766806131e-08	9.913297242585031e-09	8.813294506121319e-09	9.511407216341379e-09	1.088182702020621e-08	1.21472852075076e-08	1.370235544895314e-08	1.463120314444172e-08	1.350509396457683e-08	1.224325690603689e-08	1.178805013198176e-08	1.141867632495098e-08	1.074182110911841e-08	1.038126513513873e-08	1.065787726514907e-08	1.073265185068768e-08	9.454921746826268e-09	9.173293814540396e-09	9.780488484482341e-09
1.408424910870774e-08	1.10256483389927e-08	1.01438504464717e-08	8.971969874112302e-09	7.899211717056623e-09	8.962813068457966e-09	1.104203937039734e-08	1.235831890512371e-08	1.299901518200727e-08	1.22700456015748e-08	1.200055342991813e-08	1.138587139601375e-08	1.072549615950198e-08	1.025335458958489e-08	9.266467656388196e-09	6.478986367252274e-09	4.036965946789133e-09	5.585990139371183e-09	9.386784295602641e-09	1.298438150390891e-08	1.522914889637874e-08	1.661108191797033e-08	1.712727413063155e-08	1.571553368564788e-08	1.415921407318599e-08	1.323151575531143e-08	1.361012776004569e-08	1.380728603694769e-08	1.285691529197245e-08	1.210973683775928e-08	1.040080780758334e-08	8.429224250099177e-09	7.436674080724646e-09	7.959180978568022e-09	9.17998169717399e-09	9.981419581090807e-09	1.007097807949115e-08	8.573577010995502e-09	7.488869699398648e-09	6.419917973265464e-09	4.381340170063643e-09	3.478488606310799e-09	4.781271530065448e-09	7.917901100732378e-09	1.108399562337603e-08	1.305143799070956e-08	1.34627120923759e-08	1.282036805697541e-08	1.176908822436496e-08	1.249075582757986e-08	1.314710261509647e-08	1.351382310584466e-08	1.379369048382155e-08	1.297396028792973e-08	1.26220462811595e-08	1.247085633102451e-08	1.243992106409607e-08	1.266184187755868e-08	1.309160289856803e-08	1.278842528084562e-08	1.298725629248531e-08	1.449082013981227e-08	1.52832164924123e-08	1.544494445642463e-08	1.468841137343631e-08	1.386191911988783e-08	1.209293782539082e-08	9.174665880984069e-09	6.197033067380531e-09	6.073061449741871e-09	6.103909956551502e-09	6.617132103868939e-09	7.352781066171047e-09	7.279975411555123e-09	7.344159162803224e-09	9.146701496755902e-09	1.022944842686689e-08	1.03297679656788e-08	9.142121597883148e-09	8.157821747633987e-09	7.4968700566638e-09	7.222619537853526e-09	6.952305414471859e-09	8.74065922658562e-09	1.094914557848257e-08	1.206735311679992e-08	1.38617266416475e-08	1.608519361889818e-08	1.730000364944553e-08	1.737943540853524e-08	1.700208495769999e-08	1.571395158732951e-08	1.327773569816501e-08	1.234233711726548e-08	1.192460434851381e-08	1.022555439123977e-08	1.00089223105048e-08	8.507752033369749e-09	7.262541293690297e-09	7.940962996289271e-09	8.866595516654823e-09	9.42843485232281e-09	9.763167243220379e-09	1.014978381391948e-08	1.10050960190446e-08	1.085230734655371e-08	1.050861489531381e-08	1.062694516148051e-08	1.066314425886922e-08	1.06321909400544e-08	9.860091690228722e-09	9.521228272528751e-09	8.980096966861225e-09	9.63308322054995e-09	1.152040143489161e-08	1.28877845431978e-08	1.312906026840918e-08	1.296545458052674e-08	1.251705407506246e-08	1.187839658882074e-08	1.067436644629094e-08	1.023390640558063e-08	1.017239030342346e-08	1.014810357854264e-08	1.106631301095401e-08	1.115358976271532e-08	1.070878235406717e-08	1.001238430041898e-08
1.218437907581707e-08	9.857102610206935e-09	1.019885892508551e-08	1.009397561536382e-08	9.623560197441593e-09	1.017536670998289e-08	1.144217179882362e-08	1.259202306731368e-08	1.333626899630906e-08	1.233017259266057e-08	1.17886679877957e-08	1.15498575309129e-08	1.052391143248959e-08	9.415643383281666e-09	9.442333039703825e-09	8.340168822140986e-09	6.75829210766117e-09	8.033802619453803e-09	9.440422239977754e-09	1.115068189583873e-08	1.311592672781352e-08	1.395247426181999e-08	1.346413787824047e-08	1.346616673125979e-08	1.28662423667765e-08	1.15392214841485e-08	1.250884058619173e-08	1.28997407164863e-08	1.195061446416729e-08	1.141816965485351e-08	1.058027815751481e-08	9.799271575482507e-09	9.32859309233838e-09	9.66391667211253e-09	1.044541584486726e-08	1.083740330045297e-08	1.016555190145158e-08	9.862190136658297e-09	9.591643860484571e-09	8.384606774427882e-09	7.048708383635064e-09	4.586884694635934e-09	5.043645452866362e-09	9.024222288556411e-09	1.225395775250313e-08	1.421686563582651e-08	1.50829351924864e-08	1.460316108099128e-08	1.271383601169381e-08	1.039477282584339e-08	9.502011286427422e-09	9.562636570690957e-09	1.032136398658232e-08	1.112488405581258e-08	1.216525528760782e-08	1.323012235131607e-08	1.327866256370622e-08	1.265246689459842e-08	1.253666285191127e-08	1.237995787450868e-08	1.28830307879056e-08	1.366411436220814e-08	1.435805084251904e-08	1.47516484751879e-08	1.427954712168849e-08	1.368719414875743e-08	1.14009577176979e-08	9.607385943323793e-09	8.370683617927096e-09	7.073977572781384e-09	6.652400371685833e-09	6.940294000371982e-09	6.986918745264799e-09	6.721096902084942e-09	6.709132911989283e-09	7.757289095141213e-09	8.444356778551935e-09	8.505446337398302e-09	8.906385770568935e-09	9.500459401144834e-09	9.762192554441972e-09	9.741239424998028e-09	9.566906459377531e-09	1.090202288957731e-08	1.256499906068351e-08	1.328475121496475e-08	1.405365411297834e-08	1.530968884775498e-08	1.651244748476385e-08	1.675441798577902e-08	1.597255584374651e-08	1.452769414287545e-08	1.280569108531507e-08	1.209785010590768e-08	1.136369159347837e-08	9.299766933202412e-09	7.338177830637899e-09	6.217246515847103e-09	6.98541722932927e-09	8.749531871143226e-09	1.022043752812625e-08	1.069997483842058e-08	1.085360632435842e-08	1.112083458045386e-08	1.109069186846985e-08	1.079991270262912e-08	1.104115964330253e-08	1.109629323217331e-08	1.077834043783041e-08	1.042050185642473e-08	1.006025623041468e-08	9.787311491514873e-09	9.029022854306904e-09	9.673212300989781e-09	1.162339321295076e-08	1.267205609200584e-08	1.236720714401309e-08	1.201287807688216e-08	1.184203927138372e-08	1.091261621651178e-08	1.069420444218261e-08	1.074655454185421e-08	1.025534259474885e-08	1.054132317418877e-08	1.116937438385347e-08	1.168486473863312e-08	1.094163668371169e-08	9.833279526307296e-09
1.199203842536844e-08	9.79094630562181e-09	1.006158206703099e-08	1.012046150957607e-08	9.704308968809561e-09	8.874280461403305e-09	9.79782754066387e-09	1.162207559467451e-08	1.305133945760037e-08	1.304717321789613e-08	1.278881393306995e-08	1.179830536988053e-08	1.056980903227687e-08	9.961616746774055e-09	9.948721183695187e-09	1.061492231113265e-08	1.145540350598079e-08	1.23069589189622e-08	1.236192766445968e-08	1.066757273468092e-08	9.782291349262136e-09	1.146913193383765e-08	1.298399887091844e-08	1.292378105311219e-08	1.215440899065116e-08	9.709299459162463e-09	9.365962501022239e-09	1.020450539992957e-08	1.084729105551754e-08	1.025663309624912e-08	8.88137907558481e-09	9.452735395137234e-09	1.002223115561955e-08	1.129402835849058e-08	1.218758840749722e-08	1.125604458340947e-08	1.026957734239746e-08	9.847103380012e-09	8.955835757230476e-09	8.025090376781672e-09	7.843312379173538e-09	7.843264382127907e-09	8.796859280459545e-09	1.043803148864358e-08	1.225564725234532e-08	1.360747793111384e-08	1.36591267778186e-08	1.326431734457923e-08	1.230124653949781e-08	1.11428106706948e-08	9.862627196669163e-09	1.013546256354924e-08	1.033499372840318e-08	9.719314771185365e-09	9.962495392645632e-09	1.084031474006907e-08	1.11967946447965e-08	1.150518824582643e-08	1.204577886383111e-08	1.178434406616775e-08	1.224435199666792e-08	1.295253399484402e-08	1.373272917589145e-08	1.50985345937212e-08	1.533535203665904e-08	1.439116064489131e-08	1.353708781227943e-08	1.160333934263515e-08	8.993660461837057e-09	6.166149625998616e-09	6.363617948116036e-09	7.264372373740415e-09	8.265149616897351e-09	8.640903990360884e-09	7.55184026151081e-09	7.392317401026971e-09	8.644554997145839e-09	1.038862154222638e-08	1.212953408416529e-08	1.29039575491793e-08	1.238691381788671e-08	1.108439834751705e-08	1.062058326857245e-08	1.147756618181318e-08	1.215608632951916e-08	1.197867720344519e-08	1.155595891808552e-08	1.214450355052028e-08	1.305402744887456e-08	1.287360868943232e-08	1.274833032244524e-08	1.259919063195272e-08	1.231881835647754e-08	1.286082435733237e-08	1.107101458163176e-08	8.556461226935206e-09	7.708354550641434e-09	7.169301325247162e-09	8.662968046506469e-09	1.069995141551175e-08	1.153400737265584e-08	1.144313698269369e-08	1.053430804249904e-08	9.098608405000997e-09	9.597946785741637e-09	1.009455618851513e-08	9.60313139117012e-09	9.521111086359961e-09	9.951990559994616e-09	1.040211960236011e-08	1.04336277218321e-08	1.078562719145458e-08	1.088343072089683e-08	1.12335072400434e-08	1.188180458202408e-08	1.319815554885463e-08	1.407393243176331e-08	1.363048731049891e-08	1.192518926003912e-08	1.091031632778684e-08	1.12759715879793e-08	1.150103266654129e-08	1.081594272188919e-08	9.94211099922964e-09	1.034806450519799e-08	1.056927617855738e-08	1.026108342345549e-08	9.077524351498454e-09
9.860907022921603e-09	8.421895996320132e-09	9.857264810852158e-09	1.036235528328852e-08	1.062802153103373e-08	1.069939836954509e-08	1.11374184882586e-08	1.091571571363425e-08	1.189661619387033e-08	1.318358316319332e-08	1.323549576850076e-08	1.229333564878329e-08	1.122254322181194e-08	1.117078135034001e-08	1.160165089350249e-08	1.146226273833576e-08	1.113112556598512e-08	1.09706506417368e-08	1.03621422972949e-08	1.034350192659782e-08	1.083568218316951e-08	1.133209522553848e-08	1.214711232499755e-08	1.269487662183437e-08	1.245565064942646e-08	1.181297189534658e-08	1.257898446245659e-08	1.175768567256714e-08	1.087503892128346e-08	1.046753755086988e-08	9.197718166210784e-09	8.657928158898948e-09	9.749663039305915e-09	1.117466433732778e-08	1.17305393768626e-08	1.056134485068614e-08	7.250993043308177e-09	5.309589313601366e-09	6.117124095237646e-09	7.264625310969216e-09	7.431491345429661e-09	7.333018040375218e-09	8.49355796093592e-09	1.040350076584037e-08	1.194692722276496e-08	1.351527626892942e-08	1.382981263710773e-08	1.32927640418066e-08	1.228769229186963e-08	1.161427194603938e-08	1.096140275713425e-08	1.145441881499926e-08	1.188619473270818e-08	1.086050313235909e-08	9.781995861542419e-09	9.510603436026172e-09	9.749763424728292e-09	9.884536692865734e-09	1.025124434078538e-08	1.081084629962827e-08	1.283176924549005e-08	1.452525965647116e-08	1.544761880793372e-08	1.54608346036999e-08	1.466766600241953e-08	1.465423896666801e-08	1.457896007612754e-08	1.310965768110049e-08	1.054203609057789e-08	8.82395921007199e-09	7.925983560040376e-09	8.7501816315562e-09	9.694525654096291e-09	9.637821160592559e-09	8.468362654919452e-09	8.447440584330606e-09	1.050004470397858e-08	1.258351339783083e-08	1.352358501242895e-08	1.327354383031996e-08	1.186972050999891e-08	1.128288597021666e-08	1.173393248763943e-08	1.2715468579838e-08	1.345919804546091e-08	1.264611174807802e-08	9.313982316083964e-09	6.885049446190107e-09	6.442917151704412e-09	6.808004768204916e-09	8.188168043985237e-09	8.992864891453833e-09	9.751725354077932e-09	9.995746446827149e-09	9.8945749022508e-09	1.009515819371861e-08	9.775671627446967e-09	9.762460785685758e-09	1.048911231592205e-08	1.141396799849641e-08	1.141754380336104e-08	1.137021109760146e-08	1.066036991110271e-08	9.50491159751995e-09	9.464320278353351e-09	1.057033961724945e-08	1.129703281171944e-08	1.115640499366499e-08	1.114822016439176e-08	1.168318015830132e-08	1.227313749677232e-08	1.212167201450276e-08	1.194415673954077e-08	1.23929874322013e-08	1.287101838785277e-08	1.304066042418125e-08	1.278789044367204e-08	1.212929929660107e-08	1.139368535896593e-08	1.09170987098659e-08	1.06222708303712e-08	1.067955362972989e-08	1.045973090603025e-08	1.05535036749007e-08	1.055672635701846e-08	1.005440945163013e-08	9.745421422628443e-09	9.011924994407115e-09
8.653301850770677e-09	7.636189254407352e-09	9.838824131168488e-09	1.116911069462348e-08	1.171546017582972e-08	1.078209909812106e-08	1.016954633541884e-08	1.058142410351838e-08	1.097692479516927e-08	1.182485648859406e-08	1.293302632663519e-08	1.206580187104492e-08	1.185109309308752e-08	1.265963659632989e-08	1.298227758183292e-08	1.325368352592022e-08	1.274845868228203e-08	1.269643267698557e-08	1.250243624286358e-08	1.15273862180579e-08	1.105439604532101e-08	1.186221065883905e-08	1.273701372607372e-08	1.194983942397396e-08	1.107778787820937e-08	1.136934073804017e-08	1.122849915519611e-08	1.005232849174861e-08	9.002478143698759e-09	8.430529500544171e-09	8.269162441026191e-09	8.724215353770356e-09	1.090591049087432e-08	1.235181421779686e-08	1.13486934071896e-08	8.661381669396989e-09	6.338685561684697e-09	3.886224142772146e-09	4.800831483996797e-09	5.919736797447835e-09	6.464638296593003e-09	7.055567991665396e-09	8.545409010609104e-09	1.08002192874407e-08	1.237405025600999e-08	1.301882199496732e-08	1.273460322265695e-08	1.22875017567053e-08	1.266347516335278e-08	1.236249328063676e-08	1.190723680227055e-08	1.281028409101114e-08	1.370148697884095e-08	1.396748471183699e-08	1.363382294190961e-08	1.248188365535706e-08	1.105465556600507e-08	8.700847376951427e-09	7.726294057869139e-09	8.818504175014618e-09	1.176168323665424e-08	1.403809138847454e-08	1.503368054117637e-08	1.520357944910943e-08	1.501185107409808e-08	1.502258201972794e-08	1.489792049712874e-08	1.364210727108275e-08	1.157327349007012e-08	1.014198718343582e-08	9.306669015742884e-09	9.166422878381544e-09	9.418714854249133e-09	9.293487671294941e-09	8.759567098103592e-09	9.148150666786267e-09	1.030864361238442e-08	1.193993532529894e-08	1.303301677545263e-08	1.302664986976154e-08	1.183308398530788e-08	1.150550135391332e-08	1.19839323077174e-08	1.188198551410891e-08	1.15952512950709e-08	1.064965313073504e-08	8.034796448393798e-09	6.30236990771423e-09	6.713904649001792e-09	7.963468689464497e-09	9.064636520613394e-09	9.867523560605973e-09	9.793427434232407e-09	9.003442113859049e-09	8.720741419136919e-09	9.640705159128323e-09	1.013846464683618e-08	9.497747168345435e-09	8.493897428434168e-09	8.769030903749592e-09	9.384787091025399e-09	1.028859037691676e-08	1.142158258605716e-08	1.218088902803996e-08	1.283079438695118e-08	1.225460161829592e-08	1.159986346399751e-08	1.160859730245121e-08	1.205174724279378e-08	1.254609559353641e-08	1.284820042671313e-08	1.250517861169243e-08	1.201360613477694e-08	1.217194073825706e-08	1.236029072011976e-08	1.211480674844825e-08	1.158691256367014e-08	1.107051359692359e-08	1.058978205763846e-08	1.096475711565789e-08	1.204351690680398e-08	1.226789584673036e-08	1.127225659349071e-08	1.030198131802959e-08	9.981310953750603e-09	1.02119330232923e-08	9.539328351950967e-09	7.978052316890666e-09
9.95925949931003e-09	9.340299006256254e-09	1.069622839096208e-08	1.188396351918624e-08	1.208084926505283e-08	1.134981835168443e-08	9.815569334452638e-09	9.426386576673747e-09	9.836339549708522e-09	9.829531234207689e-09	8.768645031356974e-09	7.50010153162623e-09	8.731449599348087e-09	1.055732664367872e-08	1.222168656070247e-08	1.349401823582541e-08	1.447738248350106e-08	1.463023889803325e-08	1.488550696150101e-08	1.487720846177071e-08	1.475781395988286e-08	1.46201250919677e-08	1.286207631579512e-08	1.191448064799331e-08	1.243214478198228e-08	1.26954886749164e-08	1.159995900015392e-08	1.054602690344573e-08	1.045478276516667e-08	1.068284123313524e-08	1.015665206125774e-08	8.889918386279452e-09	8.773090169783629e-09	9.023658995013367e-09	9.54745781899874e-09	7.757288002521637e-09	5.018064249524094e-09	4.120887314914821e-09	5.375258169100152e-09	6.220824102476372e-09	6.176155543707387e-09	6.394344602051936e-09	7.947611961266263e-09	9.93466212115154e-09	1.102101149863869e-08	1.122646070755061e-08	1.133974732106907e-08	1.188366922088468e-08	1.238336477300413e-08	1.118228644334385e-08	1.030519545520237e-08	1.164176635771423e-08	1.236645867387952e-08	1.261949903869098e-08	1.345752663609729e-08	1.410679975488583e-08	1.404662792114648e-08	1.240187547327749e-08	1.077202950518646e-08	1.177282526157258e-08	1.363560227625188e-08	1.486404082742799e-08	1.502129670755431e-08	1.401078654845735e-08	1.278283930132798e-08	1.297089670035851e-08	1.355105785934666e-08	1.330527622701899e-08	1.203629328194501e-08	1.026328730366716e-08	1.029957375395778e-08	1.035855232610105e-08	1.049698041928832e-08	1.101604586606276e-08	1.092580513084438e-08	1.01819663489848e-08	9.659749756907501e-09	9.873418375711581e-09	1.082437981172833e-08	1.087491920174757e-08	1.089046833579986e-08	1.147195866697863e-08	1.227769963653095e-08	1.159577868447214e-08	1.039396067754726e-08	9.53183170453333e-09	7.765921930797209e-09	6.515008428946661e-09	6.800053322476046e-09	8.074368753556676e-09	9.844912104174866e-09	1.088526531259205e-08	1.071032954937159e-08	9.455489846054903e-09	7.940002717803378e-09	8.1196926244594e-09	9.050223065498192e-09	9.404524385642181e-09	8.6433290722671e-09	8.059399462056735e-09	9.07149721414616e-09	1.053478882837255e-08	1.300885478878782e-08	1.441450076051932e-08	1.421227675848693e-08	1.310905861975822e-08	1.200103379577038e-08	1.171549077484425e-08	1.193266521722841e-08	1.26645657965253e-08	1.324062776607828e-08	1.263264336041515e-08	1.204293813443012e-08	1.175621479622006e-08	1.117133601875894e-08	1.129840113848654e-08	1.171589050979756e-08	1.111411036459225e-08	1.079236510567411e-08	1.100046497249708e-08	1.093657793522823e-08	1.122238051211352e-08	1.036535317491079e-08	9.152071270124254e-09	9.680306282852335e-09	1.093859401033191e-08	1.071689512344296e-08	9.204264571539596e-09
1.191370694807155e-08	1.019648879762008e-08	1.071791539294295e-08	1.123048444723817e-08	1.121993042682274e-08	9.580564068318519e-09	8.661089921489227e-09	1.029409748015961e-08	1.06845109384655e-08	1.033888176799501e-08	9.539142732147198e-09	8.217699934110113e-09	8.453044500299074e-09	9.976274459004703e-09	1.135589415577329e-08	1.250557286573839e-08	1.246028381610379e-08	1.210961372917942e-08	1.361858485170241e-08	1.526531882473569e-08	1.585413018279494e-08	1.493966931256376e-08	1.368157522623024e-08	1.283760544222527e-08	1.29821055698337e-08	1.33273285254538e-08	1.288270725367024e-08	1.079669635603219e-08	1.034562095608009e-08	1.029018706279673e-08	9.696271781171397e-09	8.891666580021035e-09	9.17372222711645e-09	9.827109588734258e-09	9.676655638199549e-09	7.979574482051307e-09	5.788123215504897e-09	4.982313058275875e-09	6.289463806790421e-09	7.400908130369036e-09	6.849687430285208e-09	6.577870412708491e-09	7.663955075915914e-09	8.967006057396182e-09	9.78241178138527e-09	1.030037103139871e-08	1.081235727401785e-08	1.16006930468316e-08	1.233323585350931e-08	1.180482142845971e-08	1.002602308554377e-08	9.787997415218857e-09	1.206276356834348e-08	1.425854583443061e-08	1.542597180978955e-08	1.474601866182719e-08	1.407410087494054e-08	1.280685930170084e-08	1.219985172409668e-08	1.294185792865206e-08	1.312300626685164e-08	1.268703646404079e-08	1.213884663363632e-08	1.205530772027845e-08	1.161060890674871e-08	1.177235537819203e-08	1.309057304044591e-08	1.37116477508129e-08	1.22194150124313e-08	1.113287003034273e-08	1.097826103671703e-08	1.139973010032556e-08	1.148017559950031e-08	1.114100250024317e-08	1.062597722337739e-08	1.066271924692176e-08	9.86456956960614e-09	8.958842471665178e-09	8.91115944081343e-09	9.917562768816941e-09	1.067332185943685e-08	1.112751269061499e-08	1.136346666161577e-08	1.065247018909593e-08	9.347065966762227e-09	9.041537363569209e-09	9.046483778159182e-09	8.868342642646405e-09	8.718754925766375e-09	8.992541928538794e-09	1.008146487837191e-08	1.050559765374112e-08	1.020665115390332e-08	9.35948332344005e-09	7.65160555076228e-09	7.583569097594602e-09	8.980527426283569e-09	1.041404727331554e-08	1.16579601918947e-08	1.160644292792983e-08	1.152033350058646e-08	1.196662083938559e-08	1.263369773877301e-08	1.261508471240559e-08	1.208695694832841e-08	1.179330412195338e-08	1.169857896737266e-08	1.15428405592555e-08	1.176562736768754e-08	1.220333918634854e-08	1.209005757068819e-08	1.137544740156394e-08	1.134651288309324e-08	1.129773798705379e-08	1.112854206350246e-08	1.14867883126869e-08	1.207178363621476e-08	1.164363123439815e-08	1.064363558501871e-08	1.024247055779844e-08	1.089775070275959e-08	1.07759277163785e-08	9.742290729401156e-09	9.240417478671328e-09	1.044659642254166e-08	1.145425773365798e-08	1.081015715891335e-08	9.933882145718516e-09
1.29335312994001e-08	1.098275294659982e-08	1.156400920330115e-08	1.198345982228196e-08	1.170990360093052e-08	1.058521592062171e-08	9.452508966037239e-09	9.485191623379271e-09	9.818215769897443e-09	9.833303691818388e-09	9.042844895849111e-09	7.140442178952649e-09	6.254166710460747e-09	5.992066958783281e-09	6.571451818275895e-09	7.481092950417503e-09	1.05881447214057e-08	1.43628422036186e-08	1.641479924023657e-08	1.748675654073914e-08	1.788318896573157e-08	1.728462616262901e-08	1.533167258530636e-08	1.291309114655012e-08	1.291776581127523e-08	1.417922470496944e-08	1.442460345354326e-08	1.27391060964746e-08	1.050434232263727e-08	1.007464927880557e-08	1.034595820844471e-08	1.096838963856488e-08	1.084700065876118e-08	9.72239974517405e-09	8.335155750473237e-09	7.291862557393881e-09	6.156261528368193e-09	5.397702181903777e-09	5.665931696693129e-09	6.196955648445101e-09	5.795613141862382e-09	6.941924750439096e-09	8.677423190563717e-09	9.966260888708849e-09	1.012151997063987e-08	9.591177881549411e-09	1.033794874284528e-08	1.177035736085436e-08	1.200125806383312e-08	1.07524810580419e-08	9.958640636612818e-09	1.053486787806472e-08	1.296292648803897e-08	1.531347528952218e-08	1.622109093542486e-08	1.55777382241365e-08	1.436512271391136e-08	1.2775168413907e-08	1.124941737536024e-08	1.06822265098545e-08	1.018540446432844e-08	9.978931576674643e-09	1.067627733851872e-08	1.159917312199076e-08	1.166437730515657e-08	1.133258721308466e-08	1.178937487109703e-08	1.143493135051148e-08	1.203886098037993e-08	1.263671454976739e-08	1.27784365518682e-08	1.201900808022256e-08	1.12823638838587e-08	1.069708016973248e-08	9.989279374426432e-09	9.478378038050661e-09	9.238243672702437e-09	8.122427915308963e-09	8.662139732614456e-09	1.048929263781833e-08	1.174870474132025e-08	1.254712617072075e-08	1.237935066765565e-08	1.126184110689424e-08	1.067811948751117e-08	1.037560387772691e-08	9.779762395233298e-09	9.778104187223904e-09	1.01328461308279e-08	1.082083144600951e-08	1.165099890431742e-08	1.120797196464152e-08	1.015312022350249e-08	8.453503234448385e-09	6.663466649077041e-09	7.819532657410139e-09	9.746913689460258e-09	1.124908424739895e-08	1.211115353259897e-08	1.192701898723486e-08	1.14791683316948e-08	1.148529631585718e-08	1.194226333035689e-08	1.195793627750945e-08	1.147562889515649e-08	1.10440867997216e-08	1.088760286674275e-08	1.057646351843178e-08	1.057349073751825e-08	1.10164855130518e-08	1.127683492053376e-08	1.054289711445344e-08	1.009810388156819e-08	1.048687860078964e-08	1.110019359488848e-08	1.155869384819357e-08	1.15416302442115e-08	1.139289618465909e-08	1.1555208899118e-08	1.193676387882307e-08	1.180994898748585e-08	1.105887709662684e-08	1.072678853444073e-08	1.132088901109294e-08	1.169387822922266e-08	1.104285916120913e-08	9.614413310771953e-09	8.585976024872422e-09
1.366309627292031e-08	1.152719714825123e-08	1.211228729868138e-08	1.252334197129967e-08	1.1970662488741e-08	1.029355671160014e-08	8.685097912424615e-09	8.355162287151438e-09	7.614042381593741e-09	7.581049950869617e-09	7.936605464275563e-09	8.425970550433901e-09	8.184535048503989e-09	6.040385200241368e-09	5.80483303625184e-09	8.247371586756058e-09	1.16444335486019e-08	1.507879431949126e-08	1.71765517874057e-08	1.820050354885969e-08	1.79805887634442e-08	1.662757243408929e-08	1.53786083034898e-08	1.429564459262248e-08	1.410735839524413e-08	1.458554241541454e-08	1.435909306790463e-08	1.234931817031309e-08	9.38690193352163e-09	7.703245787878365e-09	7.382932315735633e-09	7.43659761520266e-09	8.592538275737462e-09	1.000377698726208e-08	1.008061086991665e-08	8.868080748918166e-09	6.402830226809721e-09	5.757432515354944e-09	6.439332307001912e-09	6.633254319689847e-09	7.35703925346467e-09	9.704267541020968e-09	1.174176795994776e-08	1.283181673649996e-08	1.299502378459812e-08	1.201811715532253e-08	1.10095941823476e-08	1.092609092363584e-08	1.043386658452986e-08	9.208960210531601e-09	7.864476464003765e-09	8.547010868524701e-09	1.134087494184953e-08	1.344062549772474e-08	1.41732497175145e-08	1.337109296714448e-08	1.261912170203741e-08	1.211933623403285e-08	1.09752767053583e-08	1.046062381867997e-08	1.116479835343057e-08	1.191239843425813e-08	1.219465774108453e-08	1.194592281377728e-08	1.185911950554789e-08	1.244703856063896e-08	1.213590267557581e-08	1.16805191505257e-08	1.170939287388996e-08	1.113054528718963e-08	1.074686318027586e-08	1.108215883634566e-08	1.117249232477705e-08	1.116206684204233e-08	1.040332980652156e-08	9.445891605708065e-09	9.807697051626304e-09	9.609879110863738e-09	9.28464997536686e-09	1.036777943027851e-08	1.14113043486636e-08	1.159098268077134e-08	1.120379170894102e-08	1.069640621718689e-08	1.078131295301971e-08	1.084097573050883e-08	1.101608125727915e-08	1.121733214114082e-08	1.091788593855005e-08	1.109196486732515e-08	1.097219788475807e-08	1.078868789244553e-08	1.085944808243489e-08	1.040873730651262e-08	8.645312724623388e-09	8.630959025498659e-09	1.025667902448536e-08	1.187549711413782e-08	1.222175763957782e-08	1.180502324014094e-08	1.169966186665564e-08	1.146432104316235e-08	1.127566070932741e-08	1.077515780894343e-08	1.0403688912162e-08	1.024891865676136e-08	9.936596002857064e-09	9.803967904113941e-09	9.960029767976957e-09	1.019871037389853e-08	9.234541013889175e-09	8.844178914954144e-09	9.661822806312249e-09	1.045427467595661e-08	1.011572961102889e-08	9.960779488232701e-09	1.122525782288984e-08	1.305845138540702e-08	1.407632754358739e-08	1.418694864774532e-08	1.344399208908704e-08	1.240451932853075e-08	1.1748717809621e-08	1.167896513415745e-08	1.184703342516387e-08	1.094578071978626e-08	8.73317997017824e-09	6.36209337886416e-09
1.411857830511612e-08	1.110783623892367e-08	1.052155893135639e-08	1.122599181706295e-08	1.183501836190265e-08	1.131983581917534e-08	9.106496738325799e-09	8.513772179461691e-09	8.668643342311278e-09	7.741077061894978e-09	8.175463790036276e-09	9.308023534582382e-09	9.543456377826902e-09	9.056239370093873e-09	8.86689556874943e-09	9.098836185418922e-09	9.393399368807041e-09	1.249423952891374e-08	1.547586617366187e-08	1.695601059090969e-08	1.697557636338589e-08	1.538482467582865e-08	1.408198766218241e-08	1.28385870821533e-08	1.25126886782136e-08	1.295306701182416e-08	1.283442727371863e-08	1.173678965302056e-08	9.797718663976252e-09	9.29782157416636e-09	9.971420638361529e-09	1.010499038272125e-08	1.026755896914034e-08	1.015928583657109e-08	9.341983349605275e-09	8.631029653479373e-09	7.590555114099552e-09	6.217349013920805e-09	6.706619614510667e-09	7.980178072111733e-09	9.989950609070081e-09	1.176029082362612e-08	1.311980650876021e-08	1.366246315127608e-08	1.362192410194791e-08	1.229534204876755e-08	9.246671145280326e-09	8.04495852866677e-09	7.947432307824112e-09	6.295303893116442e-09	5.866747824997548e-09	7.263174126582363e-09	9.389460877369809e-09	1.143928478632935e-08	1.238575356399089e-08	1.262956733753055e-08	1.299780275137502e-08	1.23358677697099e-08	1.147569394468912e-08	1.202041868323531e-08	1.302684863461703e-08	1.395331458383611e-08	1.431456882268027e-08	1.417640701914358e-08	1.372662337802875e-08	1.320023184338176e-08	1.166134540678642e-08	1.114027395729108e-08	1.088693917579328e-08	1.029309340710708e-08	1.003046591067625e-08	1.052159984068972e-08	1.101144581073958e-08	1.15253234961383e-08	1.140218666413738e-08	1.146449774369681e-08	1.176074453271887e-08	1.089616436891826e-08	9.663730022324294e-09	9.959980180758219e-09	1.006338438851472e-08	8.890151422741823e-09	8.638652879587081e-09	9.232590218040332e-09	1.001435242710607e-08	1.028114726828019e-08	1.039418517244273e-08	9.991655667988665e-09	9.546994078562191e-09	1.018737630046613e-08	1.104073922780445e-08	1.187355399973417e-08	1.282679284026363e-08	1.234780480292131e-08	1.139400074946463e-08	1.095345948330675e-08	1.174574944403552e-08	1.276953883730377e-08	1.276498952113761e-08	1.18562636557717e-08	1.105667098119557e-08	1.062789920050527e-08	1.029545652994975e-08	9.640026063904693e-09	9.324636779052891e-09	8.753759079055649e-09	8.102203345075741e-09	8.803849777069216e-09	9.955541901929301e-09	1.044224639524461e-08	1.002821430391685e-08	9.478779194945659e-09	9.744641282546309e-09	9.550761074314883e-09	9.449773208542191e-09	9.93790840874364e-09	1.150232598046016e-08	1.322922597495022e-08	1.461386343064948e-08	1.49128262482012e-08	1.407633961205735e-08	1.339557117388298e-08	1.319309879753118e-08	1.265768343074477e-08	1.157638436122582e-08	1.008715306672294e-08	7.544957127640039e-09	5.709142690989402e-09
1.332563101410084e-08	9.670303669003781e-09	8.926880649784344e-09	9.578455859123103e-09	1.085242454239556e-08	1.13434156313292e-08	1.172937625205908e-08	1.120432579293814e-08	1.012448508139098e-08	9.833738405259059e-09	1.088123479547706e-08	1.148282808988578e-08	1.083385199141743e-08	9.718252069908722e-09	1.006978578597772e-08	1.063752423905718e-08	1.071869417214781e-08	1.177112722614203e-08	1.355129629588007e-08	1.45869190286192e-08	1.456036023380428e-08	1.300129625168873e-08	1.0522058124692e-08	9.765330747306452e-09	8.340294122705919e-09	7.276287170307926e-09	8.332029472494616e-09	8.708752157845254e-09	9.107607115841439e-09	1.043683651764512e-08	1.235488713638414e-08	1.336414224771287e-08	1.325019479505716e-08	1.27737164541998e-08	1.194237117998007e-08	1.146596149883865e-08	1.074722974152219e-08	1.021245550593578e-08	1.06205755040446e-08	1.143693638354033e-08	1.207046621902038e-08	1.240550301171166e-08	1.225335367669786e-08	1.176395819953761e-08	1.127980692018163e-08	9.7308027724305e-09	8.048577875436234e-09	7.949769060521044e-09	6.967376426011515e-09	5.875618089582201e-09	5.430000161401668e-09	6.113400376262271e-09	8.056158459296542e-09	1.018560412216308e-08	1.153655674006084e-08	1.186258341501483e-08	1.148811585325091e-08	1.097417166499986e-08	1.187454282832368e-08	1.399235903363692e-08	1.553826436883018e-08	1.623380323571134e-08	1.531884161467927e-08	1.392228056275307e-08	1.307558583429212e-08	1.187333441991604e-08	1.072397560156972e-08	9.825013654386994e-09	9.864760762841769e-09	9.744251955976719e-09	1.033917507573602e-08	1.089679582414266e-08	1.137519903843908e-08	1.183331750537567e-08	1.200990343984553e-08	1.257867147599265e-08	1.261589105866111e-08	1.11657832125301e-08	9.79151428334828e-09	9.605182538721171e-09	9.291880399713368e-09	8.424900280476702e-09	8.321619982824393e-09	8.370677109591368e-09	8.732147655460464e-09	9.602358174515651e-09	1.015531562387097e-08	9.958000471089208e-09	9.518296504093574e-09	1.016940104707654e-08	1.204080311238724e-08	1.362665713729732e-08	1.41154151125964e-08	1.352711948226853e-08	1.321827439332244e-08	1.27844733056244e-08	1.281263817551651e-08	1.326049682593342e-08	1.274252081449292e-08	1.093520022403713e-08	9.424587638782582e-09	8.991949452420711e-09	8.608435640607494e-09	7.975640913900596e-09	7.628643371001209e-09	7.687575192019619e-09	8.561862162628231e-09	9.72802354584121e-09	1.003580543242242e-08	9.916152839802902e-09	1.011449953323401e-08	1.033829662109446e-08	9.736852571128041e-09	9.274658926233584e-09	1.03373234607701e-08	1.146585977869324e-08	1.229388243916901e-08	1.344905822975462e-08	1.458385595460144e-08	1.506104916959343e-08	1.452247162503923e-08	1.282395284398865e-08	1.227989150918872e-08	1.224562658744857e-08	1.133583038632082e-08	9.551836861789683e-09	7.402558502739586e-09	6.585199612513899e-09
1.33940757135119e-08	9.577231846471971e-09	9.03878675053277e-09	9.339283985838019e-09	1.019070616498698e-08	1.072740371513878e-08	1.103239615573873e-08	1.106254649187299e-08	1.021747399072761e-08	9.96203786736082e-09	1.0871201046535e-08	1.149335105430922e-08	1.076835847364555e-08	1.089090338596102e-08	1.246049731323391e-08	1.349286544967946e-08	1.348047367066962e-08	1.33801614400136e-08	1.384043070975656e-08	1.4289850195041e-08	1.344342867178035e-08	9.919054988497927e-09	7.468963898607245e-09	6.983619679319232e-09	6.518774220426489e-09	6.088552472409398e-09	6.640054279862342e-09	7.971531621627388e-09	9.924819149740638e-09	1.269751712617185e-08	1.42675130066105e-08	1.45203863414979e-08	1.386611816736382e-08	1.23950570491533e-08	1.073947955796323e-08	9.899912334797079e-09	1.043118632232784e-08	1.130485512711275e-08	1.197084974136218e-08	1.218395412973284e-08	1.243819715691281e-08	1.258481342433244e-08	1.159888906797575e-08	9.832659754308198e-09	9.116364502331722e-09	9.584776423627763e-09	1.040041568135423e-08	1.128010431359648e-08	1.099182995820812e-08	8.553682512039976e-09	4.547091018425514e-09	4.501937698829359e-09	7.055110483066511e-09	9.101611161469761e-09	1.031935234492765e-08	1.047161660254372e-08	1.042881590392284e-08	1.048687783345646e-08	1.229960134819578e-08	1.487257160143065e-08	1.67945343835009e-08	1.73362427382542e-08	1.583787992084548e-08	1.359373927384132e-08	1.155477603369841e-08	1.042396688892586e-08	8.600723377053169e-09	8.15262254740727e-09	9.047591417650137e-09	9.873442358171998e-09	1.048887717142212e-08	1.114099793920244e-08	1.210943910966296e-08	1.260901122170585e-08	1.279057446015473e-08	1.33364108952855e-08	1.264827639132302e-08	1.13865403400437e-08	1.018453315404399e-08	9.392924245651677e-09	8.432532517867318e-09	8.452729788928419e-09	8.701435885824577e-09	9.13413649870981e-09	9.601823885153349e-09	1.034128979258546e-08	1.118118885940945e-08	1.186551247338928e-08	1.137717173261342e-08	1.087645713163759e-08	1.188420354435978e-08	1.259146239394479e-08	1.296295718428964e-08	1.220422168362853e-08	1.182691151038208e-08	1.188885825734335e-08	1.244552130982417e-08	1.288352189084049e-08	1.249526200160459e-08	1.099401596689947e-08	9.315661123832964e-09	8.868197547266978e-09	8.435759076054529e-09	7.539714945805679e-09	7.046428770732338e-09	7.046496758566929e-09	7.828703335214697e-09	9.344973236986759e-09	1.010245238473513e-08	9.878110044928063e-09	9.486508136970309e-09	9.260945129346145e-09	9.663922609597603e-09	1.07717785648696e-08	1.192329955030121e-08	1.318892302696983e-08	1.426438603190408e-08	1.514340579635358e-08	1.588487217866158e-08	1.582190941684054e-08	1.369268322587734e-08	1.083166640612459e-08	1.0745930030033e-08	1.131136118889126e-08	1.068357527129758e-08	8.656893411686631e-09	7.048804538807984e-09	8.37605794356919e-09
1.531249042355914e-08	1.045193052191334e-08	9.476531108225233e-09	9.881513253858318e-09	1.016400811262501e-08	1.027688466886015e-08	1.016416522714839e-08	9.056942860348544e-09	7.967307032863829e-09	8.120398541657569e-09	9.376106304384312e-09	1.077634876797998e-08	1.128915091762641e-08	1.219569227806495e-08	1.402927819606199e-08	1.476759179531473e-08	1.403579158714898e-08	1.218490538186668e-08	1.155929524917802e-08	1.214156682655001e-08	1.188083615676127e-08	9.98983900027388e-09	7.736155699759107e-09	6.980818088139896e-09	8.399205120706613e-09	9.890946302565008e-09	1.091073185849853e-08	1.186586475857471e-08	1.293494017051293e-08	1.506347927162973e-08	1.63705570692593e-08	1.607823589092913e-08	1.337349181144743e-08	9.529442165296608e-09	6.817618225916226e-09	7.013029655943516e-09	9.093865706427293e-09	1.099285549013052e-08	1.196200164181101e-08	1.166576128950277e-08	1.065621117883197e-08	1.013757791326307e-08	8.933969219106935e-09	7.740368418118716e-09	7.661967080813076e-09	8.86326897840127e-09	1.023894103017653e-08	1.073707691011447e-08	9.817602572821569e-09	8.361551030227117e-09	7.926903308243714e-09	7.135279207144644e-09	8.098862646816184e-09	1.029373419864224e-08	1.126256898338476e-08	1.090753828107422e-08	1.115389372124e-08	1.249331667352621e-08	1.444990920740502e-08	1.586188994861807e-08	1.619871909034433e-08	1.586560870360282e-08	1.513007771132725e-08	1.34876874273006e-08	1.155608055876749e-08	9.022422067626245e-09	7.055089945525261e-09	6.944049287566367e-09	8.916251934304852e-09	1.034992596099766e-08	1.100074616453599e-08	1.134508290501891e-08	1.234496500183508e-08	1.323500062758791e-08	1.35250827086741e-08	1.325861203958367e-08	1.241932582180165e-08	1.116479426448571e-08	1.052889982832222e-08	9.693904653259777e-09	8.571319069800316e-09	8.341862749981353e-09	8.817854856083368e-09	9.277274158998962e-09	9.829504330466453e-09	1.072810403372796e-08	1.206002480897302e-08	1.294936119782062e-08	1.222980925483181e-08	1.068324381397054e-08	1.064204931258612e-08	1.118585580661829e-08	1.115495864281307e-08	9.888780246249855e-09	9.072170436305928e-09	1.06629451194049e-08	1.222186169277163e-08	1.267402899618184e-08	1.225864448928453e-08	1.071820831123092e-08	9.771758185349376e-09	9.885977215670043e-09	9.538762169855756e-09	8.538328455996606e-09	8.810999327622823e-09	9.726263898014873e-09	1.032073482640869e-08	9.954156603324119e-09	9.716576476016374e-09	1.017162525565893e-08	9.86021169077106e-09	9.316724387416242e-09	9.50516674127081e-09	1.063645003043184e-08	1.171711678568977e-08	1.287879671745089e-08	1.405905271893384e-08	1.474149396497734e-08	1.462466617596131e-08	1.395626631004938e-08	1.269042638135655e-08	1.156304666382684e-08	1.111928508479069e-08	1.005588958052061e-08	8.648964818778432e-09	7.588625025505451e-09	8.894872578275852e-09	1.100728891986635e-08
1.448426567380098e-08	9.689906203933564e-09	8.503232981899228e-09	8.962208956216061e-09	9.656289064002319e-09	9.905090861578307e-09	1.018988736006285e-08	1.017306683787579e-08	1.039397396418471e-08	1.124447620347809e-08	1.268046849227743e-08	1.350647919406899e-08	1.346231342163528e-08	1.270569673330905e-08	1.314503659651586e-08	1.357268396840173e-08	1.22796679572652e-08	9.660665488298915e-09	8.261837739911459e-09	1.005900396491615e-08	1.072385379804809e-08	9.502564004430958e-09	7.887207831635681e-09	7.712367127340224e-09	9.242784294198057e-09	1.052238511605307e-08	1.110605635179797e-08	1.133743619784e-08	1.176808551236926e-08	1.368413469542821e-08	1.496342733094494e-08	1.451919108835577e-08	1.098754373263809e-08	7.182301424542969e-09	6.89603317756595e-09	8.191043650676397e-09	9.796180428262937e-09	1.136054252495352e-08	1.252159326911379e-08	1.23977108872966e-08	1.056159207850939e-08	8.087339668633141e-09	7.611855596263356e-09	8.246459421795267e-09	8.980957039000953e-09	1.036070546564884e-08	1.16754897567482e-08	1.223859560064877e-08	1.243718841436038e-08	1.232492583305749e-08	1.260623583290534e-08	1.27403863466195e-08	1.31133059588754e-08	1.246585441089334e-08	1.025861012468774e-08	8.603324994558636e-09	9.234412677845012e-09	1.116766881080578e-08	1.341341161161234e-08	1.425962704030824e-08	1.399907301998366e-08	1.413204830776924e-08	1.430633877950119e-08	1.319747206344234e-08	1.158988543201082e-08	8.825368078742684e-09	6.711422771898605e-09	6.182056080820774e-09	8.097570654743074e-09	9.882513081907216e-09	1.050816413412664e-08	1.046051996203054e-08	1.07342091549487e-08	1.153440432938886e-08	1.213899338527337e-08	1.181175785309489e-08	1.083821614882005e-08	9.437561657330777e-09	8.702623871475583e-09	9.018274102815529e-09	8.891526481127948e-09	8.849399562623391e-09	9.184709695819251e-09	9.972858586381898e-09	1.028324598040811e-08	1.103191386115922e-08	1.238477408952045e-08	1.339268652082869e-08	1.295441836030984e-08	1.07783939430609e-08	9.684198200951353e-09	1.05478260215623e-08	1.107523094296921e-08	1.120601981102279e-08	1.174706987676786e-08	1.216151796269026e-08	1.278873389175705e-08	1.301173231298976e-08	1.166364360789501e-08	1.039571399242486e-08	1.076071675499717e-08	1.134881719933084e-08	1.139855319419148e-08	1.10314672776268e-08	1.024033871221426e-08	1.072809179762745e-08	1.178339484278031e-08	1.121961875291496e-08	1.02611148511696e-08	1.015930431356425e-08	9.438246953365123e-09	8.944062858213495e-09	9.55250549773723e-09	1.046119940994371e-08	1.031733210305559e-08	1.040652301094827e-08	1.11203886928302e-08	1.189242608291113e-08	1.209496391761157e-08	1.138173316638485e-08	1.074160037281701e-08	1.138931025433131e-08	1.180696886795613e-08	1.136867840606921e-08	9.886758039436779e-09	9.003590815611851e-09	1.027055736610222e-08	1.247072908261237e-08
1.392620668679611e-08	9.225442800775651e-09	7.816580858238434e-09	8.303865859437883e-09	9.54872566495858e-09	1.049551998171425e-08	1.08634802887045e-08	1.094737641507416e-08	1.1674085088363e-08	1.327457839470681e-08	1.410683236418664e-08	1.43273117880711e-08	1.436970341295398e-08	1.278511657845603e-08	1.129758520470837e-08	1.095613142500559e-08	9.893845580416095e-09	9.144764781660358e-09	9.588457358011203e-09	1.071611396176479e-08	1.069503185739901e-08	8.865157685921187e-09	8.051204863972318e-09	9.035221697612638e-09	9.873295190417278e-09	9.507699206344785e-09	8.82731992723893e-09	9.831785673952199e-09	1.149361856357103e-08	1.33629414571311e-08	1.389884764566502e-08	1.214456511928147e-08	8.704558558583734e-09	6.697321185555283e-09	7.59558193070842e-09	9.055708283746149e-09	1.040241450061692e-08	1.264369982116249e-08	1.442181320410547e-08	1.46376016948272e-08	1.296306100676454e-08	1.057742029905037e-08	9.19947014299319e-09	8.272889704171383e-09	8.299543566964585e-09	9.97259059747711e-09	1.165308852566009e-08	1.223233558823068e-08	1.215837902520251e-08	1.192070775924416e-08	1.237312061081731e-08	1.306856886144314e-08	1.346351653810141e-08	1.320916892580126e-08	1.199484646361806e-08	9.728441732785637e-09	9.26437726659695e-09	1.054046995337438e-08	1.198265516883525e-08	1.17920006078606e-08	1.088958749555881e-08	1.181127725905126e-08	1.280650221689905e-08	1.25985497419039e-08	1.233092730377373e-08	1.156183005056023e-08	1.052399756979913e-08	8.517823097094332e-09	7.813678830571778e-09	9.183055634389519e-09	1.011262018842455e-08	1.006641015989995e-08	9.693136563815249e-09	1.005227176063074e-08	1.085441719820127e-08	1.059781094094259e-08	9.744714644606824e-09	9.170286519435226e-09	8.522285321232272e-09	8.327422682876653e-09	8.569904892325876e-09	9.496240164937609e-09	1.101622194747907e-08	1.161534841323171e-08	1.130711930103468e-08	1.162378262383866e-08	1.24375749867186e-08	1.250660992868738e-08	1.128727317932556e-08	9.873183479563466e-09	9.529675573748003e-09	1.000599114641274e-08	1.068781112454956e-08	1.115270896994105e-08	1.193152954044444e-08	1.29129520476891e-08	1.37237712363936e-08	1.318960580255825e-08	1.095557826662939e-08	1.026422359746655e-08	1.114618647693073e-08	1.128688440007439e-08	1.157491166041988e-08	1.199192285059055e-08	1.241220406857718e-08	1.247558604204299e-08	1.19086398727849e-08	1.073052347884135e-08	1.04759158404411e-08	1.054577666215935e-08	1.04697665035796e-08	1.04177110688875e-08	1.068444763370484e-08	1.060166068742652e-08	9.947679304176021e-09	9.497745543429153e-09	9.614370523661895e-09	1.009077577547994e-08	9.652136394183884e-09	8.834098428288654e-09	8.953199843788091e-09	1.102787567888169e-08	1.206489853132608e-08	1.168786364157199e-08	1.070732412135855e-08	1.065556493354687e-08	1.170515610600776e-08	1.271941757603833e-08
1.089975505549646e-08	8.517012445940202e-09	7.505416411925887e-09	7.872067374592986e-09	9.493716699764458e-09	1.072808838254498e-08	1.15343305474063e-08	1.286572055042261e-08	1.484192240434136e-08	1.635229525023015e-08	1.693068683659393e-08	1.633324553610065e-08	1.49967939889106e-08	1.211622092049833e-08	8.619132277312415e-09	7.425940561477981e-09	7.41038517477407e-09	8.855874166939027e-09	1.098509422165306e-08	1.197735215411986e-08	1.037644435138504e-08	8.285790252323695e-09	7.826532938746198e-09	8.791063148395956e-09	9.246618734363319e-09	8.581479862785331e-09	7.540309923636009e-09	7.631561626949694e-09	1.015616967638725e-08	1.230968493455345e-08	1.223343630725394e-08	1.056353205220536e-08	8.387459204957745e-09	8.565926617209809e-09	1.04124337125862e-08	1.172668117778671e-08	1.225457587998272e-08	1.34809262891791e-08	1.449569314711627e-08	1.432169917097745e-08	1.266692953221314e-08	1.068985155425029e-08	9.475452360800376e-09	9.856882695402207e-09	9.492955515712556e-09	8.805268397886737e-09	1.00975515643689e-08	1.082122432425776e-08	1.138664066553789e-08	1.250717362737559e-08	1.38353588687116e-08	1.461566104380241e-08	1.41793742981756e-08	1.269417794161463e-08	1.035752910263047e-08	8.685812337900351e-09	8.612231427940052e-09	9.039541087560942e-09	1.002948148458052e-08	1.097862717355106e-08	1.199672893834313e-08	1.281642843699457e-08	1.242399147068643e-08	1.255985461383202e-08	1.376321382713624e-08	1.35396668870854e-08	1.301964982999867e-08	1.147283585335782e-08	9.391727330016978e-09	8.875761518612928e-09	8.899044688622467e-09	9.449368502007727e-09	9.641463417163474e-09	9.354024525237468e-09	9.573968727627685e-09	9.725525024853139e-09	9.664785270114018e-09	9.468154447028777e-09	8.870189219076797e-09	8.414897807119176e-09	8.772290686226721e-09	8.999227782275084e-09	1.009676862627234e-08	1.160919081204552e-08	1.172035166261437e-08	1.144416739522183e-08	1.16279135659044e-08	1.125468398783625e-08	1.037699538915488e-08	9.405850507580679e-09	8.967901558408286e-09	9.768733689077618e-09	1.062352531452418e-08	1.143191325465003e-08	1.253624121884645e-08	1.340712151023144e-08	1.384663499460427e-08	1.282006534617186e-08	1.115721171761675e-08	1.055156079424864e-08	1.011057796971892e-08	1.043212121956493e-08	1.130699944225608e-08	1.208438325050905e-08	1.310044421782735e-08	1.370448163200326e-08	1.308341834584189e-08	1.136350573493241e-08	1.048225351505009e-08	1.110739719036039e-08	1.185754569943496e-08	1.173278179412854e-08	1.097375407441455e-08	9.575346389975083e-09	8.60694610431819e-09	8.568196442435428e-09	8.883015167902155e-09	8.974267855342659e-09	9.326308190641566e-09	9.4540267196231e-09	1.046169413840723e-08	1.154313882759304e-08	1.189996874241315e-08	1.132587814364535e-08	1.009443425956763e-08	1.049955108771327e-08	1.171828324486336e-08	1.293257543463989e-08
1.356574002870657e-08	5.895072042648371e-09	6.745731742677525e-09	8.664213092997331e-09	1.00694891038307e-08	1.07103065088703e-08	1.146102290139573e-08	1.356456553889507e-08	1.611273399020068e-08	1.763752642436754e-08	1.763600903274159e-08	1.578216315722202e-08	1.315748826526469e-08	9.530661616254515e-09	7.354893892230398e-09	6.505447392156003e-09	6.965700216618215e-09	8.427820730433181e-09	1.005297339719556e-08	9.947841951991734e-09	9.286499194654105e-09	8.599396445444704e-09	8.392342365276814e-09	9.019662202774621e-09	9.004983250542299e-09	8.869245260016086e-09	8.963154699493084e-09	9.363009584326839e-09	1.104813695848295e-08	1.228017948402332e-08	1.242053137515631e-08	1.15708148716226e-08	1.079882379765469e-08	1.216095837678807e-08	1.338460539424994e-08	1.398362560245669e-08	1.396303051332875e-08	1.374705171878089e-08	1.381521171812498e-08	1.268687065899569e-08	1.043540542215756e-08	8.764235607279759e-09	9.19755171454368e-09	1.079340291414498e-08	1.123558497770787e-08	9.655911963610765e-09	8.279054589202287e-09	7.966347466543069e-09	8.452179206302063e-09	1.095257166404749e-08	1.349145433488527e-08	1.462525839303989e-08	1.350060132674369e-08	1.044274258708016e-08	8.105700947009507e-09	7.112202050800281e-09	8.44591345971183e-09	9.40751939872819e-09	1.032583102923529e-08	1.151334502451648e-08	1.315797445225519e-08	1.404218929796024e-08	1.300664647742626e-08	1.249002587782046e-08	1.353352976808807e-08	1.34741149221437e-08	1.260909704142164e-08	1.141260079931278e-08	9.441861231246782e-09	8.609843622873336e-09	9.110676453978965e-09	1.008333333618674e-08	9.905987368306511e-09	9.492652727825315e-09	9.791244816161253e-09	1.005611295871601e-08	1.01904200068635e-08	1.033163895470588e-08	1.026052597485424e-08	9.925440654892549e-09	9.933226124732033e-09	1.047681293133619e-08	1.038737429368126e-08	1.179087709523303e-08	1.199641485525716e-08	1.138637493704326e-08	1.129487760817254e-08	1.119320280064808e-08	1.06899505773591e-08	9.576313661919445e-09	9.271496362214572e-09	9.929014160833921e-09	1.078622099390231e-08	1.153891451007355e-08	1.185898946091692e-08	1.164642434985935e-08	1.131575261212012e-08	1.151853667339315e-08	1.122045186527122e-08	1.026007303272241e-08	1.009274667222413e-08	1.024724150210951e-08	1.013054621034922e-08	1.117307197467538e-08	1.313655549138486e-08	1.400495245945032e-08	1.352859785385773e-08	1.226262086862273e-08	1.076257908174656e-08	1.112872993279938e-08	1.192419901135216e-08	1.164343718959573e-08	1.032464935069053e-08	7.837644501067739e-09	8.014805292873887e-09	9.335174650889968e-09	9.806048278357199e-09	9.889935097908029e-09	1.022213440689022e-08	9.908588248235963e-09	1.101570638314622e-08	1.218235824200564e-08	1.228906142981756e-08	1.17614011435812e-08	1.052094838946951e-08	1.051626589866028e-08	1.083098906658424e-08	1.148316710339402e-08
9.894525536987066e-09	7.586295996480447e-09	9.719365045935784e-09	1.108109107486205e-08	1.196025206734519e-08	1.196371979011595e-08	1.194830131603848e-08	1.177460457833198e-08	1.240394739981462e-08	1.433597744282045e-08	1.504173509176492e-08	1.427330421711599e-08	1.253843815590521e-08	9.109868993131405e-09	9.026977602768605e-09	8.845495103963295e-09	9.116246866310232e-09	1.048770332719455e-08	1.096834153831101e-08	9.621124237785207e-09	8.241821336674554e-09	6.629263496456427e-09	6.320397805441635e-09	7.182521262316775e-09	8.462897506779109e-09	9.462214192609063e-09	1.004858807642547e-08	1.084282610670313e-08	1.19892601503965e-08	1.272376637963111e-08	1.319450728967708e-08	1.301681533698698e-08	1.267724551744775e-08	1.342354419530347e-08	1.449300762275728e-08	1.529587096201394e-08	1.52431095880438e-08	1.412933782858036e-08	1.215975290886264e-08	9.296815986754153e-09	7.378163598872593e-09	7.516251369005744e-09	9.632861176387256e-09	1.13370879848614e-08	1.251893589430452e-08	1.231968119405685e-08	9.591297685390502e-09	6.96268016078313e-09	7.766446458233728e-09	9.897967725205032e-09	1.166802551749449e-08	1.190239075003215e-08	1.040049768690252e-08	8.390879990918814e-09	6.885281118925052e-09	7.790187359072469e-09	9.643126178794728e-09	1.099675893082343e-08	1.233165760662528e-08	1.368244620092603e-08	1.462871093843545e-08	1.500546832972758e-08	1.382684836542032e-08	1.329740792201857e-08	1.367287093867634e-08	1.295950769826992e-08	1.118923105274053e-08	9.583957219482004e-09	8.556010726512173e-09	8.38421959047951e-09	8.954699295993529e-09	9.69560150354517e-09	9.887945353469881e-09	9.788562382417795e-09	9.649678116132234e-09	9.408028568010881e-09	9.850347319982221e-09	1.033922707884361e-08	1.048944768936888e-08	1.069550753319634e-08	1.1035530164324e-08	1.140743291741238e-08	1.086806903127131e-08	1.089829580402523e-08	1.175503523958922e-08	1.263835428715974e-08	1.318120653600613e-08	1.251848311824015e-08	1.089191296521617e-08	9.095694093165385e-09	8.588696334749003e-09	8.86421457710254e-09	9.36771407906407e-09	1.064208972867698e-08	1.186434767230472e-08	1.194003681586265e-08	1.133862437968685e-08	1.067066829043197e-08	1.037774316474425e-08	9.837783127885993e-09	9.224765183030598e-09	1.000301915506593e-08	1.246682160522668e-08	1.411349656103583e-08	1.443390486458009e-08	1.41981416697516e-08	1.368512569670101e-08	1.238808686895686e-08	1.008980743484724e-08	9.226137709708644e-09	9.286746337754481e-09	8.879107933991124e-09	8.867291561911181e-09	8.492048068822257e-09	9.359125275304119e-09	1.076510852316063e-08	1.116626695423127e-08	1.111435894403712e-08	1.130504090975802e-08	1.141721750804574e-08	1.127035477715433e-08	1.116949590413884e-08	1.115093573118598e-08	1.054164517825712e-08	9.604573645782338e-09	9.976204282464545e-09	1.104460887349873e-08	1.279156932914393e-08
1.14400986698639e-08	9.634494127046919e-09	1.09240488757746e-08	1.097406179758868e-08	1.061176026059178e-08	1.090842660143072e-08	1.070787468168817e-08	1.053913780354966e-08	1.003261757637226e-08	1.117631429811955e-08	1.235138921011535e-08	1.305500744342363e-08	1.244708404125628e-08	1.126178278527204e-08	1.076024226271835e-08	1.019645224082845e-08	1.088462302207969e-08	1.229560607593869e-08	1.236992727122551e-08	1.058941278209325e-08	9.194342755082908e-09	7.612467524335009e-09	6.961531041107143e-09	8.440819060915441e-09	9.742076371824984e-09	1.055195601299113e-08	1.137135708242654e-08	1.202035201416863e-08	1.19548066670883e-08	1.115176372746374e-08	1.075458349128883e-08	1.011520830557681e-08	9.577232619085305e-09	1.138743647577843e-08	1.391202577702128e-08	1.475275195543994e-08	1.392232875934195e-08	1.233944333726199e-08	1.054641294601366e-08	8.666628586541313e-09	8.355325488684223e-09	1.033393308684367e-08	1.165466175596917e-08	1.179662329380601e-08	1.209848628908022e-08	1.171509774395901e-08	1.032826238250344e-08	8.317271611720879e-09	8.338857715727571e-09	9.865751085024175e-09	1.045722500934301e-08	9.772552859225874e-09	9.207137306758201e-09	9.965312119327557e-09	1.044857774646799e-08	1.010172071559852e-08	1.063177701004666e-08	1.136292479438921e-08	1.22296344605943e-08	1.402640152029091e-08	1.548807312908323e-08	1.517315915254155e-08	1.329916495656076e-08	1.205902308153081e-08	1.254376556276903e-08	1.203762220735186e-08	1.039050813280387e-08	9.502190766907206e-09	9.179696043489136e-09	9.292934447081726e-09	9.045333748948149e-09	9.14359614960269e-09	9.426353270025651e-09	9.829662993152054e-09	1.015068376409196e-08	1.004474810487048e-08	9.899571400685622e-09	1.021023377996996e-08	1.002029065578912e-08	1.047447935565335e-08	1.14500000626966e-08	1.157937189645501e-08	1.146778707396647e-08	1.04821646862702e-08	1.065487845128237e-08	1.168527662225617e-08	1.220534660889053e-08	1.196470579225945e-08	1.081627689256152e-08	8.80714777762643e-09	7.409463115807505e-09	6.626384595509147e-09	6.763814003267371e-09	8.696834540041018e-09	1.046342746620202e-08	1.124526609362268e-08	1.164960477618756e-08	1.263943011195836e-08	1.311360498033509e-08	1.299007845912102e-08	1.289059810861685e-08	1.397528167623348e-08	1.504824933498289e-08	1.4739718495636e-08	1.369534211496911e-08	1.296376063169156e-08	1.227094461813238e-08	1.095596397882282e-08	8.799688786377241e-09	8.263054916882444e-09	9.213403216304141e-09	9.776204139926832e-09	1.066927573566811e-08	1.107786592425145e-08	1.093791201540431e-08	1.06764283544686e-08	1.029818589283186e-08	1.011627458451139e-08	1.047697590145125e-08	9.983398686483509e-09	9.613162195289058e-09	9.089639249773537e-09	8.566520100209205e-09	8.895430751487802e-09	9.556884121534445e-09	1.001668375647944e-08	1.247590501437709e-08	1.671159261253497e-08
1.21825021483338e-08	9.844482885531541e-09	1.030757620852526e-08	1.115364044359276e-08	1.180153126853993e-08	1.223355244877834e-08	1.152007727825075e-08	1.008310266505669e-08	9.406033537864531e-09	1.005115953806275e-08	1.117357659456128e-08	1.12587336374324e-08	1.080675378820433e-08	1.083244559249666e-08	1.053480578881087e-08	1.001072853016003e-08	1.031070976167538e-08	1.107587754065111e-08	1.062100490614764e-08	9.730563500244185e-09	9.62294637468952e-09	9.97253641756803e-09	1.1110441602906e-08	1.261320066963052e-08	1.225869962583238e-08	1.101201496161937e-08	1.126990904526383e-08	1.176346858315253e-08	1.172797055699789e-08	1.080493097488325e-08	8.915949579253512e-09	7.802623786226016e-09	8.806874153205602e-09	1.107096228989855e-08	1.274520652951991e-08	1.292661380789703e-08	1.189290337638039e-08	1.080934868335153e-08	1.028659468306047e-08	9.384678225280083e-09	9.590236535861197e-09	1.134337057558979e-08	1.332120064353163e-08	1.487807895781839e-08	1.539491592434242e-08	1.467148377623655e-08	1.293759229200081e-08	9.895252681899531e-09	7.443291597536818e-09	8.229106606780364e-09	9.126027003824927e-09	8.938610625274533e-09	8.896691394216831e-09	1.012201535029847e-08	1.112023124221679e-08	1.081599557819957e-08	9.784421563298015e-09	1.010758733456201e-08	1.058175017269982e-08	1.180325882274227e-08	1.304394671574842e-08	1.372068583435851e-08	1.219504235105449e-08	1.000875040325633e-08	9.976729098726594e-09	1.074891843894198e-08	1.057998513039289e-08	9.911192733862765e-09	1.02493845175581e-08	9.880360800538874e-09	8.343834711207606e-09	8.786953099592439e-09	1.034225095555625e-08	1.118159559698357e-08	1.100645939164541e-08	9.414375250781393e-09	8.297535162030514e-09	8.9107920195531e-09	9.904332770885354e-09	1.101677390592922e-08	1.313283372077973e-08	1.508737454424226e-08	1.596377398770079e-08	1.565722766229422e-08	1.425327971652242e-08	1.207725370423496e-08	1.105455387334364e-08	1.100147289637263e-08	1.013985104550229e-08	8.919663712306135e-09	7.613732869627047e-09	5.726664475229484e-09	5.392244632032107e-09	7.129847578339405e-09	8.61294243203703e-09	9.230547550732613e-09	1.082901541170167e-08	1.233080929978966e-08	1.316085251703831e-08	1.327036509927396e-08	1.368666581032399e-08	1.440299907988317e-08	1.531227020369549e-08	1.530291903235401e-08	1.350449070202733e-08	1.117724016383441e-08	1.014957812608509e-08	8.902515907829595e-09	7.599320870345567e-09	8.151039290887513e-09	1.005620688404199e-08	1.142711885030152e-08	1.149929762995314e-08	1.202781627927488e-08	1.201939144358464e-08	1.152122372179066e-08	1.09873603401444e-08	1.049804788611328e-08	9.87930692220919e-09	8.983501092839522e-09	8.309445691828676e-09	8.565938113609113e-09	9.750460222777347e-09	1.08632404706239e-08	1.04403870091412e-08	9.198399892217184e-09	1.113506727755191e-08	1.662641475621376e-08
1.14372393164353e-08	8.046134580006712e-09	8.943678057531802e-09	1.078849225235866e-08	1.168166598567384e-08	1.22784566093458e-08	1.231075361657899e-08	1.219727248681723e-08	1.309153065654029e-08	1.291396319721783e-08	1.224472323241904e-08	1.180544123274571e-08	9.778761633435343e-09	9.783676290168202e-09	9.961643803911515e-09	9.344176217283337e-09	9.665760031772158e-09	1.011966973579836e-08	1.039887773683707e-08	1.015117785804767e-08	1.039801736792155e-08	1.091002531090521e-08	1.12852211106813e-08	1.117304657450532e-08	9.992430158729593e-09	9.43403340712995e-09	1.042713351858098e-08	1.137115892255187e-08	1.172808653095218e-08	1.055123745994316e-08	7.751062872964981e-09	7.025133517555876e-09	8.78488442514439e-09	1.10367790205446e-08	1.24780733009502e-08	1.228083220312667e-08	9.874827113307831e-09	9.47657019850433e-09	1.045117528953897e-08	1.09306633086897e-08	1.257561424368555e-08	1.451041864393152e-08	1.555088529962947e-08	1.661244086239449e-08	1.686577574262783e-08	1.545733727924992e-08	1.317050253780663e-08	1.08672264468751e-08	8.724727598105696e-09	8.717678993066677e-09	9.136744737010894e-09	9.104716108844915e-09	8.646492500775072e-09	9.078855499325765e-09	1.071729062858162e-08	1.083590112679472e-08	8.874916411307226e-09	7.597625435081308e-09	7.799714604019709e-09	8.742551682754348e-09	1.071466188644101e-08	1.202947788359598e-08	1.188240356352933e-08	1.087291334600238e-08	9.912866158594632e-09	1.009028865292109e-08	1.033551334267621e-08	1.097084527643527e-08	1.125065776110415e-08	1.015214768449479e-08	9.265243908567143e-09	9.444367517872168e-09	1.046630807567068e-08	1.168376424170496e-08	1.224432114679866e-08	1.134891110162655e-08	9.495601449212505e-09	9.066196811815917e-09	1.022242407494911e-08	1.206059313771609e-08	1.338923764613103e-08	1.468523811364247e-08	1.535676669020249e-08	1.53749788847707e-08	1.409513110903652e-08	1.179672149464156e-08	1.100709111683532e-08	1.035654576903853e-08	9.779014043700371e-09	9.163124154261244e-09	8.349859240926872e-09	7.187841968539298e-09	6.915765313358001e-09	7.174143401784849e-09	7.917336301137595e-09	7.935044092706775e-09	9.749501079878762e-09	1.253133663494229e-08	1.39204584793493e-08	1.370459962121587e-08	1.424141601426124e-08	1.470448496666797e-08	1.459179740018342e-08	1.418178875277691e-08	1.278334616699308e-08	1.03501288480411e-08	7.732269106657769e-09	5.912732504219154e-09	7.1700083232133e-09	9.647180927840802e-09	1.134286817154792e-08	1.203847055578309e-08	1.160765463912247e-08	1.097733982234966e-08	1.017389672490338e-08	9.594531966596115e-09	9.685999360940334e-09	1.006410809301492e-08	1.083070384361318e-08	1.19156062626975e-08	1.242815791550573e-08	1.248242714284961e-08	1.216935738310413e-08	1.133574519240963e-08	1.014608573854954e-08	8.718902331229007e-09	9.230784337963945e-09	1.297178276176122e-08
8.755653301990368e-09	6.899302832786407e-09	9.154424164129845e-09	1.181164826014234e-08	1.315978515133233e-08	1.285393729056453e-08	1.227139642137315e-08	1.252344369381633e-08	1.340661307936543e-08	1.402775599559809e-08	1.389224074196718e-08	1.354626985747006e-08	1.319961353761145e-08	1.186662985096401e-08	9.670645772517239e-09	7.479977546225681e-09	7.022638207652741e-09	8.113353514274728e-09	9.4212006246848e-09	1.03253715524292e-08	1.04336530337437e-08	1.002918577358231e-08	1.00006977547777e-08	9.772748728861491e-09	8.286000629673439e-09	6.970672943377629e-09	8.006675643489129e-09	1.002185433450089e-08	1.119908044857927e-08	1.063887543872738e-08	9.193936654527957e-09	8.983244129389822e-09	9.612207293496615e-09	1.10074355396204e-08	1.167348434687505e-08	1.147296931872343e-08	1.134635895019099e-08	1.075619076602304e-08	1.047047447348612e-08	1.062789716065453e-08	1.260728519227108e-08	1.438062954027943e-08	1.608064552225482e-08	1.730944437932791e-08	1.770248177492179e-08	1.637519818490529e-08	1.400075805622189e-08	1.429788366846898e-08	1.337748232454062e-08	1.143813864886673e-08	8.985135464746223e-09	7.544689717225548e-09	9.282217663635593e-09	1.072095393643742e-08	1.103910438374215e-08	1.11935949440422e-08	1.035132184150009e-08	8.560713205215222e-09	7.366440193245904e-09	6.6984845191868e-09	7.499566850085106e-09	9.251602444985154e-09	9.97676673749541e-09	9.611273659181359e-09	9.305757422284394e-09	8.590637319541863e-09	8.538171494765886e-09	9.273195078796734e-09	9.281187428572273e-09	8.216427380724541e-09	8.796397988980786e-09	1.018492053021819e-08	1.138129908834505e-08	1.204548850301606e-08	1.184424927888548e-08	1.142155763315346e-08	1.000361142936117e-08	8.968510876207424e-09	9.525816179273527e-09	1.137583107167825e-08	1.340186633360017e-08	1.58022493450101e-08	1.690876636233342e-08	1.650827557425186e-08	1.575910472854734e-08	1.405249846839248e-08	1.166602468926324e-08	9.9156160732138e-09	8.381436922498654e-09	7.414158619059476e-09	6.991150408674088e-09	7.324572751577182e-09	8.012302101109585e-09	8.609274095475644e-09	8.592131614696747e-09	8.593266450725569e-09	1.075751635644482e-08	1.350195642054276e-08	1.523932378494367e-08	1.517377197501396e-08	1.455370053303738e-08	1.47860666538563e-08	1.409116725029804e-08	1.235135032497718e-08	1.037022233931452e-08	8.399992649256293e-09	7.617458179610374e-09	7.761342240188364e-09	9.322903357105731e-09	1.092522279619419e-08	1.170445179039095e-08	1.20611814290769e-08	1.127238038966954e-08	1.012883024632025e-08	8.801411332460309e-09	8.165709046979887e-09	8.123765354245876e-09	8.763815303590481e-09	1.042435055810879e-08	1.186027064296123e-08	1.25746422539183e-08	1.279215162796064e-08	1.252534740956522e-08	1.175205070403607e-08	1.07477908342094e-08	9.573066530925536e-09	1.002949251907288e-08	1.242390626916049e-08
7.629785781508355e-09	5.711538034384532e-09	8.828952316070255e-09	1.20875298912307e-08	1.387823686491853e-08	1.382636820229649e-08	1.33095453619545e-08	1.332092841679887e-08	1.491679546094547e-08	1.632777562705427e-08	1.668059339998264e-08	1.53001847202797e-08	1.293756653859438e-08	1.01179026053723e-08	7.889341601385112e-09	6.095891530170474e-09	4.887083135681687e-09	5.571734051299908e-09	6.820855781665822e-09	8.564381714710349e-09	9.783835406360814e-09	9.823639906364214e-09	9.218517814600035e-09	7.775159707410031e-09	6.193017300149569e-09	6.875576606139661e-09	8.707254545019387e-09	1.059126685232312e-08	1.152046427604414e-08	1.143329954863808e-08	1.108533252697004e-08	1.093928813441467e-08	1.119729546988118e-08	1.18487746362303e-08	1.311287545148498e-08	1.360439280558102e-08	1.337315456841775e-08	1.291423224453079e-08	1.179654452844291e-08	1.174948843864797e-08	1.247480683768076e-08	1.41820416185617e-08	1.541500497124892e-08	1.529628315009181e-08	1.490762651475818e-08	1.481740909206849e-08	1.458143140456637e-08	1.343834188808244e-08	1.165271385599036e-08	1.065696751480103e-08	9.797755480542971e-09	1.006742323986634e-08	1.133978889539975e-08	1.250489612066874e-08	1.233481358488219e-08	1.107320245989892e-08	9.816210777423443e-09	8.540618141464826e-09	7.12830121339517e-09	5.691871630261246e-09	6.345847309636292e-09	8.164487589357345e-09	9.18855959156857e-09	8.767847841392559e-09	8.70120399111316e-09	7.937719352849522e-09	6.999011119552383e-09	7.634213498557405e-09	8.689865309668529e-09	8.725895309713201e-09	8.58424100751258e-09	9.880565495465376e-09	1.132864069863252e-08	1.178165664687545e-08	1.127674962971615e-08	1.032158223355844e-08	9.346867826869161e-09	9.443915442952225e-09	1.050774929159118e-08	1.25759126654009e-08	1.496664702539542e-08	1.689064801479204e-08	1.768113063365432e-08	1.783152096632642e-08	1.730810932358667e-08	1.491458043960521e-08	1.063814251255301e-08	7.386548937817674e-09	6.393990435552654e-09	5.909184131226906e-09	5.606543312971026e-09	6.75439375667153e-09	8.446089403070621e-09	9.631374973459638e-09	9.91069483287866e-09	1.122528086958305e-08	1.364049496934186e-08	1.559821318332722e-08	1.626708360801571e-08	1.566398331453165e-08	1.49091124307761e-08	1.458342716257797e-08	1.308865246711293e-08	1.041880039651809e-08	8.119464828677886e-09	7.444002067670962e-09	8.921821004393737e-09	1.039297347052901e-08	1.129789425077222e-08	1.122121572491372e-08	1.002007518124757e-08	8.680912208647001e-09	7.574222718250425e-09	7.723212125652835e-09	8.169862655481835e-09	9.320250795224588e-09	1.044007639116409e-08	1.13223105770541e-08	1.198583164662779e-08	1.251716068071891e-08	1.312350768021431e-08	1.280262862273067e-08	1.113837436509176e-08	8.886047672833464e-09	8.092615682492415e-09	8.890085098295433e-09	1.113839569393244e-08	1.576568966609334e-08
9.642329418347207e-09	7.020607553359158e-09	8.027218108300329e-09	1.08324815196987e-08	1.284460100318638e-08	1.297090824782931e-08	1.12413809380468e-08	1.151139279333766e-08	1.451166534570246e-08	1.682996611643977e-08	1.776494948455193e-08	1.677509945618351e-08	1.395232983779237e-08	9.914937016713035e-09	7.971505070768376e-09	7.481316021103449e-09	6.645147660588179e-09	7.290519414534521e-09	8.343895278825447e-09	8.484287878473587e-09	8.081614972635355e-09	7.808965374258576e-09	7.363849944306099e-09	7.236587158210029e-09	7.021198648764462e-09	7.408115192869246e-09	9.52478849123239e-09	1.124625595524602e-08	1.179843385382223e-08	1.156383179039167e-08	1.128429381572858e-08	1.064040576514966e-08	1.022191249139811e-08	1.069149436508047e-08	1.214389486325234e-08	1.289381219287694e-08	1.173529573037301e-08	1.122380826873538e-08	1.230113575515123e-08	1.271670544237478e-08	1.24375309496704e-08	1.320720126032993e-08	1.388077635960514e-08	1.396087893617087e-08	1.544168074060547e-08	1.684757762224106e-08	1.659237151594843e-08	1.484238670165509e-08	1.293435484675041e-08	1.059986057112958e-08	9.86420111027141e-09	1.07233545439766e-08	1.160137398455243e-08	1.209099267605803e-08	1.121511070597884e-08	1.02001958820411e-08	9.884021848564232e-09	9.992318911781869e-09	9.668854408428201e-09	8.681423838417162e-09	8.374233568481508e-09	8.798036729455611e-09	8.556126555916082e-09	7.63554566530492e-09	7.285109886053757e-09	7.277906601211582e-09	7.449195712003649e-09	8.256717762252293e-09	9.236410554798238e-09	9.097682035717716e-09	8.746858330905577e-09	9.089831965644592e-09	9.809483682060625e-09	1.011014610041676e-08	9.414526412823831e-09	8.591972313139563e-09	8.258088248746136e-09	7.625743621677978e-09	8.014958572637447e-09	1.073694034591962e-08	1.446882558302417e-08	1.706765060100563e-08	1.819851714877677e-08	1.747532627069636e-08	1.592463231733989e-08	1.399629394725311e-08	1.159543038832807e-08	9.559371428977688e-09	7.497372147072108e-09	7.06337538269773e-09	7.885874281196199e-09	8.850160179943111e-09	1.001505329989622e-08	1.058282827223139e-08	1.111065556332457e-08	1.298070295909425e-08	1.49828106331616e-08	1.616425112645703e-08	1.677794599386036e-08	1.617186849715286e-08	1.454705240973385e-08	1.311337391295966e-08	1.156490498041445e-08	9.662329044309061e-09	6.892669019522625e-09	5.853607524885841e-09	8.238634002820032e-09	1.004582118115614e-08	1.074068267970621e-08	1.019716154581544e-08	9.194533363889706e-09	7.898368107220786e-09	8.286105962265238e-09	8.888067701059867e-09	9.503133670546534e-09	1.055387745605095e-08	1.121074484388743e-08	1.157674734604519e-08	1.197962350460954e-08	1.270654198514249e-08	1.310213067283587e-08	1.197336598153488e-08	1.011479676052552e-08	6.859395897702576e-09	6.435191240676162e-09	9.73220905884792e-09	1.338447626478913e-08	1.620030750221942e-08
9.879724825733812e-09	7.770167229232837e-09	8.717899875381423e-09	1.037355544829691e-08	1.095701402610401e-08	1.042320961850427e-08	1.038189022356656e-08	1.281929339662623e-08	1.615166119355427e-08	1.780902968777858e-08	1.790172343345759e-08	1.643958479658838e-08	1.333783019700009e-08	1.117772607898674e-08	9.286965285224741e-09	8.17103190652029e-09	8.232118088228826e-09	9.013273390709869e-09	8.515324070022908e-09	6.413263579442858e-09	5.007380398777555e-09	5.278001161945056e-09	6.353595238975091e-09	7.920562171656621e-09	9.02141521605384e-09	9.338686640481343e-09	1.010091280318776e-08	1.109336058835122e-08	1.134945008084368e-08	1.096809427026718e-08	1.044867822363115e-08	1.044684723261726e-08	9.698958178597485e-09	9.208977552451137e-09	1.018354917030463e-08	1.099110895531714e-08	1.137857573138973e-08	1.117605551799193e-08	1.262745760008507e-08	1.295045549042668e-08	1.287729366854255e-08	1.42998409723462e-08	1.580545144281779e-08	1.722345749597381e-08	1.797382637817243e-08	1.741313506933205e-08	1.697818598755623e-08	1.534142378781273e-08	1.247530804040133e-08	1.01950325602012e-08	8.730850523532694e-09	8.87098768857576e-09	8.871876372145449e-09	9.44371288118864e-09	1.000489922182764e-08	1.033404081705721e-08	1.120716857060467e-08	1.206090565098354e-08	1.179801128430335e-08	1.091929614247687e-08	1.007293573592904e-08	8.514147286791906e-09	8.063205833303761e-09	7.955096636283379e-09	7.447068201623073e-09	7.330623965209552e-09	7.793003624991036e-09	8.375486784853963e-09	8.404794124330403e-09	8.762146433138341e-09	9.729307573454602e-09	1.054983800246249e-08	1.019250579552449e-08	9.162980889394436e-09	7.723050681122293e-09	6.65286334569182e-09	6.974541276190138e-09	7.549281786967774e-09	7.809982564255514e-09	8.470228772195087e-09	1.114459014032315e-08	1.411849278881736e-08	1.591509817465453e-08	1.631546278779263e-08	1.531634610989566e-08	1.384220072404132e-08	1.251615436614584e-08	1.200914368100456e-08	1.088526400478514e-08	9.260506262544546e-09	1.015044876258718e-08	1.163239344392774e-08	1.256098118233244e-08	1.333160746570525e-08	1.405764246364763e-08	1.43449420070984e-08	1.433281198233663e-08	1.470934578365471e-08	1.463243769275695e-08	1.394163259567022e-08	1.274446191323027e-08	1.152164320561311e-08	1.071883360519461e-08	8.718815216003292e-09	5.581103760918249e-09	5.259339084604807e-09	7.388829839292975e-09	9.849708109762657e-09	1.106624306616306e-08	1.102839632418073e-08	1.044634874262033e-08	9.37222784203793e-09	9.067698390600643e-09	9.635687204637943e-09	1.008382681281238e-08	1.045943432677672e-08	1.102100951282675e-08	1.161253679739006e-08	1.217335299214455e-08	1.211284241152992e-08	1.181916503004733e-08	1.061168393188115e-08	9.16290432765304e-09	6.905570888606579e-09	6.655652609447629e-09	1.073276355700564e-08	1.433701061587786e-08	1.604292497519098e-08
8.978281587426444e-09	7.263258469794171e-09	9.22589922320288e-09	1.064876530041921e-08	1.057324159631211e-08	1.009574441995805e-08	1.159439643611848e-08	1.451580392770191e-08	1.705352722730243e-08	1.803086239967905e-08	1.766172308113656e-08	1.58776657632812e-08	1.264769296452088e-08	9.51322149054208e-09	8.210395325947141e-09	7.954184721570823e-09	7.974736386740327e-09	8.399289635646383e-09	8.089942356307986e-09	7.039050770758501e-09	5.854211540983484e-09	6.383906094144816e-09	7.749456503606177e-09	8.920105356810154e-09	9.302493774406372e-09	8.524966919097678e-09	8.443064781893293e-09	9.278106791680455e-09	1.09965342368128e-08	1.267429071989339e-08	1.358546870599614e-08	1.318044484591625e-08	1.151068127545925e-08	9.654880708796949e-09	8.303265160373671e-09	8.599227185275725e-09	9.507292089372439e-09	1.228323733598379e-08	1.405828175355151e-08	1.296709535823117e-08	1.115740989944772e-08	1.317285907256634e-08	1.561697089554862e-08	1.700288325487782e-08	1.717296008870268e-08	1.609212894334442e-08	1.408868956317771e-08	1.235922630272792e-08	1.052988375554185e-08	9.661869395410649e-09	9.86506195250979e-09	9.850494808029837e-09	9.347916572356824e-09	8.955590452577776e-09	9.802141877070488e-09	1.173803224070557e-08	1.343120913573538e-08	1.439416247274078e-08	1.39714733330319e-08	1.228764965119449e-08	1.023441942019668e-08	8.814169208058827e-09	8.864184940946731e-09	9.125477023372452e-09	8.434520157300227e-09	7.642075720962645e-09	7.636290284660426e-09	7.952747594280646e-09	7.926392198546224e-09	8.637646363189213e-09	9.918734807306188e-09	1.05092717241348e-08	1.013767336204998e-08	8.970013368218749e-09	6.894354935454434e-09	6.568623475954172e-09	7.791305985650076e-09	7.944016819936152e-09	7.24783649368516e-09	6.832141453662932e-09	8.545817989028532e-09	1.191403159175276e-08	1.42737257204199e-08	1.589591405268964e-08	1.632376595727016e-08	1.569718073458127e-08	1.409344643598516e-08	1.107745995665273e-08	9.908479995820798e-09	9.950034825855903e-09	1.120732665969676e-08	1.2983219588372e-08	1.420368123500477e-08	1.488410760823459e-08	1.499890345618417e-08	1.430135394588729e-08	1.260397939221887e-08	1.124726065337338e-08	1.146415194928983e-08	1.144140406349041e-08	1.11608256952798e-08	1.093998024757583e-08	1.013660097864179e-08	9.465293922303832e-09	8.849132560912289e-09	8.436197393715654e-09	9.789259253256746e-09	1.157144071203417e-08	1.241839792144294e-08	1.229484160108172e-08	1.120613753390753e-08	8.952240100635465e-09	8.404784154357341e-09	8.568244497168913e-09	8.306094272883647e-09	8.762761886769688e-09	1.005294927629183e-08	1.096051580568185e-08	1.115350473865401e-08	1.136671309624838e-08	1.103336457716566e-08	1.052100120707643e-08	9.983180584711418e-09	9.509587247598776e-09	9.800660150990803e-09	1.156680889574265e-08	1.304563754956512e-08	1.384311505662814e-08
9.627712192012826e-09	8.102577269009211e-09	9.486925546956428e-09	1.044577095816019e-08	9.984699885919753e-09	8.709855609107169e-09	1.084093276441685e-08	1.422166157241484e-08	1.654975218587065e-08	1.760002264787685e-08	1.712782585511555e-08	1.475472645020004e-08	1.182454356424913e-08	9.516762405198303e-09	9.346787134253788e-09	9.286300085875308e-09	9.273550590473764e-09	9.039143476231882e-09	8.667696508738011e-09	7.449320965122706e-09	6.522746755547185e-09	7.098084284833717e-09	8.365606113225843e-09	8.84959257901938e-09	9.604591123277623e-09	9.998713352718509e-09	9.388441509253628e-09	9.969398153237858e-09	1.131742551711405e-08	1.185808515036775e-08	1.198905637998558e-08	1.178130597494736e-08	1.120753313526005e-08	9.763328515100486e-09	8.057566282255087e-09	8.496703204435354e-09	1.149186675546966e-08	1.345061132615023e-08	1.371882101131496e-08	1.389334082609283e-08	1.357201742210639e-08	1.25955312691134e-08	1.290873361630195e-08	1.435975875424827e-08	1.482944199191597e-08	1.297476743157981e-08	1.090083216048263e-08	9.642489151957315e-09	9.936319637248836e-09	1.048089878456055e-08	1.050792084160101e-08	8.886152998718575e-09	8.618537288599551e-09	9.323842118507143e-09	1.091440008306443e-08	1.319815336910608e-08	1.472247911285037e-08	1.486347085563496e-08	1.38179324665145e-08	1.211018808890686e-08	1.037653617622838e-08	1.032663207549742e-08	1.138521381211062e-08	1.16306353278854e-08	9.993093467559019e-09	8.606624571074581e-09	8.08534517974643e-09	8.165604396298527e-09	7.960537094867004e-09	7.75726779602282e-09	8.222689848233038e-09	8.469266265389207e-09	8.727331203927529e-09	8.714901308152499e-09	7.734260691960854e-09	7.404178270889463e-09	7.640263275428508e-09	7.627173534944305e-09	7.73221075083163e-09	8.371062430482475e-09	1.111617812802328e-08	1.411350233954501e-08	1.62251963817441e-08	1.748094533238024e-08	1.77077699456971e-08	1.650728934164547e-08	1.465854280389691e-08	1.148613540837401e-08	8.486959665124349e-09	7.142090185158207e-09	8.876961116374014e-09	1.146084420414216e-08	1.347174807062828e-08	1.478091171873662e-08	1.468832809017581e-08	1.295147906692993e-08	1.008083513650965e-08	7.967081125658222e-09	8.122193825694146e-09	8.51217835043958e-09	9.162859919387764e-09	9.95994794615094e-09	1.01005055819469e-08	1.082656968995314e-08	1.133534865613988e-08	1.161513988160001e-08	1.217665786854943e-08	1.366516097137247e-08	1.455636871231252e-08	1.424374533603739e-08	1.207113524307886e-08	8.410725386203564e-09	6.41238717513545e-09	7.438494850940332e-09	8.291025312110296e-09	9.368621338408877e-09	1.034447880509352e-08	1.07700415218141e-08	9.946823833784819e-09	9.832646317952444e-09	1.031774157497625e-08	1.168040445966301e-08	1.218509428618429e-08	1.190061132947161e-08	1.205386756356178e-08	1.202681358307599e-08	1.11787551255676e-08	1.033649691293937e-08
1.088367144959793e-08	8.713912094102587e-09	8.736602568511315e-09	1.004221809486016e-08	1.022205784998282e-08	9.083324941346135e-09	1.066572052937877e-08	1.303360550925953e-08	1.522681113343936e-08	1.642487975376113e-08	1.593851095599072e-08	1.347628613288057e-08	1.072676682041957e-08	8.660884790754427e-09	8.812330400114891e-09	9.741583607967577e-09	9.617658969492647e-09	9.490801997711395e-09	9.182755739590916e-09	8.119327072928733e-09	7.605476407780031e-09	9.197409789393455e-09	1.1443851589905e-08	1.270918121776209e-08	1.262314574656198e-08	1.188445665535917e-08	1.118168725036387e-08	1.119405579154066e-08	1.224935213046233e-08	1.302983309493341e-08	1.297216363840999e-08	1.172106014019297e-08	9.625922706939182e-09	7.13399970011888e-09	5.355021439148302e-09	6.147453790503594e-09	9.237684101386216e-09	1.165719566487881e-08	1.280610567375963e-08	1.29376687531008e-08	1.255718231892218e-08	1.136354447909889e-08	1.101194453554282e-08	1.215633857297294e-08	1.284423273216007e-08	1.135293450860814e-08	9.798162175095089e-09	9.929366662902702e-09	9.959621938314544e-09	1.008609171498121e-08	1.001066185047151e-08	9.17174075418786e-09	8.494125839184618e-09	1.013691559553281e-08	1.226393725381263e-08	1.388879354188746e-08	1.476086407917043e-08	1.4366365085477e-08	1.301531963542192e-08	1.115513677316965e-08	1.049901437836844e-08	1.145522302869752e-08	1.270668006153553e-08	1.206624658496686e-08	9.172581957770634e-09	8.817626941326706e-09	9.703778186939888e-09	9.861136291998662e-09	9.283579339221489e-09	9.269010824077215e-09	1.056688709623362e-08	1.148655920848655e-08	1.118390265768321e-08	1.026948649979773e-08	9.5688670645236e-09	9.085622798822067e-09	8.277178569175938e-09	7.595024773826607e-09	7.789317685880062e-09	9.475613406302247e-09	1.228182795978304e-08	1.491851053120816e-08	1.662962610355353e-08	1.78611661279903e-08	1.818021274911122e-08	1.644058008768682e-08	1.398661132400725e-08	1.089775551184512e-08	5.449177568046372e-09	3.771520126785104e-09	5.772912248668829e-09	8.131921219577622e-09	1.008390720904154e-08	1.117306373402453e-08	1.161209577957605e-08	1.109593487860211e-08	9.468556353747846e-09	8.532773254677037e-09	8.526353827346541e-09	8.374968557419383e-09	7.594809719266939e-09	8.821368594062132e-09	1.055692727289234e-08	1.13296086510335e-08	1.165376250934107e-08	1.190782741249729e-08	1.35186508525523e-08	1.550924847671735e-08	1.601930014137009e-08	1.536470977463546e-08	1.330554350380756e-08	9.686706110770633e-09	8.576553853301909e-09	9.390575416259692e-09	9.933289646418888e-09	9.793374211681839e-09	1.072519981975389e-08	1.172344052132289e-08	1.112345651980006e-08	9.452925687129066e-09	9.014874219926915e-09	9.91673269459026e-09	1.064334608045193e-08	1.113409338141475e-08	1.223199735429606e-08	1.237971023027578e-08	1.090498738081778e-08	9.448171671421184e-09
1.175922099183623e-08	9.514117658371171e-09	8.776892452738493e-09	9.408668932370116e-09	1.060856771369236e-08	1.091907357347698e-08	1.115158520013044e-08	1.201521774605348e-08	1.296425962894282e-08	1.33185076784422e-08	1.305708669322074e-08	1.213905959466484e-08	1.04161550050381e-08	9.592975763324705e-09	9.190892973484231e-09	9.369004696614597e-09	1.032743454361357e-08	1.059019819803372e-08	1.034367664043755e-08	9.751350332270953e-09	8.039798253473782e-09	9.1715424274168e-09	1.238033243680925e-08	1.428217404210544e-08	1.456898538258231e-08	1.424537169605013e-08	1.273902941849553e-08	1.242840653841663e-08	1.330249286857977e-08	1.342606773525196e-08	1.284045133099867e-08	1.062757509609138e-08	8.361324615533723e-09	5.952157896948281e-09	4.313838540050581e-09	6.334132442912534e-09	8.77636362052684e-09	1.008229551831826e-08	1.101716348386579e-08	1.175225863108725e-08	1.086256273867006e-08	8.956124371284482e-09	9.884916792380051e-09	1.149744131938554e-08	1.22965244892043e-08	1.22203044849394e-08	1.162375541971017e-08	1.107446525108791e-08	9.722291668933242e-09	8.186142627255297e-09	8.018926067357155e-09	8.199535305190975e-09	9.253898966058492e-09	1.165094513858826e-08	1.398522898399481e-08	1.514744920579036e-08	1.515802076940362e-08	1.419715898828969e-08	1.186633911178002e-08	9.702685792142155e-09	9.296818623812497e-09	1.055369043633575e-08	1.236764049843038e-08	1.271690500424503e-08	1.11596744939595e-08	1.112451646876486e-08	1.171182953612366e-08	1.149466522115545e-08	1.032183356587309e-08	9.361316030797716e-09	1.041447652927379e-08	1.143887913394966e-08	1.176431782238924e-08	1.182426823838341e-08	1.098714991436184e-08	9.482857415249489e-09	7.752246780033178e-09	6.498850297987722e-09	6.82178171119293e-09	8.901582104552534e-09	1.24339093061918e-08	1.52702340475227e-08	1.681104647692459e-08	1.742241123416793e-08	1.708735904882707e-08	1.633566257846817e-08	1.422101064860546e-08	1.071921567122941e-08	6.416471931851714e-09	3.9884926859435e-09	5.980132813857665e-09	8.619918460406374e-09	9.932602925845021e-09	9.950710555692221e-09	9.979569228384209e-09	9.161072415334038e-09	7.983926076495423e-09	8.04182040869023e-09	8.765539221790253e-09	7.570554504689063e-09	6.078285483085281e-09	7.902671681055993e-09	9.833036222137611e-09	1.059583947570689e-08	1.035222218641759e-08	1.196304538904809e-08	1.481530645302807e-08	1.676297578215374e-08	1.720779092327628e-08	1.574122743280765e-08	1.388949367978474e-08	1.21082437054824e-08	1.135384442568796e-08	1.110834903607845e-08	1.119915751243996e-08	1.095845548723266e-08	1.042256026060762e-08	1.051382776547961e-08	1.063677099543619e-08	9.718065384556219e-09	8.128160235714952e-09	7.957151089634682e-09	8.697407936105869e-09	9.729418700315659e-09	1.211674183829816e-08	1.342012215396607e-08	1.237951159032015e-08	9.18265158027861e-09
9.518422597398972e-09	8.526458010052852e-09	9.306972114382095e-09	1.022753290175768e-08	1.244776253669543e-08	1.399841759996806e-08	1.380457058122174e-08	1.274168649843803e-08	1.032547406356242e-08	8.597038332991826e-09	9.119226662893837e-09	1.028182114803368e-08	1.083359758817807e-08	1.134569640254505e-08	1.146224460677009e-08	1.146174420910714e-08	1.206618586309475e-08	1.233908680223018e-08	1.137637824523719e-08	1.02936876359778e-08	1.001767806638089e-08	8.140520335350322e-09	1.021038288350253e-08	1.270940068999524e-08	1.365579814209516e-08	1.282610759722781e-08	1.195492473316952e-08	1.250968376556646e-08	1.328582466706879e-08	1.298061017576549e-08	1.177734027587968e-08	9.753803061051497e-09	6.736782358155553e-09	5.085373204491857e-09	6.269396222435532e-09	9.891847592384728e-09	1.249347657303498e-08	1.367841150556314e-08	1.368043911435386e-08	1.235513833206025e-08	1.046168230776817e-08	7.70812121832173e-09	7.046729868783383e-09	8.322441855962049e-09	9.157226952078737e-09	9.583933744014309e-09	9.676453126897965e-09	9.502210844182862e-09	9.240448626536711e-09	7.81969653694105e-09	7.239805666567626e-09	8.073812441454927e-09	1.047332937820437e-08	1.280946239301885e-08	1.468347063782002e-08	1.577172988407021e-08	1.535750215420632e-08	1.335293022655857e-08	1.133509345493027e-08	9.360452184381521e-09	8.360708296996133e-09	1.074929659146695e-08	1.338849998458442e-08	1.46928707258366e-08	1.477913030390723e-08	1.515554210764518e-08	1.519945418611151e-08	1.391901427504038e-08	1.047924766975251e-08	8.953647382706048e-09	9.745842699779481e-09	1.081683770489517e-08	1.18448492118453e-08	1.185802897518842e-08	1.032610182807976e-08	8.302957186131369e-09	6.92040987185182e-09	6.659859848970905e-09	7.133788010925443e-09	8.497122329076289e-09	1.08938882637302e-08	1.319859061911891e-08	1.48484351883366e-08	1.54543116204177e-08	1.533432646504319e-08	1.496717370565607e-08	1.262993718726757e-08	9.778173854169626e-09	7.948936306709843e-09	6.984102793443917e-09	7.889647048562612e-09	8.743187227758535e-09	8.571725256840441e-09	9.08202222338407e-09	9.872401837155375e-09	1.0044624644906e-08	9.846829725501517e-09	9.434986193022113e-09	8.383497583845642e-09	6.837977055393844e-09	6.677652666383342e-09	8.624631853055455e-09	1.019769148788611e-08	1.111375199399359e-08	1.119318203696739e-08	1.228997019446456e-08	1.4735918325306e-08	1.655451383645235e-08	1.653219157550893e-08	1.517930525395426e-08	1.313347018023335e-08	1.143728272632575e-08	1.018701381129404e-08	9.812459305973916e-09	9.471652910419575e-09	9.337318273685267e-09	1.012856186373992e-08	1.12157134132974e-08	1.205034976942246e-08	1.236127497264005e-08	1.095943506267304e-08	9.57304780555749e-09	9.645759710707354e-09	1.016288170571174e-08	1.085589041738947e-08	1.171782201245166e-08	1.104557759232326e-08	9.033938010001395e-09
1.067405656094914e-08	9.134780876895218e-09	9.922134534137571e-09	1.073983135346577e-08	1.173954879820669e-08	1.236238634826526e-08	1.18669237715959e-08	1.106549873021216e-08	1.025853983862626e-08	9.908213624041482e-09	9.493721357689307e-09	9.827770462651566e-09	1.022627212249731e-08	1.048336349487954e-08	1.07994537525901e-08	1.096288995975114e-08	1.100951945627995e-08	1.132763630919536e-08	1.205000166481028e-08	1.244618277753435e-08	1.264700003749405e-08	1.216120780553667e-08	1.262531018434281e-08	1.335964775277122e-08	1.384871527344827e-08	1.304584371881034e-08	1.272184893656461e-08	1.35253764344633e-08	1.337296990458553e-08	1.189576085605245e-08	9.602795466439915e-09	6.390925511489554e-09	5.097521714205998e-09	6.51659203957831e-09	9.08631296089187e-09	1.100088954885281e-08	1.229871020790691e-08	1.278276263862982e-08	1.231743523889732e-08	1.045349471033538e-08	8.718763269570685e-09	6.059037516540282e-09	5.723451989690725e-09	6.467564362758783e-09	8.130365426635032e-09	9.331370205108034e-09	9.943559578286825e-09	9.627420851486526e-09	9.251005119670257e-09	8.463697513372126e-09	8.143792629170471e-09	9.619362281145195e-09	1.207997520136252e-08	1.420805095350851e-08	1.542865559544033e-08	1.52743786929538e-08	1.391313106731044e-08	1.21586745778771e-08	1.116044227737502e-08	1.007955500143253e-08	9.597903935366767e-09	1.136709312205355e-08	1.309053544549026e-08	1.389757028677116e-08	1.406433255081651e-08	1.427978410442371e-08	1.457473888378226e-08	1.445537160925802e-08	1.416874025496231e-08	1.284080696155163e-08	1.062266867711912e-08	1.029700312088756e-08	1.088100983480461e-08	1.020558277127523e-08	8.845246030557498e-09	7.713652268844029e-09	7.745494090922951e-09	9.0147416504095e-09	1.059730183304709e-08	1.077935317000507e-08	1.017116240712731e-08	1.094487933443546e-08	1.208970906062112e-08	1.304575065744808e-08	1.360140837630961e-08	1.290224408354161e-08	1.118408670918345e-08	9.893593852183717e-09	9.116407750428768e-09	8.604614691971701e-09	8.187865253312648e-09	8.580693303976514e-09	8.818604000196923e-09	9.56848125715487e-09	1.056586670926421e-08	1.140066453181634e-08	1.15903714282002e-08	9.529922717984753e-09	6.832811619610962e-09	6.442608830199922e-09	6.80855614122163e-09	8.05098370472972e-09	9.744497334308155e-09	1.109125201292888e-08	1.181041502754451e-08	1.259902767183703e-08	1.438486626845235e-08	1.592937481391503e-08	1.578034261180628e-08	1.360045958016325e-08	1.204777990390411e-08	1.080880905307838e-08	9.962330294177758e-09	9.288638906880214e-09	9.134153195261496e-09	9.504320786677363e-09	1.088735994924571e-08	1.216968372937959e-08	1.283150220619075e-08	1.294524023683551e-08	1.260263084468062e-08	1.137121292155189e-08	1.062548967290458e-08	1.082203142291161e-08	1.121840466825185e-08	1.109675019268045e-08	9.760202686768008e-09	7.000626095781087e-09
1.002221875932657e-08	7.928815432420558e-09	9.083242562797496e-09	1.041145761503292e-08	1.214067093326022e-08	1.395991284864678e-08	1.41630347028065e-08	1.273375814803813e-08	1.095381608574094e-08	9.903650514521913e-09	9.131408846186684e-09	8.771323763638596e-09	8.739991390857958e-09	8.176951139240413e-09	8.701718028642039e-09	9.525908399564313e-09	1.060954251210152e-08	1.223537319818371e-08	1.333538390924587e-08	1.421016939986707e-08	1.452496380457238e-08	1.496440650668731e-08	1.534084673061691e-08	1.491920213320418e-08	1.438397192400517e-08	1.319739299994194e-08	1.177638186406296e-08	1.114533681151693e-08	1.03191275787339e-08	9.788348965601453e-09	8.635026874647385e-09	6.411976754661063e-09	5.434483055759569e-09	6.647579180695847e-09	9.271592218104414e-09	1.160982683767452e-08	1.28469612659318e-08	1.250969678069808e-08	1.126328559880149e-08	1.003985416656752e-08	8.634334140025297e-09	6.873860515385794e-09	5.484082716062136e-09	6.449428853251689e-09	8.255260799502349e-09	9.603091365895995e-09	9.692016808476243e-09	8.955110207006162e-09	8.361456073502559e-09	8.23381977435724e-09	9.268244392962499e-09	1.043850231405827e-08	1.124568610518751e-08	1.195112309075028e-08	1.26409051677918e-08	1.31479797059018e-08	1.296434518945146e-08	1.258520276189116e-08	1.243148188315554e-08	1.232817056072189e-08	1.243239852466007e-08	1.324840026138723e-08	1.39534943395554e-08	1.481889900154801e-08	1.572456343555442e-08	1.57534660533489e-08	1.489532396903454e-08	1.463016814963159e-08	1.40989546510407e-08	1.383890726990757e-08	1.0818251361666e-08	7.86632612523851e-09	7.916304696080751e-09	8.406445385311994e-09	8.365386118897611e-09	9.474509097024874e-09	1.095656952775027e-08	1.22358280483174e-08	1.273579261609854e-08	1.134806055065347e-08	9.550647441719073e-09	8.798148185172524e-09	8.921835371013139e-09	9.225605944353184e-09	9.9944931190512e-09	1.133960474801709e-08	1.197243876970875e-08	1.151014712599728e-08	1.125501096207241e-08	1.063862293866201e-08	9.128872844260411e-09	8.149936143494882e-09	8.409183521234186e-09	9.272815831435335e-09	1.099358492393523e-08	1.207747728605948e-08	1.164969166999424e-08	9.793624129791905e-09	8.377332901585147e-09	7.620927606402281e-09	6.496195887373394e-09	5.706847649031188e-09	7.161202153651881e-09	9.285780155955578e-09	1.024583263259217e-08	1.182119190581737e-08	1.399430692000385e-08	1.533167507268071e-08	1.532655412325538e-08	1.416441539763415e-08	1.27752850296342e-08	1.169029192954735e-08	1.061346563235472e-08	1.007592761824017e-08	1.01856547034629e-08	1.081469259718287e-08	1.22640098703925e-08	1.379375596725185e-08	1.400671674890797e-08	1.253050050746519e-08	1.141161008496258e-08	1.075691369614051e-08	1.081466751364219e-08	1.100167890667793e-08	1.087676963058639e-08	1.001747740779583e-08	8.836332460939171e-09	7.309204439857898e-09
8.991491790241716e-09	7.795292898319626e-09	8.861334326741632e-09	9.669113786592903e-09	1.220457286998625e-08	1.439782614347493e-08	1.544848195391498e-08	1.576655670653088e-08	1.513218693722531e-08	1.211945240986207e-08	8.156678715564548e-09	6.753439182450472e-09	7.333403870732767e-09	7.027306938800337e-09	6.868791925516853e-09	8.470814464097435e-09	1.008770394864389e-08	1.146375110949234e-08	1.21338123649304e-08	1.254375788667179e-08	1.347950052380753e-08	1.40149135391025e-08	1.346078436049455e-08	1.239678220205688e-08	1.26094507521188e-08	1.30437402304136e-08	1.291598910009977e-08	1.204394713907403e-08	1.116607050744392e-08	1.085380375447972e-08	1.059741264225098e-08	9.466791212203893e-09	8.256462130696058e-09	8.319785252560117e-09	1.06204175668668e-08	1.273831359167738e-08	1.34989703973192e-08	1.334948200207044e-08	1.226151905420734e-08	1.051227000230085e-08	1.046565464442693e-08	9.375884890080293e-09	6.208974576956013e-09	6.44579118264046e-09	7.83226110738302e-09	8.107044573308435e-09	7.601133969645303e-09	7.107372490704144e-09	7.626543025895176e-09	8.845398621798666e-09	9.871211781560127e-09	9.738502553496828e-09	9.140196591442963e-09	9.480583113191289e-09	9.850226879952735e-09	9.883903945431987e-09	1.023885354690204e-08	1.115927460343361e-08	1.213660685793411e-08	1.274605901790828e-08	1.341640554882468e-08	1.3922915849239e-08	1.433751037499157e-08	1.484855454433635e-08	1.565011949187727e-08	1.616091936656919e-08	1.619776671538837e-08	1.559364642032211e-08	1.42354541654773e-08	1.331675112234049e-08	1.13007497560389e-08	8.57089855096504e-09	7.76365221403584e-09	8.329275743932308e-09	9.964058692792146e-09	1.193209894335458e-08	1.327570342001573e-08	1.391919053516067e-08	1.370388362599602e-08	1.196657362150439e-08	8.444872026577862e-09	7.153250983537658e-09	7.950580746797333e-09	1.004044769486932e-08	1.137861791962248e-08	1.172435617728644e-08	1.075392054785808e-08	1.060956098251038e-08	1.02172335980343e-08	9.157844306459298e-09	7.885455940004809e-09	6.636136924626139e-09	6.696787036075734e-09	8.837227255760928e-09	1.032719567160123e-08	1.05376980548693e-08	9.751559919188265e-09	9.663692684882341e-09	1.118448808339501e-08	1.220399905590804e-08	1.175652171347627e-08	9.609190524521518e-09	7.666597524538711e-09	8.517489446287508e-09	8.950612575386285e-09	1.026705732939234e-08	1.291239936558958e-08	1.42926363524295e-08	1.431994924980157e-08	1.299574463109592e-08	1.141949149970083e-08	1.053390509909943e-08	9.878718708695078e-09	9.850416873438788e-09	1.058746711662193e-08	1.207766482219025e-08	1.31293541318332e-08	1.33837494936702e-08	1.353734838801395e-08	1.263206332254155e-08	1.160904029710531e-08	1.156104063862022e-08	1.167200801450954e-08	1.133125949574431e-08	1.036872908685315e-08	9.48740462054324e-09	8.60660220968935e-09	7.610548948109987e-09
7.772110464951274e-09	6.39988712326859e-09	7.998125229969478e-09	1.081463651089941e-08	1.369361755047385e-08	1.578628568076578e-08	1.715268121738526e-08	1.667521616054183e-08	1.478887564042135e-08	1.174437346847311e-08	8.58756754750398e-09	7.617017908477012e-09	7.825009659104128e-09	6.231829919072955e-09	5.299198858764331e-09	6.905845462328558e-09	9.525290088499307e-09	1.169334728660393e-08	1.27606992867661e-08	1.273053498563156e-08	1.240036226735401e-08	1.187924418357075e-08	1.226600936475051e-08	1.215264276455285e-08	1.198764657973061e-08	1.192550703926553e-08	1.183721196195862e-08	1.136140074487197e-08	1.158060921456274e-08	1.162253828679514e-08	1.105018094671865e-08	1.112699055571138e-08	1.157634802392854e-08	1.206915010830755e-08	1.249631868754219e-08	1.259609457623385e-08	1.261992399880455e-08	1.231696772426748e-08	1.179652959489111e-08	1.184462226100438e-08	1.081678306910741e-08	1.008403060091431e-08	9.763066873780812e-09	9.182428015444891e-09	8.298726219056841e-09	6.181164580998395e-09	5.089877847628986e-09	4.960748749222161e-09	6.236099578456288e-09	8.317248649056076e-09	9.227340041139301e-09	8.30324104849239e-09	7.089519691642445e-09	6.359670997125405e-09	6.788956204156839e-09	8.102844265115919e-09	9.724701187184888e-09	1.13936726434564e-08	1.261250702899199e-08	1.300696808000386e-08	1.375223493659823e-08	1.413095639326098e-08	1.450542791395003e-08	1.554586278648341e-08	1.64537596196862e-08	1.657538418516452e-08	1.632363229682208e-08	1.59676902965166e-08	1.563209886253662e-08	1.566230189810961e-08	1.43621485033506e-08	1.211214505980085e-08	1.050639413355849e-08	9.786046395619206e-09	1.050699005287456e-08	1.206752426859791e-08	1.353442599205425e-08	1.366558885781062e-08	1.234023573726827e-08	9.079674317990338e-09	6.040469557359723e-09	5.566985284756183e-09	8.313589320769321e-09	1.038738393699941e-08	1.172756663520119e-08	1.220960981724232e-08	1.189021732688313e-08	1.127185052674988e-08	1.037262415578157e-08	7.156273966254686e-09	4.966448286881328e-09	4.953762027696564e-09	6.06812408369535e-09	7.66150302773562e-09	9.151156946227848e-09	9.165313851032716e-09	8.460215314884971e-09	9.681403332647029e-09	1.180688538968366e-08	1.219592390093395e-08	1.16529646253298e-08	1.100985916430944e-08	1.036856960792984e-08	9.336315884930038e-09	9.369182936142568e-09	1.078010679474572e-08	1.341654046422001e-08	1.466079896271268e-08	1.444279013022876e-08	1.360243212872367e-08	1.262345480281846e-08	1.115987305369414e-08	1.00203524285602e-08	1.029437815002523e-08	1.16630400270198e-08	1.303871766347505e-08	1.334551372779682e-08	1.258773831245303e-08	1.139055062343446e-08	1.026201915974916e-08	1.044568754991698e-08	1.104956004761264e-08	1.15129155956726e-08	1.125230121155493e-08	1.057756564360648e-08	9.716454301624196e-09	8.871234900336349e-09	8.762928555851211e-09
9.09805177137785e-09	7.522187590312927e-09	7.984930227998134e-09	1.024811659861805e-08	1.355981900191588e-08	1.546838934530146e-08	1.623450928852465e-08	1.642221411467102e-08	1.538461630394116e-08	1.237264000310593e-08	7.638621777598753e-09	5.007570676542767e-09	4.869281550132549e-09	6.939428677851653e-09	8.221643192947377e-09	9.50683221892843e-09	1.091114612525169e-08	1.171937843970967e-08	1.179201186440413e-08	1.134830922118291e-08	1.100535288940073e-08	1.205608239689098e-08	1.356211742223187e-08	1.467813653114679e-08	1.412004119566711e-08	1.170460617154177e-08	9.331710983982664e-09	6.902232507569643e-09	7.467317393931289e-09	9.081833621553933e-09	9.954815281210812e-09	1.025219328866469e-08	1.035567238634276e-08	1.09014891221934e-08	1.173424577665232e-08	1.300603335944614e-08	1.375504359997362e-08	1.448532395379549e-08	1.510183729844287e-08	1.47559111457581e-08	1.44522243788618e-08	1.402401765030155e-08	1.198805171835172e-08	1.041151378921842e-08	8.892246980015244e-09	7.517816557317486e-09	7.76522744193635e-09	9.102959644328893e-09	9.600669119145585e-09	8.31740882457267e-09	6.3209150869115e-09	4.984837448594266e-09	4.153810767239212e-09	5.110339498634131e-09	6.50100610789267e-09	7.76642503252777e-09	9.33244671241507e-09	1.085618750447476e-08	1.166202154528228e-08	1.213939677587959e-08	1.234053031106146e-08	1.132110414057124e-08	1.139211630922478e-08	1.327269376064359e-08	1.502458468747904e-08	1.561855260577726e-08	1.618756204700659e-08	1.665880448642461e-08	1.611876023580319e-08	1.484782337965268e-08	1.347180126644783e-08	1.29431501962931e-08	1.260691815925102e-08	1.269155184988429e-08	1.32606766420556e-08	1.350512316081816e-08	1.28382098771503e-08	1.098948559565556e-08	8.804684897602836e-09	6.493632897563035e-09	4.590481064731781e-09	7.134879428248451e-09	1.013488577875534e-08	1.127165278156192e-08	1.100306827255035e-08	1.104152354723338e-08	1.117891077017438e-08	9.848257161849404e-09	8.15237694188365e-09	6.520528400668254e-09	5.964279266241321e-09	7.138276405877161e-09	9.12885639815224e-09	1.048722340640034e-08	1.074785057193205e-08	8.928832472496312e-09	7.934286576596121e-09	1.053717443813853e-08	1.269454379211627e-08	1.367329214462354e-08	1.378890772015155e-08	1.379612062906426e-08	1.353960555508055e-08	1.157105381733866e-08	9.567080651598671e-09	9.903315024872127e-09	1.121409505326713e-08	1.254312191257895e-08	1.309067291485502e-08	1.26798536923331e-08	1.199906263951161e-08	1.091258889604646e-08	9.655131303118405e-09	9.017577952703268e-09	9.847244891244646e-09	1.127504596166866e-08	1.193262616854108e-08	1.166775871683311e-08	1.080679513783748e-08	1.033165448143246e-08	1.121339647873478e-08	1.171924407464879e-08	1.078705044306173e-08	1.04056043052779e-08	1.029690629133592e-08	1.02208176398574e-08	1.049166561250107e-08	1.068555896493858e-08
8.290965890469627e-09	8.331815733271395e-09	9.683015425505714e-09	1.136589969825855e-08	1.302761098745324e-08	1.453579539899888e-08	1.471179018685331e-08	1.318438331616411e-08	1.154940930348367e-08	1.06203972776982e-08	9.18305629052002e-09	8.290183779581827e-09	8.593627339308535e-09	1.048544128933134e-08	1.159676055368335e-08	1.232320790786538e-08	1.238952434231513e-08	1.191751862696803e-08	1.097119394382877e-08	1.010124669518573e-08	9.58074651716084e-09	1.021282707633609e-08	1.040756233386657e-08	9.998264609998122e-09	9.538183027094352e-09	9.265882952871336e-09	9.010035242214558e-09	8.121074336836853e-09	8.413659477499305e-09	9.756931559937218e-09	1.061345022208947e-08	1.033953564343898e-08	1.040376838376566e-08	1.167888629318774e-08	1.30011676279157e-08	1.372538150448994e-08	1.444022530691889e-08	1.558172697701922e-08	1.600984131933328e-08	1.455385388926425e-08	1.306521131332628e-08	1.198215608039037e-08	1.128437842995159e-08	1.013954495161847e-08	9.913563479890548e-09	9.144603125827958e-09	1.00433332746695e-08	1.104415235118116e-08	1.05740542436026e-08	9.171612872406951e-09	7.745201952791372e-09	5.736723653088285e-09	5.216990608284737e-09	6.783368464483752e-09	8.552528945121777e-09	9.224989792063134e-09	9.85022873065723e-09	1.085112463788962e-08	1.154028232249171e-08	1.149906861370705e-08	9.297475900499251e-09	8.845150692404527e-09	9.618602258863129e-09	1.103822963515495e-08	1.275552512254359e-08	1.409155125734195e-08	1.538141095495356e-08	1.575400574461199e-08	1.479318439799874e-08	1.323609043087062e-08	1.265240739249215e-08	1.314991895065528e-08	1.346842688637357e-08	1.401465178412278e-08	1.45499844443965e-08	1.480499584968169e-08	1.365734366729978e-08	1.098935127965661e-08	6.647211414338174e-09	4.377171745043561e-09	5.823508945034714e-09	8.982304235160948e-09	1.037038807111156e-08	1.03865824141043e-08	9.191969584824767e-09	8.223977451711491e-09	7.868806452942716e-09	8.253084213861355e-09	8.845542158161028e-09	9.605387883545401e-09	1.03336415237084e-08	1.068532365999623e-08	1.039526123669155e-08	9.872495313374562e-09	1.047978980428965e-08	1.129988876568845e-08	1.1306317316184e-08	1.24707568316885e-08	1.347651289527497e-08	1.416785165423839e-08	1.404664086134992e-08	1.326887168271041e-08	1.242270769297982e-08	1.21112362829104e-08	1.088129543834597e-08	9.077461710687444e-09	9.170239716098133e-09	9.865466001612366e-09	1.0610130249825e-08	1.089801760196338e-08	1.069282889532775e-08	1.000905955497637e-08	9.792802248269192e-09	9.904641686693147e-09	9.802882434305219e-09	1.038301919776137e-08	1.117025780832679e-08	1.126289014513434e-08	1.140759209506964e-08	1.203824726273657e-08	1.275993421600651e-08	1.261141510307321e-08	1.093034641416416e-08	9.703757683478863e-09	1.000863523756404e-08	1.046716784273692e-08	1.045132757055557e-08	1.073980097065529e-08
1.023673486093922e-08	8.418571560592685e-09	9.590746829970661e-09	1.148037353801183e-08	1.22632009356715e-08	1.15910929591107e-08	1.193058375266401e-08	1.300445721010659e-08	1.386952290623612e-08	1.365876252861518e-08	1.248858103277531e-08	1.090203884138379e-08	9.751162259577744e-09	1.003974962116824e-08	1.097792712595898e-08	1.10520948719288e-08	9.999888873163068e-09	8.662663809695839e-09	8.299858918616789e-09	8.337566132947504e-09	8.513048991150091e-09	9.015423021800978e-09	9.925087084501981e-09	1.08504411196682e-08	1.163465482432681e-08	1.146207263095962e-08	1.025375884324101e-08	8.804167812857922e-09	8.740827640132464e-09	9.917123323427505e-09	9.97197153078939e-09	8.242687649899428e-09	7.916866825110101e-09	9.92456037054205e-09	1.15882241900245e-08	1.246442369537013e-08	1.339476114176575e-08	1.412712664561338e-08	1.424581962025478e-08	1.429309715793753e-08	1.451752839131628e-08	1.416043314819604e-08	1.235700614183657e-08	1.173092378380956e-08	1.220854717629286e-08	1.35471276602406e-08	1.512172824947325e-08	1.564205714548696e-08	1.510037015679903e-08	1.356972470016945e-08	1.050848299953879e-08	6.742764167352217e-09	5.529756180594451e-09	5.9878205135469e-09	7.46385949095386e-09	8.146000479531423e-09	8.934583713906185e-09	9.745324984816776e-09	1.021792426526786e-08	1.026727135231971e-08	9.202521148818794e-09	7.973828677149823e-09	7.79819903434787e-09	8.687703673055238e-09	1.018038243374852e-08	1.147577625540977e-08	1.205412258840417e-08	1.208969734771221e-08	1.168198062160583e-08	1.125195524150235e-08	1.176897174389306e-08	1.2767491018062e-08	1.357153731986166e-08	1.375963559640838e-08	1.339882224762049e-08	1.252884471559343e-08	1.099113194848768e-08	9.350620939961845e-09	7.020453986224728e-09	6.030234012055962e-09	6.948143077493595e-09	9.037337938992477e-09	1.086494548466935e-08	1.127740135707397e-08	1.084820222643769e-08	1.072687589504702e-08	1.020779489301625e-08	8.023500857568944e-09	7.931719382683207e-09	9.146417682263107e-09	1.000402524823461e-08	1.055914766572827e-08	1.16871032765736e-08	1.29463612167027e-08	1.323598034835672e-08	1.286159415709091e-08	1.326004602826686e-08	1.515498650475907e-08	1.645721290601073e-08	1.696096444336243e-08	1.673838504289105e-08	1.627307653932722e-08	1.46471216345179e-08	1.243705853649494e-08	9.093042428375287e-09	7.703353661015535e-09	7.473001484853141e-09	6.889643364973626e-09	8.089693910582653e-09	8.401270818281417e-09	7.60574132900178e-09	7.618777896529181e-09	8.193952931656791e-09	8.584055578603303e-09	8.594366540880361e-09	9.707604905065043e-09	1.019082303039798e-08	1.056109865421419e-08	1.174702185167145e-08	1.310300457591972e-08	1.365442671657899e-08	1.29493398282922e-08	1.107164663193913e-08	1.006600161621755e-08	1.008820201980801e-08	1.041752085420586e-08	1.130787817828957e-08	1.254798086685545e-08
1.206468906413178e-08	9.726945441075603e-09	8.602877403532933e-09	8.800301339511008e-09	9.188101596881498e-09	1.009055322118532e-08	1.210606491395473e-08	1.36931482747663e-08	1.452380098661187e-08	1.454612344695714e-08	1.362848299467908e-08	1.252295510713787e-08	1.176110468443103e-08	1.143337383384763e-08	1.094618787878306e-08	1.037273750800914e-08	9.720353270149082e-09	8.609424159978038e-09	6.961920923492157e-09	7.457706911719138e-09	8.62824875876992e-09	9.435522809070763e-09	1.004197308992067e-08	1.113472189569783e-08	1.17805462849337e-08	1.16097483456963e-08	1.140895921227178e-08	1.091706734508891e-08	9.953320164883453e-09	9.136505443330919e-09	9.196317126366513e-09	8.141488365941e-09	6.978520442040705e-09	8.402157222357423e-09	1.010378850523156e-08	1.067875873338171e-08	1.055433506466042e-08	1.059189212795666e-08	1.232061402233336e-08	1.431644216946316e-08	1.534367114130586e-08	1.508783081887245e-08	1.419627269169786e-08	1.386971987860516e-08	1.435298252713646e-08	1.519525651605415e-08	1.611502147056009e-08	1.672953821145646e-08	1.661804015898171e-08	1.48428814098973e-08	1.113079921288672e-08	7.872282107175512e-09	6.544267188721228e-09	6.281694693832009e-09	6.764427714854588e-09	6.76959779512933e-09	6.789759304747839e-09	7.841069548606163e-09	8.87560716918739e-09	9.020243203534413e-09	8.65726688081697e-09	8.011955450191938e-09	7.578252087350171e-09	7.619823388521696e-09	8.188449960354528e-09	9.066720847395108e-09	9.905218388259645e-09	1.095901281801573e-08	1.187012494118295e-08	1.254189837931199e-08	1.35797832140751e-08	1.493694450199306e-08	1.563358998534967e-08	1.544403282672508e-08	1.430221357703865e-08	1.261642512129891e-08	1.075479223641621e-08	9.276654462016331e-09	7.190661531077246e-09	6.907689832184534e-09	8.688749570652392e-09	1.100391039271691e-08	1.212243525622734e-08	1.213504443695986e-08	1.191894500765384e-08	1.108767759454843e-08	9.270810381515422e-09	7.279756237344202e-09	7.005601198278937e-09	7.71403334848464e-09	9.38011715226878e-09	1.058660764403378e-08	1.201707679637358e-08	1.343585754603614e-08	1.381265371757908e-08	1.268836277819809e-08	1.232836943127878e-08	1.438337339801998e-08	1.622052880002188e-08	1.695821421266235e-08	1.671955752061542e-08	1.537171209490547e-08	1.324185141743806e-08	1.119708286549736e-08	8.197832851934427e-09	7.544234430452105e-09	7.598146618083912e-09	6.914283191848171e-09	7.232851625284431e-09	7.086188890289181e-09	5.793910487157298e-09	5.815704900535693e-09	6.812097527410692e-09	8.662618634058682e-09	1.017191390457491e-08	1.123884625517588e-08	1.198375264277909e-08	1.233352518319108e-08	1.323210813480419e-08	1.445452561431549e-08	1.467052426525168e-08	1.400577523866296e-08	1.266960192607971e-08	1.148675391618404e-08	1.074424699528097e-08	1.003829641647182e-08	9.120457190898841e-09	9.072941034562851e-09
1.236326311556964e-08	1.029381761448375e-08	9.273874918401006e-09	9.035059158381678e-09	9.547298108163178e-09	1.029970451449664e-08	1.142464572308009e-08	1.243354843908217e-08	1.283230698276953e-08	1.304901555807336e-08	1.274654256150981e-08	1.317253749695652e-08	1.318919911606823e-08	1.237239334711616e-08	1.111797915500656e-08	9.310814497318173e-09	9.451601444334326e-09	8.415713172070063e-09	6.847835782383535e-09	7.714957364053493e-09	9.300211068880172e-09	1.072554726982499e-08	1.130262139689552e-08	1.106172219997377e-08	1.14180263695674e-08	1.184972936033721e-08	1.209054232060387e-08	1.205790796665991e-08	1.093140130809449e-08	9.362646789954509e-09	8.227782629050543e-09	7.371769820370075e-09	6.785999433521417e-09	7.796672109044548e-09	8.487484930319934e-09	8.659809125347755e-09	9.253442515675484e-09	1.092894241278539e-08	1.273016964987589e-08	1.397488710840536e-08	1.45756875248428e-08	1.480342331812898e-08	1.507110150338801e-08	1.52009084049879e-08	1.517691868291719e-08	1.566658703267347e-08	1.601946557696576e-08	1.591126997962805e-08	1.55469201676687e-08	1.372985505960827e-08	1.070001245807318e-08	9.295881671113427e-09	8.668220767961944e-09	8.270185005521149e-09	7.349481446824947e-09	6.926210443360271e-09	7.926194818238727e-09	9.154805590705093e-09	9.690271692192393e-09	9.550753376611714e-09	9.035276645908703e-09	8.028961938639749e-09	7.362281746433792e-09	7.714489271472947e-09	7.347899362728292e-09	7.265006036725934e-09	8.739222104141041e-09	1.061734399480822e-08	1.179825517477276e-08	1.242280132917336e-08	1.346993823042269e-08	1.425136553747874e-08	1.441866791744982e-08	1.422783011402304e-08	1.326038025781322e-08	1.127165535366167e-08	9.333170387535271e-09	8.144843719449957e-09	6.478107845020957e-09	6.621873534813976e-09	8.924080531309443e-09	1.11431064326756e-08	1.270647204454713e-08	1.34708167146836e-08	1.277932222858149e-08	1.002372296098882e-08	7.337039017454507e-09	7.096381646238578e-09	7.179567726395768e-09	8.087988143193231e-09	1.112197204444018e-08	1.384965855980708e-08	1.553489872208869e-08	1.641828799447261e-08	1.605714444182876e-08	1.427031927425409e-08	1.252881735941118e-08	1.360963718768551e-08	1.548646762582242e-08	1.627063104286964e-08	1.537837432365648e-08	1.247827024626653e-08	1.043793355579671e-08	9.722934801931182e-09	8.760893706678956e-09	8.558058349388996e-09	8.694470144734289e-09	8.358817974433492e-09	8.060435919586385e-09	7.076061133004898e-09	4.624870787815519e-09	3.865102667588555e-09	5.763940243833937e-09	8.09112681416391e-09	9.894889670778141e-09	1.112836224661201e-08	1.181368326162768e-08	1.24710163791898e-08	1.355902106101159e-08	1.439294965313071e-08	1.424782624807509e-08	1.399243610479649e-08	1.353089165097251e-08	1.285682819147025e-08	1.189293231465505e-08	1.041318199873504e-08	8.336721798246044e-09	8.268408132331603e-09
1.304963690128209e-08	1.056038421271169e-08	1.046697495206016e-08	1.028583238436254e-08	1.057387748485617e-08	1.097077021777558e-08	1.124693929065988e-08	1.149599544970314e-08	1.143395006331932e-08	1.135179774253952e-08	1.157568987378621e-08	1.169948000771037e-08	1.171616779774105e-08	1.160786695747007e-08	1.082778836931713e-08	9.700751756873488e-09	8.829595914820776e-09	7.987316999319239e-09	6.231917797324689e-09	7.071108909569131e-09	9.147807887871938e-09	1.091275720986388e-08	1.206849460175452e-08	1.27938384676491e-08	1.316682743327721e-08	1.264077886103675e-08	1.235247292187313e-08	1.230128082227799e-08	1.103483111510134e-08	9.362987952070123e-09	8.825954089674155e-09	7.558130027777402e-09	7.386940301322699e-09	7.826954142115942e-09	8.923790519597221e-09	9.622054342436788e-09	1.085146131021887e-08	1.206933168702595e-08	1.282967492224943e-08	1.319308926491073e-08	1.337764114961704e-08	1.323574250114394e-08	1.348709201027482e-08	1.396775426422509e-08	1.443769100895289e-08	1.516203899655962e-08	1.586482497074963e-08	1.617985360631925e-08	1.591996838969443e-08	1.435333479098896e-08	1.29829028463193e-08	1.204640761522198e-08	1.035697280278791e-08	8.511605103550029e-09	7.816491142077299e-09	7.37347687235574e-09	7.61640571814269e-09	8.766660602976748e-09	9.841668051522635e-09	9.868788651999329e-09	8.966912529355492e-09	7.313670401475832e-09	6.477601912226858e-09	6.283878205926256e-09	7.128850226999545e-09	8.060615380709203e-09	1.003897233432083e-08	1.138322574310632e-08	1.168009899206589e-08	1.145814215058481e-08	1.177083093689921e-08	1.25423118623112e-08	1.293571571093424e-08	1.175605324690989e-08	1.060236892927907e-08	8.517309577714857e-09	6.592182905887571e-09	5.78888205837695e-09	6.74004986880606e-09	8.591063964885198e-09	1.107220708190387e-08	1.294934287764226e-08	1.378930069284184e-08	1.349025098248585e-08	1.199498018636493e-08	9.49415065970733e-09	7.344284783357934e-09	5.645650674382669e-09	6.083345659480857e-09	9.036013253879872e-09	1.302618889353972e-08	1.650954589757449e-08	1.846267013150874e-08	1.910728176014498e-08	1.819324762170563e-08	1.557430433256834e-08	1.335482684082054e-08	1.26985125397196e-08	1.338746783327576e-08	1.409496050286203e-08	1.375964637448417e-08	1.347735006205548e-08	1.305521020915918e-08	1.210667101038488e-08	1.003269898007301e-08	8.791299102621299e-09	7.48850515460977e-09	8.039260369837243e-09	8.631711486448723e-09	7.834012911118103e-09	6.034991644275012e-09	5.405729382669777e-09	5.84174399478432e-09	6.641536068080854e-09	8.097250495039674e-09	9.063436867400145e-09	9.491440440817661e-09	1.042016757138051e-08	1.157617178802116e-08	1.245780100468017e-08	1.296647037779893e-08	1.360190182124232e-08	1.393900108644443e-08	1.351339035880191e-08	1.238006937017792e-08	1.121773903565651e-08	1.008034753228045e-08	1.021627325397686e-08
1.463245006063148e-08	1.254107118621334e-08	1.172452345103523e-08	1.155837944903205e-08	1.177503039464352e-08	1.122340500637707e-08	1.096878236216892e-08	1.061852396534977e-08	8.768734014441427e-09	7.324347803790931e-09	7.974572013123015e-09	9.159684786183294e-09	1.027604233128287e-08	1.065853879873973e-08	9.776433166861219e-09	9.637835321057417e-09	8.648320565283698e-09	7.878148393643614e-09	7.998513810480602e-09	9.491163376544167e-09	1.059583997868737e-08	1.170315975959475e-08	1.282790796144609e-08	1.387193677086269e-08	1.418894738574006e-08	1.329772675862326e-08	1.212093789683474e-08	1.075869281277022e-08	1.059469449100075e-08	1.035192425565408e-08	9.821768821582452e-09	8.955469898593719e-09	9.088213497590855e-09	1.022414605028334e-08	1.106098356344853e-08	1.165114402236173e-08	1.206765904563293e-08	1.208628244503972e-08	1.181676194909973e-08	1.052470235172558e-08	9.704121049935631e-09	1.003980525880758e-08	1.119816373079668e-08	1.269474484835973e-08	1.386630368134899e-08	1.530409202025769e-08	1.648657393870818e-08	1.69972788076798e-08	1.668290105783781e-08	1.585890601784572e-08	1.33214543602256e-08	1.197656051617394e-08	1.093875861765188e-08	1.01150458268247e-08	1.018006870246497e-08	9.489755459041074e-09	9.25115671145936e-09	8.947067088335808e-09	8.292612498549566e-09	7.865656543143461e-09	6.854525768595699e-09	5.849431955575485e-09	7.157821342597473e-09	9.355070994944378e-09	1.065844495851847e-08	1.120022044457325e-08	1.176087746700516e-08	1.166298500658052e-08	1.059288804879548e-08	9.253063138066556e-09	8.669879617076851e-09	8.037886219039774e-09	6.97260010204518e-09	6.177423830838963e-09	5.9465737174574e-09	6.958762636767301e-09	7.18465182020237e-09	7.464781423965183e-09	8.220631464944646e-09	9.500645112738943e-09	1.140718916228699e-08	1.280553355321271e-08	1.342130532861291e-08	1.340591038121713e-08	1.21360380649837e-08	9.651663920405384e-09	8.085129454729784e-09	8.183227848037585e-09	9.610441139603526e-09	1.218074057755978e-08	1.565690769250417e-08	1.815896920794794e-08	1.935740772963406e-08	1.897972811696185e-08	1.644354334530474e-08	1.362760614392756e-08	1.095819399274429e-08	9.97370112171585e-09	1.173216856581366e-08	1.354766244564659e-08	1.476145747562001e-08	1.525760769417815e-08	1.482341727969607e-08	1.388588951205245e-08	1.121884285611548e-08	9.298893738432238e-09	9.321381223206218e-09	9.849858680336201e-09	9.443411576567501e-09	8.052392516974864e-09	7.779866548528449e-09	8.389919112084755e-09	8.456653973855358e-09	8.153896521352883e-09	8.030548735812706e-09	8.485236952689768e-09	8.813128131610592e-09	8.280029480022099e-09	7.763318395984743e-09	6.278136078583748e-09	6.66629664410089e-09	8.688144778395417e-09	1.066395555323912e-08	1.214222193378262e-08	1.340616322175056e-08	1.422160870840133e-08	1.475946073218153e-08	1.567132233000268e-08
1.543054786122715e-08	1.186536273294188e-08	1.073242395032208e-08	1.117358657466783e-08	1.210974842999841e-08	1.223825418035016e-08	1.155335960194086e-08	1.005252551568142e-08	7.067203896421984e-09	6.711109997069585e-09	8.261971434468211e-09	9.812408405520789e-09	1.064189255733822e-08	1.070730405741291e-08	1.061187110391785e-08	1.03802980060179e-08	1.034663312375318e-08	1.002308554563777e-08	9.854395666592397e-09	1.005234411865561e-08	1.001163849178871e-08	1.020712779469015e-08	1.165043325957115e-08	1.254082698722183e-08	1.182207464984945e-08	1.098357011697566e-08	1.107904367017378e-08	1.113671697266742e-08	1.067591088111626e-08	9.35279104662935e-09	9.865100576688388e-09	1.088991884093887e-08	1.119146346754289e-08	1.090511285333392e-08	1.06836901462998e-08	1.132085496175018e-08	1.172516220446512e-08	1.083762298432174e-08	9.272091316473444e-09	8.455067570723676e-09	8.50531969004778e-09	9.298586409742186e-09	1.112793568480975e-08	1.332008714360045e-08	1.554671517668331e-08	1.704097203554188e-08	1.772094152722252e-08	1.710632696665991e-08	1.62383126117743e-08	1.538465710051837e-08	1.458963624810052e-08	1.423216210906066e-08	1.328177522905919e-08	1.171726056208455e-08	1.11957613632455e-08	1.088108371975378e-08	1.01718614358458e-08	9.612464058971661e-09	8.899774717993785e-09	8.629831048742657e-09	7.479835399567062e-09	5.148651382903633e-09	6.863237745476687e-09	8.974239967961768e-09	1.022773085032088e-08	1.099688819528133e-08	1.092414612571156e-08	9.480909855854416e-09	7.760742010823019e-09	7.175314688974545e-09	7.066402806650619e-09	6.246597128675035e-09	5.741214117432986e-09	5.665914149136229e-09	6.274161304422525e-09	7.306848615308997e-09	7.837288656876028e-09	8.030736451415882e-09	8.640812979561705e-09	9.932264270953006e-09	1.119767554361758e-08	1.18603551375698e-08	1.214863562541825e-08	1.144394964785768e-08	1.032543346974665e-08	9.724543076588215e-09	1.022334457396373e-08	1.101307903776461e-08	1.229125729273267e-08	1.462658396280897e-08	1.678655298846318e-08	1.820379525222957e-08	1.87520210207803e-08	1.80682738950023e-08	1.564590995707049e-08	1.273114696476188e-08	1.009733387397884e-08	9.76601622175774e-09	1.184985348362364e-08	1.352402635860175e-08	1.465304455655715e-08	1.511403076464202e-08	1.472209218015849e-08	1.40139207201393e-08	1.262213060084687e-08	1.062808475634156e-08	1.005831647237698e-08	1.013923928011858e-08	8.825501382043443e-09	7.73403235866041e-09	8.486912728460352e-09	9.429228181573666e-09	9.653510892333723e-09	8.730327534011413e-09	8.081570783634471e-09	8.833167486642035e-09	9.125036358370001e-09	8.527187502743698e-09	7.122159419605031e-09	4.061669844623169e-09	3.374429525111983e-09	6.234612687342763e-09	9.226018574865596e-09	1.147003448445263e-08	1.337572563449679e-08	1.526798819704229e-08	1.685421260051454e-08	1.766779996967527e-08
1.383699127302588e-08	1.219600949140714e-08	1.200474754648409e-08	1.250948403801588e-08	1.254726844492049e-08	1.099090031099081e-08	8.561317199415714e-09	6.654236355504066e-09	5.816870842573779e-09	7.407931924139214e-09	1.009602173873941e-08	1.206502395022852e-08	1.311338904351484e-08	1.281965693533877e-08	1.180386004810643e-08	1.116492846793709e-08	1.083747900032432e-08	1.071780859792103e-08	1.04654282525882e-08	1.01250914621876e-08	9.870645330080553e-09	1.023433081673544e-08	1.085684897174192e-08	1.130795284202771e-08	1.094582931002895e-08	1.095114640250061e-08	1.088281938571118e-08	1.044816592774124e-08	1.006565606356877e-08	9.40859694122962e-09	9.788312455097437e-09	9.912794464209827e-09	9.285618761429229e-09	9.554267774230674e-09	9.420911259194593e-09	1.033196509295493e-08	1.11174432346545e-08	1.108608649354837e-08	1.044464288852043e-08	8.746858918886441e-09	7.983104763678453e-09	9.536979725891213e-09	1.154163119016448e-08	1.396983851394945e-08	1.582768828255866e-08	1.677571675376402e-08	1.708447155346989e-08	1.664824442189451e-08	1.646843370944984e-08	1.657037827403091e-08	1.612076735084906e-08	1.460833703015667e-08	1.305340813124642e-08	1.213250190179365e-08	1.244500917269475e-08	1.163243950494592e-08	1.027810882424771e-08	8.824249900548572e-09	7.945473058894126e-09	7.345238238982783e-09	6.734745438804533e-09	6.516698051757082e-09	7.523736463771347e-09	9.339921462334903e-09	9.952501752287349e-09	1.033958905133905e-08	1.032808986605599e-08	1.016238027500303e-08	9.96191332299187e-09	9.395128746017678e-09	8.308048037106858e-09	6.863291520763701e-09	6.21524905214439e-09	5.986530752352268e-09	6.006922102324747e-09	6.090472780163562e-09	6.173808925268356e-09	7.319496549973728e-09	8.857072349039521e-09	1.006995913570548e-08	1.04791714015877e-08	1.060379597700965e-08	1.056490433038084e-08	1.06559717068862e-08	1.083912348019206e-08	1.064248370325457e-08	1.108560719351028e-08	1.203997850419727e-08	1.393996767257218e-08	1.578612317503841e-08	1.70775823322677e-08	1.769792889318876e-08	1.734817626430515e-08	1.589787200959232e-08	1.413259650965025e-08	1.177489710961722e-08	9.552210519032117e-09	8.585731428655077e-09	1.07462110935713e-08	1.273693715197219e-08	1.381399747267293e-08	1.414446254865334e-08	1.423850574081074e-08	1.404234228146543e-08	1.321647313585782e-08	1.227491630284273e-08	1.144782636907109e-08	1.009681095834912e-08	9.340690722360594e-09	8.993947196452683e-09	9.787284317456307e-09	1.046176492323989e-08	1.056156659159446e-08	1.044686558192683e-08	1.033922556675489e-08	1.005665837419994e-08	9.6802788107384e-09	8.539449556732477e-09	6.199485228142038e-09	3.149318920588745e-09	2.030595661908735e-09	3.947392251005808e-09	6.259727959212886e-09	9.229418327948714e-09	1.336653143423111e-08	1.662815499316983e-08	1.828771156925182e-08	1.871813250865105e-08
1.420627196957709e-08	1.171328112479693e-08	1.123280459005706e-08	1.124626778660623e-08	1.091224488587183e-08	9.988946736740787e-09	8.838801748509274e-09	7.721766862648826e-09	7.105849612065484e-09	9.112912114978617e-09	1.134430787936643e-08	1.215879762147689e-08	1.202328993339276e-08	1.172534773777305e-08	1.164029566827809e-08	1.147755194072495e-08	1.136740709094118e-08	1.109036468772323e-08	1.120615286291288e-08	1.101325736421216e-08	1.104044772568699e-08	1.169414005511727e-08	1.246688885310809e-08	1.26131334025792e-08	1.188454598878557e-08	1.119176117017209e-08	1.06126105259874e-08	1.033993513103105e-08	9.05316048711624e-09	8.839780694463614e-09	9.608634925325459e-09	9.502999155697916e-09	9.055715894102274e-09	9.708481537134371e-09	1.015706606378137e-08	1.053208343773627e-08	1.051456687219069e-08	1.009514336020669e-08	9.295846055740992e-09	8.253375713817096e-09	6.66793980470075e-09	7.221776377935055e-09	9.119714867069842e-09	1.093938325240699e-08	1.198451209808659e-08	1.398429114844644e-08	1.580713691008984e-08	1.655003986034698e-08	1.691631819129305e-08	1.697194683838498e-08	1.633845530506983e-08	1.45338310009172e-08	1.182386574774633e-08	1.084798879719254e-08	1.133371828812794e-08	1.172096601216281e-08	1.151086857209249e-08	1.053078730970341e-08	9.698023396313272e-09	9.551038115402425e-09	9.421250349421031e-09	9.834996013977626e-09	1.141701612161812e-08	1.274143043758039e-08	1.309809547635482e-08	1.281886965070783e-08	1.194345697631636e-08	1.047039475758861e-08	8.943361176704376e-09	8.317690116729289e-09	8.100105370008751e-09	7.279331554285342e-09	6.391005346431922e-09	6.17305868550936e-09	6.735578612739405e-09	7.547128217301468e-09	7.726927344706503e-09	7.802992234148723e-09	8.094073255065939e-09	8.814479355898408e-09	9.573230864967232e-09	9.458670072499641e-09	9.136735811952445e-09	9.302000520529407e-09	9.543759160343028e-09	9.780765596882725e-09	1.01256864916427e-08	1.005292347267507e-08	1.189615716741694e-08	1.464572413752185e-08	1.577259231254773e-08	1.54443114291502e-08	1.439416055804446e-08	1.488915118441961e-08	1.4702155230483e-08	1.308758075776826e-08	1.152820417565565e-08	1.012100608379404e-08	8.868817200383189e-09	9.810425712915894e-09	1.216053877171351e-08	1.424800232531125e-08	1.527790444353077e-08	1.491913180135146e-08	1.404809886116815e-08	1.357512550133207e-08	1.266169803287204e-08	1.183510118717277e-08	1.164812089906987e-08	1.088133915342565e-08	1.050399659145705e-08	1.005559483906606e-08	9.738762890216794e-09	1.014086479057494e-08	1.047877849582385e-08	1.03744185039644e-08	9.246787727998611e-09	7.278840784088616e-09	5.678069193389353e-09	4.525551347609109e-09	4.614277694581962e-09	4.82048585630969e-09	5.144864408219132e-09	9.258958883709934e-09	1.334773220835651e-08	1.594942923746475e-08	1.712157758512296e-08	1.78415297861349e-08
1.428588573779291e-08	1.172065626689549e-08	1.092693385379534e-08	1.018089426548558e-08	9.484019838035218e-09	9.008491132327608e-09	8.278986735480382e-09	7.937059246154355e-09	9.242593303160998e-09	1.116694770939231e-08	1.307020033890717e-08	1.359077498726605e-08	1.312978690687046e-08	1.194783016444016e-08	1.080895179590189e-08	1.011482690038701e-08	1.044380212442389e-08	1.121610206939728e-08	1.112947733542929e-08	1.068463607836641e-08	1.10546011668209e-08	1.247042324585903e-08	1.306883066684374e-08	1.239252536046657e-08	1.057817240794656e-08	1.006969239833726e-08	1.034575309583742e-08	1.033922590419848e-08	9.256280960282745e-09	7.752439574840081e-09	7.495271670723402e-09	8.448371695865961e-09	8.89283640093574e-09	9.554986109579697e-09	9.785640020825771e-09	1.100824681452366e-08	1.190277937710466e-08	1.134784881997029e-08	1.105798454833391e-08	1.027321736855908e-08	8.918205299763653e-09	8.269298989360266e-09	9.708630981477066e-09	1.102706080517747e-08	1.288258997068238e-08	1.456747443557914e-08	1.497811886598242e-08	1.508059001248681e-08	1.509959442781605e-08	1.480686069909309e-08	1.416560208512403e-08	1.243378230531446e-08	1.001048678416783e-08	9.48198294838693e-09	1.043931130892071e-08	1.112644915835504e-08	1.112200299390162e-08	1.048222049053521e-08	9.739074624132319e-09	1.001031959011723e-08	1.042643853518606e-08	1.1030431739207e-08	1.253297146492045e-08	1.374954501508234e-08	1.387578562922951e-08	1.309893929822326e-08	1.292812156831863e-08	1.249689743064128e-08	1.130568280146983e-08	1.00811859355286e-08	8.895211382847006e-09	7.636692992761166e-09	6.552742502033301e-09	6.436111304279127e-09	6.785457257750916e-09	7.781447549566969e-09	8.857927589886925e-09	9.012822282599155e-09	8.108907326011404e-09	7.498674401661953e-09	7.868049759497856e-09	7.666677810962623e-09	6.974613690006903e-09	6.478464987821181e-09	7.637006728665783e-09	8.835511504626165e-09	9.619059704733388e-09	9.569737977501456e-09	9.685121102370032e-09	1.288606655724581e-08	1.58869633294393e-08	1.726654355851085e-08	1.745294046220533e-08	1.726063787579215e-08	1.664474793512414e-08	1.560757941053108e-08	1.323727262264141e-08	1.111384380031904e-08	9.877241195276171e-09	7.886447785699545e-09	9.682653609432059e-09	1.254258537916547e-08	1.473435293047122e-08	1.610842768902638e-08	1.561399431118736e-08	1.383831794587916e-08	1.203893816112077e-08	1.055626482219438e-08	9.98002603809024e-09	9.79837558488516e-09	9.535180779302198e-09	9.118569324241713e-09	8.879408870049963e-09	8.973663460601581e-09	9.499109095266308e-09	9.549134860047434e-09	9.05793018379867e-09	7.8608990905504e-09	7.800362095391878e-09	8.147997818753234e-09	7.926523884152848e-09	6.723632707219733e-09	5.742794724241421e-09	9.448265562839273e-09	1.298969611825647e-08	1.459145189834944e-08	1.545725046453032e-08	1.62637495682893e-08
1.55858430441886e-08	1.161306544150627e-08	9.41399463935807e-09	9.175532156149914e-09	8.969811006086907e-09	8.4966344473891e-09	8.519693523654083e-09	9.21282453244568e-09	1.052953498751222e-08	1.215393273383554e-08	1.338843846242459e-08	1.411868564630282e-08	1.394959821553075e-08	1.23262789802815e-08	1.012229916901385e-08	9.085480920353574e-09	9.908848399869674e-09	1.066763831936603e-08	1.025479263071746e-08	9.894177624331166e-09	1.069837731147478e-08	1.182704799818853e-08	1.185070364074386e-08	1.077708337412624e-08	1.021451231631809e-08	1.020109787105433e-08	1.047166763317128e-08	1.01417661357604e-08	8.959594019878823e-09	8.967107036775783e-09	9.967028017364806e-09	1.028175610827352e-08	9.80136964265627e-09	9.655227065043692e-09	9.359093164049455e-09	1.024958967043008e-08	1.194599464600496e-08	1.307348087432565e-08	1.275512551876021e-08	1.162343221393971e-08	1.121526486640913e-08	1.12326460667972e-08	1.171163121571763e-08	1.208710731290956e-08	1.205201321618928e-08	1.294552585560072e-08	1.352439208286664e-08	1.283854145273134e-08	1.238024194284379e-08	1.182595305371318e-08	1.090592072772812e-08	1.044392907083103e-08	9.464850206789182e-09	9.277055141917285e-09	9.855669837066992e-09	1.046756350588065e-08	1.064234992850492e-08	1.046307700744171e-08	9.34515170239384e-09	8.568947452038106e-09	9.207855581360417e-09	1.176162409832366e-08	1.402761488139087e-08	1.484618030043192e-08	1.498155581127454e-08	1.383436014036003e-08	1.265667541745109e-08	1.194382167458737e-08	1.13354095824805e-08	1.035061411695785e-08	9.565461988157263e-09	8.334836521365431e-09	7.46763819834213e-09	8.458483924250787e-09	9.42378538014793e-09	9.842759766156299e-09	1.023275714915767e-08	1.078818634318213e-08	1.072342068275963e-08	9.052656175403018e-09	6.256614094739064e-09	5.211779375541705e-09	4.640371077059368e-09	4.739330380771889e-09	6.201721207879526e-09	7.662935613720643e-09	8.818903209303509e-09	9.71352161731294e-09	9.761636516010481e-09	1.221080793204738e-08	1.538918113139638e-08	1.739884939403553e-08	1.844146120550063e-08	1.848288195674359e-08	1.657979370991176e-08	1.410023935556194e-08	1.273016383647303e-08	1.142972752626548e-08	1.088872457718357e-08	1.050642021520236e-08	1.209784876932046e-08	1.375002470356596e-08	1.46661301464561e-08	1.501509786568815e-08	1.427956912068427e-08	1.242495365258789e-08	1.037768019711412e-08	8.662119587118886e-09	7.533154883239299e-09	7.266740667772431e-09	7.154378977764019e-09	7.263270906442545e-09	8.943806276580915e-09	1.045761429901678e-08	1.107963934294056e-08	1.111728778048345e-08	1.063478013359576e-08	9.334992495671976e-09	9.081454580921976e-09	9.095914804666262e-09	8.900388996528795e-09	8.03183849422105e-09	7.786706591077135e-09	1.037838941387815e-08	1.262124760613303e-08	1.336023115259905e-08	1.366778031525953e-08	1.437992574509292e-08
1.514735703859433e-08	1.094612052619444e-08	8.830797374134704e-09	9.468397084044832e-09	9.603451496492695e-09	9.733452984175189e-09	1.087403834893966e-08	1.147533243293825e-08	1.143850430115443e-08	1.176656319142467e-08	1.209385918465271e-08	1.203045692331973e-08	1.115909810000471e-08	1.018805751149423e-08	9.062270412501371e-09	8.313712241529954e-09	8.982871970487712e-09	9.583355450376899e-09	9.607958882012836e-09	1.143549279486842e-08	1.334637973096764e-08	1.428179206012639e-08	1.343774908053443e-08	1.160780430994902e-08	1.057817207619018e-08	1.06469095782836e-08	1.079084333522129e-08	1.023509374483304e-08	9.529323141693351e-09	8.695952921273795e-09	8.930101267792309e-09	9.474924483559383e-09	9.619093995939958e-09	9.645824990704217e-09	8.816049291491311e-09	9.519401897487119e-09	1.136916936769026e-08	1.200335713676536e-08	1.104085996909956e-08	1.057983069100749e-08	1.07421326255778e-08	1.140782000418111e-08	1.22710858672608e-08	1.261630955269026e-08	1.250137079027486e-08	1.303491036694218e-08	1.360092939031625e-08	1.351520788737033e-08	1.344043868703767e-08	1.281454012531907e-08	1.153305492903882e-08	1.147091980532168e-08	1.229309425967513e-08	1.140079302471828e-08	9.266833056553785e-09	9.446892274720787e-09	9.745019718186757e-09	9.461170138687764e-09	9.277713641380485e-09	9.828664154860334e-09	1.101187334148986e-08	1.218962743982661e-08	1.334918179676358e-08	1.395105700380249e-08	1.321391756150198e-08	1.217630525636455e-08	1.171709255147825e-08	1.126783872442702e-08	1.017554448049903e-08	9.389205262908315e-09	9.017611336435862e-09	8.783460014631906e-09	8.946345855397491e-09	9.91390812326479e-09	1.053007255517897e-08	1.017694729469473e-08	8.676531313438294e-09	8.236826331163598e-09	8.495985581463578e-09	7.899790353926474e-09	5.579760512570875e-09	5.136267267825971e-09	5.736518782764553e-09	5.960382454090238e-09	6.66235014879523e-09	7.662005229680393e-09	8.944177661957371e-09	1.037624102610652e-08	1.185323636906645e-08	1.334079390782015e-08	1.484240741882247e-08	1.628081481350277e-08	1.71776447889884e-08	1.713415599805709e-08	1.586381688258553e-08	1.465287539723098e-08	1.38102998541118e-08	1.354561241011533e-08	1.407408762365521e-08	1.43109416996945e-08	1.40765354722012e-08	1.435460053867317e-08	1.467767716758957e-08	1.456564648775033e-08	1.282936200004909e-08	9.728051068401291e-09	6.422277825827797e-09	5.383249935486817e-09	7.120684758810859e-09	8.670230980973405e-09	9.218225143654213e-09	8.429263221952374e-09	9.331508341213521e-09	1.084437828798557e-08	1.037706986485369e-08	9.490784349021831e-09	9.714182981680906e-09	9.262911717721605e-09	9.150958333397032e-09	9.234080323411077e-09	8.736517242576527e-09	7.345889486790734e-09	8.133804678180651e-09	1.128571430721711e-08	1.319791719133001e-08	1.379276051051284e-08	1.357847163289892e-08	1.424477206131158e-08
1.514495783922958e-08	1.118777314167672e-08	9.639560433245617e-09	9.017195256971254e-09	8.915866048463958e-09	9.71534206171821e-09	1.032599633469527e-08	1.074258171520195e-08	1.135447680450679e-08	1.197376120843826e-08	1.196071766358328e-08	1.139208822803317e-08	1.103786375763864e-08	1.101314397298624e-08	1.117842954173454e-08	1.154069805888884e-08	1.133419585276528e-08	1.110699920874053e-08	1.032472147816115e-08	1.138351395446689e-08	1.213714292875443e-08	1.142022228262786e-08	1.045850340132577e-08	8.674318084643477e-09	8.263227628312287e-09	9.211262172605224e-09	9.904273945380201e-09	9.940964851716429e-09	9.070283109722407e-09	7.863123129949299e-09	7.405460243089595e-09	7.677202608505083e-09	8.730342662635035e-09	1.028245306861281e-08	1.128388137806231e-08	1.148474277048973e-08	1.231692090824534e-08	1.279137810323093e-08	1.287253989674844e-08	1.315132059526374e-08	1.387914870229943e-08	1.453114439405772e-08	1.450498599832557e-08	1.348487526935636e-08	1.301220537575853e-08	1.336324127767386e-08	1.331616184086546e-08	1.32250021563622e-08	1.338621197537515e-08	1.338148110256485e-08	1.26356577689795e-08	1.123470711890302e-08	1.053495047367258e-08	1.052095879491061e-08	9.312719838274678e-09	7.59058088564279e-09	7.941958736475705e-09	8.167022809685395e-09	8.395001415220481e-09	9.304944476770122e-09	1.09645932684656e-08	1.216168460194155e-08	1.219491041780749e-08	1.145254548603453e-08	1.153740289709267e-08	1.147731029220329e-08	1.068302365749037e-08	9.482089102009723e-09	8.580341559763544e-09	7.958866713721094e-09	7.640671157280393e-09	7.619470333824189e-09	8.622083314170654e-09	9.580072874681049e-09	1.034550461148438e-08	1.024714121951942e-08	9.848943591900366e-09	1.029303577958273e-08	1.037063365628495e-08	1.068712897308213e-08	1.046865832938013e-08	9.811561644922407e-09	9.401680935016335e-09	8.627256815956768e-09	8.122706924550178e-09	8.273936614326426e-09	9.287949391302934e-09	1.075147452501262e-08	1.169865379407383e-08	1.237488797862316e-08	1.334325538317264e-08	1.456590843030101e-08	1.561015909930914e-08	1.551841404158443e-08	1.476934004740345e-08	1.354300655729053e-08	1.207593497013421e-08	1.17334378264812e-08	1.197188340159858e-08	1.3107262092723e-08	1.421632115396379e-08	1.477302661060796e-08	1.465044909995378e-08	1.396376499784823e-08	1.136055809950345e-08	7.496340990105791e-09	4.429092114878614e-09	5.97540998785469e-09	9.414532303174511e-09	1.150444493855873e-08	1.236189466239933e-08	1.190904660207774e-08	1.042047224178437e-08	1.023053432838931e-08	1.035073824861378e-08	9.339374728266972e-09	8.994364694360544e-09	9.432598692780426e-09	9.84969153469683e-09	9.178500129628194e-09	7.686371893946981e-09	6.845970765088761e-09	7.326581134390657e-09	9.514789904877401e-09	1.167447967789919e-08	1.346638564861212e-08	1.479612322453581e-08	1.590063249509793e-08
1.433310992513481e-08	1.117391113025772e-08	9.577389239607385e-09	9.439999847292331e-09	9.429115062144562e-09	9.592384474972654e-09	9.959423728357321e-09	1.050676673321369e-08	1.140585388954249e-08	1.224518169014698e-08	1.098992095022449e-08	9.527810628156236e-09	9.805231505671925e-09	1.087664425050703e-08	1.212169924476907e-08	1.329544526220371e-08	1.396881441980702e-08	1.418022711896104e-08	1.371044657348309e-08	1.245989158144559e-08	1.136460116025885e-08	9.540891784787296e-09	7.180589882790425e-09	5.718159936526537e-09	7.310207547206088e-09	9.16217012741249e-09	9.773950122442778e-09	9.894058033733121e-09	9.736609247486643e-09	9.447798800252285e-09	9.142118524729004e-09	8.846157978616921e-09	9.148585763315667e-09	9.954130621788311e-09	1.083701672568379e-08	1.150695228462714e-08	1.181358370580436e-08	1.158205115015016e-08	1.196281857860916e-08	1.307947716170618e-08	1.407210589885322e-08	1.455006212298005e-08	1.46008180450357e-08	1.370878605136999e-08	1.289900475145547e-08	1.233674080558737e-08	1.181199566916386e-08	1.1963353703126e-08	1.300915579618044e-08	1.422894705440681e-08	1.433648162357344e-08	1.291332746617084e-08	1.174912447883432e-08	1.030405258009934e-08	8.132425148877174e-09	5.249438946005793e-09	5.832839869773646e-09	7.390797595060664e-09	8.315261993114154e-09	8.667102876777853e-09	1.000814150511448e-08	1.129483929908574e-08	1.183326940781622e-08	1.168871816673394e-08	1.163278444564233e-08	1.119113383460405e-08	1.033674344454162e-08	9.309837657312774e-09	7.571379390402456e-09	6.996346636618081e-09	8.426430452989644e-09	9.698049805675363e-09	1.060722582108072e-08	1.106716774913681e-08	1.124873225223448e-08	1.055123718609185e-08	1.0890059437744e-08	1.282350187561165e-08	1.472713680947731e-08	1.582018903070984e-08	1.52019341699504e-08	1.264370510915386e-08	1.012257051864635e-08	9.206939525820188e-09	7.985086428346185e-09	7.353060903763302e-09	7.920898381658126e-09	8.852962502888676e-09	9.813767883982006e-09	9.511176409267991e-09	1.011650428436934e-08	1.173240972800003e-08	1.282958426807835e-08	1.310653769802483e-08	1.231695853480747e-08	1.190576916160099e-08	1.071063161256639e-08	1.088216080084783e-08	1.184568164409372e-08	1.324476781656652e-08	1.442144031948274e-08	1.443965384515631e-08	1.363580702173005e-08	1.242869661520628e-08	1.003448749278966e-08	8.476724748990321e-09	7.081111190223193e-09	8.533491207096758e-09	1.082528981295535e-08	1.210738973817534e-08	1.125567972991113e-08	1.13465250453745e-08	1.142651100336704e-08	1.181217889560936e-08	1.179200442004247e-08	1.146249101652326e-08	1.033042833274803e-08	8.634641511111266e-09	8.264437779577332e-09	8.374902072032048e-09	8.687756000247922e-09	9.246057943137475e-09	8.938902138856652e-09	9.572898178966987e-09	1.06931198188247e-08	1.219054225463931e-08	1.377389927538913e-08	1.433360208815031e-08
1.16724778107192e-08	9.749646855063366e-09	9.962359763777959e-09	9.597672564752606e-09	9.51442892851972e-09	9.578695753402919e-09	1.043274052892133e-08	1.157612479089635e-08	1.296313344599155e-08	1.367786514545537e-08	1.318814218052276e-08	1.193159516041746e-08	1.035695235500854e-08	9.704282168253747e-09	1.067108380533758e-08	1.25075655505279e-08	1.366310819532788e-08	1.35671101979765e-08	1.309998358304149e-08	1.260430602196406e-08	1.098092720488029e-08	9.124545787660624e-09	7.356109856761281e-09	6.361737093472402e-09	7.461611549988441e-09	8.745942533046217e-09	9.446811105577357e-09	9.231407018261507e-09	8.883928046288252e-09	9.274136629479216e-09	9.874007491996783e-09	1.024691857254028e-08	1.060976052117195e-08	1.130851247845462e-08	1.180204169240985e-08	1.18011944638813e-08	1.15913585289812e-08	1.148700618195617e-08	1.181403099550298e-08	1.254125183265866e-08	1.329843436913702e-08	1.328527869284949e-08	1.28717283484699e-08	1.270291358839543e-08	1.191609643416385e-08	1.069371113234895e-08	9.817122704098685e-09	1.074401070901851e-08	1.183013122457469e-08	1.289990589938238e-08	1.381812153885029e-08	1.363044883114992e-08	1.292491629047072e-08	1.04017973567161e-08	8.159146934578832e-09	5.821844313254305e-09	5.640992325782187e-09	7.083057184559075e-09	8.135690098707093e-09	8.432089761042464e-09	9.025366525593652e-09	1.010256227769591e-08	1.130800834491014e-08	1.256245349522843e-08	1.334573569225165e-08	1.337310110211318e-08	1.198694233696526e-08	1.051726984627073e-08	1.001410802938283e-08	9.522662746253685e-09	9.84237130655676e-09	1.064432018170462e-08	1.185460040886458e-08	1.24151824516136e-08	1.175006704382903e-08	1.065099333835599e-08	1.136721849319482e-08	1.40663289784617e-08	1.628959783657961e-08	1.689067523527848e-08	1.576827579237859e-08	1.422136925612803e-08	1.09012653108713e-08	8.114724076254321e-09	7.389949079962268e-09	6.637579925493415e-09	6.880410749814394e-09	7.932050497491226e-09	8.311000041546451e-09	7.502161693702433e-09	7.991169509269837e-09	9.613365590020409e-09	1.027036306215287e-08	1.017120492838384e-08	1.026444375451878e-08	1.016661694156054e-08	9.917397711223754e-09	1.013842982005296e-08	1.111801274762382e-08	1.251494297283806e-08	1.327992996124157e-08	1.287960628562828e-08	1.200300925781241e-08	1.175803321495154e-08	1.116201521598298e-08	1.072106770534899e-08	1.086669643362962e-08	1.11115505298149e-08	1.237676082956404e-08	1.375548000520077e-08	1.354579604721926e-08	1.25117116466491e-08	1.203370449896891e-08	1.15682199330364e-08	1.077499198127132e-08	9.968120828058455e-09	9.680515167100549e-09	9.110226269501802e-09	8.624928637369624e-09	9.511815865548058e-09	1.018484073724427e-08	1.015849974796223e-08	9.571905882054293e-09	9.344648236442275e-09	9.83215468391495e-09	1.150908457035517e-08	1.291493576227901e-08	1.263521876270296e-08
1.23108647839475e-08	1.084775833860072e-08	1.098061374399473e-08	1.049723622537323e-08	1.023966934096159e-08	9.683478079893942e-09	9.162241789262561e-09	1.080338867278376e-08	1.225058982499737e-08	1.262906429718414e-08	1.235413579437297e-08	1.170362419259235e-08	9.884192780226644e-09	8.513941550471099e-09	8.773756908894752e-09	1.032197582666921e-08	1.186659171816154e-08	1.267804480096473e-08	1.281200488569075e-08	1.246275552494332e-08	1.223561824499369e-08	1.204445003197911e-08	1.127747140052557e-08	9.649600642225663e-09	8.116413617427257e-09	8.341348954494548e-09	8.894040234923291e-09	8.539165537337556e-09	8.241127938924982e-09	9.479954231410005e-09	1.075642196361697e-08	1.09856140238186e-08	1.097717839835441e-08	1.161729664538098e-08	1.187803897291468e-08	1.154369141318813e-08	1.080164941658191e-08	1.067757883019888e-08	1.080556812531121e-08	1.146710036293672e-08	1.210454071255254e-08	1.204965204393012e-08	1.15783586062788e-08	1.133505549489091e-08	1.125429299422094e-08	1.08180113331783e-08	1.04615767068527e-08	1.229360653392823e-08	1.476058090018379e-08	1.683881463743047e-08	1.733923747416446e-08	1.580844858769677e-08	1.283148722310251e-08	1.012412322641057e-08	8.679959505871746e-09	8.436637980692951e-09	8.207014663659023e-09	7.074197850647092e-09	7.289169788222905e-09	7.204749187072937e-09	6.619237309079107e-09	8.033338922651296e-09	9.564932110242223e-09	1.093450811337242e-08	1.194776117679611e-08	1.174718692295954e-08	1.106303008990927e-08	9.977651731516145e-09	9.595903998188194e-09	8.897305312350333e-09	8.437648231934938e-09	9.173250164477366e-09	9.803771890839853e-09	1.021676273129605e-08	9.792919649715998e-09	9.380805175324257e-09	1.174485779437388e-08	1.506871093453755e-08	1.744497182522183e-08	1.826723342233759e-08	1.751546878618467e-08	1.440367680083955e-08	1.173209741366888e-08	8.443865694517299e-09	7.838824627668346e-09	7.9039066983954e-09	8.293954314628946e-09	8.755803416820548e-09	8.355657777814141e-09	7.332365548951045e-09	8.132690165539882e-09	9.5952900051071e-09	9.759175735128315e-09	9.504532357706303e-09	1.02709131929182e-08	1.218662903799195e-08	1.335787129414073e-08	1.350726605726339e-08	1.301559021605059e-08	1.144178835204733e-08	1.050894226368307e-08	1.003040447805069e-08	9.78905275600806e-09	1.073050363875357e-08	1.189496608027822e-08	1.325430525460106e-08	1.409419344116735e-08	1.33648496150039e-08	1.322483958328939e-08	1.328101013891856e-08	1.244789024540017e-08	1.174554133829307e-08	1.164971704149753e-08	1.128075668492019e-08	9.812815070621147e-09	8.729804361685997e-09	7.867114159235699e-09	7.50186946728277e-09	7.644663711219733e-09	7.741614642145915e-09	8.783349786311566e-09	9.485962613605071e-09	9.550476376320085e-09	1.010089643828779e-08	1.150619048445169e-08	1.281618897691799e-08	1.376729379552747e-08	1.356057899614038e-08
1.468814201935806e-08	1.288462674370502e-08	1.193914764663192e-08	1.057669781631501e-08	9.758890643494212e-09	8.466476504707358e-09	8.619915894755435e-09	9.422652515761431e-09	1.050946530163136e-08	1.115630086946802e-08	1.123386716420385e-08	1.11380030300666e-08	1.035577925720878e-08	8.113914013009931e-09	7.901274692396429e-09	8.816790916344566e-09	9.460318405856454e-09	1.047216515793167e-08	1.236498019118643e-08	1.353132149573674e-08	1.331607695848965e-08	1.262712708361892e-08	1.245617767780164e-08	1.198787631173773e-08	1.120099427881872e-08	1.08841735848431e-08	1.013055349136889e-08	9.168343807155423e-09	9.269282535045599e-09	1.120806632012964e-08	1.27473166722064e-08	1.237346465851762e-08	1.098752496146814e-08	1.01491521126516e-08	9.594039620244464e-09	9.676875501558977e-09	9.751987499185367e-09	9.724811264035673e-09	9.617254250603586e-09	9.335307606572151e-09	8.706428280421907e-09	9.387157392687932e-09	1.057758666933316e-08	1.136989963174096e-08	1.129247975390176e-08	1.167558087729304e-08	1.181452520299098e-08	1.335623723034738e-08	1.539153714195226e-08	1.743165402589975e-08	1.81772983359316e-08	1.691664192759781e-08	1.533109715454692e-08	1.426281410559849e-08	1.354695825904485e-08	1.287339965379246e-08	1.18582655035654e-08	1.015527156082266e-08	8.470094601883592e-09	6.398751010083014e-09	4.428894439888977e-09	4.514572755226613e-09	6.298350955087306e-09	7.67865713608553e-09	8.738768928218e-09	1.003938766126305e-08	1.061090983737478e-08	1.022213401495797e-08	9.109901333424493e-09	7.330920492456964e-09	6.209931212900171e-09	6.439672120850768e-09	6.750519127103495e-09	7.261059858786711e-09	7.556377577319918e-09	7.172669158188231e-09	9.841528303931884e-09	1.362566621796335e-08	1.685970348041614e-08	1.831503908257296e-08	1.733303556270021e-08	1.558636713933744e-08	1.368591789347701e-08	1.224621462062481e-08	9.5280030611174e-09	8.049716800115433e-09	8.256251539302121e-09	8.981205930745725e-09	9.34200410326665e-09	8.959395637498964e-09	9.5893395817128e-09	1.055786588829759e-08	1.020042293047416e-08	1.138380270260316e-08	1.396155273555594e-08	1.531875184650765e-08	1.541470619630249e-08	1.548198965687572e-08	1.575183409029894e-08	1.491082684607404e-08	1.202708448508678e-08	8.749630054966949e-09	8.45454604602503e-09	8.699102295755321e-09	1.073735042460688e-08	1.263506142024917e-08	1.313677715783642e-08	1.236381144663327e-08	1.148571927982602e-08	1.052977586873669e-08	9.28570809129879e-09	9.605457225731834e-09	1.064906980939938e-08	1.015618166957974e-08	8.685986208631591e-09	8.141037527414682e-09	7.438016293148371e-09	7.083732042536082e-09	7.813186989629903e-09	7.85344813791734e-09	8.48516281570524e-09	1.017484271093699e-08	1.149700112680984e-08	1.242352754761525e-08	1.310490470166918e-08	1.347364384400877e-08	1.35073410783569e-08	1.246793040536505e-08
1.602739362109888e-08	1.324024589278539e-08	1.218521577874729e-08	1.121612555432426e-08	9.654792838267906e-09	8.634920505619005e-09	7.395454412946231e-09	7.523305903551275e-09	8.429657595796229e-09	9.452695689405771e-09	9.255429161169876e-09	1.030165330941699e-08	1.101713487590626e-08	1.040673304586548e-08	8.937305147602853e-09	9.184184546748575e-09	1.017210215127032e-08	1.160626675292689e-08	1.37103022088075e-08	1.46337986183587e-08	1.411213111253707e-08	1.321218784188672e-08	1.268129186004883e-08	1.27953708484265e-08	1.255172768514086e-08	1.121622637551714e-08	9.769997153884224e-09	9.622624341376981e-09	1.117928494590239e-08	1.260007949743267e-08	1.277504271515307e-08	1.157239659651929e-08	9.378062073053157e-09	7.243501053912587e-09	7.409238649054997e-09	8.161496473795941e-09	8.069039408632265e-09	7.432423135602943e-09	6.669247481466101e-09	6.276586826808094e-09	6.920942333572177e-09	8.862434537887272e-09	1.050027891886137e-08	1.12686996354177e-08	1.183932807508546e-08	1.205025085779238e-08	1.234539933226959e-08	1.340551676675678e-08	1.532370177215505e-08	1.687791315451479e-08	1.795955487051741e-08	1.885195432182409e-08	1.887658392871359e-08	1.858834921973639e-08	1.827745687925901e-08	1.783770529459693e-08	1.650276855111874e-08	1.456331143137288e-08	1.175364074835748e-08	8.326735823366553e-09	5.516312645520753e-09	3.369373341447198e-09	3.6168072196191e-09	5.074919208408759e-09	6.33416657859815e-09	7.362150498353593e-09	8.07037780391546e-09	8.195247436792204e-09	7.258359443610375e-09	5.330912520550909e-09	3.918782296565836e-09	4.064987565776884e-09	4.701466303836707e-09	5.708772899652906e-09	6.378555913028547e-09	6.228257675267821e-09	7.473713834569422e-09	1.130812876388737e-08	1.458152511910055e-08	1.650295892116303e-08	1.693483608615293e-08	1.615376941096064e-08	1.514115749883449e-08	1.339694859180605e-08	1.204197998940615e-08	1.087921846858102e-08	1.061995767842747e-08	1.121396601698128e-08	1.14395515626998e-08	1.121524621445903e-08	1.16695533567753e-08	1.179553599016726e-08	1.132114329491152e-08	1.216254978898985e-08	1.393012130222999e-08	1.480325373807708e-08	1.453254801412622e-08	1.407632036495945e-08	1.314373529711247e-08	1.217324238687186e-08	1.116115996256394e-08	9.353302504313492e-09	9.296092440582767e-09	1.183397873123182e-08	1.430660587970102e-08	1.546264611819676e-08	1.495222601280572e-08	1.272228696447513e-08	1.017968208438856e-08	6.883637992700092e-09	6.225448311723955e-09	7.270998460389345e-09	9.104203924903606e-09	9.292488693962776e-09	8.486413936829415e-09	8.162230406968247e-09	7.067410063914259e-09	6.642958192446093e-09	7.106546913795905e-09	7.560708741477763e-09	9.392126774135389e-09	1.157245202035067e-08	1.274337125109376e-08	1.343635642684212e-08	1.375257272319537e-08	1.368968424128974e-08	1.308761088448532e-08	1.178890811674538e-08
1.568400526511973e-08	1.173109277254776e-08	1.029920193579417e-08	9.541535093795281e-09	8.898566669387209e-09	8.60799492605069e-09	8.11764833104504e-09	6.836245400769468e-09	8.093027965502996e-09	1.052994965571396e-08	1.281697514938471e-08	1.376976683322983e-08	1.371229676129028e-08	1.227365576020986e-08	1.041758807585115e-08	1.030879103731835e-08	1.105803297152484e-08	1.195377324112836e-08	1.374257657265756e-08	1.433581764596592e-08	1.383518527134382e-08	1.299633742129769e-08	1.186687702031282e-08	1.206029992094712e-08	1.22141387156615e-08	1.125155931107224e-08	9.450208878515199e-09	8.790777904075403e-09	9.577592534528741e-09	1.099527943214151e-08	1.093523551463357e-08	9.907485315563868e-09	7.718242008082145e-09	6.69476079863785e-09	6.957408163956275e-09	6.853040727616748e-09	6.55323133556446e-09	6.156119134425479e-09	5.767729881457768e-09	5.66311195176662e-09	6.038212490418357e-09	7.029169762631124e-09	8.082061158678562e-09	9.495237130094407e-09	1.121824262421789e-08	1.225234413220681e-08	1.325284018337896e-08	1.396856651338014e-08	1.506384197559845e-08	1.656221210007346e-08	1.806939673255414e-08	1.987258672102873e-08	2.123645876780072e-08	2.197027774923526e-08	2.242016901117683e-08	2.22429155256365e-08	2.113071418998343e-08	1.82444684131408e-08	1.483390728239127e-08	1.089616090470322e-08	7.1339254493053e-09	4.996583682621547e-09	4.463385414722497e-09	5.05645958601449e-09	6.38673716155891e-09	7.073490499518785e-09	6.894904630871931e-09	6.762289662847136e-09	4.71637634108925e-09	2.170571946335827e-09	1.870147926168635e-09	2.537697872103076e-09	3.392501825996036e-09	4.630876228079765e-09	5.196267687435705e-09	4.661842819716202e-09	4.712273627413987e-09	7.056442542553265e-09	1.125282542597708e-08	1.465430663502087e-08	1.670261114358333e-08	1.733461174071247e-08	1.67326420390546e-08	1.460599664591038e-08	1.379721021994715e-08	1.347994904454177e-08	1.285059074122327e-08	1.203427499456596e-08	1.091519486093156e-08	1.0531485782851e-08	1.175195431547095e-08	1.221011799494404e-08	1.227561380387226e-08	1.303616536542013e-08	1.36126995587119e-08	1.360554501799621e-08	1.41497909907834e-08	1.475251929993946e-08	1.439388282790481e-08	1.281320019724477e-08	1.117714813458684e-08	9.598028609743523e-09	9.745828042997548e-09	1.223784144240279e-08	1.397978558703126e-08	1.418947743480648e-08	1.363374515530686e-08	1.163634514515914e-08	7.925071761123986e-09	6.01445333232474e-09	6.44294097922858e-09	7.78499723599835e-09	8.908933411972142e-09	9.261031509343158e-09	8.895566903297776e-09	8.507166433223833e-09	7.896970977451502e-09	6.784267183373017e-09	6.942864844416033e-09	9.38128769957431e-09	1.149490673460268e-08	1.290343468798359e-08	1.381066692061361e-08	1.394990104676744e-08	1.330461556834334e-08	1.174789505350138e-08	1.110351609379447e-08	1.150212180349648e-08
1.349806028047982e-08	1.01619609931251e-08	9.483650758325961e-09	9.696222136665332e-09	9.627554077403097e-09	8.866357783638109e-09	7.580111413817786e-09	6.882914307092353e-09	8.668329702303628e-09	1.207379475237204e-08	1.460069344218991e-08	1.533877677331628e-08	1.420231493283655e-08	1.228629307221849e-08	1.149612908974869e-08	1.137603559481584e-08	1.242930592571155e-08	1.368466368600657e-08	1.453048761975891e-08	1.503605531194227e-08	1.489313349469667e-08	1.340314165937871e-08	1.195418254610996e-08	1.223504955295201e-08	1.191941638597821e-08	1.00648087353832e-08	7.600385581065391e-09	6.514131468850193e-09	6.996866494107031e-09	8.488825880235532e-09	8.784547623515637e-09	7.498358739820024e-09	7.003321236484068e-09	7.750748719421836e-09	7.962459226570857e-09	7.49557722380473e-09	6.766826982181409e-09	5.793191766148086e-09	5.130345735842986e-09	5.013591592709114e-09	5.339532253758726e-09	5.407248686054815e-09	5.900246510432482e-09	8.122547691585815e-09	1.04007934598973e-08	1.225983974211872e-08	1.333616203342037e-08	1.411031288250186e-08	1.426415931735158e-08	1.420149969664781e-08	1.61930282948458e-08	1.989218461444662e-08	2.285222502643667e-08	2.433955500449556e-08	2.497260478928855e-08	2.471880406946669e-08	2.252642582557539e-08	2.039857509643279e-08	1.802111221116102e-08	1.51834891944366e-08	1.015718034988049e-08	8.050944739536068e-09	7.396861418075103e-09	5.880722457391871e-09	6.516965885763552e-09	6.787101220029833e-09	6.678235307828112e-09	5.913092430466932e-09	4.858972107945847e-09	2.829922928245567e-09	1.87698584699087e-09	1.795512391385247e-09	2.853742648313285e-09	4.390834271533639e-09	5.102691208457264e-09	4.533525153462389e-09	3.395140666528985e-09	3.71371854928452e-09	5.829651412739301e-09	1.03715140613269e-08	1.430277686339267e-08	1.588265756707376e-08	1.56386074038641e-08	1.410670225017711e-08	1.405116148090592e-08	1.420313554576228e-08	1.305892548862041e-08	1.174892518881877e-08	1.134351441053696e-08	1.181747054132758e-08	1.21079668036797e-08	1.22209516075372e-08	1.288807712825289e-08	1.335112366691594e-08	1.318432881618437e-08	1.296951572105575e-08	1.36769453637099e-08	1.478307898419509e-08	1.447463020204135e-08	1.392490412567893e-08	1.334139696955818e-08	1.267613691729224e-08	1.264351302202747e-08	1.311193435831598e-08	1.360589129638358e-08	1.345472072103604e-08	1.135819770614268e-08	9.069035880670407e-09	7.448581896923894e-09	6.292107607368699e-09	6.61337616437546e-09	7.293921686219696e-09	8.448210524252532e-09	9.283215150565364e-09	9.059781471798347e-09	9.16557505086913e-09	9.355840619783798e-09	8.285190996810884e-09	8.171677934014411e-09	1.045511080923456e-08	1.194938454262584e-08	1.243238785937947e-08	1.20308071808804e-08	1.203527022268097e-08	1.201223244536864e-08	1.138002502728593e-08	1.132461675591947e-08	1.262389622556677e-08
1.285769423402096e-08	9.785973810775305e-09	9.040365350083979e-09	9.515895016483797e-09	9.420257920276065e-09	8.980525871228645e-09	8.392720478654485e-09	7.969636117390893e-09	8.05901568927504e-09	9.750599865649243e-09	1.231726677558487e-08	1.415204247728819e-08	1.483613891507461e-08	1.478722454865832e-08	1.425666192890328e-08	1.334310965824883e-08	1.387054534817521e-08	1.514316175318657e-08	1.620714615013701e-08	1.670596072660411e-08	1.640187528969813e-08	1.463389956701959e-08	1.167375339787106e-08	9.308480900859073e-09	8.640094370254751e-09	8.210591643564998e-09	7.50394808617456e-09	6.316859436978455e-09	6.382691115478717e-09	6.90236098155467e-09	7.360664864748186e-09	7.76334293773408e-09	8.458661573310238e-09	8.436804970405746e-09	6.760241214077244e-09	5.733083336211755e-09	5.606790395665777e-09	5.905070189144431e-09	6.485417841776352e-09	6.567127773760593e-09	6.689520814905975e-09	7.175866005759733e-09	7.566063010947841e-09	8.260744814232637e-09	8.892164558320732e-09	9.424696421719774e-09	1.057897679291995e-08	1.168537892670251e-08	1.1623319282803e-08	1.229233555325848e-08	1.575381688177735e-08	1.947756195623962e-08	2.223690207384639e-08	2.378942793640891e-08	2.514105746973874e-08	2.473527189456463e-08	2.381831680665277e-08	2.183960896272003e-08	1.94693863397293e-08	1.600983174298332e-08	1.353692788020241e-08	1.17519657844093e-08	9.691776394759745e-09	8.724231428376759e-09	8.319871199421579e-09	8.088381961126477e-09	6.916127951545608e-09	4.361251350726849e-09	2.843705226720198e-09	2.576221761410665e-09	1.409992572336954e-09	2.571943649384304e-10	1.307161767278934e-09	3.249958836694406e-09	4.306852945014892e-09	4.326980130002368e-09	3.83023251398389e-09	3.653484285401447e-09	6.312291090687193e-09	1.138716804842299e-08	1.496504623694089e-08	1.675629492718274e-08	1.635804415021795e-08	1.476190310756908e-08	1.454992656639508e-08	1.436971270529641e-08	1.324679437086729e-08	1.230237933077202e-08	1.148736517282417e-08	1.130028192934101e-08	1.2020410823203e-08	1.239701508459543e-08	1.294929329090047e-08	1.290012541273564e-08	1.242821048124187e-08	1.200513904004886e-08	1.216722888558367e-08	1.299058449124574e-08	1.292095492739864e-08	1.176590142238403e-08	1.063453380647741e-08	1.167783215938813e-08	1.298889879786243e-08	1.380909087908257e-08	1.386037550835888e-08	1.270604008680823e-08	1.055767807359179e-08	9.528887246324188e-09	7.196812423641214e-09	5.605261030698125e-09	6.354258297648557e-09	8.152988937589957e-09	9.711290812039296e-09	1.067160612038876e-08	1.135586732035441e-08	1.165760166175266e-08	1.088549009906001e-08	1.011976571068377e-08	1.006473465154677e-08	1.101246219104634e-08	1.216504647455268e-08	1.233918581012552e-08	1.157542232940936e-08	1.025363882514886e-08	9.391599471038447e-09	9.621882812580319e-09	1.159318987845194e-08	1.292993792356885e-08
1.248112262859744e-08	9.229058002489213e-09	8.825613544021867e-09	9.158853080561375e-09	9.686017821176188e-09	9.49142436115021e-09	9.176825753230749e-09	9.296201593296413e-09	9.214653173726555e-09	9.690804542209673e-09	1.097481654143309e-08	1.257497994916117e-08	1.394033406680697e-08	1.506102952486975e-08	1.57176930019389e-08	1.49656612576161e-08	1.465244217048216e-08	1.541608489861836e-08	1.631478627333204e-08	1.720091224650436e-08	1.664992956445788e-08	1.379332130953241e-08	1.033484849342221e-08	6.744583004136771e-09	6.546963578991605e-09	7.174604293362016e-09	7.424954394837269e-09	7.414512879071155e-09	7.439607789532747e-09	6.54051085424288e-09	6.429677326480861e-09	7.61254844238922e-09	7.767691957154772e-09	7.299867020136832e-09	6.298278524648181e-09	4.699236426252116e-09	5.63323644740008e-09	7.434415564470309e-09	9.000705880615902e-09	9.805731994165461e-09	9.652429115842761e-09	9.271370530891568e-09	8.830267577924832e-09	8.421981503472921e-09	7.769260774193314e-09	7.135506531160557e-09	8.314988542677626e-09	1.020931079398032e-08	1.126355626471809e-08	1.30086605690745e-08	1.659839908795184e-08	2.009168193085615e-08	2.231075005334984e-08	2.352818553496635e-08	2.42592684520373e-08	2.438989556882975e-08	2.426632341532057e-08	2.273214296244933e-08	2.002324660895746e-08	1.766877258899215e-08	1.548431372642178e-08	1.301469604402779e-08	9.469554246819539e-09	6.266719320215008e-09	4.703364087335909e-09	4.019258237120985e-09	3.503889969271644e-09	2.696463976393617e-09	2.291186591034196e-09	2.614825994207504e-09	3.100990511881623e-09	3.832580893852194e-09	4.61099109487319e-09	5.123936201916461e-09	4.668249638362717e-09	3.427343047920752e-09	2.785634766997947e-09	3.449234099738879e-09	6.569250114668334e-09	1.084108714470468e-08	1.403712509202329e-08	1.524535681652925e-08	1.580205621030418e-08	1.600532147625903e-08	1.563939285517698e-08	1.461177256833444e-08	1.31896938257088e-08	1.265421902099179e-08	1.225868016990198e-08	1.246589527193466e-08	1.311108770373012e-08	1.305056436117048e-08	1.281674939813708e-08	1.226562210489332e-08	1.191784465694777e-08	1.20055345759268e-08	1.26007302802096e-08	1.326818178357139e-08	1.291948453268975e-08	1.132313599879147e-08	1.05457650998199e-08	1.083724190236869e-08	1.183861948244818e-08	1.251435981523325e-08	1.237374844550966e-08	1.184409437050369e-08	1.158689588947889e-08	1.034156466513885e-08	7.799567077685661e-09	4.658649755815439e-09	4.774078160268102e-09	7.540683180836984e-09	1.054249132939294e-08	1.278162061816975e-08	1.335532534794436e-08	1.308170904811384e-08	1.218529654739494e-08	1.085904160681403e-08	1.063073944778716e-08	1.081162881016488e-08	1.134873768703923e-08	1.094558155642257e-08	9.573239032041016e-09	7.755780539741533e-09	7.509470425500889e-09	1.068950227409701e-08	1.338922192644869e-08	1.418250892029726e-08
1.16551724734067e-08	8.715560320404071e-09	8.709086314236779e-09	9.67800624123645e-09	1.045971201743672e-08	1.085578363319353e-08	1.087071707177356e-08	1.084972733732338e-08	1.003018164345081e-08	9.741752076980878e-09	1.025297079197372e-08	1.139320748336189e-08	1.264250344371367e-08	1.350939157912321e-08	1.436543816016035e-08	1.393873944784119e-08	1.329744659620178e-08	1.446898624068925e-08	1.580716767077536e-08	1.613998901423961e-08	1.477692939968171e-08	1.217321272283416e-08	8.885450712721826e-09	6.957676654547772e-09	7.377884833309046e-09	8.646755999167181e-09	9.826403749767165e-09	1.052149101468858e-08	1.050967665893588e-08	9.446376541480811e-09	8.691366488673767e-09	7.892419980433728e-09	7.564753212778812e-09	7.774923081445196e-09	7.910033024992498e-09	6.479781167611398e-09	5.922284855196746e-09	7.690884999077944e-09	9.239327921573451e-09	9.698414436257244e-09	8.873475615998178e-09	7.879174092524013e-09	8.233087572657472e-09	7.770716474207967e-09	6.383037456489256e-09	5.044695426588777e-09	5.506903780133931e-09	6.93076074707099e-09	7.94887752814028e-09	1.18161574678865e-08	1.617413111219355e-08	1.947821664139878e-08	2.151534587378824e-08	2.312377988633712e-08	2.52121361608028e-08	2.643095797769554e-08	2.537077335961868e-08	2.329131814058566e-08	2.120480972873836e-08	1.8847726374294e-08	1.529403382998876e-08	1.151084364707033e-08	8.507032150286946e-09	5.659171544004154e-09	4.902241133530629e-09	4.786085057138637e-09	4.257842943184997e-09	3.778653049152153e-09	5.005231341379637e-09	5.86446145280859e-09	5.72286877508736e-09	5.307548933617434e-09	5.156929406703179e-09	5.110651830671172e-09	4.332381619802748e-09	3.104468843314264e-09	1.540303797654659e-09	2.308117921236062e-09	5.618812300475752e-09	1.026806024266764e-08	1.361824720218543e-08	1.497029941896832e-08	1.48718972947695e-08	1.453608113850009e-08	1.449095770829243e-08	1.438088071652964e-08	1.376690814014548e-08	1.236040129850002e-08	1.242873533680082e-08	1.312965924495e-08	1.327472897726989e-08	1.263612096142494e-08	1.135843630793972e-08	1.11507605000683e-08	1.168217720517678e-08	1.244279762648115e-08	1.321280111707587e-08	1.330543615642698e-08	1.269919907691317e-08	1.197499876324485e-08	1.14132223503459e-08	1.124226557977519e-08	1.205929274425915e-08	1.256975398283093e-08	1.213993589834688e-08	1.200216840210616e-08	1.119733856080371e-08	1.029192276536435e-08	8.63164780531059e-09	7.871801805095418e-09	5.484944790026261e-09	6.115014187618575e-09	9.820179116674625e-09	1.178790842436402e-08	1.274359757676192e-08	1.310878657821039e-08	1.238577432027829e-08	1.103840820943707e-08	1.059824284024944e-08	1.051628705941602e-08	1.041334680814531e-08	9.820564026982604e-09	8.685179515422449e-09	8.739941970611913e-09	9.740295350031367e-09	1.094886273196698e-08	1.275176692222723e-08	1.397033719369686e-08
1.09253096511161e-08	8.318735834697846e-09	7.969048160641783e-09	9.282285875683564e-09	1.070556562737619e-08	1.159390792892831e-08	1.212573928279479e-08	1.199792336603656e-08	1.160667214639152e-08	1.106050932369187e-08	1.079737041321407e-08	1.112412462191889e-08	1.216858288970784e-08	1.310677716645597e-08	1.333295510960379e-08	1.271904127104187e-08	1.242256631729462e-08	1.391214725078743e-08	1.521745020555881e-08	1.497256885522685e-08	1.254612383109893e-08	9.720656165875859e-09	8.546819775561944e-09	7.257193931886189e-09	7.88873728809516e-09	8.848458275025187e-09	9.718616695939547e-09	1.06239369270313e-08	1.085459958002847e-08	1.055051976984989e-08	1.055381174815219e-08	1.062808243181819e-08	1.055337892190401e-08	9.938513840942834e-09	9.295650114333123e-09	8.784803791796283e-09	8.02044716233689e-09	8.000916792222471e-09	7.994040787639683e-09	8.01213979816184e-09	7.933017176805281e-09	8.075191469899868e-09	7.843360595978452e-09	7.10774614129999e-09	5.129746388396541e-09	3.893742418992536e-09	4.277538301889569e-09	5.453191186683753e-09	8.281471089132451e-09	1.221512934659613e-08	1.571149205748938e-08	1.901045741004707e-08	2.150975443683471e-08	2.269696537215905e-08	2.388215437241935e-08	2.359411660809713e-08	2.22865365638121e-08	2.09828218423114e-08	1.836008451895209e-08	1.493253721297712e-08	1.159245925154445e-08	1.028873155564302e-08	8.984768152787991e-09	7.221805231458507e-09	7.209747734032007e-09	7.462737155828881e-09	7.256400151548413e-09	7.34819984031824e-09	8.096320614801651e-09	8.820772985654459e-09	8.709758982655746e-09	8.247462273298717e-09	6.999913588149488e-09	4.876294408630046e-09	3.424283225531217e-09	4.0597118725987e-09	3.948077682100179e-09	4.464388924021794e-09	6.859656315707e-09	1.127304930426882e-08	1.420338585294903e-08	1.498644416622903e-08	1.434065782866556e-08	1.414468213061813e-08	1.321799971761312e-08	1.175782972028773e-08	1.035955567202683e-08	9.772005406937387e-09	1.048616776549552e-08	1.173736522724393e-08	1.241941874749928e-08	1.218132822574855e-08	1.10105135562571e-08	1.055066829446591e-08	1.101877307659099e-08	1.133737227355165e-08	1.17244520971424e-08	1.204738546380402e-08	1.196942116014445e-08	1.215551221337678e-08	1.274688566731128e-08	1.3053010509702e-08	1.25074719271817e-08	1.222268310675821e-08	1.207428528949279e-08	1.12523841442343e-08	1.070660214804913e-08	1.075695100877639e-08	1.024685696578098e-08	9.59512695921208e-09	8.646970628557906e-09	8.47556785559557e-09	1.064884998444689e-08	1.223401394591954e-08	1.262308936488283e-08	1.143004538364697e-08	9.32864757022448e-09	8.47717502560794e-09	9.011012385164255e-09	9.893486401967688e-09	1.08381025979971e-08	1.107629984760362e-08	1.13122059995866e-08	1.17014794358185e-08	1.121740108834555e-08	1.065098703934526e-08	1.117121717427203e-08	1.148164921628822e-08
1.1473941766599e-08	9.626566287332883e-09	8.959804472274972e-09	9.341815386855838e-09	9.857545089829298e-09	1.056634123533217e-08	1.085328688914297e-08	1.094561415453879e-08	1.112818195446674e-08	1.090153852342939e-08	1.205329312861338e-08	1.308621283374985e-08	1.332371842914236e-08	1.292456593447272e-08	1.181998711220321e-08	1.082851241193601e-08	1.117559417456524e-08	1.254341887484898e-08	1.374603543134113e-08	1.287743659910532e-08	1.185799632733151e-08	1.043236705608832e-08	9.58638760104978e-09	8.716464031435893e-09	8.930414137646527e-09	9.068147065355066e-09	9.372533197485216e-09	9.899355857890353e-09	1.068191503955765e-08	1.120711287071045e-08	1.263070411183822e-08	1.303554781519221e-08	1.313446162198596e-08	1.305168481368987e-08	1.152385049317246e-08	1.01854616901761e-08	9.796387463206722e-09	9.002365852735018e-09	8.082225887645532e-09	8.343989874395935e-09	8.923665942807105e-09	9.005813696773741e-09	6.995198147268954e-09	4.854626478369182e-09	2.981876392438563e-09	2.026728780294786e-09	2.364596818695604e-09	3.844319301275892e-09	7.995253479578161e-09	1.144820021569406e-08	1.416669433122188e-08	1.694368032050562e-08	1.961100250986891e-08	2.159643460714073e-08	2.21706997143514e-08	2.08703905248238e-08	1.933476459538365e-08	1.720799491290376e-08	1.434337603698968e-08	1.179133003623253e-08	1.207880125317185e-08	1.156972804693797e-08	9.414134760848527e-09	9.095722155610568e-09	9.484169341052097e-09	9.78563446659845e-09	9.638608041515856e-09	9.800108860253692e-09	1.071441109340802e-08	1.096809919922192e-08	1.054375057901879e-08	9.570422315196095e-09	7.5887145687201e-09	6.638587874225148e-09	6.844351369213424e-09	7.089353795937605e-09	7.418487909353556e-09	7.786344130150389e-09	9.208425427550116e-09	1.179063636813401e-08	1.358502385335614e-08	1.423089842365409e-08	1.369412079295347e-08	1.259524948277568e-08	1.074837279061675e-08	7.949739473557269e-09	7.182874623082517e-09	7.969421550656465e-09	9.347504134703027e-09	1.043332716968634e-08	1.109088019534959e-08	1.187514006846706e-08	1.148651853607406e-08	1.006950388010921e-08	9.731733058728416e-09	9.914945558793543e-09	1.059698461389635e-08	1.158158246326234e-08	1.219208565986192e-08	1.278977145150187e-08	1.282267840639387e-08	1.246876028559878e-08	1.264917420795291e-08	1.243591300098708e-08	1.160705805384956e-08	1.043676589665273e-08	1.017991396346059e-08	1.111202688162543e-08	1.220023152196409e-08	1.274145393794455e-08	1.173932429671527e-08	1.060843314530202e-08	1.059312907341678e-08	1.051205504622015e-08	1.048887598856015e-08	9.786379527942855e-09	8.074377691005456e-09	7.509754777989254e-09	9.227597413303535e-09	1.108848498855437e-08	1.223493625704895e-08	1.30465587892696e-08	1.312269488611005e-08	1.197044815014604e-08	1.053381858872668e-08	1.016189897717635e-08	1.00866300205942e-08	1.023674650494014e-08
1.198105981070864e-08	9.178764630772489e-09	9.601365623859335e-09	1.122265369643617e-08	1.18800370960869e-08	1.144061225124972e-08	1.119660200935097e-08	1.096269820746555e-08	1.104567419714246e-08	1.055149826273517e-08	1.06606758712688e-08	1.129582543182797e-08	1.121707226215957e-08	9.680937461929208e-09	8.575192401300524e-09	8.542604703671157e-09	9.96586563220387e-09	1.160544795960791e-08	1.223356828260203e-08	1.234127515093476e-08	1.17673232888713e-08	1.137969315998658e-08	1.072957550987062e-08	1.046270223816193e-08	1.010941283212121e-08	9.742108032088881e-09	1.0286506494621e-08	1.15690390996264e-08	1.288722458918155e-08	1.41092158589289e-08	1.533779418654297e-08	1.568920777297195e-08	1.507188999944328e-08	1.3935337939571e-08	1.229857005674344e-08	1.074765178423636e-08	1.047565371828347e-08	1.043496008872693e-08	1.035275698350601e-08	9.762400005456031e-09	8.274359507309278e-09	6.442037361429939e-09	5.800022442821333e-09	4.924901470510944e-09	3.433650572644542e-09	2.589330528578738e-09	1.917837098104582e-09	3.016068237435168e-09	6.118325850126924e-09	9.506869066184132e-09	1.218695349817915e-08	1.496166264956153e-08	1.817463807803305e-08	1.982282334273246e-08	1.97164292629061e-08	1.734977905689687e-08	1.415361493348236e-08	1.173718985119462e-08	1.172946222479505e-08	1.189361656906182e-08	1.253402218807922e-08	1.171689384073935e-08	1.001021586445437e-08	1.004661356950208e-08	1.140352771845302e-08	1.188161980961404e-08	1.100853799930477e-08	1.137749643806643e-08	1.257636754836888e-08	1.260360208061515e-08	1.137561910956861e-08	9.663173169717309e-09	8.635007356529875e-09	8.26995789425474e-09	8.528170099116675e-09	8.923176503758217e-09	9.97561149399082e-09	1.109116502968676e-08	1.224866880862713e-08	1.397262295407886e-08	1.498398448697182e-08	1.427418947353246e-08	1.265604541928778e-08	1.022870569033227e-08	6.811218907148415e-09	6.291490368076106e-09	7.743988337019033e-09	9.069717466348012e-09	9.677173342216141e-09	1.007674425445959e-08	1.066778415535765e-08	1.122632754832127e-08	1.068440510543303e-08	9.213821506344416e-09	9.32037029324663e-09	1.032746299411005e-08	1.054628925790113e-08	1.046938947760443e-08	1.007517204910188e-08	1.050632060527669e-08	1.168761457872942e-08	1.222781203058661e-08	1.224238039574794e-08	1.185988280516711e-08	1.012150201808698e-08	9.793453007088755e-09	1.140561624986274e-08	1.287004029004429e-08	1.338796383334455e-08	1.274844607938789e-08	1.118745151438336e-08	1.075225135718518e-08	1.127804097070978e-08	1.18131457356619e-08	1.106505698481846e-08	9.986816356638302e-09	9.557915042553223e-09	9.31672785144487e-09	9.323833615999021e-09	1.018769341709079e-08	1.163750540340829e-08	1.239500408303862e-08	1.278907430730538e-08	1.179458528102044e-08	1.037821849586794e-08	1.002260922469624e-08	1.023061818842311e-08	9.987764440487335e-09
1.106066417138103e-08	9.559869490924668e-09	1.038155528012242e-08	1.104503906091899e-08	1.152697959735867e-08	1.163452148428562e-08	1.136867773977015e-08	1.088420965637652e-08	1.078548949604335e-08	1.127963305687147e-08	1.057935584642033e-08	9.79940251813238e-09	9.476208040868743e-09	8.549244963954693e-09	8.558127500035829e-09	1.034213656472938e-08	1.23868679089827e-08	1.377582472567949e-08	1.368073100496159e-08	1.229039065173341e-08	1.086722404629414e-08	1.024162162246345e-08	1.067211515756789e-08	1.067805658356936e-08	1.039122882707742e-08	1.023893735443617e-08	1.006209528971187e-08	1.099041947636395e-08	1.251360687978315e-08	1.437115255532483e-08	1.576199497600495e-08	1.575926138572544e-08	1.449511495291515e-08	1.344113489958988e-08	1.172877455013673e-08	1.117294040909519e-08	1.055126836904867e-08	9.241182727415823e-09	8.897103355038446e-09	8.772645774405422e-09	7.313502310194187e-09	5.64678170365528e-09	5.403087631328804e-09	4.988891477290831e-09	4.47994480926083e-09	4.266897345658877e-09	3.628817247241992e-09	3.82585976554253e-09	5.652650204853746e-09	8.216985428691513e-09	1.039025493505049e-08	1.356625970102206e-08	1.64661466222372e-08	1.783127292970972e-08	1.819401123755248e-08	1.682744269994274e-08	1.525770647242597e-08	1.524905224040838e-08	1.529000080081016e-08	1.49871553532442e-08	1.345119340014582e-08	1.201797242437682e-08	1.21324851707705e-08	1.266517047120687e-08	1.232035994992019e-08	1.118311854524206e-08	1.100906165331494e-08	1.127312857310833e-08	1.190635683837461e-08	1.198340499589211e-08	1.082161759830027e-08	9.457496347658442e-09	9.066032082099416e-09	8.829331014592567e-09	8.47989886206546e-09	8.576178020431726e-09	9.441192163872136e-09	1.059988484745348e-08	1.182349540666446e-08	1.278979672916488e-08	1.227371535624303e-08	1.052793236549166e-08	1.010182929718522e-08	8.875404082853257e-09	6.904054384768294e-09	6.533380801895725e-09	7.94328589139133e-09	8.881293558881487e-09	8.804096410241728e-09	9.16649827921214e-09	1.01689873258805e-08	1.1411393477173e-08	1.218621799159968e-08	1.301014493821582e-08	1.365295013977419e-08	1.347441034543985e-08	1.275456228904708e-08	1.13584714921541e-08	9.595343073836392e-09	8.57563781181528e-09	8.079849578152792e-09	1.007650491359305e-08	1.245812585447692e-08	1.280314039752603e-08	1.174611149743117e-08	1.091275038922608e-08	1.095671801128169e-08	1.219683687182621e-08	1.338429461026726e-08	1.28674005677513e-08	1.050627913964445e-08	9.864355861970908e-09	1.007888273268463e-08	9.964797983607006e-09	1.013545665497798e-08	1.110149254370366e-08	1.174551618034273e-08	1.146314533633706e-08	1.043502745190086e-08	9.643734687231769e-09	1.038817341655464e-08	1.149184042127799e-08	1.225367114247421e-08	1.172533284198677e-08	1.070388672350056e-08	1.005860600576313e-08	9.93059107843313e-09	1.052488378832276e-08
1.073489659416057e-08	9.179444992293686e-09	1.031191691722193e-08	1.153442322189233e-08	1.157350449855513e-08	1.084466702013859e-08	9.682164548775646e-09	9.010422178892347e-09	1.016045316127982e-08	1.155844153714671e-08	1.223024058955371e-08	1.182909319499712e-08	1.035947425527594e-08	8.734907492102887e-09	9.873673468106079e-09	1.228818542532556e-08	1.441038938005442e-08	1.532104754258203e-08	1.428538011273432e-08	1.249459820163911e-08	1.152357198202725e-08	1.021117522788313e-08	9.692042583237955e-09	1.038051423951629e-08	1.064384112744028e-08	1.111891561240984e-08	1.16498010398814e-08	1.069364888949689e-08	9.885485482945772e-09	1.121760777204649e-08	1.347136379933699e-08	1.419655328522247e-08	1.262401102621986e-08	9.932376574099026e-09	8.967317019955225e-09	9.527886021320495e-09	9.7910363016754e-09	8.679840593620553e-09	7.370406466240746e-09	6.500899733506952e-09	5.152954124254451e-09	4.637900791979511e-09	4.943594033201181e-09	5.43930082683222e-09	6.833252301622695e-09	7.986184819110726e-09	8.295843663299692e-09	7.944464643509866e-09	7.354528083348449e-09	8.551215447181298e-09	1.155603467344733e-08	1.533007516623349e-08	1.848052095708296e-08	2.020327299556304e-08	2.071023414345976e-08	2.023032559765552e-08	1.916431036093651e-08	1.714051969312967e-08	1.490656412999701e-08	1.377236832107796e-08	1.280258138444232e-08	1.199420387423515e-08	1.125682276680014e-08	1.059356641352184e-08	9.884902371433464e-09	9.589605126786649e-09	1.001320034653925e-08	1.040279318217246e-08	1.07744042872215e-08	1.120406802136623e-08	1.043055195881866e-08	9.233568683965602e-09	8.304320668165915e-09	7.375952896815572e-09	6.626099943823294e-09	6.627063232120579e-09	7.346294778117976e-09	8.152396359449998e-09	9.935775254166816e-09	1.130622530611942e-08	1.15330374692255e-08	1.104789024590346e-08	1.031561111622416e-08	9.017359676481433e-09	8.130930080329117e-09	8.448839809151778e-09	8.551739636858664e-09	8.943254416261475e-09	9.204315068070359e-09	9.271917238112921e-09	9.579555472443966e-09	1.075054945615398e-08	1.248166183394051e-08	1.406928693268517e-08	1.520484445811676e-08	1.512934919555789e-08	1.355265360261736e-08	1.183809684381939e-08	1.084776954039736e-08	1.012992577074261e-08	1.124483653160453e-08	1.316490701061077e-08	1.331663758716011e-08	1.199475791739985e-08	1.141775334019143e-08	1.137313750712774e-08	1.130009023474038e-08	1.15430639705807e-08	1.087738333750628e-08	1.010938843809022e-08	8.921369072834794e-09	8.648433772397481e-09	9.388003754923397e-09	9.957498858801062e-09	1.053379415101978e-08	1.131793715593109e-08	1.151369641405524e-08	1.119296190872874e-08	1.03608922491484e-08	9.63348641331872e-09	1.038724326211036e-08	1.143024022081899e-08	1.15945467067609e-08	1.110079286057738e-08	1.096385641580608e-08	1.077768356753895e-08	1.078505647657012e-08	1.093820221837783e-08
1.205004382296693e-08	1.028083374707632e-08	1.124494100580952e-08	1.123914174889318e-08	1.09776140086328e-08	1.035344541645465e-08	9.603993923222197e-09	8.680063860905083e-09	9.162166452967471e-09	1.024445472482816e-08	1.10159012984023e-08	1.059713849442321e-08	9.680394331696743e-09	8.564604558702075e-09	1.056235162826035e-08	1.32046111372829e-08	1.462953621239578e-08	1.465121269523758e-08	1.377658589675661e-08	1.309006932562558e-08	1.302436005521104e-08	1.281808592532802e-08	1.204184538040503e-08	1.198723497412331e-08	1.208475203974787e-08	1.092515545256047e-08	9.302752722389205e-09	7.426102612983704e-09	6.761533645442644e-09	8.773589816843304e-09	1.091718364547372e-08	1.171540080872091e-08	1.087756623867144e-08	1.102357524722351e-08	1.175890436720029e-08	1.146763240664977e-08	1.044399631018169e-08	9.306158460559363e-09	7.427056907482429e-09	6.019301855758382e-09	5.58511835298024e-09	4.494748441037655e-09	5.470454717200321e-09	7.905239245522952e-09	1.011854350531886e-08	1.148085129530248e-08	1.155294311017073e-08	1.045242996956136e-08	9.487417333971064e-09	9.875992602525571e-09	1.205475492223477e-08	1.564044595959271e-08	1.821567793723978e-08	1.908388142359187e-08	1.894928180759748e-08	1.900671693082111e-08	1.8099218409397e-08	1.587084439283589e-08	1.288510155394226e-08	1.224450371848167e-08	1.2299055531907e-08	1.134690449214741e-08	1.059160629234804e-08	9.723747956772879e-09	8.603841702166379e-09	8.010491453206538e-09	7.757507111615206e-09	8.050375872212358e-09	8.669321839811246e-09	9.643174372365912e-09	9.386684586281671e-09	8.35501790453053e-09	7.124790411718005e-09	5.642238522041488e-09	5.047705278158812e-09	5.794957443290255e-09	7.47962573250827e-09	9.382434354562867e-09	1.121097306017124e-08	1.250590482145404e-08	1.241523103949401e-08	1.193724675450885e-08	1.249901258056168e-08	1.220944108965429e-08	1.121192862345909e-08	1.11554264565143e-08	1.101190323251601e-08	1.130518115603704e-08	1.142191474320463e-08	1.090614583111335e-08	9.592052058560722e-09	9.28198846894997e-09	1.12259322085293e-08	1.371953307628575e-08	1.510459327591098e-08	1.476091918935273e-08	1.377781941729225e-08	1.214386778651345e-08	1.072328208649701e-08	9.661084776430485e-09	1.035883041194223e-08	1.157683703503237e-08	1.173567087961377e-08	1.187429796088293e-08	1.144728612274569e-08	1.054460618245888e-08	1.006005358285328e-08	9.653630047506567e-09	9.442732338396182e-09	9.942294454325105e-09	1.036623887322371e-08	1.046924117116764e-08	1.041254380911165e-08	1.021788156401429e-08	1.106676318695076e-08	1.144497512907944e-08	1.147525048172108e-08	1.045953716283064e-08	9.111964825242069e-09	9.227158232714187e-09	1.011604164699136e-08	1.098283360721159e-08	1.124102980928442e-08	1.14152299001187e-08	1.150192072208465e-08	1.124484769649975e-08	1.09904357903153e-08	1.156326594984786e-08
1.234190437338328e-08	8.891669188310474e-09	9.078292678883604e-09	9.63620871407598e-09	1.050118245889223e-08	1.118421784433259e-08	1.138854175326093e-08	1.113878968645416e-08	1.110611008682156e-08	1.201176523398554e-08	1.254882542273488e-08	1.165098428144731e-08	9.680004329572664e-09	8.975174287635166e-09	1.061819785629342e-08	1.279405217690682e-08	1.421779486373954e-08	1.37371330825214e-08	1.311130520758878e-08	1.319113754248507e-08	1.258390398389555e-08	1.14845569332412e-08	1.109898844461152e-08	1.094602633227612e-08	1.034758063792298e-08	8.961827498581386e-09	7.725922698017598e-09	5.696642434752617e-09	4.797395440951591e-09	7.3012692744393e-09	1.041611293143748e-08	1.247246503030619e-08	1.314279934851638e-08	1.314547958538176e-08	1.266923916543647e-08	1.105831314620628e-08	8.969742310239976e-09	7.346386132771927e-09	6.808269746503914e-09	6.529884599200539e-09	6.911510939626736e-09	7.772603578089414e-09	9.197972012120279e-09	1.049604587801782e-08	1.132283175359808e-08	1.161424739730947e-08	1.195604084304949e-08	1.158390461189633e-08	1.172200467107893e-08	1.194882096610094e-08	1.322696946260168e-08	1.639599504964521e-08	1.892178240517341e-08	1.969778268243936e-08	1.9115444048344e-08	1.810580060106114e-08	1.650511097975666e-08	1.327854909135704e-08	1.015450915979596e-08	1.033625037287372e-08	1.126082062613663e-08	1.115260680108481e-08	1.033088418698844e-08	8.912728698970358e-09	7.843620042826037e-09	6.488991577540157e-09	5.625104027505839e-09	5.67059334866235e-09	6.875055853797354e-09	7.331990902418492e-09	6.90251781249964e-09	6.674875423815643e-09	6.302626381469302e-09	7.459986887760267e-09	8.772929308702484e-09	9.334846480016769e-09	9.44339319002763e-09	9.92065195504171e-09	1.123648923771144e-08	1.263922494468635e-08	1.350067403531215e-08	1.389241686291458e-08	1.361004696739589e-08	1.276425406362558e-08	1.13847166746814e-08	1.063451424365276e-08	1.069561080997213e-08	1.137887948420527e-08	1.172724142273965e-08	1.211322619677933e-08	1.234280709931835e-08	1.212799458720916e-08	1.271644679832924e-08	1.31301813773082e-08	1.340181389484211e-08	1.303667405656554e-08	1.170878679664589e-08	1.089796588002237e-08	1.020726909023507e-08	8.979573244960278e-09	8.450735492109181e-09	9.626014474675603e-09	1.030159380357946e-08	1.071330476476417e-08	1.061722127025633e-08	1.079253943317156e-08	1.095026881002969e-08	1.071928131892212e-08	1.060764760069643e-08	1.07854256375126e-08	1.166200575539635e-08	1.23875729269891e-08	1.196915248560375e-08	1.111998421976573e-08	1.074226416969492e-08	1.090773605041347e-08	1.090026898913111e-08	9.880492005708901e-09	8.57519942720827e-09	8.570550108949216e-09	9.425383727726709e-09	1.036159850893668e-08	1.077316452036461e-08	1.093791763874317e-08	1.195404588922611e-08	1.213840475236457e-08	1.117133749065473e-08	1.177730416272016e-08
1.164601000910594e-08	9.635104813299437e-09	1.010660616587479e-08	1.007850814144597e-08	1.002414244231528e-08	1.100728390761494e-08	1.182923081945015e-08	1.218269506980775e-08	1.186865681045617e-08	1.085789588225727e-08	1.082998477080879e-08	1.064788427914427e-08	9.695354204400997e-09	8.848899646400508e-09	9.799293478193984e-09	1.174655223883387e-08	1.288310718178144e-08	1.233105460122678e-08	1.270762941019956e-08	1.411722417842831e-08	1.426344825016615e-08	1.294073625470476e-08	1.245206228939247e-08	1.232204969092668e-08	1.123822924342087e-08	9.792091938193265e-09	8.524653558203425e-09	6.758038610666556e-09	6.092561942063581e-09	6.443279210460165e-09	8.334901695464924e-09	1.02162771950914e-08	1.168750835591624e-08	1.21762829438682e-08	1.136106135617863e-08	9.570163342397102e-09	8.086470622233071e-09	7.293579299584721e-09	7.350576742963046e-09	7.360820263280436e-09	7.758091130800358e-09	9.117608746701891e-09	1.051478222602069e-08	1.184059494607156e-08	1.281436659943233e-08	1.280664934268068e-08	1.214769427922195e-08	1.2323120154315e-08	1.356670825963699e-08	1.469710402495034e-08	1.492631268948194e-08	1.5312486745351e-08	1.624906022566496e-08	1.764028029433114e-08	1.835145878436998e-08	1.739112643777781e-08	1.427031063744247e-08	1.160672470423155e-08	1.162329943149204e-08	1.129981513302204e-08	1.047496262392783e-08	9.454939367618895e-09	9.230276436864911e-09	8.325607499277266e-09	6.987708780290069e-09	5.337813333688101e-09	5.299159177115987e-09	6.041471188168722e-09	6.56871180582909e-09	6.093641283032284e-09	5.322062421012869e-09	5.82932754869369e-09	7.766393885837645e-09	9.88495838170594e-09	1.121151605296568e-08	1.176730985513425e-08	1.156014614523675e-08	1.066322304012015e-08	9.817481640419773e-09	1.014602419596844e-08	1.074694157585403e-08	1.173680408791253e-08	1.208859080582995e-08	1.154900748763249e-08	1.143052481812497e-08	1.217846053061625e-08	1.36110139339601e-08	1.481979354441813e-08	1.527113446744155e-08	1.587049348869781e-08	1.588439017038553e-08	1.469981004189879e-08	1.272788433062886e-08	1.087933323522841e-08	1.049763348589862e-08	1.015312127178099e-08	9.717260001889317e-09	9.988261675503207e-09	9.746288301992497e-09	9.307425432118356e-09	9.2913563106128e-09	9.009689905093981e-09	7.5526866208722e-09	7.981852780739124e-09	9.330826332479752e-09	1.055263453484643e-08	1.095529124845354e-08	1.090884854588252e-08	1.117178074511279e-08	1.157021533529526e-08	1.220391352696632e-08	1.256293483659136e-08	1.206766726133407e-08	1.121056076377183e-08	1.083242092486183e-08	1.15315581778604e-08	1.196075567270136e-08	1.123118544327698e-08	1.041719829099197e-08	9.845964188777673e-09	9.55747275678548e-09	9.687323280256818e-09	9.592482044936804e-09	9.418728229182346e-09	1.021390166228271e-08	1.061767289056259e-08	1.169316567432207e-08	1.379721897284922e-08
1.184299904081568e-08	9.390980540711993e-09	1.008074147295312e-08	1.080133507349104e-08	1.157035852877324e-08	1.147990153546148e-08	1.161833748760506e-08	1.171029851899355e-08	1.07694938780354e-08	9.220473952544964e-09	8.40364527793885e-09	8.763120680130064e-09	9.859949041554759e-09	1.096609248239238e-08	1.136757508034029e-08	1.085819787717143e-08	1.116126576132036e-08	1.207406922963954e-08	1.314886981206299e-08	1.382267243269431e-08	1.405328418631761e-08	1.424152820367046e-08	1.451369444986638e-08	1.406620689721582e-08	1.249629263713876e-08	1.05433900265676e-08	9.582996058147249e-09	1.037043738211492e-08	1.037520446453682e-08	8.811574774892358e-09	7.25971004465303e-09	7.243263962741256e-09	7.854300554015162e-09	8.384957063096088e-09	8.03100612124236e-09	7.657478887349771e-09	7.854308593645732e-09	7.350115426884002e-09	7.105662284151339e-09	7.889541104238736e-09	8.734088192366336e-09	9.54296259582238e-09	1.046059096475261e-08	1.073879189642588e-08	1.123696261934801e-08	1.177980913212029e-08	1.276508020378711e-08	1.423444481637619e-08	1.528599093355587e-08	1.536707211852138e-08	1.510885299041074e-08	1.497959004553231e-08	1.559621251372279e-08	1.688691585974096e-08	1.685880331152507e-08	1.467397235325456e-08	1.211925942738132e-08	1.102008739626723e-08	1.131387589042277e-08	1.173102883484062e-08	1.11520327845936e-08	1.028474151382804e-08	1.057142111517672e-08	9.270240569167905e-09	7.962238049718113e-09	7.315672439849015e-09	7.818010746183611e-09	8.992275598768739e-09	9.184296082775223e-09	7.538552767420494e-09	5.626516358965607e-09	6.899225286843165e-09	9.347124799000684e-09	1.074675056508262e-08	1.09148830608425e-08	1.071868571400335e-08	1.040068135990361e-08	9.558330222709464e-09	7.72816301331918e-09	6.974101468098904e-09	8.109204068915562e-09	9.719793394352481e-09	1.059929526402553e-08	1.118840234242667e-08	1.24926332403663e-08	1.470840021457639e-08	1.573575360384714e-08	1.550925631163382e-08	1.467919651586156e-08	1.452531589716209e-08	1.405167344425059e-08	1.334393497914138e-08	1.129683329480598e-08	9.359231288422992e-09	8.897164927810988e-09	9.269749512095942e-09	9.684006676389879e-09	9.476473364045e-09	1.014167269228281e-08	1.121139164329173e-08	1.14322714240258e-08	1.028278608974259e-08	8.93548195073018e-09	9.27991395692142e-09	1.03992582706611e-08	1.11948223726042e-08	1.160393754522296e-08	1.16424322271212e-08	1.152380430614733e-08	1.155598737798536e-08	1.204421838247218e-08	1.193577463512299e-08	1.130717153174677e-08	1.100903937080658e-08	1.031782917601306e-08	9.976535390082275e-09	1.10121974989002e-08	1.160634339402433e-08	1.128905156693586e-08	1.11884830706777e-08	1.095991718260331e-08	1.045746962017195e-08	9.258953891028625e-09	7.516869997284219e-09	7.095257689663468e-09	8.077081105061364e-09	1.258377383452375e-08	1.730000798411224e-08
1.125815813615906e-08	9.02007609062855e-09	1.040289185142752e-08	1.144116247437198e-08	1.23635248418376e-08	1.263813507804751e-08	1.249078813761416e-08	1.168815472548496e-08	1.008922213871827e-08	8.38306788095137e-09	8.358525249788189e-09	9.01773137905034e-09	1.021167379177857e-08	1.112677661380319e-08	1.142567449033583e-08	1.116352396532935e-08	1.084063168847748e-08	1.037377334004787e-08	1.078449815979552e-08	1.106733111540869e-08	1.153290458933349e-08	1.293230953358798e-08	1.405285960032386e-08	1.434433769602979e-08	1.400007945110295e-08	1.350276605025777e-08	1.235651006737695e-08	1.100716354495843e-08	1.04650026057376e-08	9.374737981325232e-09	8.646735231288067e-09	8.423562374382735e-09	8.799550088003608e-09	8.439710128712329e-09	7.898908120632494e-09	7.82910296996801e-09	7.988185889998695e-09	7.885837911523402e-09	7.525755665443769e-09	7.243258943835595e-09	7.31095518925911e-09	8.267804541399725e-09	9.044224425998006e-09	9.483565939715098e-09	1.122592509190396e-08	1.338176127566184e-08	1.455429351565496e-08	1.51127882524236e-08	1.525785275118333e-08	1.503194216972067e-08	1.410916330183028e-08	1.343287463360938e-08	1.381868954233124e-08	1.472826689731056e-08	1.473681899565591e-08	1.392933873490638e-08	1.26294521596478e-08	1.306721370814883e-08	1.307776012034623e-08	1.234414340561045e-08	1.187540373043709e-08	1.247461888817408e-08	1.241904562197615e-08	1.127255030531121e-08	1.054995900022055e-08	8.888281089363439e-09	7.668408965041614e-09	7.79564691213836e-09	7.855283041867496e-09	7.303091165066467e-09	6.58934488598357e-09	8.194737609692609e-09	9.260106707469346e-09	9.28299241869613e-09	9.116563009342116e-09	8.725254538251694e-09	7.89710616935702e-09	6.63633025579773e-09	5.856133943499758e-09	5.873665412023407e-09	7.48175359818383e-09	9.620117269493766e-09	1.054751114105832e-08	1.094745279223943e-08	1.270869384580178e-08	1.465832396416418e-08	1.573462920380032e-08	1.57994382825964e-08	1.518439458822841e-08	1.50408980319298e-08	1.433880412575425e-08	1.236807263441046e-08	1.055193983491469e-08	9.176719665844516e-09	9.372776668053015e-09	9.890328218907794e-09	1.027547337004725e-08	1.048521991593174e-08	1.14290206735309e-08	1.245725059615914e-08	1.307603357034012e-08	1.263252720942366e-08	1.146729473790247e-08	1.115843458006574e-08	1.144211760182098e-08	1.126661585832968e-08	1.080645744599335e-08	1.080839514163736e-08	1.094157343974977e-08	1.109669404876089e-08	1.131125021548838e-08	1.13529815482138e-08	1.123373660563028e-08	1.111247429398729e-08	1.021421515305494e-08	9.802142750535536e-09	1.049344413912537e-08	1.082352290099807e-08	1.048417225065339e-08	9.499212189010994e-09	8.320036704092388e-09	8.455030359706459e-09	7.67469958403876e-09	7.700025067317302e-09	8.257910189551307e-09	9.944411319592289e-09	1.467287160865135e-08	1.822866310801668e-08
1.313271601516424e-08	9.817595738160973e-09	9.626092175833914e-09	1.074995241207909e-08	1.192421349555082e-08	1.247589411678058e-08	1.248105494161119e-08	1.108539077112845e-08	9.619714718256064e-09	8.897377468866281e-09	8.487255893685286e-09	8.778397613647284e-09	9.633197561632413e-09	1.02579517605993e-08	1.098693853611218e-08	1.138992302496523e-08	1.057378968873456e-08	9.285776988351106e-09	1.045292173647553e-08	1.182153121837889e-08	1.253311387364303e-08	1.295344928840998e-08	1.276071623566433e-08	1.28668141797373e-08	1.331499713911194e-08	1.331834212484281e-08	1.31677490323117e-08	1.300212269324907e-08	1.223785496430588e-08	1.087288592037843e-08	1.001637855907979e-08	9.639852141019701e-09	9.710432720070707e-09	9.311518987818951e-09	8.646757325437963e-09	8.445806908921641e-09	7.520845380381002e-09	7.288224034554614e-09	7.492796983360135e-09	6.835176034068272e-09	6.112001858292529e-09	6.526080302557655e-09	8.120000070047344e-09	1.004925414502486e-08	1.229229033531841e-08	1.380114412422588e-08	1.400366321492097e-08	1.31849487629498e-08	1.364466947972603e-08	1.434795538590489e-08	1.435892124494149e-08	1.35300494236106e-08	1.334169967530939e-08	1.418634868092503e-08	1.446670428937501e-08	1.35516583222588e-08	1.233137399341162e-08	1.201551382872859e-08	1.181948393551266e-08	1.166797864911413e-08	1.284991608016422e-08	1.409499332543221e-08	1.338780236933561e-08	1.122599531595157e-08	1.000957600699937e-08	8.993333957754351e-09	8.7787393351591e-09	9.202505004718368e-09	9.216356343153894e-09	8.455735910686902e-09	7.904617973187286e-09	8.320510284913304e-09	8.916786070921332e-09	9.079001100849214e-09	9.505757566227349e-09	9.685487098776578e-09	8.777276859915916e-09	6.565291318369512e-09	5.89922027876652e-09	6.225091807312241e-09	6.830443832087853e-09	8.197763928207138e-09	9.423589543564478e-09	1.036111900667186e-08	1.184852283269553e-08	1.296879171005812e-08	1.375916852299345e-08	1.440114845672524e-08	1.367552012140337e-08	1.254191963464537e-08	1.263542764066194e-08	1.313835757770764e-08	1.273257487971848e-08	1.167144784263394e-08	1.101906116783606e-08	1.030432739432145e-08	1.087737430984863e-08	1.152520539141694e-08	1.218303713359904e-08	1.267163182254037e-08	1.3451522945278e-08	1.359723611378895e-08	1.276114575558047e-08	1.206923713395673e-08	1.166255047879776e-08	1.17919391040861e-08	1.174512409197775e-08	1.105558748501399e-08	1.068962101084279e-08	1.118060873052479e-08	1.167085647661684e-08	1.134610808539383e-08	9.78291847144211e-09	8.606362118448923e-09	8.21427175003133e-09	8.177735027858054e-09	8.653547662355972e-09	9.626623026677812e-09	9.896664954050489e-09	9.663585710728938e-09	9.327278450631696e-09	9.055946935580621e-09	9.328329585115052e-09	9.646912850702988e-09	9.872948236279823e-09	1.116810142427479e-08	1.403613494453927e-08	1.611513451459364e-08
1.220094616489627e-08	9.6551808011464e-09	1.016803432155983e-08	1.137796900293071e-08	1.214259727152926e-08	1.198593475751435e-08	1.15284869067523e-08	1.028095656207895e-08	9.295806615856021e-09	8.922009957164712e-09	8.960018146450443e-09	9.103394820720834e-09	9.38648069327092e-09	1.064707124568643e-08	1.235840272003416e-08	1.246921945440564e-08	1.085708734288271e-08	1.003704102236326e-08	1.065239702834371e-08	1.188650836027912e-08	1.203919344067553e-08	1.102595971744541e-08	1.051408202649897e-08	1.185624874868969e-08	1.429686488310519e-08	1.575948679202087e-08	1.569888128950135e-08	1.449159380301335e-08	1.332944870468124e-08	1.213292577493948e-08	1.101615026897657e-08	1.012661598849525e-08	9.929899532728191e-09	9.435265404658013e-09	8.417278089876434e-09	8.249233234309862e-09	7.199036084942021e-09	5.824911693728609e-09	5.409494310076882e-09	4.619599843234705e-09	3.448994030005452e-09	3.749150615998574e-09	6.717406220391379e-09	1.017218107242224e-08	1.240969751603583e-08	1.308360068723235e-08	1.21192330793212e-08	1.156853125719105e-08	1.287927315194212e-08	1.376791723962269e-08	1.369744989683874e-08	1.260404550855535e-08	1.237291480035297e-08	1.267180700327636e-08	1.370174373703753e-08	1.454538206824916e-08	1.430327220766393e-08	1.42047492389014e-08	1.483312860546209e-08	1.60963215294342e-08	1.672181046980784e-08	1.612867761217595e-08	1.421153627264596e-08	1.287027279492372e-08	1.214999698272017e-08	9.931910629062919e-09	7.908709082988356e-09	8.764513027376482e-09	8.287911938064077e-09	7.147242738174082e-09	6.975069565390621e-09	7.742524564752427e-09	9.102735621898105e-09	1.018496472293034e-08	1.071022378129931e-08	1.049361920196423e-08	9.207129671487436e-09	7.015246161741649e-09	5.577983260279768e-09	5.78830194913973e-09	6.445848460395502e-09	7.765522073336594e-09	8.598127715207125e-09	9.727435533489204e-09	1.105548830619125e-08	1.110816301149772e-08	1.056184736516964e-08	1.115947524852752e-08	1.222730176492041e-08	1.351047721054373e-08	1.348573463507851e-08	1.255398861682053e-08	1.289973952275279e-08	1.254375494912833e-08	1.120597844476753e-08	1.079478297146542e-08	1.111278144463602e-08	1.195733937419498e-08	1.284323661947681e-08	1.347809912396559e-08	1.3378890184675e-08	1.293423052361174e-08	1.178791579571496e-08	1.111686231841188e-08	1.177822236136014e-08	1.210805563928757e-08	1.206725265564568e-08	1.179297152304938e-08	1.11058278075772e-08	1.131689438114163e-08	1.161218846702553e-08	1.142663439947558e-08	1.020214035226963e-08	8.456366377796306e-09	8.026964402470879e-09	8.003314201253132e-09	8.764996897109639e-09	9.711120562592162e-09	1.02117571137036e-08	1.049991693963201e-08	1.008267729655016e-08	9.585516171616877e-09	1.005744022146098e-08	9.573211682312541e-09	9.930389631296017e-09	1.162217734533203e-08	1.325011871525156e-08	1.422565125623147e-08
1.391301081554701e-08	1.043381099612632e-08	1.06437205366095e-08	1.137315423746e-08	1.140592465810732e-08	1.101302632591346e-08	9.915444279519247e-09	8.603155343633492e-09	8.17647015842628e-09	8.385191521240792e-09	9.242861399344321e-09	9.816858605524838e-09	1.035506616948428e-08	1.117239078602871e-08	1.219383284175643e-08	1.174932469599437e-08	1.084753405070345e-08	1.011654169078073e-08	1.079528972571206e-08	1.157817716885073e-08	1.114533472476788e-08	1.075750253641841e-08	1.181883445172075e-08	1.364306216346005e-08	1.493613110814003e-08	1.613148703782091e-08	1.635100949707442e-08	1.521717561951212e-08	1.342057775973492e-08	1.216003771386533e-08	1.066474598978251e-08	1.037519304317231e-08	1.108385242093582e-08	1.078142622338766e-08	9.420647266428594e-09	8.405383434100284e-09	7.336306268414569e-09	6.033185935644791e-09	4.337710603593272e-09	3.495736882128635e-09	2.757793075703021e-09	3.216325836692285e-09	6.486780200923421e-09	1.042905783511975e-08	1.228139091111295e-08	1.228142366878617e-08	1.00595060887727e-08	9.603681242676798e-09	1.11233328896874e-08	1.202968938647263e-08	1.194111316110908e-08	1.141740672082974e-08	1.18653924424892e-08	1.376230088656132e-08	1.532087745834446e-08	1.617192203453737e-08	1.591051761831268e-08	1.506576204934461e-08	1.521241060351754e-08	1.638043867992698e-08	1.708424718113631e-08	1.665044041276885e-08	1.522468688334547e-08	1.399829948547039e-08	1.286800817006607e-08	1.156140821344836e-08	9.559643869942849e-09	6.930046334653947e-09	5.4095376329559e-09	5.874151032341209e-09	6.280490578991335e-09	7.257069183940413e-09	8.859281639479224e-09	1.024317625204472e-08	1.075081033518494e-08	1.033100214282584e-08	9.771012202326862e-09	8.252874026271211e-09	6.71337485686988e-09	7.203274875746573e-09	7.980256088474892e-09	8.270335799664567e-09	8.461676603751138e-09	9.021761592643416e-09	1.015604164321572e-08	1.036535497144414e-08	1.050161613454788e-08	1.075331086799466e-08	1.202798146280909e-08	1.34270320917155e-08	1.361951687370562e-08	1.304832752715231e-08	1.237023060438612e-08	1.107627801374222e-08	1.075832945123471e-08	1.162292911555662e-08	1.215497971202936e-08	1.266447234278749e-08	1.357717141208449e-08	1.314752488069578e-08	1.196928622711022e-08	1.01872068728867e-08	9.866649110233042e-09	1.071804270091485e-08	1.181025659752014e-08	1.29190626849973e-08	1.314564819968084e-08	1.281808341208357e-08	1.238339116553883e-08	1.12514380940387e-08	1.037209208898819e-08	1.090482067233944e-08	1.092922141946157e-08	9.572150348522482e-09	8.25268787302294e-09	8.153233987842796e-09	8.510060586468123e-09	9.681610062811247e-09	1.104639384866529e-08	1.155443897485267e-08	9.984691491546345e-09	9.502958416913609e-09	9.150251983412501e-09	8.244335806248021e-09	9.769938035823777e-09	1.209244881567778e-08	1.358012557937115e-08	1.405798292343726e-08
1.560015476718818e-08	1.259567954821219e-08	1.172000630212343e-08	1.080459844044495e-08	9.859954911570825e-09	8.662576058010375e-09	7.794492803322455e-09	6.379542968710568e-09	6.741559434539228e-09	7.813480985856181e-09	9.021381943506815e-09	1.052179695286351e-08	1.21586426966502e-08	1.355445388202214e-08	1.414276872956119e-08	1.32828330502838e-08	1.152347544003808e-08	1.023771457579023e-08	1.021893900572092e-08	1.082675059143575e-08	1.143160842796223e-08	1.152160554931638e-08	1.122787039451833e-08	1.219037537205696e-08	1.35713776386326e-08	1.457277966337859e-08	1.411017333618473e-08	1.295895158548135e-08	1.163036974747962e-08	1.111240731227105e-08	1.157313470806453e-08	1.268978438815564e-08	1.263657487051233e-08	1.226020850966171e-08	1.186013659158731e-08	1.097381692679306e-08	9.452462843786514e-09	7.459018582493877e-09	5.159014175297252e-09	4.334077731042643e-09	4.637237804272319e-09	6.160374339911308e-09	8.942571879254962e-09	1.122962100056628e-08	1.191230754015896e-08	1.082469765793774e-08	8.503098794855934e-09	6.41181440719917e-09	7.326078378995933e-09	8.794575602185303e-09	9.24154920666241e-09	9.447620090797913e-09	1.111391528809114e-08	1.319984012134724e-08	1.467208177090274e-08	1.529341905697124e-08	1.498576841581364e-08	1.427476711652611e-08	1.482433493501848e-08	1.496795024322901e-08	1.449747929806952e-08	1.518093412100983e-08	1.598761899634496e-08	1.578345215029774e-08	1.515886365384148e-08	1.241755620995317e-08	1.004612095061331e-08	8.991404804786809e-09	8.709046145845253e-09	8.646106359161793e-09	7.963971494378236e-09	8.61101729035173e-09	1.000663581100996e-08	1.095625534640594e-08	1.085437861395631e-08	1.010609797564376e-08	8.816238080128054e-09	8.031142348454465e-09	7.774970525550564e-09	8.279966285835266e-09	8.554844701136594e-09	7.784658607797984e-09	7.008106691495787e-09	7.599573550437149e-09	8.954592212323888e-09	1.023097360715276e-08	1.080861415198598e-08	1.053702749563331e-08	1.121261208432662e-08	1.2510638664121e-08	1.280885164030983e-08	1.229298803260672e-08	1.081502086749524e-08	1.058852272725119e-08	1.125012644980081e-08	1.2428871850322e-08	1.325473338523003e-08	1.342626266400758e-08	1.311311903481634e-08	1.242867053137139e-08	1.119325114936952e-08	1.024759839514293e-08	9.855926680517693e-09	1.061104011123631e-08	1.203130547941982e-08	1.337438162638698e-08	1.379715466334872e-08	1.317822512574095e-08	1.179800926324801e-08	9.967321719882011e-09	9.612211575287696e-09	1.075086126338448e-08	1.185047324258114e-08	1.168580970141528e-08	9.895482394690578e-09	9.23528847310782e-09	9.614642051200503e-09	9.839045843668444e-09	9.574203547147284e-09	9.921930385885128e-09	9.92505137605439e-09	8.864421438151308e-09	7.553151630879569e-09	7.785488462472482e-09	1.018587381401329e-08	1.284024893985115e-08	1.408787002860357e-08	1.4165211070464e-08
1.540093317119787e-08	1.317994523903468e-08	1.214057503810674e-08	1.09774494336408e-08	9.537614824146175e-09	8.324160166058798e-09	6.364840573504601e-09	6.112991175439784e-09	7.223798731700697e-09	7.797008050406431e-09	8.712380254981025e-09	1.017547581840448e-08	1.249797517587857e-08	1.419339081178584e-08	1.478522018722019e-08	1.377701107491769e-08	1.146773194682924e-08	1.003851294106467e-08	1.018371559623412e-08	1.081418700046565e-08	1.07109939049588e-08	1.099595988103862e-08	1.198381986044528e-08	1.269665955587128e-08	1.307954854757465e-08	1.289569335385025e-08	1.267117191348389e-08	1.250885668611965e-08	1.27428277645168e-08	1.30211706418596e-08	1.346130010698367e-08	1.376556309368148e-08	1.367960752503031e-08	1.289371142143884e-08	1.122050000009547e-08	9.797161554024432e-09	8.478938182705132e-09	7.194722817105662e-09	6.20155412111891e-09	6.072997814642215e-09	7.142523536150127e-09	9.053491824960185e-09	1.089047237145986e-08	1.163284666892142e-08	1.050201919964843e-08	8.947366099379317e-09	7.150769342425806e-09	5.130903531030392e-09	4.280171542127484e-09	5.668326352220916e-09	6.644390003266743e-09	7.998419833815171e-09	9.811625125443804e-09	1.16089459677077e-08	1.380547544318184e-08	1.468107205200721e-08	1.356820070076203e-08	1.202627019339331e-08	1.233110865081759e-08	1.289182651222278e-08	1.508168711782709e-08	1.776807409518659e-08	1.916577750949646e-08	1.89374614102759e-08	1.677356897284836e-08	1.418462976297882e-08	1.186228499706731e-08	1.172037423843417e-08	1.142797789661031e-08	1.057952465246706e-08	9.179423923784288e-09	9.345569356552399e-09	1.049057885380278e-08	1.079411097980772e-08	9.917192050031752e-09	9.419687368450257e-09	9.216687331270733e-09	8.411488767904775e-09	8.504461607791641e-09	9.025002310827538e-09	8.514686327146961e-09	7.343862465663025e-09	6.816076474843729e-09	7.345264319292254e-09	8.366809065777449e-09	9.828710381780786e-09	9.898757725335416e-09	9.521059461356835e-09	1.054198735664972e-08	1.195026965736681e-08	1.228805202529087e-08	1.132927442517125e-08	9.966131759104227e-09	1.004121991078326e-08	1.120238391728226e-08	1.190536320251048e-08	1.22253917947893e-08	1.274029983880225e-08	1.28332235866683e-08	1.184545664180576e-08	1.088947352933821e-08	1.049658014302852e-08	1.017250431844926e-08	1.000782481915092e-08	1.171765749231099e-08	1.2886009324691e-08	1.310075933133984e-08	1.273627226053723e-08	1.201008581402838e-08	1.180311235809557e-08	1.216925144837314e-08	1.278857843467981e-08	1.216623355870135e-08	1.071968906990894e-08	8.539788066946157e-09	8.868564919020787e-09	1.036515257714907e-08	1.129628950567711e-08	1.143094307374705e-08	1.039628506240377e-08	9.168186592215003e-09	7.526252983469188e-09	6.62094551328831e-09	8.820286561360975e-09	1.14557918170389e-08	1.272454043591569e-08	1.321838336031766e-08	1.287053313711359e-08
1.364680790814491e-08	1.146717715490782e-08	1.027440415714464e-08	9.787106601658707e-09	9.721542343413262e-09	9.063204102415182e-09	8.370854717161266e-09	8.964782092692368e-09	9.908279101898095e-09	1.038033155044445e-08	1.059609450298773e-08	1.109008494778369e-08	1.2180801475077e-08	1.353171920595134e-08	1.405315704095735e-08	1.295877772452877e-08	1.076173707252843e-08	9.264138440437062e-09	1.016103713960858e-08	1.07226409072561e-08	1.028629547445344e-08	1.092482023660109e-08	1.184183209271753e-08	1.1901806155345e-08	1.119942650333684e-08	1.115378755831776e-08	1.151481217531552e-08	1.20109224062408e-08	1.235286000270745e-08	1.280611670957966e-08	1.398680315995406e-08	1.492097448583831e-08	1.492601664665444e-08	1.35267936465524e-08	1.167191623364705e-08	9.194474205332825e-09	7.513600961027768e-09	6.815717115930401e-09	6.862120871816017e-09	7.155659245980745e-09	8.775129371649287e-09	1.026824051262466e-08	1.100861266334072e-08	1.076966508683839e-08	9.867535668771065e-09	8.649780451769334e-09	7.102793000685711e-09	5.656905839282141e-09	4.592536459810649e-09	5.089748611311341e-09	6.352262059401799e-09	7.656507007763334e-09	8.316254356228561e-09	8.77078803325792e-09	1.068227685575517e-08	1.251720805924951e-08	1.328281110923802e-08	1.288368577697236e-08	1.317198217212413e-08	1.556144673698415e-08	1.814814986977765e-08	1.953739295833923e-08	1.96130552315804e-08	1.816579666315902e-08	1.556876972611225e-08	1.370749086380423e-08	1.222962028539578e-08	1.158878752403231e-08	1.16545250989337e-08	1.150087763154171e-08	1.017332954607797e-08	8.750592598797791e-09	9.429109491416457e-09	1.045802747341371e-08	1.026598704421156e-08	9.529743583747209e-09	9.58520726599545e-09	9.566291053037952e-09	1.022663283702957e-08	1.023547169102578e-08	9.704717430181113e-09	8.504627131200698e-09	7.921078064045458e-09	9.110280257689422e-09	1.048493847865147e-08	1.061936507170082e-08	9.809435567910625e-09	9.86510100775342e-09	1.027473681786838e-08	1.055063161100457e-08	1.017227076343955e-08	9.382328818050136e-09	9.452870164326116e-09	9.683611799109081e-09	9.967552533186531e-09	9.806691305157854e-09	1.011487717132747e-08	1.128093112242574e-08	1.148321770240475e-08	1.100811187637506e-08	1.049699027308285e-08	1.02766856843052e-08	1.020710020212096e-08	1.046008212929736e-08	1.091143856490375e-08	1.163655533037778e-08	1.233387712581473e-08	1.265375724021536e-08	1.222560192562231e-08	1.211139964790551e-08	1.272923230883641e-08	1.300686190072474e-08	1.246338298640935e-08	1.182668641742681e-08	1.047814382959143e-08	1.007209342114685e-08	1.09832690297492e-08	1.155223078182255e-08	1.120937619896786e-08	1.031398395835833e-08	9.433494045973886e-09	9.453833704315522e-09	1.000858469500179e-08	1.113874749068932e-08	1.176529973100056e-08	1.159505086681195e-08	1.051492269984526e-08	9.381200728685048e-09
1.210972724780101e-08	1.01272893341232e-08	9.606669959782964e-09	9.863311842384633e-09	9.880224219975871e-09	9.144898184597405e-09	8.931880787694761e-09	9.866104667462291e-09	1.043362462941022e-08	1.076823857537451e-08	1.137885672191606e-08	1.206053322098493e-08	1.302225415094187e-08	1.370511328611341e-08	1.397852949305718e-08	1.365919236591107e-08	1.267066415354376e-08	1.190030193634676e-08	1.151021188549597e-08	1.084562702037194e-08	9.743184792384104e-09	9.839660585697606e-09	1.024391677153699e-08	1.017303129123379e-08	1.008257225525009e-08	1.067965957955416e-08	1.157364479408453e-08	1.238152421396586e-08	1.28662942085763e-08	1.301464393545427e-08	1.270252012961176e-08	1.276273406347087e-08	1.188378065877523e-08	1.07151941784499e-08	9.643135085180706e-09	7.976011573044489e-09	7.814182047511181e-09	8.166204056456738e-09	8.159508888092066e-09	8.357248531662675e-09	1.039244872264582e-08	1.187256378477239e-08	1.129789033369072e-08	1.015101195051037e-08	1.038295789513547e-08	9.851310985786711e-09	8.459282981640644e-09	7.029547106048209e-09	5.794109450508056e-09	4.918716532851428e-09	5.65916368182201e-09	6.380941208050079e-09	5.739609136840841e-09	6.228908466368274e-09	9.802543079994912e-09	1.293968721139629e-08	1.435641820016677e-08	1.405503747855692e-08	1.39963859467034e-08	1.597181771220245e-08	1.814770663805673e-08	1.915815731881994e-08	1.861075261128633e-08	1.67726812065341e-08	1.410913416902911e-08	1.448886907825739e-08	1.514428093582886e-08	1.480215286131231e-08	1.383998053512495e-08	1.193130871559934e-08	9.965295692126101e-09	8.282466842732075e-09	7.418006501328721e-09	8.220980999635142e-09	9.083460270278503e-09	9.30836514452949e-09	9.327752297859628e-09	9.300158759172206e-09	1.039924250234089e-08	1.143433407255152e-08	1.156582725323279e-08	1.084484588382373e-08	1.086684570705532e-08	1.13080051308175e-08	1.14311055713638e-08	1.095370268183223e-08	9.987041237683704e-09	8.766194972550527e-09	8.704549644489029e-09	8.548814656976071e-09	8.649564887962699e-09	9.101702962687437e-09	9.61350719996515e-09	1.005446306427406e-08	1.033958898048018e-08	1.003769981209049e-08	9.661640835842241e-09	9.446682435438002e-09	9.444942194433731e-09	9.287736656888906e-09	9.405608751236491e-09	9.768281245624492e-09	9.862994488751423e-09	9.943368251691218e-09	1.008691061001633e-08	1.058534406282797e-08	1.111499804419008e-08	1.129290968433455e-08	1.116657935717539e-08	1.178480034878171e-08	1.247145333856981e-08	1.365235944438573e-08	1.450128433217869e-08	1.42689832799402e-08	1.333273428901919e-08	1.245539247638627e-08	1.231968568772466e-08	1.253450948957932e-08	1.176874885657558e-08	1.10247134527013e-08	1.089072499822841e-08	1.059951007236079e-08	9.859058489520346e-09	9.494143348721275e-09	9.73463064465545e-09	1.033740059332205e-08	1.003986221359679e-08	8.640923994272754e-09
1.307124931987168e-08	9.909701284942719e-09	9.422664424482319e-09	1.005330652937913e-08	1.028969573472248e-08	8.773920610038579e-09	8.647983216426027e-09	9.894746493834729e-09	9.917407071293389e-09	1.008877423341456e-08	1.10527183640672e-08	1.183160903707265e-08	1.286803218753675e-08	1.355566522876769e-08	1.374202811151161e-08	1.33842405771229e-08	1.270745570864607e-08	1.214916373481422e-08	1.175417411960988e-08	1.069885241969513e-08	1.007393015576905e-08	1.06872227085057e-08	1.154851520545652e-08	1.169732650496694e-08	1.111877657089245e-08	1.117733102770619e-08	1.222076254816134e-08	1.249880212878642e-08	1.231113862431002e-08	1.234276621676124e-08	1.194865997744418e-08	1.090444104614988e-08	9.968317575610397e-09	9.821980564827603e-09	8.047514352692837e-09	6.005896436091711e-09	6.397788644366366e-09	8.16657003705892e-09	9.468302989712589e-09	9.940433953163691e-09	1.088562808917261e-08	1.178357008842709e-08	1.224638256095722e-08	1.271525320747157e-08	1.23029221605821e-08	1.09029002203924e-08	8.658677007058224e-09	6.867794974820122e-09	4.769224084083121e-09	2.890973626925259e-09	4.281002833420034e-09	6.084188771185922e-09	7.076018295709025e-09	8.559272023568597e-09	1.172456563815848e-08	1.441355166152577e-08	1.565305734385909e-08	1.598179109528092e-08	1.541178226861678e-08	1.54966831791212e-08	1.771977032356436e-08	1.876870075016829e-08	1.66792273534671e-08	1.436894342733599e-08	1.265364302954158e-08	1.15299269821131e-08	1.220288176464335e-08	1.247607818567246e-08	1.183537059818374e-08	1.116787773134912e-08	9.052638223811283e-09	7.475752399979804e-09	8.002441256085502e-09	8.959366127076712e-09	1.009292949653385e-08	1.101616393154737e-08	1.173251557378895e-08	1.190665167811283e-08	1.224565166469964e-08	1.222322356798337e-08	1.175057910577208e-08	1.134145011213141e-08	1.161622550730676e-08	1.184794168004838e-08	1.144464289600848e-08	9.422392634664273e-09	7.453734143809872e-09	7.465871452209229e-09	7.741081944918489e-09	8.198074142136042e-09	8.878790297979377e-09	9.865320298754051e-09	1.113616698270226e-08	1.179002445448243e-08	1.1711272869623e-08	1.043915109560008e-08	9.673804088623669e-09	9.316600503820896e-09	8.747339802087226e-09	8.765432541735636e-09	9.120166055473893e-09	9.527348069351241e-09	9.780208590683507e-09	9.747104142270348e-09	9.802880384299828e-09	1.032719381766131e-08	1.083015631134157e-08	1.075582826518482e-08	1.067961234558624e-08	1.103707352390352e-08	1.244660273490229e-08	1.376715980068034e-08	1.477612471804907e-08	1.487532185183695e-08	1.455290595260898e-08	1.399053844814724e-08	1.318243070462871e-08	1.19310454830225e-08	1.051104929040218e-08	1.025656601689625e-08	1.009924182380527e-08	1.001472813199989e-08	9.837209385725398e-09	9.954513602406119e-09	9.836819782608061e-09	9.988652271474515e-09	1.031181120040705e-08	9.298671826193059e-09
1.357049243778578e-08	1.079401047979237e-08	1.062228611678008e-08	1.051027731806063e-08	1.041949571182102e-08	9.887784874957678e-09	9.349953839430723e-09	8.914084912378293e-09	8.588180619096581e-09	8.826650309525431e-09	1.023461822385748e-08	1.19333222479403e-08	1.277642153666198e-08	1.308911754046257e-08	1.291988755959306e-08	1.273708431674394e-08	1.23399393084684e-08	1.136138373775267e-08	1.065000749592428e-08	9.912750540503818e-09	8.993931658130381e-09	9.840457752412026e-09	1.095201759317018e-08	1.069581676521893e-08	1.13110986073665e-08	1.258168561907905e-08	1.312886251457602e-08	1.284877120270687e-08	1.214983435757485e-08	1.14691117412303e-08	1.102462376261875e-08	1.084709161878049e-08	1.079279642842358e-08	9.799120847195147e-09	7.695714269160693e-09	6.993243664665414e-09	8.579552396624121e-09	1.05461282042999e-08	1.168615629056475e-08	1.192811764686089e-08	1.209854752655212e-08	1.27176825156739e-08	1.315973645061254e-08	1.30547987861632e-08	1.24177338851292e-08	1.194679072253755e-08	9.31816659265471e-09	6.914236324705224e-09	4.785937983434299e-09	2.464724294632821e-09	4.184379386801293e-09	7.010522501344503e-09	9.247571865848577e-09	1.089852567542347e-08	1.222221812407567e-08	1.417604304603263e-08	1.607428138245319e-08	1.618112852963986e-08	1.517348364958136e-08	1.507203662613711e-08	1.53009764147743e-08	1.42303699691573e-08	1.311464501253522e-08	1.249343820952078e-08	1.161532359612572e-08	1.013384480680507e-08	9.505035709811478e-09	1.007231373799991e-08	1.031890684730293e-08	9.628426123146886e-09	9.288904542068562e-09	8.517255501373924e-09	7.216533049693627e-09	7.381307784473205e-09	8.478845241536196e-09	1.037773040207941e-08	1.237506937537419e-08	1.358847832808563e-08	1.389086474668047e-08	1.332173678409206e-08	1.183902670573998e-08	1.016868547443317e-08	9.884256948590159e-09	1.008415126312583e-08	9.856552998709585e-09	8.961240672780119e-09	8.735745259702864e-09	9.589273092118663e-09	1.112388247648613e-08	1.208464262207447e-08	1.26479600765802e-08	1.250067097139911e-08	1.230619110739571e-08	1.288799943856663e-08	1.238572654888823e-08	1.099713746330969e-08	9.172826741002253e-09	8.585070221777124e-09	8.633792283198461e-09	9.36101505369211e-09	9.700768299195841e-09	1.025380010575574e-08	1.068947434983783e-08	1.049512869574182e-08	9.749472905177373e-09	9.865217408157843e-09	1.059349264836018e-08	1.054702112272098e-08	1.098949671696449e-08	1.158273177952205e-08	1.187784541921416e-08	1.189779080807315e-08	1.239290167326421e-08	1.292180588385937e-08	1.344565794672757e-08	1.320411351801076e-08	1.232161113142835e-08	1.104606117091492e-08	9.864949247572831e-09	9.281002238789516e-09	9.507063991406415e-09	9.525867149645188e-09	9.720515921369484e-09	1.01550517241923e-08	9.991817387734466e-09	1.059548173208627e-08	1.17768453017517e-08	1.175045214032731e-08
1.560376223662439e-08	1.284040772060973e-08	1.138674728427314e-08	1.13851803040855e-08	1.126571459885552e-08	9.166855574853781e-09	7.299197059292417e-09	6.366757812975445e-09	7.042569073148525e-09	8.473195863579979e-09	1.0525647543814e-08	1.162391340049363e-08	1.18125389998225e-08	1.148942927754961e-08	1.103473769129758e-08	1.129892379669276e-08	1.14566555508899e-08	1.113944522074144e-08	1.060266004607399e-08	1.058232797317749e-08	1.112702823559709e-08	1.204147609734295e-08	1.216164840242152e-08	1.157830744789333e-08	1.135033711179334e-08	1.184073308466415e-08	1.225891200650009e-08	1.198225492322621e-08	1.086989527919081e-08	9.624792231367389e-09	9.574535500474789e-09	1.009786279643255e-08	9.712441187683641e-09	9.918559143172748e-09	1.105552429942638e-08	1.118622407407774e-08	1.158346071915664e-08	1.194397147745192e-08	1.184145754313097e-08	1.185834280326782e-08	1.17296020734357e-08	1.300346043169729e-08	1.429255199364e-08	1.458125363224192e-08	1.394391778471378e-08	1.260320718894623e-08	1.084824004919262e-08	8.551370152598703e-09	6.623937374595282e-09	5.755616432978188e-09	4.430723305081134e-09	5.572988607323036e-09	7.890162154693394e-09	1.006650702005663e-08	1.147341434173583e-08	1.31099840122104e-08	1.456550708922425e-08	1.50430745350229e-08	1.508288116011499e-08	1.476733281228591e-08	1.359946396691318e-08	1.153204770841566e-08	1.067588698173716e-08	1.086021994123173e-08	1.026584284152018e-08	8.767940144738499e-09	7.928416205407478e-09	8.074192205222933e-09	8.437101391186874e-09	8.709573774625755e-09	8.812272892600852e-09	8.807691108995987e-09	7.865900654333303e-09	7.43559145295963e-09	8.59660905280621e-09	1.010755182913243e-08	1.246019898399445e-08	1.442232377502131e-08	1.512341883090121e-08	1.449205623321268e-08	1.262570188910013e-08	1.010409412899706e-08	7.940182323771345e-09	7.318829205595003e-09	7.960193331313217e-09	8.794526499928978e-09	9.518216672044393e-09	1.210159674193886e-08	1.43946201250807e-08	1.530859679864095e-08	1.509435929684469e-08	1.427515516833801e-08	1.389191949749113e-08	1.386630612566436e-08	1.308853857929359e-08	1.093986168329039e-08	8.624478062005087e-09	8.559390290104274e-09	9.253177907233184e-09	9.778031343223828e-09	1.00213700583219e-08	1.047028077288443e-08	1.089928248052956e-08	1.100723856671551e-08	1.058576080989662e-08	9.515867624750178e-09	1.03629755356961e-08	1.154324532872399e-08	1.213763971916761e-08	1.263354283474211e-08	1.251383062547295e-08	1.150951038917573e-08	1.016299300590983e-08	9.852013151068957e-09	1.012263723376071e-08	1.014897758792001e-08	9.897916797191451e-09	8.659434832115186e-09	7.680239481104689e-09	8.722341726713502e-09	1.050729787927872e-08	1.153508183657466e-08	1.215132250369533e-08	1.18576601049377e-08	1.095221746998205e-08	9.761874046833535e-09	1.136206230120173e-08	1.389286606350436e-08
1.555487710494492e-08	1.400148949149277e-08	1.349393649722901e-08	1.181748765496287e-08	1.048687598322055e-08	8.661400799616264e-09	6.986718549393422e-09	6.716630620695726e-09	7.048567802213195e-09	8.115917204838819e-09	9.356909835154471e-09	9.742611686168674e-09	9.973985036886993e-09	1.010197671002485e-08	1.065059034701925e-08	1.123488139419892e-08	1.160881937168593e-08	1.162782600006392e-08	1.121944772197928e-08	1.063188864064951e-08	1.169696787010548e-08	1.274643447456041e-08	1.302057000724238e-08	1.250812220808769e-08	1.124403254721971e-08	1.058009066207514e-08	1.111220360626777e-08	1.165360127688794e-08	1.105106288215674e-08	9.201644272901956e-09	8.860523447974979e-09	9.765539031498513e-09	1.116969708541475e-08	1.241793165205638e-08	1.331341312423747e-08	1.282679639505523e-08	1.119465756187491e-08	1.147849021689962e-08	1.226124240365154e-08	1.224978618791513e-08	1.12394797216219e-08	1.114484423586855e-08	1.252450500804035e-08	1.371510051880249e-08	1.415778250640089e-08	1.376946243672106e-08	1.238088236500658e-08	1.053349727622784e-08	9.151780233605464e-09	8.534234152267266e-09	6.887195681557206e-09	6.451072107265294e-09	8.377694004714862e-09	1.030914301683002e-08	1.110705936814527e-08	1.121648921406745e-08	1.154898367511918e-08	1.251148427896815e-08	1.321484198801435e-08	1.309539273699474e-08	1.180094804222125e-08	9.952353086458789e-09	9.424347887567292e-09	1.019126441514846e-08	9.554405690799792e-09	7.829681326039372e-09	7.588033754724331e-09	7.967407405326152e-09	7.900377592341882e-09	7.832778201392966e-09	8.083877993330293e-09	8.56661750625718e-09	9.041115210041938e-09	9.167598137159348e-09	8.916720190480005e-09	9.635689001538031e-09	1.156671030623533e-08	1.385299635246684e-08	1.515032267197436e-08	1.449894364272022e-08	1.243267555854393e-08	9.935996094060761e-09	9.216030325623378e-09	9.458329645113892e-09	8.912189222458398e-09	9.443769224124651e-09	1.18716904750136e-08	1.399471242670412e-08	1.547081402603556e-08	1.58609590369001e-08	1.522531911710134e-08	1.468527288816453e-08	1.48728489079993e-08	1.409718381371951e-08	1.322801814063542e-08	1.247372001831591e-08	1.031675882202101e-08	7.796332754032911e-09	8.249477900592581e-09	8.846175488980009e-09	9.175774546468907e-09	9.973588153476978e-09	1.10391304203322e-08	1.151566107955465e-08	1.113004924934036e-08	1.027415467476175e-08	9.659163702468593e-09	9.790559172095059e-09	9.526059981103709e-09	9.261994148764382e-09	8.378354527250545e-09	8.231809598649481e-09	9.404517199064646e-09	1.031281042599811e-08	1.147190256799189e-08	1.267391740356336e-08	1.314460838438103e-08	1.195006915164959e-08	9.326661822730119e-09	8.227396479274831e-09	1.000620091057911e-08	1.166297534934784e-08	1.234046888042208e-08	1.160038559856829e-08	1.062719604509195e-08	8.610787905460663e-09	9.971895301576864e-09	1.536459508454861e-08
1.497846138323405e-08	1.334517709533554e-08	1.178687759108949e-08	1.080915880256117e-08	9.848438689811956e-09	8.630977709771022e-09	7.996243447201085e-09	8.169852833911234e-09	7.873649909642505e-09	8.491741526556689e-09	9.913890962327965e-09	1.119251009952642e-08	1.234334008903132e-08	1.252727764590434e-08	1.122352098857835e-08	1.039101335995843e-08	1.057190001548991e-08	1.087133958422142e-08	1.111178550754995e-08	1.125919332351547e-08	1.13140794288743e-08	1.20669657221764e-08	1.257960816573619e-08	1.218696708745634e-08	1.1245601394668e-08	1.007538041004034e-08	9.778947621705035e-09	1.038963699647794e-08	1.027573577407723e-08	8.931088660992752e-09	9.272732569467702e-09	1.070720733526413e-08	1.154519827303464e-08	1.200156207742891e-08	1.210151180779769e-08	1.231583670939157e-08	1.311047921571622e-08	1.329165393079173e-08	1.258252677332298e-08	1.182710019074811e-08	1.231794471877293e-08	1.186758593714263e-08	1.102280035753997e-08	1.105957859445214e-08	1.140421243986939e-08	1.165072214375609e-08	1.154032351133046e-08	1.079537144260929e-08	1.005146307064574e-08	9.164934294933817e-09	7.786086534446498e-09	8.043318042104079e-09	9.907493072306927e-09	1.116223713971927e-08	1.069056484604944e-08	9.583881102432707e-09	9.763218274721626e-09	1.110583117877529e-08	1.24351435126054e-08	1.249148529985892e-08	1.057337454493014e-08	1.033544656108754e-08	1.140780307222031e-08	1.169352366816774e-08	1.064218136834925e-08	9.243103531441059e-09	9.182744016541119e-09	9.514521551799374e-09	8.247717692350703e-09	7.690799293194881e-09	7.95029899673993e-09	8.532848714952141e-09	9.8465764336739e-09	1.035242539542854e-08	9.172379901892342e-09	9.350601337966726e-09	1.085224923138423e-08	1.319969709642357e-08	1.472964572184895e-08	1.439810945772062e-08	1.267677872505261e-08	1.10260541529511e-08	1.028331716522068e-08	9.90930130782291e-09	9.406367958389053e-09	1.009640510116516e-08	1.244824208716981e-08	1.43952484487523e-08	1.530804455481865e-08	1.506961333664953e-08	1.406432303127224e-08	1.343094674614353e-08	1.368855181772734e-08	1.382732903990391e-08	1.280342984755262e-08	1.164006365299602e-08	1.070995826916191e-08	9.767787802926453e-09	9.216372164476402e-09	8.532774800154956e-09	7.991921768876596e-09	9.057173297077025e-09	1.015296187991756e-08	1.022892230454937e-08	9.618336295372646e-09	8.548949376951677e-09	6.843795982555085e-09	6.411619585658881e-09	7.324468034350081e-09	8.039050152375675e-09	7.708313161346557e-09	9.168042294296449e-09	1.177194720863936e-08	1.348173357712258e-08	1.416511488052123e-08	1.407329616234939e-08	1.419798451715513e-08	1.432832904680144e-08	1.24356048150644e-08	1.031365124821656e-08	1.084042783778225e-08	1.160076445907016e-08	1.172163701477421e-08	1.097064955424051e-08	1.000899103327067e-08	9.249853923334763e-09	8.586311940377617e-09	1.198254478270521e-08
1.427685823361352e-08	1.137086874924886e-08	9.834913883825779e-09	1.000553577807725e-08	1.068106672688151e-08	1.137385411658758e-08	1.023383583522918e-08	8.117417280855462e-09	7.979192240968079e-09	9.148564566939697e-09	1.072642223224153e-08	1.279384756834908e-08	1.400227087475818e-08	1.343955002292684e-08	1.155017601127234e-08	9.749364987530408e-09	8.975329110409026e-09	9.420848587986469e-09	1.055793547931944e-08	1.117533993083086e-08	1.123555796434142e-08	1.139004303211275e-08	1.079113528648493e-08	1.028910916594388e-08	1.081273106433878e-08	1.078880697522427e-08	1.038881824379438e-08	1.078244845061865e-08	1.035625058790652e-08	9.138211360829309e-09	8.727619165078521e-09	9.482736116539691e-09	1.030944344229998e-08	1.199295901085105e-08	1.320256550201458e-08	1.360009148255165e-08	1.313038151561388e-08	1.371084055317665e-08	1.459481728659673e-08	1.427695540901924e-08	1.311900291021092e-08	1.168999318665666e-08	1.149338141902459e-08	1.065442433880157e-08	8.493182698974599e-09	8.507913638769914e-09	9.481483483323891e-09	9.773944101829574e-09	9.528682324464126e-09	1.004073088456392e-08	1.06627024116164e-08	1.13103808825346e-08	1.197427421095006e-08	1.104953024869061e-08	9.246950240631387e-09	7.605521531283051e-09	7.854850659914752e-09	9.536273848619319e-09	1.057246013344214e-08	1.104523660502841e-08	1.117314344961032e-08	1.122932247735048e-08	1.151980998800824e-08	1.149002347540922e-08	1.086774074181377e-08	1.002405591532152e-08	9.390857308173726e-09	9.418699392194816e-09	9.303373483470065e-09	8.856918692372187e-09	9.51021817587724e-09	1.015678166270761e-08	1.052950803868977e-08	1.114365163082312e-08	1.222938126578854e-08	1.276600414542531e-08	1.249829798321475e-08	1.281519555568754e-08	1.399822626816375e-08	1.408304754689668e-08	1.231616268809375e-08	1.011719870377775e-08	8.973037874105151e-09	8.54842376226507e-09	8.580275100862003e-09	9.385935534211098e-09	1.13864381545818e-08	1.287924220099601e-08	1.335323053487631e-08	1.318723700746408e-08	1.277168309685931e-08	1.300682539174783e-08	1.375563656838428e-08	1.375485051318949e-08	1.278406616527093e-08	1.255218963348683e-08	1.214387351082267e-08	1.126178164750516e-08	1.003053101929824e-08	8.962230550442387e-09	7.867951689331303e-09	7.770667430790905e-09	8.060935727189244e-09	8.245189704155962e-09	8.379624099585821e-09	8.860222361992526e-09	8.749392841619017e-09	7.993872024235503e-09	7.019212126705838e-09	6.529903498174856e-09	7.249543948621445e-09	1.031840535872782e-08	1.284920465872223e-08	1.472111944457589e-08	1.568135917026128e-08	1.592899009490039e-08	1.569034647774634e-08	1.448160369065685e-08	1.228741189509702e-08	1.053408565426619e-08	9.859214344566893e-09	1.031704118236021e-08	1.037141498926401e-08	9.616686074366328e-09	9.464047353373804e-09	9.894766418766043e-09	1.040354050811049e-08	1.086322674171455e-08
1.483265492848968e-08	1.091373999031426e-08	8.816914666012899e-09	9.825055618814939e-09	1.125645808846745e-08	1.117685110176075e-08	1.074438982351479e-08	9.581743152801826e-09	8.858666577363153e-09	9.570950807021841e-09	1.104403509116867e-08	1.260349144796157e-08	1.348408557256091e-08	1.254970434027381e-08	1.083423890243118e-08	9.95383318712325e-09	8.155659179134185e-09	8.223355549518922e-09	9.790154753418852e-09	1.150645392290856e-08	1.243420652033727e-08	1.161457592225849e-08	1.023725089225929e-08	9.723768645639913e-09	9.939471611489054e-09	9.975288662026586e-09	9.614838533520065e-09	8.717178867001612e-09	8.961151301724056e-09	1.016067740211493e-08	1.12221027860509e-08	1.158663451092455e-08	1.175821380619023e-08	1.171563663823416e-08	1.227857849319631e-08	1.266337506371741e-08	1.313371618725075e-08	1.380612034880445e-08	1.504813627252889e-08	1.569729893868265e-08	1.573438908249441e-08	1.494364698922108e-08	1.404942222694345e-08	1.338079308760738e-08	1.094535959278431e-08	7.331773816633755e-09	6.371505642965958e-09	7.71764613336493e-09	9.313116073197288e-09	1.014148251818759e-08	1.041369868324252e-08	1.024467259332054e-08	9.736023026963698e-09	8.859474163826402e-09	7.62074380183206e-09	6.02994137149525e-09	5.943765357557593e-09	7.978613285579733e-09	9.645069828355437e-09	9.947515238987982e-09	1.052631354360447e-08	1.18087969472136e-08	1.205811389625606e-08	1.071928235865701e-08	9.746022035808848e-09	9.679508504929462e-09	1.066227895648454e-08	1.150323274127145e-08	1.19734172614654e-08	1.147617656715269e-08	1.104192276493842e-08	1.081526631931868e-08	1.078623004969668e-08	1.157878304731228e-08	1.273278998622532e-08	1.323336325968674e-08	1.328887381504889e-08	1.367529384768852e-08	1.373505893345466e-08	1.307504451228978e-08	1.164955444242598e-08	1.011534074823914e-08	1.004390276887368e-08	1.044869837875537e-08	1.043196263223469e-08	1.004312722851897e-08	9.920635027615603e-09	1.025539441188634e-08	1.102561142972926e-08	1.15521057098703e-08	1.196524407649447e-08	1.193521202419819e-08	1.225678091736933e-08	1.276426280378434e-08	1.290675663505918e-08	1.241350785847634e-08	1.145117886074003e-08	1.095426548586039e-08	1.06676387981561e-08	9.429636960472856e-09	8.37852187622895e-09	8.331431575216553e-09	8.246537658483885e-09	8.258565667563545e-09	8.584222389693631e-09	8.749747063268654e-09	8.898685798090405e-09	8.844179949644448e-09	7.714641972071615e-09	6.72518592181988e-09	8.818597596875784e-09	1.227217701880707e-08	1.476822273538879e-08	1.590449641990085e-08	1.644641917646873e-08	1.65178956232805e-08	1.590857401883321e-08	1.368989449458394e-08	1.014086348829287e-08	8.113866851140812e-09	7.65994927546609e-09	8.062610794533434e-09	9.142915484571363e-09	9.322151724136117e-09	9.507504997790845e-09	1.031669404105876e-08	1.188782562641212e-08	1.29014435511808e-08
1.389831602697938e-08	1.012310843543215e-08	9.731257902435985e-09	1.077064084182711e-08	1.213576248936932e-08	1.145451001266141e-08	1.086980461394905e-08	9.887412166527564e-09	9.237778090794966e-09	8.822482317275896e-09	9.874692306396839e-09	1.136262075660013e-08	1.211721075982976e-08	1.098210460979034e-08	1.003351976647817e-08	9.579629050359128e-09	8.594628485553212e-09	9.99279571528981e-09	1.223751393636729e-08	1.330060786128245e-08	1.307819626916137e-08	1.19890127685008e-08	1.139824342333365e-08	1.094418594883204e-08	9.934069607386389e-09	9.016572468269635e-09	8.599361814245396e-09	8.02049547200515e-09	8.959778223393555e-09	1.096314426906418e-08	1.268330022425216e-08	1.34638666087254e-08	1.247898827772267e-08	9.743157855474369e-09	8.489024811976065e-09	9.51530762168513e-09	1.176132588249029e-08	1.350622465658695e-08	1.502226900927493e-08	1.582075706463934e-08	1.640673024346933e-08	1.647115347990673e-08	1.490116643415267e-08	1.234298785319842e-08	9.869556637654938e-09	8.449558517248595e-09	6.90700258142212e-09	6.530029477444883e-09	7.546901775890246e-09	9.214561237394697e-09	1.005215834987774e-08	1.063492512235007e-08	1.10050207321645e-08	1.014846463699353e-08	8.030952148423054e-09	6.344799901457918e-09	6.92016157716563e-09	8.508669132846401e-09	9.169443730832269e-09	9.984076523804979e-09	1.10482189422606e-08	1.188371302593761e-08	1.174209257498504e-08	1.096043122947662e-08	1.081876149730787e-08	1.110423874254507e-08	1.107851317269879e-08	1.116706019720883e-08	1.129436968054604e-08	1.135914400307037e-08	1.114971623198131e-08	1.087243228447693e-08	1.060719781524942e-08	1.101519854965838e-08	1.168003971762712e-08	1.228535155937191e-08	1.300477977379535e-08	1.408370043033496e-08	1.431619007421062e-08	1.32934823388498e-08	1.348725470386563e-08	1.318394703753779e-08	1.217990579354626e-08	1.132503683980945e-08	1.034490210812387e-08	9.529773145958432e-09	9.426342959269185e-09	9.206585659268614e-09	8.924414926876471e-09	9.446131158695199e-09	9.870015601347782e-09	1.016001581126896e-08	1.115043049421359e-08	1.185713498327883e-08	1.206816161648151e-08	1.194962011434088e-08	1.155513570609495e-08	1.108424474694116e-08	9.584066725062906e-09	7.958509399656089e-09	8.089656512420785e-09	9.061501191958202e-09	9.34621643118408e-09	9.525930205716072e-09	1.011259836556209e-08	1.035348845554744e-08	9.837484349366977e-09	9.482146403490635e-09	9.035528809142038e-09	8.873492473396074e-09	1.113738755658257e-08	1.367622750133957e-08	1.535142414248565e-08	1.520645841411419e-08	1.390260460514484e-08	1.374345921460885e-08	1.371044558200327e-08	1.23941060832876e-08	1.103248129843536e-08	9.915272529861262e-09	9.648271564732085e-09	8.161850351634362e-09	7.579977241146073e-09	7.837159436184434e-09	7.391878569202552e-09	9.561728250331094e-09	1.289725909129898e-08	1.506542543831267e-08
1.121111094280929e-08	1.140107056113903e-08	1.276482085283416e-08	1.34370928653964e-08	1.3172779125493e-08	1.125441492190663e-08	9.714820247606418e-09	8.864059826305583e-09	8.119923960495321e-09	7.786190835871305e-09	8.534863393199612e-09	9.774777992308963e-09	1.017912847863891e-08	1.014107445955852e-08	9.502179832845809e-09	9.280642863315449e-09	1.024667944468739e-08	1.156484240623403e-08	1.308219895899368e-08	1.356295096487386e-08	1.319864856643026e-08	1.239997812811668e-08	1.120474978408458e-08	1.002459890323183e-08	8.829932575366663e-09	7.974069492530933e-09	7.853221607829339e-09	8.865150213413096e-09	1.120099364997942e-08	1.332146770746042e-08	1.410857504666539e-08	1.387335863462925e-08	1.270371501521051e-08	1.113837935435178e-08	1.015247596307784e-08	1.021983709361837e-08	1.070851790338425e-08	1.169182429757693e-08	1.285475234079851e-08	1.444572671831377e-08	1.588650109440442e-08	1.633791174160607e-08	1.523334713583762e-08	1.361318213489433e-08	1.155305105341388e-08	9.268350851855397e-09	7.186034389418302e-09	7.175886425101769e-09	7.924011780125774e-09	8.712196013566465e-09	8.943482313207139e-09	8.42469372762778e-09	8.415449407305733e-09	7.95759187942883e-09	7.166786421418246e-09	7.569606776558967e-09	9.055965897295317e-09	1.046182689190042e-08	1.157349311146876e-08	1.208217005577074e-08	1.139669082483864e-08	1.053997022806517e-08	9.239548109467385e-09	7.833112946588869e-09	9.01314260949852e-09	1.0807052093106e-08	1.191302890960071e-08	1.201025227234755e-08	1.075864892772132e-08	9.816609529646802e-09	9.848596958588882e-09	1.071129097707482e-08	1.146269756077946e-08	1.217963401317743e-08	1.270400430420276e-08	1.300893087953887e-08	1.409805802591905e-08	1.519155163472666e-08	1.508243832675209e-08	1.409261254358243e-08	1.308957063182806e-08	1.235860996493785e-08	1.085618157354038e-08	9.803453052915883e-09	9.514706647837686e-09	9.045025111682919e-09	9.175635879248934e-09	9.846031522107986e-09	1.051760099325523e-08	1.169430586013442e-08	1.254430401603971e-08	1.205778119000748e-08	1.122408936628733e-08	1.11781308501307e-08	1.151638761720956e-08	1.106631162286738e-08	1.010996209339717e-08	9.089841500700951e-09	7.550482445285551e-09	6.950950474920797e-09	7.818985491648215e-09	9.212554883371258e-09	1.009623205734727e-08	1.03742183720062e-08	1.058500937194353e-08	1.075622952364047e-08	1.10212787319578e-08	1.151065460910529e-08	1.122930857488577e-08	9.517892391081608e-09	1.007351520625111e-08	1.192254499438999e-08	1.341822083862329e-08	1.406211103600485e-08	1.360568494325223e-08	1.374654513038395e-08	1.404633847698649e-08	1.25429807599785e-08	1.076051378711162e-08	1.043128414803507e-08	9.758394900517347e-09	8.522177543392039e-09	7.124181092328338e-09	6.84249979914946e-09	7.707642645494868e-09	8.865420233342286e-09	1.301400048360964e-08	1.644893080945286e-08
1.270005124922928e-08	1.230193317697557e-08	1.356856094927759e-08	1.420435541418843e-08	1.301077496742927e-08	1.018180819553251e-08	6.798788046738225e-09	5.994320106807417e-09	6.606066203541303e-09	7.782784815134727e-09	9.41908539196945e-09	1.026360150897543e-08	1.011489868001796e-08	1.024974814658171e-08	1.030100594354481e-08	1.100782262232763e-08	1.131685646773952e-08	1.168945550031613e-08	1.268359807322483e-08	1.271271737223879e-08	1.246127090767955e-08	1.214200989988142e-08	1.121968699603915e-08	1.027805260517902e-08	8.988791959043047e-09	7.825472934332713e-09	8.583801076404078e-09	9.518556713074897e-09	1.171683440673875e-08	1.428823627977936e-08	1.541726347681948e-08	1.469143290241469e-08	1.342955401123239e-08	1.203260305096454e-08	1.165065794319608e-08	1.055954556349293e-08	9.318918430646135e-09	1.012809331003521e-08	1.110842559478803e-08	1.227572569158987e-08	1.386944719579352e-08	1.495814675259904e-08	1.496806909307631e-08	1.410317942701048e-08	1.23800621343174e-08	9.986967293905207e-09	8.240582880121674e-09	7.77634274070367e-09	7.860969377181892e-09	7.783188314025876e-09	7.803973239849373e-09	7.508548636481619e-09	6.899399715428226e-09	7.227013830257496e-09	8.365262579110795e-09	9.497757125502664e-09	1.117498979477256e-08	1.208900378807922e-08	1.219516122417031e-08	1.209413881195403e-08	1.080043593243074e-08	9.787869868053085e-09	9.459199891468586e-09	8.857627574701024e-09	8.948093876756897e-09	1.039712466933843e-08	1.185148889733314e-08	1.181084967903579e-08	1.038451946895593e-08	8.443392152796522e-09	9.110414826119809e-09	1.127264869938733e-08	1.285113569751928e-08	1.299277978368138e-08	1.25309722391692e-08	1.297374724181888e-08	1.409051634426866e-08	1.504879991089427e-08	1.490587568199992e-08	1.292772089803636e-08	1.095231837860006e-08	9.603278618399259e-09	9.671600971927545e-09	9.254916387828182e-09	9.121880453005749e-09	9.680682225451084e-09	9.76380737383571e-09	1.067739939611362e-08	1.252868648302921e-08	1.407199592228931e-08	1.484072421963569e-08	1.448767452753473e-08	1.312647826400014e-08	1.143766358731469e-08	8.864376224139589e-09	7.50093228362578e-09	8.103324721254008e-09	8.364969213806603e-09	7.84974398747563e-09	8.681985495560222e-09	9.826234299119243e-09	1.033584105180737e-08	1.027284431884716e-08	9.847257956292668e-09	9.88422809836917e-09	9.643438778875213e-09	9.608693335382128e-09	1.084004287250072e-08	1.210618093828662e-08	1.1892306551446e-08	1.1675596717906e-08	1.221732299547174e-08	1.251399173721609e-08	1.30837702442354e-08	1.300068950230524e-08	1.275974263826699e-08	1.255809947171891e-08	1.243727151263446e-08	1.118796733475641e-08	9.961138541010839e-09	8.779697078073465e-09	7.642174089045324e-09	7.17063632196598e-09	8.206283523260594e-09	1.02438906123699e-08	1.098749141129838e-08	1.207031011089203e-08	1.471155530622762e-08
1.4096040962562e-08	1.335538712829933e-08	1.36430527417878e-08	1.329194461228275e-08	1.131145517935005e-08	8.413696382330033e-09	5.39429663997392e-09	4.918557477650522e-09	6.028357154816716e-09	8.328721412633108e-09	1.062371759089265e-08	1.165964784108194e-08	1.191621618729824e-08	1.168592488974504e-08	1.200901560675133e-08	1.228075682775997e-08	1.143366180210315e-08	1.119956448383515e-08	1.181998327954861e-08	1.195130642977161e-08	1.170869310726333e-08	1.141450922557715e-08	1.116288706798413e-08	1.037819051699024e-08	9.182956315863042e-09	8.675537971920735e-09	8.76586338406236e-09	9.492452977651067e-09	1.128711184601122e-08	1.32481489500083e-08	1.441602777238096e-08	1.391527957226508e-08	1.207028770822583e-08	1.153152548454672e-08	1.159125381258967e-08	1.08794925817564e-08	9.919644059996552e-09	9.606960765305652e-09	1.023623735518143e-08	1.115853990519646e-08	1.223433617413616e-08	1.388677721707886e-08	1.513889817437477e-08	1.495681208459072e-08	1.22924146906813e-08	1.003804235522978e-08	8.891479581276321e-09	9.288225376133668e-09	9.596799508937115e-09	9.511687541357036e-09	9.343182609691064e-09	8.675961407675166e-09	7.892265153195991e-09	8.503513817926713e-09	9.662667249856741e-09	1.030696697065403e-08	1.119277919025378e-08	1.179938152485296e-08	1.193917756980235e-08	1.160187082984673e-08	1.057887972420341e-08	9.948563471169775e-09	9.754795385313562e-09	9.553525643730817e-09	8.817919094475055e-09	9.533648079766778e-09	1.051624861139078e-08	1.111860154176676e-08	1.164658204830121e-08	1.12427257533507e-08	9.96112264300137e-09	9.614715182967966e-09	1.046108697415627e-08	1.108565944795742e-08	1.112570910501188e-08	1.192000471906205e-08	1.270218015100816e-08	1.277125683791582e-08	1.268617845647003e-08	1.074826994460038e-08	8.766076259044643e-09	9.475435441227218e-09	1.10578848420827e-08	1.157578799508157e-08	1.053590377259661e-08	9.962186584266684e-09	1.048345392684381e-08	1.141289950189401e-08	1.256673159617613e-08	1.315488520306537e-08	1.329064643974624e-08	1.338740916896801e-08	1.301692630225567e-08	1.18667583698136e-08	1.064674778943988e-08	9.363652338945328e-09	9.085310771150804e-09	9.152173440840144e-09	8.807016629646215e-09	1.029764296808553e-08	1.164915616449292e-08	1.203926063960841e-08	1.116034287659528e-08	1.000382509116125e-08	1.013662492212948e-08	1.082009770954655e-08	1.112186666085697e-08	1.178658695506016e-08	1.189272087010629e-08	1.150192188999786e-08	9.926429333333749e-09	9.426724049916896e-09	9.769769221850909e-09	1.120299567444673e-08	1.193287652418964e-08	1.278446286410691e-08	1.317125494707267e-08	1.221590389828477e-08	9.986593037238256e-09	7.664175432693594e-09	6.62391753221196e-09	7.704089633950791e-09	9.664184999828366e-09	1.082197304687083e-08	1.121535476286549e-08	1.214989756075933e-08	1.293659380885447e-08	1.306077365401842e-08
1.520506928635513e-08	1.340764260885902e-08	1.294397991984361e-08	1.212587861071857e-08	9.706136673228892e-09	6.970937005744855e-09	4.746173955979503e-09	4.338421816978565e-09	6.419680876659478e-09	9.896645553743377e-09	1.285834881981233e-08	1.471664806488374e-08	1.545795168769579e-08	1.436497717883063e-08	1.234265792517631e-08	1.084732720078653e-08	1.046620691546347e-08	1.06462023949146e-08	1.110626104029697e-08	1.153673953322503e-08	1.053789923152497e-08	9.772416128923632e-09	9.597466853748277e-09	9.573501898308001e-09	9.151021833075827e-09	8.330349748844443e-09	8.172698027258307e-09	8.881833049943064e-09	1.014755296368081e-08	1.104851012911363e-08	1.155229889235406e-08	1.095434979581072e-08	1.049174790636465e-08	1.15304236784959e-08	1.290371265670419e-08	1.36485409697825e-08	1.370726541162371e-08	1.331803831357563e-08	1.291745786125304e-08	1.225170014706596e-08	1.231671794934685e-08	1.263131355443207e-08	1.327000729836641e-08	1.264823998429627e-08	1.210267246278361e-08	1.082585601049201e-08	9.601457366853038e-09	9.133290928110874e-09	9.220044229382134e-09	1.029596092941172e-08	1.103524193687278e-08	1.042964033061606e-08	9.924813733738612e-09	1.061148329020796e-08	1.157523101291487e-08	1.225510234311887e-08	1.222901836631217e-08	1.14104715959655e-08	1.063642869871416e-08	1.024677737302114e-08	9.113860906751675e-09	8.989780959416934e-09	9.558319998447886e-09	8.968536412571236e-09	7.934106651943774e-09	7.797316179003283e-09	8.993115174858795e-09	1.078085119213844e-08	1.143122785632485e-08	1.118277265918496e-08	1.124523538209635e-08	1.075973211746123e-08	9.964036959965713e-09	9.937987514279282e-09	1.08692330317516e-08	1.142757706020595e-08	1.103021473492088e-08	1.00205989549521e-08	9.931844253205666e-09	9.946469452237795e-09	9.42621097710133e-09	1.044179895048618e-08	1.132430590705048e-08	1.118654702741028e-08	1.070010231177631e-08	1.030484039296651e-08	1.073030856822285e-08	1.143011436314809e-08	1.174474877494294e-08	1.168110668457827e-08	1.186435061186732e-08	1.238314551755522e-08	1.300050894599166e-08	1.352944954076136e-08	1.364853955929006e-08	1.335322396370055e-08	1.299635768724851e-08	1.184450542577439e-08	9.548101721236309e-09	9.05135242624016e-09	1.037225598419078e-08	1.109724090859974e-08	1.039888484109306e-08	9.871203370365426e-09	1.115855669197126e-08	1.334197823678003e-08	1.460785167380033e-08	1.430748780836747e-08	1.301462381822502e-08	1.155652095476397e-08	8.795552190691519e-09	6.414420165119804e-09	6.532609868386801e-09	7.102967973616906e-09	8.84717376322468e-09	1.105105733522795e-08	1.205965345564482e-08	1.190225963397227e-08	1.05452534330509e-08	9.127080844815308e-09	7.52252509867082e-09	7.190156814853991e-09	9.607550640654598e-09	1.159560407909051e-08	1.273085562515174e-08	1.30488338165091e-08	1.306825825299151e-08	1.288642390713651e-08
1.826905396957184e-08	1.173557960952266e-08	1.057892185663896e-08	8.290535363923641e-09	7.064556908248185e-09	6.214420838521742e-09	5.984055360375352e-09	6.993123195383645e-09	9.370887278857181e-09	1.167544427151613e-08	1.341832102017079e-08	1.42681397375705e-08	1.457360900062708e-08	1.464733028245828e-08	1.372351922458803e-08	1.172334460638404e-08	1.148031770816206e-08	1.184588516221162e-08	1.199481589835609e-08	1.177067531366351e-08	1.074553003822534e-08	9.489719188585428e-09	8.825398252349567e-09	9.096509937912738e-09	9.041742120563546e-09	8.605274964149603e-09	8.87250442718503e-09	9.551225473056863e-09	1.051050594884779e-08	1.1022974439897e-08	1.107955283854474e-08	1.015704863759811e-08	9.655052518331521e-09	1.071731930954431e-08	1.209889648597945e-08	1.245723767464488e-08	1.233112938848696e-08	1.267467475573841e-08	1.237177494672908e-08	1.182390291544525e-08	1.161512834664891e-08	1.11591082981891e-08	1.130670473390147e-08	1.16650892750969e-08	1.15934758302988e-08	1.11261368051928e-08	1.059155512506254e-08	9.9299546609538e-09	1.00364741043512e-08	1.054096411776675e-08	1.042448549393219e-08	9.715916326129316e-09	9.353105187514316e-09	9.189479962211264e-09	9.305633191768017e-09	1.088717692461851e-08	1.217400326511001e-08	1.192933130586248e-08	1.199034667843146e-08	1.14941962347538e-08	1.08154500526639e-08	1.053737693150659e-08	9.828848465944122e-09	9.127650415147909e-09	9.148815403351586e-09	1.100928676419765e-08	1.274345579552787e-08	1.360856963990319e-08	1.333503257655189e-08	1.248440860146346e-08	1.072662391823435e-08	9.188332907210075e-09	8.881403614115845e-09	9.126830113025898e-09	9.305198349921334e-09	1.050552671309279e-08	1.136851427188208e-08	1.168702203883564e-08	1.161663505575243e-08	1.111803728952036e-08	1.1045983920559e-08	1.091024539906111e-08	1.077523952928972e-08	1.074079642946212e-08	1.060931209088471e-08	1.084799205034157e-08	1.151322327134393e-08	1.16969313345408e-08	1.100836002897267e-08	9.480213759990976e-09	8.103944347199864e-09	8.748882411874009e-09	1.007558516551411e-08	1.183365187828186e-08	1.284802347298746e-08	1.285212285097732e-08	1.247074021044184e-08	1.19613426609144e-08	9.976651430813214e-09	8.53932645590647e-09	9.217564083089317e-09	1.009707925354294e-08	9.887442850581952e-09	1.097703047509311e-08	1.406951912303035e-08	1.561128615780643e-08	1.545042561777407e-08	1.422684341637295e-08	1.241330440651941e-08	1.003489309983778e-08	8.351673501555445e-09	6.816586717934387e-09	6.071639951784139e-09	6.136363372637907e-09	9.046288106494117e-09	1.206897332585732e-08	1.344232606214936e-08	1.324099300163164e-08	1.239070617163231e-08	1.148062719972961e-08	9.758709643659878e-09	7.565423769855925e-09	9.058849450172716e-09	1.161608374925615e-08	1.243291802710798e-08	1.23375882888646e-08	1.171154557965277e-08	1.032667120044366e-08
1.671639879780287e-08	1.19514874198602e-08	1.012740901902549e-08	8.79730689551401e-09	7.260490523200291e-09	5.907104392982916e-09	6.798824795612836e-09	8.127388136976472e-09	9.473239378289998e-09	1.122464094427484e-08	1.319428646979794e-08	1.464044332513722e-08	1.528094723996751e-08	1.540845445121576e-08	1.461340039323704e-08	1.377408914825989e-08	1.243616737458723e-08	1.106594063705345e-08	1.025633185901333e-08	1.042666291035705e-08	1.031287702355941e-08	1.01600439425881e-08	9.253875159655236e-09	7.739481654715941e-09	6.58663636083288e-09	6.761534196289663e-09	7.932279367766235e-09	8.746078736620147e-09	9.762053443774801e-09	1.080673998285037e-08	1.103787491242123e-08	1.121833212186925e-08	1.103745339791933e-08	1.16369658448823e-08	1.267196063899024e-08	1.330535766100218e-08	1.324746868441721e-08	1.311915201277308e-08	1.252295887055752e-08	1.285293353045884e-08	1.36628798353208e-08	1.29351829066137e-08	1.13251099344135e-08	1.081718173879609e-08	1.006900796927704e-08	1.043697851518484e-08	1.056074816959246e-08	9.725752260598505e-09	8.746199601354652e-09	8.61057648122023e-09	8.049730625059105e-09	8.363284823012408e-09	8.656436332729697e-09	9.853056625606749e-09	1.179027307769542e-08	1.282489691978795e-08	1.253226807776399e-08	1.244371526045637e-08	1.243641572957943e-08	1.191872163466155e-08	1.116336625174289e-08	1.006098073652918e-08	9.972999109419917e-09	1.004719891817088e-08	1.02565949562673e-08	1.096145718496695e-08	1.211603680048135e-08	1.28909047535029e-08	1.284262803863855e-08	1.215598306898394e-08	1.113171031746013e-08	9.60750737137085e-09	8.390304053054122e-09	8.033458938669085e-09	7.023945905133488e-09	7.905590822599739e-09	1.025685620693272e-08	1.110942930443376e-08	1.256608697767763e-08	1.349249695224713e-08	1.361296413202077e-08	1.316497173907471e-08	1.256711850174572e-08	1.101343434298525e-08	9.760323132894185e-09	9.070717389092586e-09	9.182299774171658e-09	9.40209686600966e-09	9.277130085889875e-09	9.10084920062263e-09	1.044943768618608e-08	1.224556165063745e-08	1.342861286716956e-08	1.360896867954547e-08	1.328078710594988e-08	1.272577612468439e-08	1.128426450332639e-08	1.009569790463794e-08	9.342533362933031e-09	8.29007440233171e-09	8.924425607932329e-09	8.608430184750345e-09	8.787841054505847e-09	1.221589003799544e-08	1.51727291762385e-08	1.5284524775952e-08	1.372476664766852e-08	1.118416793000161e-08	1.019641405488064e-08	9.897924199296558e-09	9.433409193917808e-09	9.060037671118132e-09	8.177631348426361e-09	7.998510297346589e-09	1.014819146834253e-08	1.116825957706915e-08	1.14648952523647e-08	1.194831209240567e-08	1.22689449742004e-08	1.222081166866003e-08	1.130672683317e-08	9.620806479222285e-09	9.110720980160995e-09	1.068952251674848e-08	1.221251669191509e-08	1.187423245364656e-08	1.098720359014109e-08	1.02912289045342e-08
1.694629850266923e-08	1.288849187618018e-08	1.159512278821442e-08	9.842659432172937e-09	7.948058675597593e-09	7.352506543327823e-09	6.690316640562284e-09	6.653579823681688e-09	8.187114791204419e-09	9.626026421086321e-09	1.101142218691556e-08	1.291558877847934e-08	1.389810143948877e-08	1.428544491171205e-08	1.371553576011863e-08	1.341463655527768e-08	1.289241429161816e-08	1.141880879858745e-08	9.691527917366708e-09	9.838534150895085e-09	1.047043448364484e-08	1.081068048855621e-08	1.001411681894147e-08	8.483266847497938e-09	8.533382880503703e-09	9.177098776798936e-09	9.565323242466953e-09	1.005624870309095e-08	1.01716503313884e-08	9.888756870891925e-09	9.904473131626792e-09	9.860772338712321e-09	9.815432926408396e-09	1.106225634819094e-08	1.229392392547188e-08	1.326442388681053e-08	1.403559290255623e-08	1.425116848276513e-08	1.407139308147895e-08	1.416464015482991e-08	1.338357551336387e-08	1.240744958214417e-08	1.246966593433677e-08	1.283616077394119e-08	1.244367523474114e-08	1.205977107332507e-08	1.150011165938473e-08	9.864292013699754e-09	7.855423090807926e-09	6.7407575894333e-09	6.747306785272029e-09	7.639622202237427e-09	8.784856857305964e-09	9.65763977122958e-09	1.026882166101372e-08	1.111032531952494e-08	1.161718442348659e-08	1.080527595125153e-08	1.066184861643426e-08	1.071767168835254e-08	1.049977724951458e-08	1.026592841038234e-08	1.052472494195019e-08	1.110065266562091e-08	1.151709091074925e-08	1.196559654287112e-08	1.249638167601988e-08	1.273357034828296e-08	1.279177762569847e-08	1.172234949392738e-08	9.990619953658481e-09	8.283602297534863e-09	7.014014367504855e-09	6.623367966408636e-09	6.92982396748584e-09	8.415897081057808e-09	1.059247485466543e-08	1.185380357471133e-08	1.254076373471328e-08	1.320264967013246e-08	1.395103997966204e-08	1.430253880149669e-08	1.397796329324308e-08	1.248468889996322e-08	1.123650481599194e-08	9.75175787144122e-09	7.883193294450732e-09	7.295918718575922e-09	7.865114062680175e-09	9.019835011542089e-09	9.818809242862106e-09	1.18957968975346e-08	1.348289453751354e-08	1.367769175971403e-08	1.295613123083249e-08	1.248165273009018e-08	1.195601254500359e-08	1.250614468567436e-08	1.296565382455006e-08	1.225959104388989e-08	1.106948333943747e-08	1.017706664451932e-08	1.031819241820449e-08	1.116532816260969e-08	1.228513880860428e-08	1.289593198756291e-08	1.126442883748322e-08	9.159276650645518e-09	8.555397761807229e-09	8.576136318580712e-09	9.574945108207695e-09	1.034254100563787e-08	1.053476021603555e-08	1.014682797594464e-08	1.048550601879611e-08	1.081255562170431e-08	1.009664254006782e-08	9.946685463133434e-09	1.082424265147978e-08	1.095890195154593e-08	1.061395102738739e-08	9.621264952102337e-09	9.118898608253781e-09	1.064836661140035e-08	1.239195418026711e-08	1.297109813095982e-08	1.231442711352824e-08	1.083730662305716e-08
1.634508254057671e-08	1.345779285930688e-08	1.192809543119496e-08	9.864124800802142e-09	9.028670266639568e-09	9.775337832035221e-09	9.163853280259205e-09	7.362987805526404e-09	7.857763684379888e-09	9.667986290937348e-09	1.020980727708058e-08	1.073222732842266e-08	1.00424033018085e-08	1.044582983115737e-08	1.156673072623688e-08	1.220817043787063e-08	1.21057135787043e-08	1.094554348719525e-08	1.018167330799063e-08	1.013472650712644e-08	1.072556839015521e-08	1.057609914846495e-08	1.004215805484214e-08	9.704197346007485e-09	1.004952749444155e-08	1.120204762123419e-08	1.152366298981943e-08	1.112411782501102e-08	1.027313518303468e-08	9.704563117286954e-09	1.000345329982488e-08	1.092437760436181e-08	1.180029791923129e-08	1.329607214511509e-08	1.434298134181212e-08	1.401265361469621e-08	1.330370317547639e-08	1.279513609498108e-08	1.225754697365908e-08	1.176540340359166e-08	1.117394021970765e-08	1.030047327811667e-08	1.143409015820293e-08	1.191016953861978e-08	1.197671867049505e-08	1.248100058530012e-08	1.220896429897726e-08	1.11546512482852e-08	1.012272256183919e-08	8.941533049683791e-09	8.232101157987685e-09	8.723201568231516e-09	9.742697367923725e-09	1.061367698023361e-08	1.151302552216433e-08	1.191923784607202e-08	1.135227937138537e-08	1.1123784358686e-08	1.102896780743562e-08	1.041006400457709e-08	1.010940084175687e-08	1.052614082958899e-08	1.083346088989095e-08	1.091221298685728e-08	1.072601399490761e-08	9.936489794747963e-09	1.018617988213269e-08	1.078526182333984e-08	1.107754904545832e-08	1.046800476954824e-08	8.842470089417117e-09	6.647854915832928e-09	5.501220440522322e-09	5.566792245339943e-09	6.214758643562533e-09	6.833450167159937e-09	8.72849473201686e-09	1.070348558709623e-08	1.177598139308063e-08	1.238802449405354e-08	1.285348175936996e-08	1.379432523730953e-08	1.37105283532461e-08	1.273402129483091e-08	1.243332438487514e-08	1.20152492866686e-08	1.127061607032437e-08	1.133767750479883e-08	1.234865116554333e-08	1.243630981396804e-08	1.115976267901505e-08	1.119368182389466e-08	1.308809636512192e-08	1.457567400559462e-08	1.500848641617482e-08	1.453548006140979e-08	1.336082575325386e-08	1.371639037159243e-08	1.405170939098943e-08	1.287112849166218e-08	9.989622758047733e-09	8.212967512375519e-09	9.029445290573217e-09	9.388463365136743e-09	9.193351056854239e-09	8.945491300401796e-09	9.142464555136916e-09	9.418327511694199e-09	8.748153045155226e-09	7.971186748503043e-09	8.206729508243854e-09	9.114584981884602e-09	1.034513196231338e-08	1.14330522873479e-08	1.215259087288294e-08	1.308176292751898e-08	1.334630108034495e-08	1.259802610791026e-08	1.122350874836746e-08	8.752301712342961e-09	6.853500788299063e-09	6.713178977005679e-09	8.589191358678804e-09	1.082517412210417e-08	1.193742351432327e-08	1.2573985469636e-08	1.326446452612546e-08	1.369614716024406e-08
1.479360954436866e-08	1.182428438784909e-08	1.127517381023076e-08	1.017911920984215e-08	1.040548775773308e-08	1.057341431141191e-08	1.140703442183581e-08	1.198156044011138e-08	1.114949244486405e-08	1.01528039463127e-08	9.580194859887823e-09	8.832548056020164e-09	7.717585300111787e-09	8.340350457130519e-09	9.072943680168366e-09	1.009346101572297e-08	1.066586208604736e-08	1.062507105841749e-08	1.1002971995477e-08	1.153586978992435e-08	1.104080587993877e-08	9.627744328701667e-09	8.679672490778629e-09	9.143720296741035e-09	1.016023026762105e-08	1.095812089124407e-08	1.067818676586728e-08	1.024749212511965e-08	1.014666486310731e-08	1.059858848796049e-08	1.130724831156035e-08	1.216703630932717e-08	1.380782819875151e-08	1.486449762107331e-08	1.482040058557673e-08	1.389253609331091e-08	1.362791851932748e-08	1.478070341518075e-08	1.514064883433517e-08	1.3509676561982e-08	1.096304344993345e-08	9.11524570522665e-09	9.463780518634893e-09	9.974461564282032e-09	1.035210035624184e-08	1.114227369848111e-08	1.147415637250014e-08	1.086216335088522e-08	9.870125862102787e-09	8.92732687865314e-09	8.662253733130514e-09	8.907620466748983e-09	9.49744832332982e-09	1.016097486010872e-08	1.064576365057117e-08	1.141372009698546e-08	1.225616991339569e-08	1.250281844635538e-08	1.239543346206929e-08	1.191355723818494e-08	1.148031761140206e-08	1.119130785106595e-08	1.120628026561492e-08	1.126477222045942e-08	1.121009008146894e-08	1.002306130665362e-08	9.58287952416638e-09	1.061240109333582e-08	1.125660136466154e-08	1.057773650918856e-08	7.910861289995543e-09	5.142790685136444e-09	4.560298227919538e-09	5.028020906201603e-09	5.254520422320035e-09	5.872155674508636e-09	7.762265547209233e-09	1.006351969376798e-08	1.142486941045063e-08	1.141278451191955e-08	1.086676434883885e-08	1.132183349406069e-08	1.173749665359305e-08	1.129428693103913e-08	1.149235881528126e-08	1.237899265173826e-08	1.347197342267778e-08	1.426866667322374e-08	1.458523282581574e-08	1.428080494144038e-08	1.403148958350034e-08	1.351482480839675e-08	1.325516481451573e-08	1.343260917458581e-08	1.418192433085549e-08	1.458465605174664e-08	1.505531061442954e-08	1.536148033934957e-08	1.505962156978548e-08	1.402195090085406e-08	1.144458451093831e-08	9.049187202549566e-09	8.783800256196679e-09	8.686612605771308e-09	8.402030163309091e-09	8.667365070221567e-09	9.195997746536486e-09	9.105720633622896e-09	7.610478622713278e-09	5.926727937340635e-09	5.285359815839731e-09	6.329585989243289e-09	8.657554514547932e-09	1.03056359319264e-08	1.161628320497861e-08	1.275377824728314e-08	1.328747553430173e-08	1.343318292294879e-08	1.287726872979859e-08	1.142454341884083e-08	1.091997078776591e-08	9.700234212801559e-09	6.944875483573753e-09	7.959502243982593e-09	1.058094196179145e-08	1.229846207781681e-08	1.330589923784154e-08	1.432268638118922e-08
1.224044431383025e-08	1.037280125491009e-08	1.026428496722092e-08	1.103057144094887e-08	1.235657483032513e-08	1.297423869399004e-08	1.338912384749819e-08	1.305224424629668e-08	1.21137607345125e-08	1.064176983940641e-08	9.044950450408913e-09	7.629175407542075e-09	6.266936935953227e-09	6.773955471132153e-09	8.404127588569629e-09	9.815423483327162e-09	1.053212653469166e-08	1.068020851627026e-08	1.130107959250269e-08	1.16876357001498e-08	1.112233714318182e-08	1.10092575437995e-08	1.057708572862278e-08	9.866081676142548e-09	1.03958715749335e-08	1.004334479173129e-08	9.648736340901292e-09	1.059108414001454e-08	1.149743252078512e-08	1.183391063737767e-08	1.159602075142817e-08	1.180320812850213e-08	1.281411092451897e-08	1.310674296368748e-08	1.261921096264792e-08	1.244019820845075e-08	1.326670243354586e-08	1.316717963811679e-08	1.390964983731033e-08	1.313365277957745e-08	1.02242325460714e-08	8.03659451020175e-09	9.043700638842355e-09	1.024661332198112e-08	1.092330797028148e-08	1.190791732120563e-08	1.207837096603511e-08	1.191110973301759e-08	1.119371345172066e-08	9.9641526565615e-09	9.643402557305875e-09	1.019248023157964e-08	1.017521934506109e-08	1.009221607918323e-08	1.043673208342802e-08	1.16370350240423e-08	1.23245424848211e-08	1.265397873462612e-08	1.217503840296718e-08	1.162558682402587e-08	1.115407965914371e-08	1.083749620840951e-08	1.094468965452317e-08	1.190393330310253e-08	1.285449592578537e-08	1.309080049794238e-08	1.270203149658214e-08	1.227863382257158e-08	1.112499999292713e-08	8.564402091477281e-09	5.517639014393046e-09	4.273747566307234e-09	3.583971474522668e-09	2.83942574018879e-09	2.821433590765477e-09	4.953920537158298e-09	7.937026397056529e-09	1.001772507093109e-08	1.115406680900433e-08	1.166033980294673e-08	1.191088245492397e-08	1.134191155318212e-08	1.042608217275837e-08	1.032517212050033e-08	1.112959611527844e-08	1.266658836046503e-08	1.427713132311178e-08	1.480672349688088e-08	1.495052763490653e-08	1.500557024037059e-08	1.515177719917823e-08	1.521354560307384e-08	1.403342100717787e-08	1.309768595645976e-08	1.290242554902692e-08	1.306472704442511e-08	1.4011726456585e-08	1.52997104728478e-08	1.574308286481068e-08	1.479940289958396e-08	1.267114793343866e-08	1.069969780477864e-08	9.579745671454967e-09	8.1316185482459e-09	8.022194560237749e-09	8.715816398446778e-09	8.601922769887577e-09	7.682150589801486e-09	6.080538191993972e-09	4.503187342891312e-09	4.001281902989225e-09	6.482382430079087e-09	9.266276008614729e-09	1.084510955943532e-08	1.116476043179781e-08	1.136199573726747e-08	1.275132970294446e-08	1.386532520206207e-08	1.389105585368907e-08	1.339764713008547e-08	1.325211069577761e-08	1.215795613389806e-08	8.839940169325816e-09	6.730089996305431e-09	8.465149222204219e-09	1.102288202263506e-08	1.276822009630971e-08	1.39964412120297e-08
1.164773034045231e-08	8.734871370929783e-09	9.771881047861009e-09	1.229954338496715e-08	1.444365297050873e-08	1.534346279766474e-08	1.529974785229659e-08	1.415349242113248e-08	1.213994100252706e-08	1.00915487065893e-08	7.016911229351426e-09	5.259138867360248e-09	5.165820328143426e-09	5.536432981947915e-09	7.22295349644732e-09	8.829733276975742e-09	9.441414367300331e-09	9.718239489249805e-09	1.093655158262447e-08	1.147405821870789e-08	1.121256987165976e-08	1.131941559878336e-08	1.132441315762895e-08	1.145832021920226e-08	1.113099762676606e-08	1.008179001025732e-08	9.841030142616491e-09	1.130286521012348e-08	1.349097570059691e-08	1.403102386704519e-08	1.274757748334374e-08	1.215536022788684e-08	1.231712536704993e-08	1.252663802948976e-08	1.190166018996417e-08	1.253647640294798e-08	1.391681862847337e-08	1.424338594235582e-08	1.322314916911379e-08	1.102397754291424e-08	9.574018083050776e-09	7.772821136741438e-09	8.846966359870069e-09	1.08897706359805e-08	1.236801982182479e-08	1.300140213381851e-08	1.292402338608845e-08	1.19344143035653e-08	1.087403706716021e-08	9.955133235144636e-09	9.937554516213353e-09	1.003506899268432e-08	9.472319589057694e-09	9.199376265684129e-09	9.813385241386222e-09	1.069707438458698e-08	1.13732008374704e-08	1.200607116046501e-08	1.195161385182797e-08	1.100457949889245e-08	9.982474880936462e-09	1.058250267995755e-08	1.125451088572912e-08	1.196345182910495e-08	1.236365821667732e-08	1.206090920514726e-08	1.18881044239972e-08	1.055746143228564e-08	8.860517513297344e-09	6.735195229557767e-09	4.652578277127554e-09	3.817256646289503e-09	4.300846941702859e-09	4.661650606669514e-09	5.810315105461943e-09	8.796550351758362e-09	1.119742936671252e-08	1.276375388021545e-08	1.349571972660803e-08	1.377022923507682e-08	1.331821836533517e-08	1.200369998355076e-08	9.936938176560807e-09	8.522280128796414e-09	9.964914434491244e-09	1.204523057431592e-08	1.35046373114813e-08	1.427342569402051e-08	1.461582708833222e-08	1.524878410598061e-08	1.546379619460522e-08	1.490239023848023e-08	1.300764081625579e-08	1.219781698289868e-08	1.255189610307134e-08	1.229649465474657e-08	1.213986772317315e-08	1.291190160054794e-08	1.385703056392811e-08	1.409884193171635e-08	1.247914662319855e-08	1.051261369555554e-08	9.646028134204921e-09	8.835273875709205e-09	7.946257491550216e-09	9.069067645220947e-09	9.959789486430263e-09	9.495489828255954e-09	7.852222379625894e-09	6.227913930217376e-09	6.146386185922797e-09	7.214370141551931e-09	8.057228921957548e-09	9.406506052666888e-09	1.05248995152958e-08	1.095125569886244e-08	1.216989975419586e-08	1.304156425792124e-08	1.390524558949313e-08	1.432542074271453e-08	1.332871231555834e-08	1.135943698265357e-08	9.511855310260429e-09	6.732207323177632e-09	7.161230874546994e-09	1.096426304435044e-08	1.328165654733086e-08	1.439348187983676e-08
1.033628803243754e-08	7.027775873622787e-09	9.290085907255034e-09	1.245373875877463e-08	1.506238652290141e-08	1.661624999485456e-08	1.641244777214451e-08	1.449067052291722e-08	1.213231954023127e-08	1.006993059109873e-08	8.253686574483554e-09	6.798275777927034e-09	5.586728267420598e-09	5.392390430487182e-09	7.115324908405572e-09	8.679031052491956e-09	9.94838126846427e-09	1.092251555167322e-08	1.134114122391053e-08	1.15194635905542e-08	1.093314342448439e-08	1.017486461627652e-08	9.477254393930203e-09	9.428854560150363e-09	1.027166546380703e-08	1.063545581312181e-08	1.071178430377506e-08	1.196286902816685e-08	1.311075881581508e-08	1.265910758025555e-08	1.176953803659741e-08	1.131523711596083e-08	1.117887676621345e-08	1.158502438478525e-08	1.215962605789448e-08	1.261447998776678e-08	1.327222507004365e-08	1.417431647820921e-08	1.408206314728714e-08	1.301783441564215e-08	1.152753561267974e-08	1.028109718125864e-08	1.054274392241329e-08	1.143007401848094e-08	1.187229450175798e-08	1.204392897943385e-08	1.203773218802444e-08	1.116550679687945e-08	9.596682975758438e-09	9.505205540065792e-09	1.007528090275522e-08	9.876983531954314e-09	8.919077894072872e-09	8.822346228820361e-09	9.452872775877744e-09	1.028924578478214e-08	1.119902845990299e-08	1.212793787696472e-08	1.217010042213953e-08	1.115112812899844e-08	9.700772557990401e-09	9.412598325461336e-09	1.018707412043067e-08	1.10810112888733e-08	1.168064856730581e-08	1.230746393708298e-08	1.201967477888033e-08	1.077471248298527e-08	8.975117848782454e-09	6.62042658429316e-09	5.433638111729169e-09	5.871924553740911e-09	6.942822051004659e-09	7.807241833109908e-09	9.076705266708743e-09	1.116301332631721e-08	1.307332594356796e-08	1.368247282267267e-08	1.384277430072691e-08	1.365630939550674e-08	1.265299814246585e-08	1.196304822420809e-08	1.082735330928065e-08	8.767197201913783e-09	8.143680877162029e-09	9.869896389959915e-09	1.140466946394772e-08	1.169941166752368e-08	1.2369122306654e-08	1.333862186279397e-08	1.356160997368459e-08	1.293610286587237e-08	1.148708859293111e-08	1.118814095650877e-08	1.200257933021152e-08	1.231588749702054e-08	1.172345037761668e-08	1.182203301542201e-08	1.282554922024457e-08	1.363526605746188e-08	1.293522820987148e-08	1.086394036891287e-08	9.6684966007197e-09	9.463034472957933e-09	9.93174545032467e-09	1.112528755178102e-08	1.187550439364364e-08	1.164260302264573e-08	1.02556444189121e-08	8.802919231063507e-09	8.315457746411437e-09	8.087685833593401e-09	8.152207283057198e-09	9.131796232001034e-09	1.026607742327379e-08	1.096676137190796e-08	1.147318800401104e-08	1.140750299732254e-08	1.204262598000932e-08	1.261625801163945e-08	1.167813955470419e-08	1.009677851291145e-08	8.896564429159801e-09	7.656446697215704e-09	7.524585319235349e-09	1.017472016358326e-08	1.394728591730203e-08	1.590718398415808e-08
1.059973271872519e-08	8.651224656514162e-09	1.065421714176868e-08	1.273198846409021e-08	1.409868835648433e-08	1.515911189310418e-08	1.463025715127527e-08	1.293275678683269e-08	1.168730218728739e-08	1.066629765238383e-08	9.470239584414112e-09	8.003966542900572e-09	5.869113409109579e-09	6.001247280053641e-09	7.790465876832875e-09	9.051454677033394e-09	9.269136734491867e-09	9.225170389869664e-09	9.390982411284718e-09	9.58892934608963e-09	1.00145150442114e-08	1.006315429577631e-08	1.032085322501146e-08	1.092411169395034e-08	1.146902436136067e-08	1.136383303832931e-08	1.082775288319328e-08	1.128969564789486e-08	1.191172716925126e-08	1.166124988743683e-08	1.175784205713624e-08	1.264881965218547e-08	1.283746777648892e-08	1.194626091804054e-08	1.102050891232507e-08	1.165642582571223e-08	1.297369118252717e-08	1.379515676313702e-08	1.402650297858455e-08	1.391953131149875e-08	1.459218471949105e-08	1.470701919926649e-08	1.36617411616793e-08	1.19739112333469e-08	1.075741506702691e-08	1.054815929629249e-08	1.063627023354872e-08	1.013693632665162e-08	9.83493229406734e-09	9.86900620261428e-09	9.830869916140928e-09	9.167041650890168e-09	8.932137881986858e-09	9.313847680675518e-09	9.86579525255509e-09	1.000539952298074e-08	1.058224056537946e-08	1.091799883336125e-08	1.08747251678272e-08	9.979597304502436e-09	8.862156692427359e-09	8.174588596978346e-09	8.15502181903997e-09	9.512050009465337e-09	1.136847265926868e-08	1.270915757326478e-08	1.237537978084734e-08	1.002841884580179e-08	8.785617548494342e-09	7.143965815377665e-09	6.255202272717111e-09	6.730553857640237e-09	8.387390893496787e-09	1.019322440065496e-08	1.165888412905458e-08	1.213439975319574e-08	1.242766005219676e-08	1.262446783142238e-08	1.346912906588143e-08	1.388367942794804e-08	1.256158666923984e-08	1.064473482309616e-08	9.984541511340233e-09	9.172271522662701e-09	8.437480773090735e-09	9.647407520396861e-09	1.096117520872324e-08	1.163915584902458e-08	1.204444542502955e-08	1.226281338917641e-08	1.254007184474664e-08	1.150878043094021e-08	1.067552767300868e-08	1.16676494644564e-08	1.279673746250097e-08	1.332992050138083e-08	1.329800331852117e-08	1.280618598380211e-08	1.362620081166583e-08	1.456129896063567e-08	1.363971149998668e-08	1.101355814267029e-08	9.349473314443295e-09	9.360397860804654e-09	1.076926009664753e-08	1.132957391050156e-08	1.139013061766065e-08	1.107174350232942e-08	1.041867801447579e-08	9.511291812293607e-09	8.778217536986788e-09	8.566505937687036e-09	9.15585764624919e-09	9.86427304481331e-09	9.923629700220162e-09	9.622741127490019e-09	9.228295181023547e-09	1.02319060677992e-08	1.17065108594941e-08	1.187207718090537e-08	1.027605668826919e-08	9.093572336519809e-09	8.786852862191955e-09	8.035268802141708e-09	8.172462984441792e-09	1.088545255675164e-08	1.449827651315719e-08	1.713489659619312e-08
1.449145964280264e-08	1.302672742101363e-08	1.311555888378118e-08	1.221351515806048e-08	1.082632776638722e-08	1.101997707061676e-08	1.10297456556055e-08	1.008368283713883e-08	9.396783564799195e-09	8.466685450230729e-09	8.183588207149746e-09	7.028286766068278e-09	6.294318830415026e-09	7.543512177790331e-09	9.651569621912856e-09	1.102904353768271e-08	1.131554260182355e-08	1.055565593726803e-08	9.444423418411711e-09	8.653126214337279e-09	9.337421056272599e-09	1.024912154240328e-08	1.07088075027069e-08	1.157527506209178e-08	1.212542372168814e-08	1.18433752288726e-08	1.166422511414916e-08	1.244569152702853e-08	1.28365906625616e-08	1.248220798747343e-08	1.20020243663035e-08	1.250816406128559e-08	1.266702750402935e-08	1.2173037075668e-08	1.108098494471083e-08	1.098511883923014e-08	1.226989659310033e-08	1.379451350802272e-08	1.475004821234436e-08	1.479438474807172e-08	1.41056860337557e-08	1.345905163229439e-08	1.286032878536953e-08	1.218010300696741e-08	1.052049556062421e-08	9.880108227364158e-09	1.057415751053787e-08	1.129710132835062e-08	1.154631745017501e-08	1.090623346978662e-08	9.729116338449184e-09	9.702550265066308e-09	1.051326338187473e-08	1.08973472085715e-08	9.789875305538926e-09	8.870511568205649e-09	9.263989355124025e-09	9.304058660257471e-09	8.544609049949956e-09	6.90481709030907e-09	6.120640142327128e-09	6.763897664729795e-09	8.207436364240984e-09	1.053768391465385e-08	1.202326432520988e-08	1.18139059672049e-08	1.057681875292637e-08	9.356298015885074e-09	8.5804406796188e-09	8.440215498026588e-09	7.66303588138351e-09	7.947497092510703e-09	1.017685936182617e-08	1.213882462057493e-08	1.273482046277379e-08	1.150066259861614e-08	1.118277471226344e-08	1.159541859111753e-08	1.239085545113537e-08	1.341131703476427e-08	1.324250316129197e-08	1.187777959011541e-08	1.125180176480071e-08	1.000741314139097e-08	8.87490961777446e-09	8.521915411495605e-09	9.318926390072571e-09	1.040795650308269e-08	1.109321551908473e-08	1.138688435078506e-08	1.10409485233805e-08	1.050720657083008e-08	1.09362102545862e-08	1.291251245654832e-08	1.466769947829797e-08	1.593383186090743e-08	1.600537744881461e-08	1.498839671182402e-08	1.494992413545398e-08	1.513492864098306e-08	1.410482762999472e-08	1.257690580890097e-08	1.143633000424442e-08	1.103971375694167e-08	1.07498527208821e-08	9.696602047754959e-09	9.163962839750273e-09	9.078950704048017e-09	9.309280398339654e-09	8.389769866322449e-09	7.155405714086296e-09	6.990074268009075e-09	7.817760061704313e-09	8.694047765588873e-09	8.674919289443123e-09	8.006474514173071e-09	8.034244295453287e-09	1.027304414516076e-08	1.208706713639048e-08	1.264654615445027e-08	1.176749980467524e-08	1.056469473173452e-08	1.001014197315862e-08	9.891351022329319e-09	1.015800227991679e-08	1.059435074807778e-08	1.28590643050689e-08	1.631323605784022e-08
1.158496455437104e-08	1.092838707398043e-08	1.186642433323785e-08	1.298664501245054e-08	1.313522284698339e-08	1.241848719842127e-08	1.116298706486793e-08	9.833417893831528e-09	9.932500358098279e-09	9.826708707942936e-09	9.51058960176834e-09	9.560643324945837e-09	9.440142167443481e-09	9.501683771388501e-09	1.020233832201821e-08	1.026884004791555e-08	1.063308634122673e-08	1.024158568947272e-08	9.050632837274236e-09	7.790498558943171e-09	7.595500774213058e-09	8.052695323332373e-09	9.14808635950334e-09	1.046107816902467e-08	1.125240548822994e-08	1.111649359751435e-08	1.088102772502481e-08	1.139157744167949e-08	1.2266888851411e-08	1.257965807784525e-08	1.234089550874539e-08	1.22194589732578e-08	1.254390160585175e-08	1.227771602857486e-08	1.216213121870584e-08	1.236239613891822e-08	1.281020240378362e-08	1.326767198102688e-08	1.352674523440307e-08	1.399358846434231e-08	1.429414530911286e-08	1.411165260157764e-08	1.301581923530356e-08	1.181723315692947e-08	1.052597133537653e-08	9.565972808160142e-09	9.960858544214347e-09	1.089391419146854e-08	1.15340570385549e-08	1.121258638782905e-08	1.027935246130242e-08	1.029136991754565e-08	1.128713842067532e-08	1.174703485612632e-08	1.059000256336525e-08	9.020290429925883e-09	8.718173412058664e-09	8.944653407260499e-09	8.46505058571055e-09	6.974300808711082e-09	6.605101987456009e-09	8.075801227070612e-09	1.065609289163808e-08	1.270072399833234e-08	1.335169369682871e-08	1.210950877854883e-08	1.014011250632488e-08	8.628241859361423e-09	7.815690596681675e-09	7.829778885147061e-09	7.352246910633836e-09	7.944818821329346e-09	1.036375308668465e-08	1.215484943272471e-08	1.20141672350508e-08	9.44763586283868e-09	8.908120244157963e-09	1.027326489079785e-08	1.249328619215543e-08	1.49019579748861e-08	1.595024996640062e-08	1.499239737542007e-08	1.241967179254146e-08	1.033652572469597e-08	9.225729095223009e-09	7.020177091224932e-09	6.611517046923694e-09	8.184195330754185e-09	9.437683103268983e-09	9.890809885097537e-09	9.54977557370515e-09	8.63717413574535e-09	9.292041437825128e-09	1.171364611674518e-08	1.435862362503908e-08	1.626753762514648e-08	1.643084960903377e-08	1.580775731836861e-08	1.547263317299362e-08	1.567621111534626e-08	1.587802997951874e-08	1.576881899962793e-08	1.496829817268952e-08	1.346912384958459e-08	1.128866242577556e-08	8.614980280070936e-09	8.14107201629599e-09	9.32841978963605e-09	1.004787661491994e-08	9.016573607755742e-09	6.84854210144816e-09	5.42171838407546e-09	5.677057187356131e-09	6.92914694646978e-09	7.313051393795392e-09	7.190393785347981e-09	8.928238362932074e-09	1.123009514261805e-08	1.253935237960571e-08	1.27917432122046e-08	1.184375938986786e-08	1.089825108549635e-08	1.0155558131848e-08	1.034173998506792e-08	1.134087967836e-08	1.176114746120344e-08	1.249978834893935e-08	1.41698654817975e-08
1.226035180084535e-08	1.038734972690858e-08	1.057054279852939e-08	1.128882204755782e-08	1.163367537093433e-08	1.130811124341484e-08	1.182327148005814e-08	1.201257947002254e-08	1.115555090219292e-08	1.022056578790529e-08	9.755806876079384e-09	9.879481400989424e-09	1.034425028418167e-08	1.116781075850295e-08	1.234429934302745e-08	1.268178585638037e-08	1.200131485899814e-08	9.982789933115999e-09	8.183739534036706e-09	6.537959621476754e-09	6.324359160591626e-09	6.900939614676306e-09	7.923724599228816e-09	9.452640304258076e-09	1.032375096116611e-08	1.032419018964641e-08	1.00280362652205e-08	1.06122666094777e-08	1.175801714038561e-08	1.290565242083997e-08	1.33296786232251e-08	1.327120924898903e-08	1.31438097595265e-08	1.269676515105675e-08	1.21666825535556e-08	1.231966889651969e-08	1.262672890555414e-08	1.325297311651993e-08	1.465419957431526e-08	1.492533533046296e-08	1.451607172820499e-08	1.406274994827154e-08	1.251723919870187e-08	1.096468087883944e-08	8.733415529453507e-09	7.69104430587355e-09	8.191007415165228e-09	9.231129918957747e-09	1.020504582204789e-08	9.849982106127458e-09	9.535832354123087e-09	1.075264825072977e-08	1.180045561437429e-08	1.166513029234246e-08	1.080143846644785e-08	1.045585886091858e-08	1.055959139244285e-08	1.043300763677397e-08	9.997201848083753e-09	9.65977284453898e-09	9.30154939335034e-09	1.063770778564401e-08	1.205080580560334e-08	1.231891828822975e-08	1.277206894010387e-08	1.147331709507749e-08	9.067283696357597e-09	7.909983414487447e-09	7.047807851739313e-09	6.987426569098864e-09	6.920216860358325e-09	7.494971940946868e-09	8.962710642153921e-09	1.039769523564914e-08	1.092327870426766e-08	9.878524460997588e-09	8.234008140501546e-09	1.016116103797341e-08	1.312238658846318e-08	1.503051957456446e-08	1.612217309474696e-08	1.68477930579643e-08	1.512587142721268e-08	1.281960938746031e-08	1.133711524251329e-08	8.799214427295108e-09	7.017944596976168e-09	8.290320712629703e-09	9.54624686397181e-09	9.353066079006435e-09	7.79376375415692e-09	7.212455294278828e-09	8.489357307470487e-09	9.763776692754898e-09	1.144528707867998e-08	1.392178408191165e-08	1.509320352509682e-08	1.545788927272011e-08	1.512836891315273e-08	1.480075940250543e-08	1.526230540109019e-08	1.477489845919417e-08	1.369807277898301e-08	1.314248790956328e-08	1.244177252812357e-08	1.132531111650763e-08	1.107330082851248e-08	1.07110184146967e-08	9.689691394811593e-09	8.218276000703074e-09	6.850960080862861e-09	6.56868220785709e-09	5.93285944098475e-09	6.281065891640984e-09	6.880311098520026e-09	7.025665772174732e-09	9.38234738976622e-09	1.191186986594872e-08	1.295053984384426e-08	1.277094952397743e-08	1.24251603344495e-08	1.201334523844462e-08	1.059703728705457e-08	1.048654030180573e-08	1.161356586024401e-08	1.145821518238427e-08	1.154111323392673e-08	1.263002240069297e-08
1.254673369912237e-08	1.182083365307361e-08	1.189040063618099e-08	1.127270709665625e-08	1.076450483420665e-08	1.045888433984909e-08	1.078884106384562e-08	1.005466398945832e-08	9.481694375264415e-09	9.063371203798035e-09	9.115631403397309e-09	1.033131787477003e-08	1.0838036460402e-08	1.089799665760996e-08	1.17050147855878e-08	1.189443559993739e-08	1.070661911138545e-08	9.585422854635569e-09	8.95816354926933e-09	8.519904941480332e-09	9.459967931758337e-09	1.109188627055369e-08	1.159756335735915e-08	1.121773491817365e-08	1.085831516760665e-08	1.027106312908241e-08	1.032952252870289e-08	1.114428730105844e-08	1.253099370314584e-08	1.392372673451421e-08	1.420353994766306e-08	1.37288910684113e-08	1.314199145943794e-08	1.286568127595796e-08	1.203137382795468e-08	1.07489243357022e-08	1.040173184128548e-08	1.043305579285255e-08	1.007650951770798e-08	1.073499546614413e-08	1.143461627966207e-08	1.152703888085975e-08	1.110431876779521e-08	1.048147426601737e-08	9.087720275747657e-09	8.064313411947773e-09	8.065974549552527e-09	8.745970618462127e-09	9.767885319766073e-09	9.492543948090557e-09	9.035388101881062e-09	9.868250821515153e-09	1.051152865936498e-08	1.019704405109915e-08	1.019438706386371e-08	1.135777348264453e-08	1.30679783778543e-08	1.390222031928199e-08	1.385619607459475e-08	1.346125142092671e-08	1.321693247353718e-08	1.435470736787254e-08	1.496252876475888e-08	1.403875661842516e-08	1.243332922998476e-08	1.060415236804652e-08	7.913522184371955e-09	6.435080587326058e-09	6.310322920500851e-09	7.141147684295778e-09	7.895237888142651e-09	7.965321559966525e-09	8.369794408596169e-09	9.814115025814101e-09	1.06450340292257e-08	9.717779090598433e-09	7.710470735280812e-09	9.713139907557253e-09	1.307375369251452e-08	1.492977451726728e-08	1.517512817599103e-08	1.427874652005237e-08	1.34767298461196e-08	1.237595965852416e-08	1.017792657154818e-08	7.724066968952896e-09	7.396510751769566e-09	8.445121897960998e-09	9.799671068637706e-09	9.902470301108635e-09	8.228802769304105e-09	7.307909758958239e-09	8.446211384714774e-09	9.956318710813852e-09	1.128743192723958e-08	1.235467302217176e-08	1.359006280125207e-08	1.506735389445707e-08	1.59978475332513e-08	1.572860073897139e-08	1.54466278125262e-08	1.518195423128018e-08	1.451703071930528e-08	1.396218608512994e-08	1.339882258996255e-08	1.263954049355208e-08	1.155321320058842e-08	1.019732916425784e-08	8.581743583254603e-09	7.304813134437041e-09	6.573735617053346e-09	5.588750828704323e-09	4.877007492953571e-09	5.192768799833788e-09	5.615260025109939e-09	7.364642219187614e-09	1.072515503635966e-08	1.276155962602551e-08	1.324320927231101e-08	1.327708530380208e-08	1.342206004739221e-08	1.330253323304446e-08	1.245730080954502e-08	1.18339416149434e-08	1.163052343664068e-08	1.074147130058266e-08	1.026817453219982e-08	1.048802599584028e-08
1.324211221620631e-08	1.097825194114878e-08	1.094629618223304e-08	1.044901099225234e-08	1.071639384660829e-08	1.184995751396611e-08	1.213553990021409e-08	1.148543934123758e-08	1.092396112623762e-08	1.104957944652453e-08	1.150874173249911e-08	1.092824165436868e-08	8.968212831743903e-09	8.689747075646199e-09	8.899623822882135e-09	8.283836432624325e-09	6.49287668399916e-09	5.786478160865357e-09	7.007739642930868e-09	9.222313298993245e-09	1.128354405015811e-08	1.281461449884638e-08	1.358191728532846e-08	1.275577409950485e-08	1.182563570958162e-08	1.179020086223589e-08	1.272916599204252e-08	1.366680361820328e-08	1.38259547047873e-08	1.381967903681432e-08	1.369741160467955e-08	1.295613479353078e-08	1.272052638643521e-08	1.242866689107683e-08	1.136863059613726e-08	1.022609772095407e-08	9.512978558725736e-09	9.564696483119101e-09	9.315650874792999e-09	9.687177390441206e-09	1.030600687103254e-08	1.061416237379576e-08	1.094799342125557e-08	1.086918042692252e-08	1.064162389855686e-08	1.069856587076279e-08	1.059176414955515e-08	1.060219545251427e-08	1.074303482612744e-08	1.011543100556371e-08	9.635280174677957e-09	9.185092042421291e-09	9.445975508008823e-09	9.731181919792579e-09	9.760179989428335e-09	1.142144211050086e-08	1.363504466827987e-08	1.471246591119118e-08	1.548532489548842e-08	1.575803386121368e-08	1.506411542381009e-08	1.306973777994104e-08	1.119700906290728e-08	1.001498579088019e-08	8.278597610208132e-09	6.992036824476896e-09	5.916227799635552e-09	5.566247659769164e-09	6.346372735241786e-09	7.575886390638861e-09	8.320417807851772e-09	8.971559037046426e-09	9.728284782359762e-09	1.06017696679262e-08	1.056781535486216e-08	8.483752831131385e-09	7.276241428335898e-09	1.042945945497915e-08	1.354364680298377e-08	1.527533800545236e-08	1.619488322725965e-08	1.559950062606494e-08	1.342406585835427e-08	1.131489630578206e-08	9.032766661462306e-09	6.537000359285053e-09	7.350917782861441e-09	9.590259167948258e-09	1.08189274680769e-08	1.138786777341492e-08	9.913397353529941e-09	8.907160553873534e-09	1.029722198308269e-08	1.208212483268323e-08	1.265396927795717e-08	1.226291748943592e-08	1.369482096286378e-08	1.65315220357069e-08	1.803476733259771e-08	1.803615835526656e-08	1.666963471217334e-08	1.432367252614732e-08	1.291195963147624e-08	1.175906875989725e-08	1.079265500061475e-08	9.858556859303715e-09	8.196117216622658e-09	6.852881968689226e-09	5.920445531646849e-09	5.849964070417255e-09	6.357961811002244e-09	6.064228244536784e-09	5.883688581600001e-09	6.486392892966381e-09	6.031848594019483e-09	7.692014428313047e-09	1.094657665026424e-08	1.265724964717032e-08	1.367140883734939e-08	1.414757922366824e-08	1.440714854471856e-08	1.469790447701501e-08	1.437348645896576e-08	1.330213160001021e-08	1.242248380565312e-08	1.057174722280747e-08	8.579201175997566e-09	8.4714694489677e-09
1.340801686188666e-08	1.026405947336497e-08	9.255931664933491e-09	9.845020173924769e-09	1.221733856470828e-08	1.377567878702557e-08	1.360934318787886e-08	1.343292339983821e-08	1.251896022225589e-08	1.074540098694579e-08	9.815153475021726e-09	8.821172324608356e-09	7.837059971712195e-09	7.839246217082634e-09	7.779805786007838e-09	7.039404705789632e-09	5.94727067117646e-09	6.073398025567179e-09	7.956048035669825e-09	9.857623239436352e-09	1.168633151499489e-08	1.294189841955193e-08	1.275893226017552e-08	1.222853151184834e-08	1.255714761255642e-08	1.352598538895406e-08	1.427229522046723e-08	1.436882787909011e-08	1.378511129671295e-08	1.286128830832588e-08	1.257275029117546e-08	1.178740800308398e-08	1.114808864512992e-08	1.113941044340598e-08	1.065214631087309e-08	1.027107270413052e-08	1.005537951979153e-08	1.021970241003111e-08	1.075376659326368e-08	1.113929216191289e-08	1.101670223324757e-08	1.094370068210958e-08	1.072162624488038e-08	1.073704794748666e-08	1.063140370173419e-08	1.061132122948917e-08	1.062495246920408e-08	1.111509193635293e-08	1.146233627251006e-08	1.168481170442949e-08	1.171566617629102e-08	1.047191902043517e-08	9.42084014975355e-09	8.800947364570372e-09	9.346320758945457e-09	1.152047104892488e-08	1.342064721318538e-08	1.436342700019506e-08	1.448965044047661e-08	1.432648553953408e-08	1.343085630452557e-08	1.221350525566079e-08	1.119880714795491e-08	9.447472738482959e-09	7.418703844610568e-09	6.191088975492542e-09	5.747622520981628e-09	6.02892808680396e-09	6.890841404537044e-09	7.717429390566214e-09	8.030315572127813e-09	8.754418851557792e-09	9.984855701387495e-09	1.048787112246162e-08	9.736123269114436e-09	8.44424570743503e-09	7.440494416964724e-09	1.053239200889309e-08	1.398684941588236e-08	1.632263934462952e-08	1.663972081801673e-08	1.479194973192301e-08	1.246930874024653e-08	1.093139492806437e-08	9.226244983781445e-09	7.911935487853947e-09	8.673647071198988e-09	9.728596054381749e-09	1.001399818343582e-08	9.935958128420158e-09	9.326493678929268e-09	9.775538532736938e-09	1.191213946705252e-08	1.31380626431193e-08	1.357647585268622e-08	1.410316853713151e-08	1.58376316839444e-08	1.732303911959519e-08	1.726094355422554e-08	1.619932931148336e-08	1.570691139173549e-08	1.37677903721027e-08	9.8838807732156e-09	9.310178499740802e-09	8.779406615055656e-09	8.431094507546564e-09	7.834067582625585e-09	6.640796808968624e-09	6.410835507225326e-09	7.440121457501733e-09	9.174879127948164e-09	9.856618047852859e-09	9.524912643016392e-09	8.814946458101046e-09	7.484102172698453e-09	7.521965648550719e-09	9.051411463620216e-09	1.010104866819054e-08	1.10977765551432e-08	1.198380755040991e-08	1.299749648185386e-08	1.363319587100171e-08	1.339230638467268e-08	1.289230346853606e-08	1.288597814145628e-08	1.187494176186504e-08	1.024338450046411e-08	9.112932504168438e-09
1.338147257340135e-08	8.93901273392676e-09	8.884489221757622e-09	1.07170095616449e-08	1.30566155939569e-08	1.442209699982914e-08	1.39364819674221e-08	1.291937229882731e-08	1.245136899171641e-08	1.180636820974586e-08	1.077243764247578e-08	8.516258894143892e-09	7.287153376047255e-09	7.933571033605333e-09	8.598292194059664e-09	8.048241052554485e-09	7.265399527883318e-09	6.805344492892883e-09	7.476990766302288e-09	8.575928203553903e-09	9.818061779332924e-09	1.070674423089286e-08	1.064044801246178e-08	1.153007138140473e-08	1.226136353023799e-08	1.264600161342254e-08	1.272090342538645e-08	1.206803540418465e-08	1.261736528889331e-08	1.327281254867434e-08	1.327495301679746e-08	1.288137830071987e-08	1.121565305449619e-08	1.114740410745708e-08	1.19215037326353e-08	1.231643279046074e-08	1.17317971935358e-08	1.145371709423951e-08	1.15763375250241e-08	1.086946708215354e-08	9.931570089158438e-09	1.109735848828646e-08	1.255303857762763e-08	1.25733223709753e-08	1.167717829932388e-08	1.172517735344709e-08	1.145794258378399e-08	1.096169345972124e-08	1.12897382744045e-08	1.182852935181458e-08	1.198364720714822e-08	1.128940084363158e-08	1.00907107624518e-08	9.563109957762907e-09	1.032840454770492e-08	1.231129601707833e-08	1.386738544548603e-08	1.416241188294202e-08	1.349695238023968e-08	1.324627697954971e-08	1.213729752986072e-08	1.115527445398108e-08	9.794736430636736e-09	7.426225026859943e-09	4.974297986475555e-09	4.249830752543967e-09	4.910547546605139e-09	5.747552539567262e-09	6.589444662597865e-09	6.911707054631969e-09	7.428625796188454e-09	8.64347296447683e-09	9.573901345331562e-09	1.006165082902823e-08	9.651931382029475e-09	9.799675849823452e-09	1.031615731706068e-08	1.132417824202045e-08	1.228909232045811e-08	1.295506819198222e-08	1.328000378014147e-08	1.33980445400523e-08	1.329923783372892e-08	1.240593840982029e-08	1.032741946386245e-08	9.220181158021058e-09	9.523316678897774e-09	9.485394906823423e-09	1.041318859931972e-08	1.19941355846931e-08	1.357103935453371e-08	1.500514182454878e-08	1.558816716969279e-08	1.454902341665646e-08	1.308219880662316e-08	1.277537066078673e-08	1.415210069817156e-08	1.580611742560636e-08	1.641492078833295e-08	1.604877422664634e-08	1.462074418777738e-08	1.141202197762792e-08	7.478024015900982e-09	5.685529258750739e-09	6.164376551392378e-09	6.69230149352937e-09	7.164549159155218e-09	8.159486217027486e-09	1.030885288300225e-08	1.126507227403788e-08	1.1920488436065e-08	1.224384825759335e-08	1.183742142370267e-08	1.059013972617789e-08	8.624711832942458e-09	7.064427799336644e-09	6.026213994890313e-09	7.029450251012623e-09	8.284856031291162e-09	9.030610217120125e-09	1.055067985646601e-08	1.280365774015017e-08	1.354603765518455e-08	1.362724372097537e-08	1.373387774673202e-08	1.306465138587344e-08	1.123702477262799e-08	1.047353622146882e-08
1.150525714487575e-08	9.387262292141439e-09	1.104689973375387e-08	1.281605675388989e-08	1.402673535842956e-08	1.475897446029789e-08	1.406334666835616e-08	1.279280054431085e-08	1.163026454646426e-08	1.034438178087424e-08	9.447936131326859e-09	8.64344593642263e-09	7.342467782861282e-09	7.936244824039838e-09	7.688718520674587e-09	6.380820367319456e-09	6.082367381650701e-09	6.369789701429253e-09	6.983793975930538e-09	7.855369723304768e-09	8.929170864312427e-09	1.035946045275143e-08	1.116877572110444e-08	1.129147140475852e-08	1.177514943189791e-08	1.271772847057638e-08	1.325116864561529e-08	1.342180126406273e-08	1.337582445014082e-08	1.394141181790924e-08	1.381700363752501e-08	1.408095818370171e-08	1.344393599555601e-08	1.197305990309693e-08	1.203501684213534e-08	1.268123931798083e-08	1.249717717943168e-08	1.13903739547461e-08	1.038938472180637e-08	9.576209724650672e-09	1.018567356156743e-08	1.209006001165277e-08	1.330738985816734e-08	1.360875220884713e-08	1.285775560073222e-08	1.189966646704947e-08	1.080617141889706e-08	1.061735014753822e-08	1.085777782163422e-08	1.095842571536798e-08	1.159383107596532e-08	1.193613802034455e-08	1.117935383388203e-08	1.065348497905406e-08	1.116146415012079e-08	1.210286451561733e-08	1.258221790984316e-08	1.193244746543926e-08	1.089017302400225e-08	1.075637325650352e-08	1.156675905450912e-08	1.163531280414826e-08	1.030318400621489e-08	8.830339938225473e-09	7.296245364721022e-09	5.824411625528281e-09	5.341596459419513e-09	5.090370719247287e-09	5.38708348184981e-09	5.932532235377831e-09	7.211216533135137e-09	8.848002287570817e-09	9.192926176106479e-09	8.877313071472975e-09	9.773383460490246e-09	1.126791017360643e-08	1.207184377281636e-08	1.190039938669991e-08	1.103816364519065e-08	9.977099470450582e-09	8.4261787451285e-09	8.259595032438499e-09	9.236137005790937e-09	1.001700248298978e-08	1.107464644358023e-08	1.154225847971017e-08	1.185329651237956e-08	1.296479096377374e-08	1.381097258226066e-08	1.548696414076506e-08	1.712957636304428e-08	1.7548744238274e-08	1.6551689300218e-08	1.478824332493404e-08	1.252389734451699e-08	1.124781406778323e-08	1.406432607012488e-08	1.584140942129366e-08	1.594283358203372e-08	1.525687235015859e-08	1.391165357456146e-08	1.169800163209314e-08	8.806799762051223e-09	6.317454337582713e-09	5.314558678937925e-09	6.372967963056807e-09	7.224275110888859e-09	8.419552742936325e-09	1.129520364382877e-08	1.303115466123518e-08	1.235007899189994e-08	1.144324781411886e-08	1.013207520650031e-08	8.893413390001618e-09	8.56515883008247e-09	7.173415346533584e-09	5.600925725870156e-09	7.073579512610505e-09	8.90113920014962e-09	8.858932901623074e-09	8.68748693261572e-09	1.024145670246674e-08	1.160297515224706e-08	1.269571162435661e-08	1.395314140250329e-08	1.442378579079336e-08	1.340380915553276e-08	1.229779539823984e-08
1.219713028721287e-08	1.040733420616958e-08	1.066738050111835e-08	1.170709766680082e-08	1.33534527034174e-08	1.393833812907543e-08	1.266810961677169e-08	1.173856615082422e-08	1.12864661200767e-08	1.085393964212018e-08	1.013470848295946e-08	9.437314168516432e-09	8.520255207984518e-09	8.312494455092426e-09	8.186227260420327e-09	8.083389812357392e-09	8.711047699119147e-09	8.99639125552914e-09	7.911913071034711e-09	6.743534355345384e-09	6.698162641653044e-09	8.769352405801491e-09	1.039866771784524e-08	1.150935889071097e-08	1.173916346816201e-08	1.173161201870398e-08	1.163402876643147e-08	1.216344695558805e-08	1.28343763681901e-08	1.419084014508864e-08	1.474884509930949e-08	1.347456481604212e-08	1.247656875987276e-08	1.153603858489973e-08	1.110663647612573e-08	1.068794974785587e-08	1.136435276159284e-08	1.222816695285712e-08	1.18183394376091e-08	1.099407354608963e-08	1.075733738876929e-08	1.174460748476013e-08	1.319166316948851e-08	1.391349649221197e-08	1.342293250491167e-08	1.33546278096867e-08	1.320619518268802e-08	1.267599218152138e-08	1.165998115743997e-08	1.145541526419616e-08	1.212592978304507e-08	1.247946297464443e-08	1.174107127580303e-08	1.061065444254842e-08	1.075504576842835e-08	1.16711156391692e-08	1.233496976867098e-08	1.175654677947452e-08	1.085358347152172e-08	9.98491157077662e-09	9.667864165896909e-09	9.682666753913547e-09	9.215690774043491e-09	8.211829005418241e-09	7.390804156924653e-09	5.744006220292752e-09	4.160116064130654e-09	4.053663452360526e-09	3.900177475398375e-09	4.376033459916205e-09	6.304449884290964e-09	8.254739555000349e-09	9.33366109626324e-09	9.44421252694992e-09	1.05258883180859e-08	1.193234752760469e-08	1.248216317402757e-08	1.182552412501089e-08	1.024198270694668e-08	8.770735542023276e-09	7.97612179088142e-09	7.812567330937304e-09	9.472118475350984e-09	1.217922544945317e-08	1.406170675749877e-08	1.533140020629931e-08	1.694232760901995e-08	1.79849624658147e-08	1.834208806757899e-08	1.843096976561953e-08	1.712526040059473e-08	1.441399632412944e-08	1.28761213086168e-08	1.168384668086049e-08	1.054901943509923e-08	1.02389878117501e-08	1.327251218258546e-08	1.495915357686928e-08	1.469726462401618e-08	1.393338251720104e-08	1.264520952473418e-08	1.069980830661291e-08	7.835881890271236e-09	5.163738208743814e-09	4.437423674740994e-09	5.372145602203725e-09	6.990457834253631e-09	8.794746683632892e-09	1.075928753467799e-08	1.201665778619717e-08	1.175780081233651e-08	1.074050870327247e-08	9.958468495888046e-09	8.636258525670455e-09	7.74046942121111e-09	7.904277577466076e-09	1.030079378181947e-08	1.248514784467277e-08	1.281635943256994e-08	1.129913305763914e-08	8.179641253419651e-09	6.874544360101314e-09	9.952211224005347e-09	1.240384422086403e-08	1.334533581227413e-08	1.301710297497732e-08	1.259496103025102e-08	1.264073915631654e-08
