2.958891724165082e-07	3.941822865153456e-07	3.31507209298776e-07	3.114006277217413e-07	1.705490879324971e-07	3.298626326272644e-07	3.394104433104038e-07	4.244490652217406e-07	3.549110792115666e-07	3.4231285065052e-07	3.64138273070578e-07	3.62348615548776e-07	3.353508639136015e-07	2.288368695458692e-07	4.178487109339501e-07	3.597912436374387e-07	2.519500463263924e-07	3.246894313191248e-07	2.503438417479038e-07	2.323017223801713e-07	1.289761001054627e-07	3.778760546839501e-07	7.306075217668368e-08	1.140728888045903e-07	1.753572038162558e-08	3.507563599165085e-07	3.554215942915084e-07	2.379626280851133e-07	-2.916969840471143e-08	1.276937554470322e-07	-1.059192260209903e-07	1.375919840080787e-07	-5.744796875354852e-08	5.360179151490658e-07	2.973133003234852e-07	2.706203043205783e-07	4.478007185647637e-07	2.769902352798807e-07	3.466486655124384e-07	1.18279988186858e-07	1.698970839034653e-08	8.690559683511373e-08	3.039072583220714e-08	7.190734916509411e-09	4.145892223801709e-07	3.690771811374386e-07	5.500846666025539e-07	3.073865198002294e-07	3.514091215444154e-07	3.171339716534272e-07	3.263011001054617e-07	1.50455069945579e-07	3.723145075953263e-08	1.287770802697473e-08	8.35411028307535e-08	3.529943550109854e-07	9.633498001098581e-08	4.544948773583683e-07	2.86620267983369e-07	1.388711945822066e-07	1.000797474528465e-07	5.45070731282787e-07	2.013639225981949e-07	4.438613244877291e-07	3.503322501781364e-07	3.29819123361276e-07	3.507983702726129e-07	2.527694322275553e-07	2.881993286665086e-07	2.705777897856945e-07	4.482967078452871e-07	3.906497238336594e-07	9.295897165342761e-08	1.175547474528463e-07	5.548935783031354e-07	4.467053015952871e-07	3.841385955633107e-07	2.304170884775552e-07	3.221239380415084e-07	5.029440325182521e-07	3.877571002871478e-07	3.123906304470317e-07	4.036611337173804e-07	4.066447819731941e-07	4.220507276490662e-07	3.498903851708688e-07	4.590195957449963e-07	4.559325227072058e-07	3.901385955633106e-07	4.644762409121476e-07	4.083135455996477e-07	3.026819731069154e-07	4.041244876417989e-07	2.500083312101133e-07	1.417771448002298e-07	5.575161800473216e-07	5.218083857159265e-07	4.247040706723222e-07	3.592825681287178e-07	4.535423337537175e-07	3.269485474165085e-07	4.113727252871478e-07	2.047165070822064e-07	3.399736927653454e-07	3.546653397493572e-07	2.29905169872904e-07	2.039765634048808e-07	9.457288880459059e-08	1.685054878234856e-07	5.792427698002285e-07	1.093442914208693e-07	4.215029987246477e-07	8.26228570095325e-08	2.100682775807903e-08	1.995771266316252e-07	4.254484293205779e-07	4.160541070095313e-07	2.989237972348225e-07	2.921365016316248e-07	4.103238699092409e-07	3.233993468351132e-07	1.414159075182532e-07	4.110856295386012e-07	4.180723346621478e-07	2.13072548143253e-07	2.413897628961599e-07	1.59209235098195e-07	3.059504823729038e-07
3.397610444480156e-07	3.193381637013008e-07	2.95550664595425e-07	2.687543998173397e-07	1.954452240282212e-07	3.098206002041734e-07	3.356674488096255e-07	2.390315436411584e-07	3.329916352280929e-07	2.47681141750193e-07	1.352720318043843e-07	1.148297169453273e-07	4.116594105253711e-07	1.80764807924257e-07	2.02182522134967e-07	3.868222934966676e-07	8.719954454386681e-08	2.15417698449115e-07	5.397448663785223e-07	2.178840113167787e-07	2.833196823677539e-07	4.157978441699072e-07	2.997578380111799e-07	-2.597556897414714e-08	5.478326500915478e-08	4.136628499352205e-07	5.055149291675036e-07	3.778463047025479e-07	3.223805444394323e-07	2.69635777069102e-07	7.226932292980797e-08	1.75130015010585e-07	1.895208971964828e-07	4.691426194800609e-07	3.566426417974024e-07	3.558705062138325e-07	1.949455694462994e-07	7.164496151334354e-08	3.853315808367265e-07	3.725202411954066e-07	3.137344742943125e-07	1.102069592301077e-07	1.898430498399433e-07	4.03589389366815e-07	1.493481014988656e-07	3.200990113239315e-07	3.906247198279824e-07	3.534966072026625e-07	2.859462229080623e-07	2.554619756605347e-07	3.166415143067299e-07	5.109907874090061e-08	-7.74171310878851e-08	8.779295695831722e-08	5.330666815437283e-07	2.554901565611826e-07	2.642125006187609e-07	3.460635530029965e-07	2.433758284705166e-07	2.768718345963405e-07	2.918204394763992e-07	3.552150563119717e-07	3.165331318561716e-07	2.4394415426221e-07	3.994743607119213e-07	3.336606947381415e-07	2.908555966562883e-07	2.179161168506212e-07	2.470434247998863e-07	3.026713039157186e-07	4.881419500949023e-09	2.534571919422859e-08	5.819296122254941e-07	2.264087760905726e-07	3.410154824515864e-07	3.483113561397275e-07	3.452855474222309e-07	3.574181099608569e-07	4.089326226345314e-07	2.591856253183352e-07	4.83328333198645e-07	1.584102649504999e-07	3.803219761540907e-07	2.601200520702464e-07	2.114607281783884e-07	1.816695277200246e-07	1.640099770424931e-07	6.983751803630192e-08	1.53305450842507e-07	6.394908777975618e-07	9.604157907709097e-08	4.944935405963771e-08	1.470467662494838e-07	3.288303859648512e-07	2.936389392646704e-07	2.028846909227347e-07	1.126796829686057e-07	-7.86695154773696e-09	2.138031462193838e-07	2.953095715392655e-07	3.360424128658309e-07	3.399368177581926e-07	2.256733263532305e-07	1.279641848627183e-07	2.224794931639108e-07	2.131283048012596e-07	2.857557836713153e-07	4.538380336956352e-07	2.44643586064135e-07	1.872057915038439e-07	3.092889067185477e-07	4.607765446282711e-07	4.595428682969559e-07	2.908485927664901e-07	5.756399671499014e-07	5.021592103845998e-07	2.00723529283669e-07	2.322399797391716e-07	2.202421786410441e-07	5.204331160375758e-08	1.603967506917219e-07	3.305287478577052e-07	1.640681611405292e-07	3.602927063531729e-07	2.003391747769968e-07	4.408278596346802e-07	5.445793101903244e-07	4.171235342549992e-07
2.685454164795234e-07	3.993315408872555e-07	8.269119892074865e-09	3.117956719129379e-07	2.324913601239453e-07	3.835285677810822e-07	3.429869543088473e-07	3.788515220605752e-07	2.057346912446196e-07	1.659119328498659e-07	3.231057905381894e-07	3.260858183418772e-07	1.979054571371415e-07	4.211802463026439e-07	3.22291333335983e-07	3.07128343355897e-07	4.039865427613397e-07	3.024959655791047e-07	3.644083910091422e-07	3.054663002533857e-07	2.695882646300457e-07	2.730446336558649e-07	1.572299238456772e-07	4.238884732471137e-07	3.630433096366832e-07	3.15019339953933e-07	2.622332640435001e-07	-5.868251868001582e-08	-5.349421271642167e-08	2.458277986911722e-07	2.267578718806063e-07	5.443930460130903e-07	3.883022631465143e-07	3.25429823811056e-07	3.537219832713198e-07	3.56970708107087e-07	3.597654203278339e-07	3.43524687746805e-07	3.369019961610148e-07	3.355729942039559e-07	3.452417401982791e-07	2.371583216251014e-07	3.680828738476795e-07	3.176630438171219e-07	9.448061755995093e-11	2.760333415104245e-07	2.057397730534111e-07	4.128816946050954e-07	1.333708242717095e-07	5.07274796676425e-08	-5.875557149200097e-08	-5.98819124637777e-08	7.93217870646964e-08	5.958205889660127e-09	5.649226025670579e-08	4.783484581113789e-07	3.773775212265362e-07	3.542572286476242e-07	6.198138895766464e-08	9.735997461047538e-08	2.245486314999528e-07	6.471881341157023e-09	1.067648411141493e-07	-2.336051596330878e-08	1.096914712457071e-07	8.092726611500778e-08	4.888782303996415e-08	8.515030147368742e-08	1.248500209332642e-07	1.723898180457433e-07	2.456536311566089e-07	3.282542145547958e-07	4.170502527975624e-07	2.85762804728299e-07	2.941238660003774e-08	3.434049106841677e-07	5.086699992811505e-07	1.161691314441597e-07	4.228807227555857e-09	1.33177218118418e-07	3.591120661101428e-07	4.102548994539669e-07	1.935953185908016e-07	4.246203221672977e-07	3.249082287077096e-07	2.543111702691798e-07	2.464753583399887e-07	8.101751336539683e-08	1.355848061217027e-07	4.89643014682977e-07	2.556696125545329e-07	1.765417350123589e-07	7.833154485716799e-08	2.096899407195897e-07	1.687882337291118e-07	7.359070179814704e-08	2.540884802212835e-07	3.528370262322015e-07	2.838737243100492e-07	5.012393093248123e-07	1.814112783151539e-07	8.636341022923803e-08	2.564551456242544e-07	3.637796769600899e-07	3.773186465784635e-07	3.776393972961572e-08	1.000475039377505e-07	2.461406785866813e-07	4.017066843047842e-07	3.091438132074577e-07	3.016335220162268e-07	2.439625905318951e-07	3.399253795843806e-07	6.085778577749011e-07	3.458153076681795e-07	3.518074914486225e-07	1.648679515578062e-07	2.137436622435207e-07	2.83797855650463e-07	1.809252532982729e-07	2.221316545483299e-07	2.07979088197158e-07	3.775881927424559e-07	4.079255780441977e-07	5.674808014107395e-07	5.135909563732008e-07	5.285493852824551e-07	3.619090861370953e-07
1.099172885110313e-07	8.186241807321136e-08	4.522375751887225e-07	3.036869440085363e-07	3.083124962196694e-07	2.443865353579916e-07	2.172939598080694e-07	8.202150047999334e-08	1.957777472611458e-07	1.124927239495388e-07	1.475645492719955e-07	9.48419197384284e-08	1.076765037489116e-07	2.303081846810322e-07	5.197251445369987e-07	3.949843932151258e-07	3.689860409788138e-07	2.493992327090948e-07	4.423469156397614e-07	2.595110891899931e-07	2.157318468923375e-07	2.251642314182287e-08	1.173950968017451e-08	4.494400154683757e-07	2.949908542642127e-07	1.165133299726458e-07	4.396409891949645e-08	-7.697384206258077e-08	-1.377689698722766e-07	-8.083017968675674e-08	3.10896420831405e-07	4.736685770155969e-07	1.139461290965471e-07	4.502920281420505e-07	3.227888247452371e-07	2.544209100003417e-07	3.232852712093691e-07	4.416669139802671e-07	1.647599114853034e-07	2.769507472125053e-07	2.304615061022462e-07	4.475968402009597e-08	1.739476978554168e-07	-6.133017325704075e-10	3.13928359736253e-07	1.226926716969178e-07	4.206798262788384e-07	3.069667820075289e-07	2.733329256353559e-07	1.050054836747496e-07	1.580098427092665e-07	3.617459633154341e-08	2.373357052172779e-07	4.508484548210015e-07	3.377178389696811e-07	3.390317596615761e-07	2.591300418343121e-07	3.56300904292252e-07	1.913494494448118e-07	-5.181438537538986e-08	1.126893235235065e-07	3.965912063703401e-07	1.99809050372126e-07	4.337973138111702e-07	3.854460817794914e-07	1.477313374918731e-07	1.287825494236391e-07	6.162198609675331e-08	1.666066170666417e-07	8.962083217576781e-08	4.073834281227009e-08	6.836270991536471e-08	5.667583933696298e-07	4.344793333660252e-07	3.210342907484873e-07	4.086984652286076e-07	2.858044511400712e-07	2.004951529274615e-07	1.821624918205786e-07	4.722813109184994e-07	3.517079902164114e-08	1.058620339574356e-07	2.719366102751238e-08	1.090080922643505e-07	5.213432292370305e-07	6.485153128183341e-07	3.593907396374843e-07	2.328975086944913e-07	3.150166140089866e-08	3.964515156839306e-08	1.093726460319756e-07	1.238216159650806e-07	7.587882346485203e-08	1.225744954743281e-07	2.560000281935526e-07	2.373217126735586e-07	2.882472774739614e-07	2.729535040121413e-07	1.140568024007154e-07	2.273190471103607e-07	8.224264376447662e-08	1.552750270028291e-08	3.570244648952782e-07	5.107951690574618e-07	1.466202999930174e-07	1.903745746579709e-07	1.930392242041849e-07	1.995808234777271e-07	4.94072825454348e-08	2.737693349110721e-07	7.989063731390643e-08	2.987236364355184e-07	2.719828908718053e-07	4.421821227833135e-07	5.167531481864563e-07	5.095182725126442e-07	2.032623738319431e-07	3.248098447478694e-07	3.755535326598818e-07	3.58369694992788e-07	2.81879058404938e-07	4.059044285366099e-07	5.596457243443827e-07	4.685334497352226e-07	2.702349280444843e-07	4.581415531117218e-07	3.809319603745861e-07	5.913196380191903e-07
2.953141605425383e-07	3.175932952591656e-07	3.441685304853718e-07	3.424532161041345e-07	3.228586323153935e-07	3.593820029349003e-07	3.523759653072908e-07	3.767914788994097e-07	1.504958032776722e-07	3.556101504921162e-08	4.285108080058003e-07	7.944802113497898e-08	1.936600503606812e-07	3.819236230594194e-07	7.789645573801628e-08	2.278029430743554e-07	1.141980391962884e-07	1.452499839085425e-09	2.211479402703815e-07	1.026837812660119e-08	-1.294957084537012e-08	6.685071262777999e-08	1.052740955146711e-07	2.439165576896385e-07	4.115133988917417e-07	1.878948199913578e-07	9.798243379549198e-08	5.839348345548522e-07	1.362687729718674e-07	6.662434193531297e-08	1.275474697822044e-07	7.343160801810448e-08	1.90289995046579e-07	4.586042324730452e-07	5.129316621915524e-08	1.612836118935964e-07	7.238012209090472e-08	5.088414021373045e-08	1.047053268095917e-07	1.100285002210551e-07	1.064562720062133e-07	3.643485464150892e-07	5.227750218631524e-07	4.21660352717735e-07	3.354872388549468e-07	1.945770018834105e-07	-8.517620495732248e-09	7.227686940996279e-08	-2.136747300099646e-08	-1.989151231814286e-08	1.140752569105347e-07	1.276936051268645e-07	1.265121233698602e-07	4.799762037523441e-07	5.099309176826567e-07	3.15290061211773e-07	3.785950624420874e-07	3.592070799368798e-07	6.763000993195963e-08	2.353237546387436e-07	5.282675155470588e-07	2.229730313995248e-07	1.410532596301032e-07	-2.438235641434797e-08	2.433006923132768e-07	3.267354088687381e-07	2.501522758073139e-07	3.300686707198184e-07	-4.851178679998008e-08	-3.451065369420757e-08	4.563555446793068e-08	-3.470379472406688e-08	3.754040339416981e-07	1.747458620037526e-07	3.261936948969376e-07	1.810795197730484e-07	1.451389029989916e-07	4.979336744107626e-07	2.798836764136016e-07	3.96747903718582e-07	7.002953193313846e-08	1.900066684609031e-07	3.610420034642217e-07	2.692333623614018e-07	4.223907297663524e-07	2.206444553674907e-07	9.018112093498094e-08	7.435250402358672e-08	8.728101668009417e-08	5.149728845380779e-08	1.005131795094179e-07	1.186889969178022e-07	7.252610207253606e-08	4.27715502290665e-08	3.964932265799427e-08	6.074022354897111e-08	8.720607472664008e-08	2.758324817920809e-07	3.106148804913805e-07	2.428987848959081e-07	2.279865092137987e-07	3.183790951713267e-07	2.444812841663026e-07	2.140356611548349e-07	3.070844534075701e-07	2.444727095863263e-07	2.471809444706195e-07	2.444834683687725e-07	2.513203807860838e-07	5.454448566146855e-07	2.050977526115851e-07	1.591221823391422e-07	2.1157790215923e-07	2.69486387791726e-07	3.306159887047342e-07	4.027790535766666e-07	1.229317961060804e-07	4.64226027252218e-07	4.018717096693008e-07	3.885141366873035e-07	2.357264622615463e-07	2.564297688760628e-07	4.480407559463103e-07	4.142413214262477e-07	5.159140546782274e-07	4.098546498502429e-07	4.952145354667163e-07	3.792051899012867e-07
2.798235325740458e-07	9.304917244512123e-08	4.763244857820204e-07	3.183694881997329e-07	3.104422684111178e-07	3.362649705118093e-07	3.343079708065126e-07	9.859895731882775e-08	9.94388592941987e-08	4.511918061488831e-07	3.178445667396062e-07	3.663416225315287e-07	3.300435969724506e-07	1.576015614378077e-07	1.194802669390324e-07	2.291089929335844e-07	2.693225374137619e-07	5.139307669690738e-07	3.468239649010005e-07	3.107756670632076e-07	2.376940114169208e-07	2.518850021137367e-07	3.473086813491673e-07	3.224309991090126e-08	4.334609435192708e-07	2.388388100100699e-07	7.152576867148773e-08	4.219060111722878e-07	3.618940158160117e-07	3.294288635573824e-07	3.461235187330025e-07	2.502446390206104e-07	2.905963609966107e-07	3.309039368040404e-07	2.48097507693072e-07	3.724963137868503e-07	2.911624729724391e-07	3.042388664471919e-07	3.207632421338793e-07	3.599375322960459e-08	1.908853791018035e-08	1.723624088100837e-07	2.647773458708899e-07	3.47959007168042e-07	2.986586179736408e-07	2.364613320699032e-07	2.78309932729695e-07	1.090494568123958e-07	2.558071283626495e-07	1.458739916889639e-07	3.81503171111802e-07	4.08100113922185e-07	3.401010415224415e-07	2.869164526836874e-07	3.021939963956334e-07	2.813483627619699e-07	2.937225830498631e-07	1.850007555815081e-07	2.455605704191066e-07	1.668868946528781e-07	3.138457075706127e-07	3.317673564287087e-07	2.721224688880798e-07	2.638004733601316e-07	3.555553028470615e-07	3.672519802456034e-07	2.44509502190989e-07	1.976403553428846e-07	4.212698093333961e-07	1.571828604358162e-07	1.45257766123591e-07	4.189172006364999e-07	2.538746745137664e-07	3.259373906414787e-07	3.726780990453878e-07	3.76948074317488e-07	3.496608548579111e-07	1.739596958940657e-07	2.036798610066251e-07	5.038394965186642e-07	3.92363264844635e-07	1.33338802964371e-07	4.876653459009317e-07	2.961836324584536e-07	2.043757302956746e-07	4.854360979166452e-07	3.261340022324761e-07	2.168574993526813e-07	4.579853719592887e-07	1.186994253392224e-07	2.620162129868598e-07	3.514563778705231e-07	4.47548380680219e-07	4.877811049838033e-07	2.003986171224348e-07	1.399837344243829e-07	5.023648719793169e-07	1.406739595720209e-07	2.371354585820463e-07	2.231535226814557e-07	1.903928746631212e-07	3.215306876423714e-07	2.932631034373266e-07	3.552011532522068e-07	1.972486068221236e-07	2.12470844514682e-07	3.886226647370538e-07	4.036111132598177e-07	5.553459790267325e-07	3.048703783183005e-07	1.969173679092641e-07	2.409957282427654e-07	3.972104134466539e-07	4.572031528001373e-07	3.210288292230115e-07	2.218273346406893e-07	2.284137183802172e-07	1.978547097565678e-07	1.653898866787205e-07	4.281460783818191e-07	1.243238661181549e-07	1.581801092155156e-07	3.757732875482378e-07	3.372241931172729e-07	4.934681813119712e-07	4.210052465887637e-07	4.17534610558847e-07	3.220782417833827e-07
1.434329046055538e-07	3.455800496310754e-07	3.478929410786697e-07	3.518107602953311e-07	2.812259045068421e-07	3.388729380887183e-07	3.510774763057343e-07	3.514064357382443e-07	1.201569153107249e-07	2.425600972485564e-07	2.80265825473412e-07	-4.081477607191959e-08	3.707646435842202e-07	3.702294998161947e-07	3.574890781400481e-07	-6.234745720718562e-08	2.692345356312358e-07	4.48046534099064e-07	3.3071248953162e-07	3.234704559998149e-07	1.787000936792127e-07	3.523567915996936e-07	-5.280673281633465e-08	1.909571421321629e-07	3.844209881468003e-07	2.207453000287822e-07	1.562191035474832e-07	1.781468778972394e-08	1.527442586601571e-07	-3.371661482054646e-08	2.871620676838016e-07	3.635701700231164e-07	4.211277269466424e-07	3.197536411350352e-07	2.926893491669892e-07	2.006840156801052e-07	1.014198238539746e-07	4.033560926806539e-07	1.729961574581678e-07	3.573590062381529e-07	4.03433303814146e-07	2.858512712050775e-07	2.657921698786266e-07	2.170701616183491e-07	4.207924970923344e-07	1.665206622563963e-07	2.88987485955123e-07	2.134345442148287e-07	3.966317297262959e-07	2.972394956960706e-07	3.304810853130702e-07	3.438441227175066e-07	2.944149596750235e-07	2.887067016150301e-07	3.022820751086095e-07	2.970566643121667e-07	2.277126036576389e-07	1.76094431226136e-07	2.440161309062541e-07	4.007750346670118e-07	2.712488995941662e-07	3.592241814578929e-07	3.033291781460567e-07	2.235583031346121e-07	3.043849133808467e-07	2.325310516224693e-07	2.223292285746643e-07	3.769870399659499e-07	3.19626405466774e-07	3.364638745658399e-07	2.780674777792512e-07	3.756256959970682e-07	2.540703150858342e-07	2.729789192792055e-07	4.067125031938381e-07	3.124916288619282e-07	3.061578067168313e-07	2.366107173773675e-07	3.769260455996478e-07	2.607560893187472e-07	3.988344977561324e-07	3.388334374678382e-07	3.845636883376423e-07	2.396964025555056e-07	4.655732308249954e-07	2.718777404658012e-07	4.214243835299717e-07	6.802499468177664e-08	3.867522272384846e-07	3.594140622246364e-07	4.788692464643014e-07	4.219987588232444e-07	3.766956592879033e-07	4.294281597385417e-07	3.699979115868754e-07	4.707772452997939e-07	4.756236692319951e-07	3.0034043735196e-07	4.317060366727114e-07	4.008457604670027e-07	2.685617401124435e-07	3.47294780113416e-07	1.82482422708351e-07	1.733416453495796e-07	2.989877602366765e-07	1.05843979443038e-07	1.946268850034891e-07	3.996887581508633e-07	3.614090772673827e-07	3.003209000219149e-07	5.76336983206942e-07	3.574442741463885e-07	4.356929247340782e-07	7.405741780855038e-08	4.08791697412897e-08	9.630061570471184e-08	5.215831406543534e-07	3.435333922609165e-07	2.858330636881392e-07	3.331530200763351e-07	2.807837699747626e-07	2.769054495549677e-07	2.307183191501655e-07	4.516445648082976e-07	3.198598079457156e-07	4.770058433272844e-07	1.861421856509783e-07	2.178512936654787e-07
1.948422766370611e-07	5.162342681703125e-08	5.201738963753182e-07	3.099145323909296e-07	3.102470406025663e-07	3.192809056656273e-07	3.55021981804956e-07	2.183764141576619e-07	-2.55875286727484e-08	4.990338834822964e-08	1.078708420721839e-08	-7.079617467536895e-08	1.494731901959908e-07	2.793324381945826e-07	2.470853893410647e-07	3.604210926520422e-07	2.441715338487098e-07	1.027498012290549e-07	4.412760141622389e-07	3.419777449364222e-07	3.18793675941504e-07	2.88466081085651e-07	5.515353018162097e-09	2.956336843534247e-07	2.780603277433064e-08	7.743929004749483e-08	5.712493842347919e-08	8.374836440715872e-08	4.529570015043011e-07	1.98937906801523e-07	1.898006166346007e-07	9.56707010256236e-08	4.468840928966743e-07	2.473658454660303e-07	9.979369064090707e-08	2.651967175733594e-07	1.167271747355096e-07	2.356983189141167e-07	7.146657278245626e-08	4.783242592467018e-07	1.485530697181135e-07	3.268526336000713e-07	2.335069938863633e-07	3.971881606865634e-08	3.454138762110286e-07	4.364424924428884e-07	1.446400391805514e-07	1.167071316172621e-07	5.065938310899422e-07	2.674799997031779e-07	3.484964995143383e-07	3.41838131512828e-07	3.129288778276054e-07	2.25059450546373e-07	3.338701538215855e-07	2.871149658623636e-07	2.542526242654145e-07	2.854631068707635e-07	9.850919139340205e-08	1.316006746811469e-07	3.443395916177194e-07	2.064560064870775e-07	3.587233874040336e-07	3.363161329090922e-07	1.93889523914632e-07	2.551976229993348e-07	2.727489549583392e-07	2.79771224589016e-07	1.64845501600152e-07	1.971073886958646e-07	4.563271894349113e-07	1.076341913576371e-07	2.317659556579021e-07	3.441829479169319e-07	3.546844073422887e-07	3.983726834063681e-07	3.818672585757511e-07	2.316867388606696e-07	8.940973019267189e-08	2.005976821188298e-07	4.704807306676295e-07	2.642405719713062e-07	3.219620307743528e-07	3.292341726525571e-07	3.716457313543172e-07	3.647318830149564e-07	1.068772648274685e-07	4.135549900108705e-07	4.000065825176803e-07	7.4416199110052e-08	1.489347799417447e-07	4.731911397759659e-07	2.425054378955877e-07	2.360021449328099e-08	2.601097060513167e-07	2.979082561752065e-07	4.075199664846733e-07	1.781194151318999e-07	4.426016147633769e-07	3.538004982525504e-07	2.731556055617659e-07	2.51783872584461e-07	1.240892419793752e-07	1.703196374469519e-07	4.066144136512294e-07	2.205796143713932e-07	1.032686052699241e-07	4.930414030419086e-07	5.842217550803319e-08	3.072464217255291e-07	2.11756598504622e-07	5.714678200500113e-07	2.257004360215033e-07	4.709491828169612e-07	7.854201025956692e-08	3.284488967687334e-07	2.845400629284912e-07	3.659120747652654e-07	4.995012406975577e-07	2.556724617708509e-07	4.067186738313704e-07	2.565432898944203e-07	3.169258507520926e-07	4.935774364993224e-07	3.842639345794592e-07	2.53781440065806e-07	3.423872607431084e-07	1.978493455475746e-07
2.535641486685685e-07	4.036043040029851e-07	2.827673516719678e-07	3.341308044865279e-07	2.938556766982906e-07	3.573638732425362e-07	2.983664873041779e-07	3.239588925770788e-07	-2.919472656222185e-09	2.787167944790237e-08	3.388334294102397e-08	7.397242672118114e-08	4.681817368077597e-07	3.7649787657297e-07	1.572692005420812e-07	3.160521425112714e-07	2.894960320661836e-07	5.146530683590436e-07	2.504145387928589e-07	2.593100338730297e-07	2.603247582037959e-07	4.127878705716079e-07	3.623743885265887e-08	1.515352265746873e-07	4.640160774018586e-07	3.592332800662063e-07	1.448182732994746e-07	1.753695410245935e-07	4.513322443484459e-07	3.192049284235927e-07	3.139516655853992e-07	2.973462320281295e-07	3.854154588467066e-07	3.168780497970248e-07	3.212355321148238e-07	3.194719194666137e-07	2.244345256170442e-07	3.522530451475787e-07	1.714994881067441e-07	9.037701225525219e-08	4.085853356220795e-07	3.542414959950653e-07	2.943718178940997e-07	1.159049705189628e-07	2.384977553297228e-07	3.318143226293815e-07	4.298550924059786e-07	2.329797190196949e-07	3.335809324535896e-07	2.542205037102852e-07	3.792619137156063e-07	3.390821403081494e-07	3.359427959801873e-07	2.664496994777156e-07	2.795457325345618e-07	3.398732674125602e-07	2.8889264487319e-07	2.392067825153915e-07	1.830647518805493e-07	3.137388146952806e-07	2.60980283641273e-07	2.230753315162617e-07	1.975550966620111e-07	1.498614626835731e-07	1.966816344484171e-07	4.631891943761996e-07	2.730686813420144e-07	2.13005409212082e-07	3.88514597733529e-07	3.081384028258885e-07	3.97136901090572e-07	2.630926867182048e-07	2.4144909622997e-07	4.201119765546583e-07	1.800688114907396e-07	2.543412379508087e-07	3.964517104346712e-07	4.27162760343971e-07	3.070559147856945e-07	2.440517749189121e-07	4.113269635791272e-07	2.70685206474774e-07	2.880103732110632e-07	1.868719427496093e-07	4.693807318836385e-07	2.328485255641121e-07	2.55942646124964e-07	3.849849853399656e-07	3.70548437796876e-07	9.575583599546671e-08	1.939253134191869e-07	3.755460207286878e-07	2.566521650327233e-08	8.025976924801896e-08	2.268715005157579e-07	3.935392670506182e-07	5.43941263737351e-07	5.415608929118384e-07	4.080471928540427e-07	3.058552360380981e-07	3.90211971011088e-07	2.917979650555055e-07	9.64085612503994e-08	4.858976295443231e-07	2.190785670657832e-07	1.91352749299749e-07	2.654478255363583e-07	1.981565479329551e-07	1.331727737486826e-07	4.60571943429143e-07	5.674762138022999e-07	1.438288659536359e-07	2.421704473089277e-07	4.136784478253732e-07	1.370173507778441e-07	1.949721778327559e-07	1.572219852026286e-07	3.735157572696144e-07	4.366069177069769e-07	2.441919034653667e-07	3.202535776879789e-07	4.657936302338722e-07	2.928458823540199e-07	3.677728081903478e-07	2.937180612132033e-07	5.45244536804326e-07	2.280323358352393e-07	2.040973974296703e-07
2.38598520700076e-07	2.409351811889406e-07	1.197608069686172e-07	4.513470765821259e-07	2.917518127940148e-07	3.028968408194454e-07	2.912109928033997e-07	2.917288709964961e-07	2.777485833603033e-07	2.123899705475745e-07	6.631710167482949e-08	1.884410281177314e-07	3.334777834195299e-07	1.298633149513584e-07	1.314655117430976e-07	3.643081923705004e-07	1.819705302836578e-07	2.164938354890344e-07	2.509530634234783e-07	3.593798228096367e-07	2.425808404660876e-07	2.790721600575655e-07	4.226470246871547e-07	3.04886768795949e-07	3.549011220293883e-07	2.832022700849187e-07	3.700991081754697e-07	3.49715717642028e-07	2.743199871925912e-07	3.261469500456629e-07	3.18252714536198e-07	3.010967630306358e-07	3.088718247967388e-07	3.516525412802042e-08	5.000237358874187e-08	4.573462135986896e-08	3.102793764985789e-07	3.069952713810411e-07	4.314324034310315e-07	2.458422652638009e-07	4.241926015260462e-07	1.957803583900598e-07	2.483241419018366e-07	1.228286249692695e-07	2.321566344484167e-07	2.132736528158748e-07	3.16482645631407e-07	2.858398064221279e-07	3.600680338172363e-07	3.654850771739302e-08	4.153898279168743e-07	3.261261491034708e-07	3.372817141327693e-07	3.054399484090582e-07	1.550588112475382e-07	2.825315689627573e-07	2.603451654809656e-07	2.461629581600193e-07	2.787203123676965e-07	3.591894547094149e-07	1.575959756648267e-07	3.123696565454456e-07	1.806868059199881e-07	3.47519292458053e-07	2.737612449822018e-07	2.416557657530658e-07	2.745884077256896e-07	3.880020938351474e-07	2.56796193866907e-07	2.965069169559128e-07	3.082466127462329e-07	3.569386820787726e-07	8.556973680203824e-08	3.336660051923851e-07	3.609157156391894e-07	3.350097924952485e-07	2.363236622935917e-07	3.710512818272733e-07	1.848020993787181e-07	1.992683677189946e-07	2.73835696490625e-07	3.486798409782415e-07	3.619087156477733e-07	3.434222128466607e-07	4.6650323241296e-07	2.285026681132675e-07	1.692080274224601e-07	3.706649806690605e-07	1.837402930760722e-07	2.237829728808811e-07	2.68315846896629e-07	3.814384016814093e-07	1.54649995110956e-07	4.024568240027562e-07	3.561957949801985e-07	2.616202779260306e-07	4.033500609900296e-07	3.088273706917787e-07	4.847177709447081e-07	3.201224738236455e-07	4.503808364604103e-07	3.297495575265501e-07	3.443153805214228e-07	2.576131216416962e-07	1.128427204803367e-07	2.036008842281045e-07	5.448145458027923e-07	3.494466928240002e-07	3.200108719893316e-07	4.002599651327574e-07	4.406458290999794e-07	1.761274118572592e-07	4.275029585963517e-07	2.943077128337855e-07	5.115426912961202e-07	3.232454588967776e-07	3.68078907476765e-07	1.537194397739641e-07	2.030500947163966e-07	3.023113451598821e-07	3.343634815445871e-07	3.39681470573325e-07	3.66528413955947e-07	3.846556798813728e-07	3.682096878469468e-07	3.277951335428475e-07	4.611149109273692e-07	2.03520449311766e-07
1.896578927315837e-07	1.730660583748957e-07	4.076167622652654e-07	2.299383486777249e-07	1.192294888973986e-08	8.331730839635502e-08	4.937179983026208e-07	3.93861349415913e-07	2.372291393768297e-07	3.702082616472467e-07	2.749258604086345e-07	3.943346295142813e-07	2.345863300313e-07	1.954125332974637e-08	2.019932294411421e-08	2.392392422297298e-07	-7.792471498867753e-09	1.119846026190247e-07	5.415880540984527e-10	3.767996117462439e-07	3.075994227283791e-07	1.206064495435233e-07	2.791816105216519e-07	3.101883110172111e-07	3.524736666569176e-07	4.670876010363162e-08	5.278424430514649e-07	3.464243942594629e-07	3.18332730036736e-07	2.687764716677332e-07	3.300162634869968e-07	3.016597940331422e-07	1.492656907467713e-07	6.121495845901512e-08	6.193171506265916e-08	1.61472323253123e-07	4.006992273801136e-07	2.744499976145035e-07	3.319278187553199e-07	3.753200182723499e-07	2.268748674300136e-07	3.424942207850535e-07	1.655264659095735e-07	2.817397794195758e-07	1.421905135671109e-07	8.625798300236794e-08	7.647269885683573e-08	4.151623938245608e-07	2.992551351808832e-07	3.382890117244994e-07	3.256302421181426e-07	3.532576578987921e-07	3.154831322853512e-07	2.63055197340401e-07	1.839093899605142e-07	8.193987051295472e-08	2.850476860887412e-07	2.122441338046472e-07	2.650258728548441e-07	2.052150947235496e-07	1.9116166768838e-07	3.790889815746297e-07	-1.929398482203425e-08	2.529771222325336e-07	2.933908555159868e-07	2.318098371299313e-07	1.961956341093649e-07	2.035237784582137e-07	2.481527900002846e-07	3.717629310859368e-07	1.23356324401894e-07	2.028721774393411e-07	3.906403773741052e-07	3.106700338301118e-07	2.9861261978764e-07	3.317158470396887e-07	2.374081141525118e-07	3.794398033105753e-07	3.478107839717409e-07	3.472349605190766e-07	3.571069294021223e-07	2.184369754817096e-07	1.532820580844842e-07	3.289349829437125e-07	2.400882329422823e-07	4.411693106624223e-07	4.278859087199552e-07	2.432449759981559e-07	2.244821483552677e-07	1.81410109766296e-07	5.940313803740704e-07	4.136182826341308e-07	4.374222737186392e-07	7.777887875749524e-08	4.860075894446392e-07	4.128637888014422e-07	2.476838582427081e-07	4.549188484717178e-07	1.275883490353748e-07	3.819772116091929e-07	5.174122019097326e-07	-3.666135000240416e-08	1.004471997924475e-07	5.800536137390675e-07	3.672818738948891e-07	1.960490191564602e-07	2.619062660692278e-07	2.262743377150461e-07	1.182739702299818e-07	2.89660486836372e-07	3.578029443976586e-07	4.572009577608818e-07	3.208229698837764e-07	4.097994778421971e-07	3.94255531814398e-07	1.654687399608003e-07	3.92260829750902e-07	4.818731222783121e-07	2.849432717258155e-07	2.826557868543978e-07	3.042983854011954e-07	2.565443109127777e-07	4.055609455578742e-07	2.996885515723981e-07	3.866013144806907e-07	3.171957302813684e-07	2.953849860195002e-07	2.394310011938618e-07
2.823172647630909e-07	2.356594355608505e-07	5.062271756191541e-08	-1.05953792266761e-08	3.187065849854632e-07	2.630002759732635e-07	1.568250038018436e-07	3.143438278353305e-07	2.797721953933558e-07	3.131140527469195e-07	2.416221191424403e-07	3.24715730910832e-07	1.121823766430702e-07	-5.350580829186574e-08	5.555813414513042e-08	2.424529208895949e-08	-3.240547328139378e-08	2.637869749014931e-09	8.14426126847176e-08	3.054569006828515e-07	5.538930049906702e-07	-7.693426097051893e-08	9.937869635614936e-08	4.395398532384728e-07	3.610337112844469e-07	3.689277501223429e-07	3.81123277927461e-07	3.726080708768978e-07	3.068454728808809e-07	3.170434932898032e-07	2.901423124377958e-07	1.96510325035649e-07	2.424470566968031e-07	3.011466279000998e-08	8.087355653657641e-08	2.460100251463772e-07	-3.955921738350193e-09	5.286297238479649e-07	3.226482340796081e-07	3.058977712808993e-07	3.1526963333398e-07	2.679205831800477e-07	1.173037899173103e-07	1.361884338698829e-07	1.224618926858049e-07	2.559798131888603e-07	3.694877520822629e-07	3.078974812269943e-07	7.895473654453057e-08	7.460451573160736e-08	4.743331563194102e-07	3.907391666941133e-07	3.050095504379332e-07	1.820454462717439e-07	3.421724686734899e-07	2.75060672063151e-07	8.062706696517551e-09	8.04503094492754e-08	4.29568933341991e-07	3.497407347376835e-07	3.526773597119328e-07	3.12345806603814e-07	2.953002244359418e-07	2.993224520070139e-07	2.16870466049772e-07	2.243639085067969e-07	2.795028604930398e-07	2.455829630812794e-07	3.456718861336619e-07	3.343689452159612e-07	2.495285360575542e-07	3.278431727999089e-07	2.329610179461735e-07	3.858865624678382e-07	2.516845239360905e-07	3.610469015841287e-07	2.154300660114319e-07	1.52478324793878e-07	2.612194685647644e-07	4.001015533191588e-07	1.597656623136202e-07	7.244410998517785e-08	2.829054005211941e-07	5.380977530407638e-07	6.707323347160433e-08	1.965609532115783e-07	2.037137900174517e-07	2.334999713272509e-07	4.586865036344627e-07	4.872247466517099e-07	2.748969138515137e-07	5.235356635868521e-07	3.416695523263235e-07	3.331884335122327e-07	2.854068839090808e-07	3.965197996768542e-07	2.305051554953862e-07	3.157103262516578e-07	3.106464271260399e-07	4.8935694939474e-07	2.597685673590558e-07	3.231902424686395e-07	5.410290190634704e-07	3.962441058364403e-07	1.801960273094429e-07	4.638596540848149e-07	7.799798633566305e-08	1.777269826060919e-07	6.556245684706299e-07	3.921735085399859e-07	3.027100596953378e-07	4.862745036645051e-07	2.99042981171201e-07	2.829662428506094e-07	1.175183723326761e-07	4.612170210248215e-07	1.150927520250399e-07	1.225768047826622e-07	2.741739487352346e-07	2.952127285489134e-07	5.069207892578032e-07	4.690571512522296e-07	4.818309771598013e-07	2.982714232634231e-07	1.91280441114435e-07	2.330963270198895e-07	5.8239256111163e-07	3.018540530759573e-07
1.248516367945989e-07	2.519778127468054e-07	1.275411728585641e-07	1.066208928689219e-07	1.16277721081188e-07	1.755332435501728e-07	5.451445093010643e-07	3.155263062547477e-07	4.082652514098817e-07	4.384484384659304e-08	1.114337787624651e-08	5.773433230738335e-08	1.0314092325484e-07	3.773346300865206e-07	1.750669453461464e-07	2.375013419481879e-07	1.832815249360795e-07	-1.179636312099511e-08	7.200613731533702e-08	5.62516896194595e-08	2.213658725296338e-08	2.558875285154374e-07	2.136132821906459e-07	4.728163954597349e-07	3.764937559119761e-07	3.231217401410552e-07	3.268416128034569e-07	2.473667474943332e-07	1.682332157250261e-07	-5.153948508812561e-08	4.930586138859533e-08	2.527608560381552e-07	2.049409226468353e-07	1.624018671210044e-07	-6.267210198950584e-08	8.394772703963216e-08	2.62713929143184e-07	1.305344500814284e-07	3.836436494038961e-07	1.59450524289449e-07	3.267143992379468e-07	1.330944557504254e-08	-1.81386074952626e-10	1.735245883201895e-07	1.179582718044988e-07	4.744516433753525e-07	1.294778053076917e-07	3.790950686294272e-07	1.180793379081772e-07	1.932700197387142e-07	1.550735705206793e-07	3.886581754894346e-07	2.788609685905152e-07	2.759356952030864e-07	5.718554738646679e-08	1.151564736133483e-07	1.789027273042927e-07	2.231189850939028e-07	1.254744938291394e-07	4.825663747518174e-07	2.258555517354866e-07	3.218776316329982e-07	2.34219433693919e-07	2.257802817814945e-07	1.485625765835572e-07	3.054929798836621e-07	2.440100868767151e-07	3.048171477043451e-07	1.868784822670399e-07	3.314749593459855e-07	1.969382477132149e-07	2.922391681604771e-07	1.546316585182416e-07	1.362780911055655e-07	2.932564280845408e-07	1.114904561285696e-07	2.456895178703519e-07	1.000793462771802e-07	3.885281531577873e-07	3.160181461192415e-07	3.281243952251172e-07	1.810387444886453e-07	1.682912429579048e-07	3.594355231378161e-07	4.291082340009248e-07	3.437759576073418e-08	1.422166713149478e-07	3.734924666563454e-07	5.87140858913658e-07	6.047688353712584e-08	2.956999473289559e-07	3.97915544539574e-07	3.487793309340075e-07	3.002229882669709e-07	2.18568678373522e-07	2.469383105522667e-07	3.811014527480638e-07	4.62289304031597e-07	3.506045052167053e-07	3.546366871802879e-07	3.59912432808378e-07	3.72241834939684e-07	3.46510838334495e-07	2.040345979338132e-07	2.573726807239958e-07	2.358827890131713e-07	4.198397066020968e-07	5.444921274971364e-07	3.867251667112803e-07	3.609990302436003e-07	3.610171749930166e-07	3.56610549568129e-07	2.858129924586255e-07	1.033330078590218e-07	3.391937128509528e-07	3.109403020888442e-07	2.453621742991766e-07	1.011179872870113e-07	2.872921257446536e-07	3.45007170243429e-07	4.773806931144113e-07	2.609324915916827e-07	4.091135087617288e-07	2.428167949544482e-07	3.877220677481783e-07	2.285719237584104e-07	1.993876362037617e-07	1.763271049580534e-07
2.64798508826106e-07	2.061211899327605e-07	2.818221281552127e-07	2.441996649645198e-07	2.00198857176912e-07	1.873662111270817e-07	6.27140148002874e-08	3.27321284674165e-07	2.180458074264086e-07	1.046131349462656e-07	3.99302136610051e-07	2.133029337039334e-07	1.544369698666097e-07	1.208000684649091e-07	5.100882565471616e-07	1.356073918074173e-07	3.457185231535529e-07	4.970690400899464e-08	2.001196619459561e-07	-7.76785214439328e-08	2.034426695152546e-07	3.794593180013942e-07	4.208478680251422e-07	7.641793768099818e-08	1.77303800539506e-07	3.439073015976834e-08	4.714224476794522e-07	2.243879241117683e-07	2.452084585691708e-07	4.742753653394426e-08	-3.110558966060557e-08	4.97411387040661e-07	5.047228859686776e-08	-8.777342854800008e-08	4.848223948441114e-08	-3.360207106711306e-08	1.702128002471969e-08	4.338917631489095e-08	8.726406472818503e-08	8.29407772979985e-08	-7.036583485808526e-08	-8.650169202996313e-08	-3.857906206721583e-08	2.066232427704961e-07	6.066546509231912e-07	4.500734735618455e-07	3.417178585331191e-07	3.114676560318606e-07	2.554914392718236e-07	2.713230237458212e-07	2.985264847219469e-07	2.052646842847566e-07	1.392748867430976e-07	1.650009441344294e-07	1.628361260994426e-07	1.395272751635451e-07	3.347427479120678e-07	4.2500016073853e-07	2.910300543162865e-07	3.365045147659521e-07	3.350962437590397e-07	3.101844566621825e-07	3.215261429518958e-07	3.057256115559747e-07	3.180421871173418e-07	2.965095512605277e-07	3.079673132603901e-07	3.069013323274109e-07	2.554475784004173e-07	3.584309734760097e-07	3.227729593688752e-07	2.606476635210454e-07	9.14897990903096e-08	2.211696197432919e-07	2.261158322329914e-07	3.38259010673009e-07	1.542239697292722e-07	2.784178677604818e-07	1.903368377508111e-07	2.327597389193241e-07	1.881956281366151e-07	3.898708789921125e-07	2.281645853946149e-07	6.594829323486881e-08	1.425573453024759e-08	9.865673830988938e-08	3.128070526124432e-07	6.115996198544128e-08	3.592327141928543e-07	2.147165204225401e-07	4.354048080639894e-08	1.717204254922962e-07	2.621391095416918e-07	2.621950430217092e-07	2.016804728379631e-07	2.071193214276788e-07	1.204727500007427e-07	7.651828181153763e-08	1.024875833073717e-07	8.03789249658363e-08	2.625629825770146e-08	1.052059274107295e-07	2.716926576055193e-07	1.730750900311855e-07	3.567433413854966e-08	6.599342394152737e-08	2.30343926868532e-07	5.874822723881818e-07	2.605132649519302e-07	5.231745519472141e-07	3.649867902906956e-07	1.163590954717531e-07	1.933455037460502e-07	1.524497728674336e-07	1.349815533692307e-07	1.835108315286718e-08	2.076909657331431e-08	1.813216697913601e-07	6.360353027540716e-07	3.664516119379445e-07	3.6264059697102e-07	2.044203319311353e-07	8.915854036365705e-08	1.459996666454735e-07	3.748761943819221e-07	5.722350204969302e-07	3.780577112958917e-07	1.998251568401492e-07
2.830578808576134e-07	2.908395671187152e-07	1.261280834518621e-07	1.100159370601185e-07	2.196949932726361e-07	4.2269917870399e-07	2.270085202995087e-07	3.695287630935821e-07	3.293263634429345e-07	2.065564260459379e-07	1.767733953438573e-07	2.11484035100484e-07	3.128330164783791e-07	3.64815506843296e-07	3.646595677481784e-07	2.525634416666461e-07	2.984555213710269e-07	4.288517113898458e-08	1.605706865765756e-07	1.542412674926738e-07	4.234487517775456e-07	2.768311074873518e-07	2.406699538596396e-07	1.458069799022601e-07	2.058888451670352e-07	4.623972201784793e-07	3.297657825554483e-07	2.677841007292032e-07	2.317337014133156e-07	3.305570581560136e-07	4.069545929019307e-08	3.662369180431677e-07	3.923911545468988e-07	3.042387757829935e-07	2.581865809583279e-07	2.809981308261405e-07	3.064161309062538e-07	2.853064025483525e-07	2.432469800524728e-07	1.620935303065475e-07	3.521914310458803e-07	2.990871703650298e-07	1.172732619405204e-07	1.52684397220803e-07	4.379760300418857e-07	3.167578037483387e-07	2.920579117585473e-07	2.845277434342938e-07	2.229910406354705e-07	2.631260277529285e-07	2.682418989232151e-07	1.340711930800781e-07	1.926263048956794e-07	3.904036930657714e-07	2.511242048124185e-07	3.358355767137414e-07	2.552327685198436e-07	2.500438363831583e-07	2.040981148034343e-07	3.205676547800866e-07	3.137244357825931e-07	2.663912816913668e-07	2.69632852209873e-07	2.591084413304552e-07	2.972092976511268e-07	3.017761226373931e-07	2.610370396440653e-07	3.325730169504766e-07	2.15004174533795e-07	1.729869876060345e-07	2.841701710245359e-07	2.553061588816135e-07	3.146604396623768e-07	1.659236483810187e-07	3.815002363814413e-07	1.263525652174498e-07	1.177334215881924e-07	2.460813892437839e-07	1.212955223438346e-07	1.466888317194068e-07	2.493793610481123e-07	1.35803013495581e-07	5.666292783132571e-08	7.111106333192062e-08	3.219157350595682e-07	5.247358808590435e-07	3.660974339099389e-07	4.053774573145352e-07	1.548745694720506e-07	6.550615730795535e-08	5.864351428384121e-08	9.421280644501802e-08	1.657113881493761e-07	3.53392097776447e-07	3.794226730240463e-08	1.33475332303091e-07	3.145690472534202e-07	1.211347595914771e-07	9.703316139803736e-08	1.731336627513835e-07	1.507376637070236e-07	8.57450198817742e-08	1.466619768765437e-07	1.645030821285578e-07	1.067009875531026e-07	1.994790588698826e-07	2.626981471349666e-07	2.214599172792286e-07	7.019388631925785e-07	1.539000736508294e-07	6.284390558837545e-08	3.259514137537677e-08	1.254405150334749e-07	1.205290378758456e-07	3.453693938875075e-07	2.922743642168885e-07	1.180010188474511e-07	1.250253522957093e-07	1.204784797634922e-07	1.242335536324609e-07	2.217630008276286e-07	1.777956722705879e-07	1.709035719655841e-07	3.358325383364979e-07	1.228553210156667e-07	2.503856172354521e-07	2.657652863880225e-07	1.75323208722245e-07
2.67417252889121e-07	9.119544430467075e-08	-5.322846125148844e-08	1.336322091557168e-07	4.979786293683595e-07	3.473071462808992e-07	2.374030257987304e-07	1.27261241513e-07	3.085694194594608e-07	3.224497171456103e-07	1.582071540776629e-07	3.85540136497034e-07	2.91304063090149e-07	3.365809452216838e-07	2.61230878949195e-07	1.169449152587585e-08	-7.294980411498228e-09	3.135259382689737e-07	8.937171120719516e-08	4.298485564292803e-07	3.644173340398375e-07	2.76240396973309e-07	1.578045396941367e-07	2.919585221235218e-07	1.908238897945645e-07	3.816412101971918e-07	1.764091174314444e-07	3.435052773466379e-07	2.589464442574604e-07	3.843657977808455e-08	2.945215082409912e-07	2.529124490456744e-07	3.477600204969309e-07	2.724634801139884e-07	2.773159224322451e-07	2.356358327193951e-07	3.749734817877886e-07	1.419486287818152e-07	1.038798953767613e-07	1.622337833150968e-07	3.49161196949847e-07	3.603760327600236e-07	2.307505859482567e-07	3.394555167111012e-08	6.398490916058072e-08	1.012046339348322e-07	1.331229649839758e-07	1.605033083672773e-08	2.707031419991171e-07	4.478290317600351e-07	1.308198131244836e-07	1.682902018753994e-07	1.765652230482614e-07	2.022564419971147e-07	3.808497835253942e-07	1.998563782639386e-07	3.34197789127619e-07	2.84412512027786e-07	4.767867529058222e-08	2.940557947942209e-07	1.36277627806147e-07	9.461060672055154e-08	1.611520614678503e-07	2.540377110493635e-08	1.690139081849122e-07	4.231051940142583e-07	3.614067660277402e-07	1.869822015735429e-07	2.177607706671726e-07	9.816800173605897e-08	7.959238268019711e-08	1.791271542421818e-07	2.121435802344449e-07	8.42401770187455e-08	2.969221405298919e-07	3.581836197618892e-07	5.443037344711268e-08	9.453241072708639e-08	2.283542069368576e-07	9.290542451948936e-08	1.983255939596099e-07	2.212226479990485e-07	9.56487702680359e-08	7.383633342897243e-08	1.421132355888903e-07	4.248775234081992e-07	2.85887815207435e-07	3.664949526436303e-07	3.057164247512458e-07	2.633207941933695e-07	1.363715477612833e-07	2.417051873977392e-07	2.447086667570599e-07	1.439141525311858e-07	2.069040617668452e-07	3.161813431785025e-07	1.755903445060987e-07	2.832762373714162e-07	3.398287394887023e-07	3.281384005369306e-07	2.006690291563459e-07	1.390716123528187e-07	9.479379614756796e-08	3.394357422593049e-08	1.529776409676557e-07	2.89989693798238e-07	3.470648674014011e-07	3.025500621702739e-07	1.956644614332296e-07	3.155880953544432e-07	6.946385208860526e-07	4.22118687278999e-07	2.783355263208989e-07	7.06833028842577e-08	2.119947344057852e-07	3.098101452809106e-07	2.744829411215877e-07	1.629290348000582e-07	2.406591567729109e-07	2.382279953269762e-07	2.012229046842368e-07	1.350460126100405e-07	1.064736035675116e-07	1.693404100275234e-07	6.725944764941067e-08	5.041121397397355e-08	1.201353614801536e-07	1.743337606043408e-07
2.763016249206285e-07	1.633513214906255e-07	1.093024940451601e-07	4.264609812513143e-07	3.020372654640844e-07	2.641901138578084e-07	3.251003129795274e-08	4.864562199324161e-07	3.728624754759869e-07	2.308555082452832e-07	1.133909128114687e-07	1.132337378935853e-07	3.329626097019187e-07	3.41838836000723e-08	2.589021901502113e-07	1.450755413851045e-07	5.34904517805974e-07	2.303167053989639e-07	2.70622735837814e-07	3.06793345365888e-07	3.847734163021292e-07	3.018621864592662e-07	9.665162552863382e-08	1.652600643447843e-07	1.44971434422094e-07	4.422977002159038e-07	1.402024523074402e-07	3.946395396407381e-08	3.197591871016051e-07	-5.673389859984504e-08	9.587255719179058e-08	2.488629800481809e-07	4.94038864469639e-08	1.958006844449834e-07	4.856327639061618e-07	4.106103461265005e-08	3.847683326693235e-07	7.141585501527771e-08	2.557003107010489e-07	1.59674036323646e-07	1.287809628538145e-07	2.024773951550182e-07	1.861279099559936e-07	6.669206121416903e-09	5.256288279274813e-09	2.269389641213247e-07	2.330505182094035e-07	2.805979182391602e-07	2.16452743362764e-07	1.330320357671433e-07	7.492272732575182e-08	5.561342106707197e-07	3.210041412008429e-07	1.163716909284576e-07	-2.038713776162856e-08	4.079021798141348e-07	2.948503097353947e-07	2.126186876724141e-07	2.412842357777291e-07	8.581893480835587e-08	2.431558198297e-07	1.459174317497356e-07	2.57908770725827e-07	7.186160087941661e-08	2.74893518718697e-07	3.234467653911241e-07	2.242649241141636e-08	5.189138619660913e-08	1.010798668005505e-07	2.926740158660827e-07	5.377709433585776e-08	1.087606496027501e-07	1.41839220806513e-07	3.165670565647226e-08	4.895654467834299e-08	4.952717430633026e-08	4.125523253060317e-07	1.224584322103883e-07	7.568789152988126e-08	1.526345173195716e-07	5.371826871107884e-09	-1.049521749748304e-08	8.400961270474625e-08	2.616160352602439e-08	3.689823611821218e-08	4.391916595735565e-08	3.941906965049306e-07	1.861999479727257e-07	9.010828003044208e-08	4.432293107878494e-08	6.908708123872582e-08	3.077256835046135e-08	5.47184453647445e-08	7.952370728592411e-08	2.400335623128675e-08	8.72123540539152e-08	7.969914175877708e-08	5.129271515135642e-08	2.641743175793681e-07	6.261813832247891e-08	-6.312105394331033e-09	-4.902679517613603e-08	3.820061541859221e-08	6.185906632330268e-08	-3.992070561779053e-08	3.973782872659429e-08	1.266315876678365e-07	1.4120270706132e-07	7.001505967387962e-08	6.706361705805822e-08	5.278313618373348e-08	5.710473318262354e-08	6.148053760832398e-08	7.53625678926696e-08	1.211075749240628e-07	9.342092634493344e-08	7.715236339572533e-08	4.640771730440752e-08	1.313983378233065e-08	5.270993702149241e-08	1.054578085408454e-07	2.040838529494928e-07	9.390613516943894e-08	1.006482817185486e-07	2.681357428315462e-08	5.008681071249442e-08	1.170804365722841e-07	1.676818124864366e-07
2.102984969521362e-07	2.758946986765801e-07	-5.66655065819066e-09	4.422397533469125e-07	2.077584015598089e-07	-3.916441856528168e-08	-3.209546320282532e-08	1.776261983518343e-07	2.261430314925136e-07	8.736129934495632e-08	5.18871715452745e-08	3.044648392901354e-07	-4.099134368631042e-08	-5.626317802153979e-08	-1.166399864877161e-08	-5.086840875566582e-08	8.504016023449538e-09	1.893247252895445e-08	9.952376046843392e-08	3.820063430249609e-08	4.516699856442182e-08	3.470964759452233e-07	3.883362113631298e-07	-3.107589343395299e-08	1.803064790496232e-07	-1.289580976538258e-08	3.308287183436302e-09	1.260601305815086e-07	-5.555307005424902e-08	2.493081230222242e-07	8.411106142589707e-09	9.023851105068777e-08	1.498227523969956e-07	1.482753887759783e-07	-1.446289461991937e-08	7.711123650590439e-08	6.308131835508577e-07	3.635808124874011e-08	-3.850427397466205e-08	2.201517893321951e-07	-7.577427124221817e-08	-1.430712424499868e-07	-6.549476603626904e-08	4.260178605717224e-07	1.352651673979683e-07	3.988579430781812e-08	-7.592192856516755e-08	-3.104494358405889e-09	-8.998515527358831e-08	2.348975397742501e-07	1.064381415270198e-07	-2.607178053395727e-08	2.016805935342572e-08	8.047443985980042e-08	2.800009409513467e-07	-8.350201863566685e-08	-3.553466965682876e-08	4.726236331704239e-08	2.128522962648768e-07	8.465707482249019e-08	-6.625348814674563e-08	-7.757574322107954e-08	8.725297998380457e-08	1.397694306538968e-07	3.551231292524818e-07	1.035258367679902e-07	1.044587187950913e-07	2.221307081967504e-08	1.872364629339278e-07	7.303002999610756e-08	1.532493059915181e-07	3.51691449633185e-08	-5.101513862141861e-08	3.824823429419886e-08	-2.478405117320641e-08	-2.340427114922941e-08	6.769927716495277e-08	1.611469536936903e-07	-2.129092387709521e-08	5.246361011965428e-08	1.859555597826048e-07	-2.812558299401522e-08	-2.442044858543199e-09	4.186187362307618e-08	2.130823664753378e-08	4.435808506511143e-09	1.50685778024276e-08	8.165494330182102e-08	2.847513530963792e-08	2.137567964199814e-09	3.386511471616825e-08	1.621024493031825e-07	1.260282239724283e-07	1.663326204066244e-08	1.101515069572782e-08	1.027058649293272e-07	1.31632939011455e-07	1.548216929312957e-07	1.331323956700341e-07	1.409728761080262e-07	-1.38073994500858e-09	6.591229729490832e-08	1.872574346896159e-07	1.347745584206747e-07	4.423094779676242e-08	1.552234636549496e-07	5.957330793427143e-08	1.525428519523656e-07	7.947815791452921e-08	1.022266387616724e-07	7.182775148141242e-08	1.053782790862468e-07	7.94880488957484e-08	7.89543329010815e-08	2.388291544234037e-08	8.455670740895561e-08	2.029678566986256e-08	9.979889980875639e-08	3.469551079174965e-08	6.016878716008204e-09	3.00927123974538e-08	5.02966932889457e-08	4.14011667713664e-08	4.969365340957374e-08	1.700520091689845e-08	4.93124074510153e-08	1.104630116644147e-07	1.682298643685323e-07
3.254578689836433e-07	5.247557586253572e-08	2.196019046384576e-07	4.634352544251207e-08	3.995670376555326e-07	-4.606450988372782e-09	3.433990422963953e-07	3.683367677125193e-08	5.274735875090391e-07	6.139209044462907e-08	7.382093027908007e-08	-6.541559313313234e-09	-7.67702970745405e-08	2.613647603568469e-07	3.292823125522436e-07	2.660376411035624e-07	1.289410142409231e-07	4.818732396589429e-07	1.286372850990532e-07	2.884579232391026e-07	3.105105808267128e-07	5.0168076543118e-07	3.881207971976268e-07	-2.067435121269091e-08	3.186915236771521e-07	4.535481802533283e-07	4.193516220594308e-07	2.020063071989433e-07	3.747846727898945e-07	3.50075144644294e-07	4.096496550933874e-07	2.722640420531936e-07	6.592911834702793e-08	4.037509310697344e-08	2.010164468539973e-07	2.876489383991582e-07	3.095955344323937e-07	-2.539969251779744e-08	-5.82135865037401e-09	1.298795423407446e-07	1.052829946617481e-07	3.04167619945006e-07	2.385950579714667e-07	3.682915150220293e-07	2.276154651666261e-08	-1.347987550568887e-08	1.674056246602598e-07	4.111805930440261e-07	1.489769460900577e-07	3.192880437813571e-07	3.016410557282874e-07	3.54309728261363e-07	3.267194775060068e-07	1.889146887911428e-07	3.172651966432349e-08	1.086062829145294e-07	-1.169464904905324e-08	1.739185389616698e-07	3.943078567520237e-07	4.894327148366233e-07	2.716997038768067e-07	2.664560818081037e-07	3.054721892417809e-07	3.009397604283767e-07	3.068027397862669e-07	1.545049081448556e-07	2.955784451787659e-07	1.690472554427405e-07	3.098805590673051e-07	-4.938955873867941e-09	4.826715176471777e-07	1.196026403238863e-07	9.051800195064881e-08	4.002262931925556e-09	-2.359964702475604e-08	3.495178339521054e-08	4.185872902387294e-08	2.645229751769921e-07	-2.947392840720169e-10	2.183177029197362e-07	3.356392926941018e-07	2.399190515094518e-07	5.154379757816696e-08	4.507464372012798e-08	6.63932371768552e-08	4.98899510556664e-08	2.512145909992345e-08	5.094743863091605e-08	4.619919905888323e-07	1.317397048496142e-07	5.361814819361051e-08	7.004483025590438e-08	3.612880025801117e-07	2.448178167953999e-07	8.926444516016863e-08	1.765868758047389e-07	1.276167362641331e-07	7.51256707112355e-08	1.146279737606998e-07	1.225026138935738e-07	1.000006255043136e-07	1.398263897659528e-07	7.692675396064025e-08	2.990400505180465e-07	1.650951012113153e-07	1.728409858330558e-08	4.674002820070618e-08	5.434549684341143e-08	2.159125615517898e-08	1.32271604652869e-08	8.719736677909138e-08	1.361018249898701e-07	1.111455601831728e-07	1.878460979094931e-07	9.972075596061748e-08	3.301748847297793e-08	8.253707943999663e-09	6.544008231310549e-08	8.580118780116855e-08	8.929882041052363e-08	1.531776162540617e-07	6.079703362839815e-08	4.859619837329368e-08	3.897652510059876e-08	9.034327550642303e-09	5.270050418953616e-08	1.188455867565452e-07	1.692654162506281e-07
2.70442241015151e-07	2.282439530484902e-07	3.782703599351062e-07	1.353222975381101e-07	2.451381737512572e-07	2.427640165885355e-07	2.411435477956174e-07	7.341615519066906e-08	4.184416435255656e-07	9.141038154430165e-08	2.227296890128853e-07	2.912645420832364e-07	1.261757495372287e-07	-4.919801264764606e-09	2.854036237532601e-07	2.218186909627915e-07	1.644780124583969e-07	5.47890067889342e-08	4.298133097296717e-07	3.122152121757099e-07	2.058041630890048e-07	1.773150549171383e-07	4.215053830321235e-07	2.267646910085705e-07	7.191406830468212e-08	4.559671702720405e-07	3.499199569354267e-07	2.081649838163783e-07	2.316724156340398e-07	3.696546662663641e-07	3.363257040441864e-07	2.745520730557001e-07	5.960484297060163e-09	7.343729743796812e-08	3.299457883279143e-07	3.974241402924123e-07	2.954278853139287e-07	1.235550337156644e-07	2.058865566739135e-07	2.811447953492934e-07	1.168027605657148e-07	4.496439823399996e-07	3.186223819792032e-07	2.750151694723363e-07	3.419579256353556e-07	2.776669546808031e-07	2.052331778856877e-07	2.445156804464597e-07	2.618265474537042e-07	3.208410477884643e-07	1.600189699295558e-07	3.151037370566845e-07	1.435208956585893e-07	1.679424377224855e-07	3.555520983772986e-07	1.403645844647262e-07	2.863078715587215e-07	-7.450285393701832e-09	1.643509172391719e-07	4.130458548507578e-07	3.418278959003599e-07	5.665040683728849e-08	3.417038984997579e-07	3.49910090202857e-07	1.664485032005276e-08	1.432339795217211e-07	4.985106715624404e-07	1.396314400658064e-07	2.797121552006827e-07	2.887955825615621e-08	3.801312293028386e-07	5.887363568445466e-08	2.335136425227162e-07	2.033812915696516e-07	2.238847571236936e-07	6.128283793965058e-08	1.470806808827927e-07	1.172489966602945e-07	2.928389453089504e-07	5.745592957198175e-07	2.692105256055994e-07	2.186886860129196e-07	1.33167140014877e-07	8.11374138171797e-08	6.809073770617675e-08	1.111690936048216e-07	9.472434039741913e-08	3.7967743396001e-07	5.779634586802916e-08	2.880793417350285e-07	3.36021181671052e-07	2.169747112086255e-07	1.291477811877964e-07	2.55202371550138e-07	6.270012396246081e-07	1.87355386680151e-07	1.336880335168112e-07	6.244214849117511e-08	7.167355185136557e-08	6.424485167912147e-08	1.05381990953636e-07	4.244904822369967e-07	3.018460732316637e-07	3.822305426154186e-07	5.600467546258673e-07	3.200447335116603e-07	3.679424846714093e-08	4.723564173445704e-08	9.037935439582839e-08	3.916518216890109e-08	1.024169820767703e-07	6.381287089349379e-08	1.098780714705972e-07	1.448253629179052e-07	2.303835964788944e-07	1.465532695369997e-07	9.011063021813647e-08	5.054376481745457e-08	9.48318648105876e-08	9.465576210503925e-08	5.385002011067018e-08	1.383848739678504e-07	8.909122997522087e-08	4.937189679162372e-08	3.230095418438606e-08	5.507610092805703e-08	1.119656618486758e-07	1.793384681327238e-07
2.614391130466586e-07	3.467483023444566e-08	1.583763152317557e-07	5.926356963370868e-08	3.775930984698207e-08	4.17084484165444e-07	1.319130532948395e-07	1.924863361008645e-08	2.924719954209303e-08	2.04866172643974e-07	2.462009477466908e-07	2.305706434797872e-07	4.545967961489976e-07	7.375813711362282e-08	4.04049934954276e-07	3.383622408220203e-07	2.182025106758707e-07	4.481672739189229e-07	2.462268343602917e-07	-8.372749888768163e-08	4.919602453512956e-07	1.997118444030954e-07	1.587524688666212e-07	6.759123322983311e-08	2.33136612932211e-07	2.858486602907533e-07	5.015507918114219e-07	3.373236604338129e-07	1.33935158478185e-07	3.630591878884343e-07	3.292642529949853e-07	2.359651040582066e-07	2.848043502470914e-07	1.238245017689628e-07	6.880012980183236e-08	2.781118421856671e-07	-3.283976380453532e-08	-1.980274005087291e-08	1.467694719982018e-07	2.589725483578428e-07	9.185026469681874e-09	4.698328447349935e-07	2.204872059869402e-07	1.490763239226434e-07	1.5764180475405e-07	1.484387848672964e-07	3.719857311111152e-07	3.327382678488926e-07	2.801386488173509e-07	1.68456551795572e-07	1.26434384130824e-07	3.913227458520056e-07	2.834973138111707e-07	3.008268665382867e-08	4.046526770902746e-07	3.657353860149224e-07	2.745228921664971e-07	1.919558902509254e-07	2.365689777263192e-07	1.742839948648929e-07	1.666310879239138e-07	4.138072318664717e-07	2.91010607757735e-07	2.410804199773378e-07	2.95811960853837e-07	1.686005508985865e-07	1.954553979461164e-07	3.129406246888717e-07	1.157437513340609e-07	3.738557238618044e-08	2.875284409584995e-07	2.220946310450223e-07	3.649967830947837e-07	3.460978202073777e-07	7.750666127214443e-08	9.387639248409061e-08	3.847901327417121e-07	3.623000181435959e-07	1.89372629901974e-07	7.242588851990143e-08	8.53692585170974e-08	1.772083205163875e-07	1.728279824515872e-07	9.076268391423149e-08	8.553823823549825e-08	2.387323615397721e-08	2.523022216949145e-07	4.103949292891049e-07	4.069382011472238e-07	9.401897862044384e-08	7.062117151484933e-07	1.915545921613471e-07	2.148950597954802e-07	1.481369263048765e-07	3.2500053408905e-07	4.081613975555624e-07	6.843433076948943e-08	9.865862627111458e-08	1.908691299420308e-07	1.842245894646686e-07	2.428835640295875e-08	5.16367074708041e-07	4.580653925026873e-07	1.079710347127917e-07	3.434484080404212e-07	4.674428684400154e-07	3.605984687335747e-07	4.083828662550265e-08	1.303299526364779e-07	9.896570387251519e-08	6.018659737444945e-08	5.126141679711725e-08	1.012980827580217e-07	1.043921279263172e-07	1.30571436997172e-07	1.548640506010219e-07	2.409675524922731e-07	2.49734947321803e-07	1.322875418200066e-07	1.605752037995547e-07	6.053492396727837e-08	7.774771430730306e-08	4.899876157714829e-08	3.501726848264876e-08	8.430080818129944e-09	5.415169766657791e-08	1.121357369408064e-07	1.765865200148196e-07
2.750109850781661e-07	3.135307074203998e-07	1.060322705284049e-07	1.579173417293067e-07	3.002179459427055e-07	1.998674517423536e-07	1.709950587940611e-07	8.485611202950347e-08	1.976027555586188e-07	5.026344637436458e-07	3.220597064804962e-07	3.310142448763374e-07	2.819428427607679e-07	2.748360754920099e-07	2.097587461552929e-07	3.709432906812493e-07	2.855770088933444e-07	3.86070541048913e-07	2.136903589909111e-07	3.180672900489245e-07	2.62003827613588e-07	3.520863388905317e-08	1.397120547011181e-07	3.739427754510944e-07	1.335841575597405e-07	6.049265030946612e-08	5.646816266874173e-07	3.16744837051248e-07	2.528729013223294e-07	-1.29112904894945e-08	2.190280194578505e-08	3.802281350607125e-07	2.020357161971237e-07	1.676867060999574e-07	4.621794712757486e-07	2.008745440789218e-07	2.851300870769987e-07	1.285144861825889e-07	1.835023873224898e-07	1.000030136639275e-08	2.39929792373648e-07	3.909467071299879e-07	3.433395299946765e-07	2.126624783729499e-07	1.43200683872744e-07	3.004606150537888e-07	1.27738284336544e-07	1.774733552513262e-07	3.241757501809975e-07	7.783455580267948e-08	2.452872983320917e-07	4.313167546473268e-07	1.249362319637532e-07	2.593104355851706e-07	3.642032558032509e-07	2.943686875651194e-07	2.661504127742728e-07	1.743120658955532e-07	5.892453821346715e-08	8.717213487902744e-08	2.50934279947467e-07	2.566890568956564e-07	3.05342317015712e-07	2.756507497518181e-07	2.446415713876222e-07	3.946712227545241e-08	1.215251243297918e-07	5.889980931193825e-08	5.681284746743859e-08	4.348040865162035e-07	2.188131526141602e-07	2.481031264055904e-07	2.967992366685253e-08	3.356434884510529e-08	7.066065420595013e-09	9.290744702853072e-08	3.972370846006321e-07	1.455010396268985e-07	1.003813144949975e-07	2.270299813199834e-07	1.443779914285946e-07	3.461779550198548e-07	2.324763248882974e-07	3.630045401128348e-08	5.704823876481988e-08	2.041398787031321e-07	8.501760299241091e-08	1.844999246182005e-07	1.385300564264203e-07	2.627711155058581e-07	4.282147486259363e-07	2.344219731140686e-07	1.154673384031645e-07	3.152339810596141e-07	2.899248285534912e-07	2.760924084309747e-07	4.476812802216758e-08	1.144376040510541e-07	1.581147080326966e-07	6.990432725021648e-08	2.801972185228121e-08	6.109811671790855e-07	3.341972117737117e-07	1.00674026810164e-07	3.913750614549741e-07	3.340035033683715e-07	4.487151890000091e-07	3.068784315165475e-07	3.148805508771269e-07	6.812872557612955e-08	1.411437126721282e-07	1.911849627007402e-07	7.126809404544627e-08	6.414639293472922e-08	1.389842775154493e-07	5.656233166504433e-08	6.05494747664107e-08	2.034511298261522e-07	1.782182188294255e-07	4.176964549407073e-08	6.744482782388657e-08	1.012980546467555e-07	2.67206293179075e-07	4.390126401736726e-07	3.147842074518728e-07	9.263979440509868e-08	1.130933120329369e-07	1.704595718969154e-07
3.081953571096735e-07	3.178115846063547e-07	2.950382258250533e-07	2.020086138249049e-07	7.251408203843043e-08	1.031379193192629e-07	-6.072935706716612e-09	-3.261140955107895e-08	7.192081157514546e-08	4.065027548433188e-07	3.536846521430267e-08	3.12395346272888e-07	4.479513893725372e-07	3.200640138703974e-07	1.766050573563093e-07	1.540743405404789e-07	4.706640071108177e-07	2.797238081789033e-07	1.825388362153112e-08	4.762995789855314e-07	1.245974098758801e-07	9.169292337501024e-08	3.899591405356143e-07	3.652943176723565e-07	2.291067021872696e-07	5.151164032817839e-08	3.804999615634137e-07	2.91441013668683e-07	3.389606441664741e-07	1.96005731132575e-07	7.341635089658374e-08	-3.332133393677982e-08	1.454420821471559e-07	4.188489104309514e-07	3.392588127496662e-07	1.839747459721763e-07	1.148874379585342e-07	2.483317124160508e-07	4.762853026467771e-07	2.502905543749413e-07	8.007455827761519e-08	2.740730695249822e-07	1.566685400241411e-08	3.451361328232562e-07	3.079720629914374e-07	2.808074452402817e-07	2.314908375619717e-07	3.09120942653759e-07	1.707753515446448e-07	2.496000598097862e-07	2.332652125333598e-07	1.63698263442649e-07	2.233626501163348e-07	2.953006845165133e-07	2.953663345162271e-07	1.293644891153168e-07	3.62065433382048e-07	2.15280741540181e-07	2.366300987006142e-07	2.149727748931614e-07	1.848249719710205e-07	2.167583819248406e-07	3.156615262736889e-07	1.117335795262989e-07	1.434836819214075e-07	1.577586936523176e-07	1.23494850713467e-07	1.652714939350038e-07	1.608194436008159e-07	1.358101006462287e-07	1.48147864269821e-07	2.714866217661584e-07	2.897130642389196e-07	2.551058774828312e-07	7.042546956904521e-08	4.517135015729698e-07	1.24271536459553e-07	3.677895611102e-07	1.670149990880205e-07	1.747840741200659e-07	9.096172434009225e-08	2.332975895233229e-07	2.969996673250075e-07	5.657882241083337e-07	2.296332392941409e-07	1.654065212522875e-07	4.527048428990691e-08	1.304674199472956e-07	4.714344117056149e-07	2.23510752391273e-07	2.553302821033792e-07	2.105393540667903e-07	1.299271170108485e-07	1.839060358143527e-07	2.756241230179322e-07	3.732234193063864e-07	9.163942527484551e-08	1.713915818309935e-07	8.677278612336242e-08	2.893406503576413e-08	-1.006141269839622e-08	3.933702596501307e-07	5.512790310447352e-07	5.520201890753636e-08	4.019142148695273e-07	4.470516382967267e-07	3.462944092664442e-07	4.833685764075925e-07	2.031811491177769e-07	1.276674727974397e-08	4.187582796980751e-08	4.472100860436411e-08	6.205060533287077e-08	8.933815794314108e-08	3.69847118033726e-07	2.815106127290659e-07	2.265938970405473e-07	2.093298123305012e-07	5.80613958388449e-08	8.927658718858624e-08	2.032422316804944e-07	4.23760894986207e-07	6.039513247810013e-07	3.170330118646979e-07	5.762883340856159e-07	2.84540391143619e-07	1.166008871250675e-07	1.710826237790112e-07
8.071722914118163e-08	4.777549617923092e-07	1.529941811217027e-07	2.537498859205031e-07	1.731602181341544e-07	3.682088689617206e-08	7.17465697925049e-08	5.441210688683367e-07	3.32601367591671e-07	1.572585459429922e-07	-3.46477760518915e-08	2.546639476694387e-07	4.319724359843071e-07	3.176294522487851e-07	2.768013685573253e-07	2.795539039970842e-08	4.528850532829287e-08	2.807020753088933e-07	1.505674082521501e-07	4.745568679221387e-07	2.618409921381714e-07	5.18022128609676e-08	3.597062263701113e-07	4.937085989361956e-08	1.618417468147991e-07	3.369056303468898e-07	1.169682964394101e-07	2.549621902861181e-07	4.542608870106186e-07	2.247352527546451e-07	4.227989984738269e-08	3.606541970657254e-07	3.250984480971874e-07	2.931736147619466e-07	2.832381542235837e-07	2.880124478654304e-07	2.537197888400687e-07	2.514864386495132e-07	1.959182179710661e-07	2.957308073834904e-07	2.197318241815815e-07	1.221744319199767e-07	3.986566780101497e-07	1.222597872735636e-07	3.129344211013218e-08	2.764167754267746e-07	5.019683907873989e-07	3.032185300561922e-07	2.306749529082914e-07	2.249780638168934e-07	2.13180626734628e-07	1.552047722379704e-07	2.716140682689167e-07	3.392784334478558e-07	2.452419132292034e-07	2.745977906655132e-07	2.708179539898239e-07	2.446994171848087e-07	1.07960659187762e-07	2.240859149072957e-07	4.280531639945732e-07	2.393777069540248e-07	1.055557355316666e-07	1.124789093007793e-07	2.96538292455192e-07	2.809627650291827e-07	1.927770770971419e-07	2.203056785580694e-07	1.674385397341934e-07	2.671286147762526e-07	2.062575759254815e-07	3.645076171267263e-07	3.067837048109874e-07	3.091724061205577e-07	2.63234873717495e-07	3.515195561174102e-07	1.198434883184731e-07	2.331905825935024e-07	4.934111836810428e-07	1.218631669201485e-07	1.623079572515895e-07	2.485547240267906e-07	2.894855097617178e-07	3.146759942053863e-07	3.426307398234622e-07	5.594816380144324e-08	2.535483655874022e-07	3.1575991527639e-07	1.600137669848115e-07	2.052878892766878e-07	1.472458155808218e-07	2.506317350195117e-07	1.885618956185323e-07	2.200530905690907e-07	2.629734174823733e-07	1.062669301817992e-07	1.102732225275236e-07	3.184555961093349e-08	2.795808642140275e-07	1.978138028213111e-07	2.922074527509254e-07	2.24809352121176e-07	3.736733503157598e-07	2.46917511004908e-07	5.179408682840802e-07	3.984372732250825e-07	3.00686129532879e-07	4.507962212986382e-07	2.541942473584264e-07	1.894547689833577e-07	2.559544326748655e-08	1.186445545079873e-07	2.612206166202946e-07	2.029174229515527e-07	1.976599585520038e-07	2.045088937930882e-07	3.586633193146839e-07	2.7273349483485e-07	1.044420728482638e-07	1.738710288831017e-07	1.087146355371029e-07	1.427737353256603e-07	1.767463563829298e-07	3.119033835557229e-07	5.836924607193597e-07	2.5425348788214e-07	1.566334622171979e-07	1.757931756611069e-07
1.900266011726888e-07	7.047333897826538e-08	3.071626364183511e-07	2.438786580161014e-07	3.182813542298782e-07	3.313288544730802e-07	6.069107529172669e-08	-1.749645271224452e-08	4.644423608198201e-09	-1.047731629573344e-07	2.487359826819133e-07	4.016450490659888e-07	4.650059825960769e-07	3.287323906271727e-07	3.215351797583415e-07	2.421864402589368e-07	3.230005035457659e-07	1.307428424388836e-07	2.144059328827693e-07	1.692665685874729e-08	-1.169042559953607e-08	1.116240023469247e-07	3.412658122046082e-07	4.018849021148807e-07	1.666517914423283e-07	4.081371203656018e-07	3.003241313154053e-07	2.079083669035532e-07	3.463611298547637e-07	2.667022743767151e-07	1.151309487981813e-07	2.845672280682321e-07	3.538923140472194e-07	1.027733190929419e-07	3.008299956975009e-07	2.46400149758685e-07	1.838646397216039e-07	3.652661648829751e-07	2.173136332953541e-07	4.054835603920394e-07	2.499640900855482e-07	2.366382943149705e-07	2.369965020178868e-07	1.427584417238703e-07	2.433148212288255e-07	4.152761056132671e-07	2.933834440128276e-07	2.773661174586255e-07	2.343245542719381e-07	2.335810678240007e-07	1.815835409358962e-07	2.192737810332916e-07	2.694654864214986e-07	3.197311823791987e-07	-2.009500805781975e-08	3.311060922157099e-07	2.021829745975997e-07	1.592930928294368e-07	2.736287196749091e-07	2.983740549214298e-07	2.486188560181271e-07	1.853845319832092e-07	1.775999447896434e-07	9.19992390752598e-08	9.938040298897763e-08	2.174183640604894e-08	2.379468034808169e-07	4.503148631811346e-07	5.315763586757136e-08	2.259471289062769e-07	3.019797875811418e-07	3.989536124872943e-07	2.268043453830555e-07	3.713764347582841e-07	4.211927786594606e-08	2.283006106618507e-07	5.740294017739328e-08	4.236416040768039e-07	3.604323682740665e-07	2.854672597202304e-07	7.540419016308717e-08	6.85118585302589e-08	7.268385219842875e-08	1.351887643024386e-07	1.064282403527844e-07	7.331480635059856e-08	4.736387468848974e-07	6.639899106054839e-07	1.852306222640071e-07	7.261502616210292e-08	1.411613490582641e-07	1.875991159722335e-07	1.631591742262164e-07	2.287876453238288e-07	3.026727119468142e-07	8.077294105721133e-08	1.252695197802016e-07	4.328620373908719e-07	1.733639423046934e-07	6.481854060685905e-08	3.142388182002477e-07	4.826984445922198e-07	6.800516958678477e-08	3.457830031022801e-07	4.475175216986337e-07	2.629729081534386e-07	4.111903497993135e-07	3.99923866189684e-07	3.867323455990755e-07	2.620427906869718e-07	1.451400585651652e-07	8.775560041161082e-08	1.769656279077194e-07	1.232966879599648e-07	1.966977990702812e-07	2.689467485711088e-08	5.366702415888205e-07	8.923717733919956e-08	3.410249857683188e-09	2.84565470577617e-07	1.287870393937111e-07	2.061115756651126e-07	1.421663879848572e-07	1.507737552467484e-07	5.19965873531051e-08	1.94754084620661e-07	1.509910373093285e-07	1.738662275432027e-07
2.514109732041962e-07	2.307542161642199e-07	-4.274390828499883e-08	-7.495506988829925e-08	3.264149903256024e-07	3.336368220499892e-07	6.009808079094845e-08	-5.02889742928272e-08	-5.372502037527535e-08	7.05201281423378e-08	6.101197414157179e-07	3.373136504625395e-07	2.907770292078472e-07	2.983978290055604e-07	1.990564909593581e-07	3.144049901181657e-07	1.889625017632403e-07	1.764961095688734e-07	3.205444575133884e-07	-3.356605420464525e-08	2.949781566627547e-07	2.753957918328814e-07	3.98575398039105e-07	2.014614443361434e-07	2.227243360698575e-07	3.586186103843142e-07	3.406924661914009e-07	1.815170435209883e-07	3.531738726989085e-07	2.729317959987852e-07	2.852944977489797e-07	1.10417759070739e-07	4.249111799972511e-07	2.587230234239363e-07	3.998433717141905e-08	9.131285165193988e-08	3.862594906031383e-07	3.353458911164375e-07	2.818404861964282e-08	3.800488134005887e-07	3.450338559895147e-07	2.248021567099646e-07	2.902488260256234e-07	2.448945961741767e-07	3.319987003475191e-07	2.571729357997604e-07	3.376984972382556e-07	2.671137048610587e-07	2.419116556355848e-07	2.161590718311079e-07	2.56598955137164e-07	2.04442789828613e-07	3.065419045740804e-07	2.324214313105416e-07	1.511805706551559e-07	2.863643937659069e-07	2.114354952053753e-07	2.159742684740644e-07	2.111842801620568e-07	3.18849694935564e-07	2.341095480416805e-07	3.27778857012393e-07	9.30816540476207e-08	1.822195688497399e-07	1.057350135227626e-07	3.811209077829134e-07	3.067415298644919e-07	2.69061547804201e-07	1.489142320009487e-07	3.885406430363007e-07	2.296644992368026e-07	2.432371078478628e-07	1.264249859551236e-07	3.077304633960109e-07	8.18161820143963e-08	1.57469165206291e-07	1.178498920363132e-07	4.403926255601059e-07	3.759535528670897e-07	1.827088525203131e-07	1.634379230745843e-07	1.636064930337264e-07	2.297571946351386e-07	2.158015343994902e-07	1.447257408821059e-07	1.281439488997538e-07	1.555666281823942e-07	8.915740593458055e-08	8.152247754320304e-08	3.260796630475169e-07	3.597768825357058e-07	2.364289969249549e-07	1.871814528339004e-07	4.720970007856749e-08	1.690095064112556e-07	1.267914519326232e-07	1.058033170328797e-07	7.915351517081249e-08	9.842202039535927e-08	6.806077839240657e-08	6.717076836495691e-07	3.768750370632649e-07	6.844948885780885e-08	3.006484951996525e-07	4.909441751131867e-07	3.471460430817939e-07	4.097570700657481e-07	2.114640110807301e-07	1.864954438397257e-07	4.619808123905855e-07	8.847217386284436e-08	6.192914631523432e-08	4.353481391951431e-07	1.162759529683768e-07	6.39231395885589e-08	1.206795592113309e-08	1.877163862959132e-09	1.35908598435488e-08	3.006592686710217e-08	6.788491227213326e-08	1.784469432503191e-07	4.245869160045645e-07	4.304614195867837e-07	6.328816269377719e-07	1.394257139868486e-07	2.007671813591819e-07	1.71036112401459e-07	1.878017794252984e-07
1.45770345235704e-07	1.783509335017543e-08	3.972120470116488e-07	1.207487022072985e-07	2.599236264213268e-07	1.682072896268986e-07	-3.082413709829614e-09	4.518504126589871e-09	1.502930356412503e-07	4.200384192420094e-07	8.935350014952501e-08	1.724072518590905e-07	3.554980758196168e-07	2.502507673839483e-07	1.470778021603746e-07	1.32735399773957e-08	3.118699998071463e-08	5.30868766988637e-08	1.011829821440084e-07	4.758162347319606e-07	3.349467389250463e-07	2.926925813188386e-07	2.889349838736022e-07	5.387548655740594e-08	2.721880697387402e-09	3.195251004030265e-07	4.872608010673962e-07	3.230132201384229e-07	2.554366155430537e-07	2.671988176208554e-07	2.699455466997785e-07	1.408682900732453e-07	4.150425459472833e-07	3.002227277549309e-07	8.566367864533625e-08	-2.162444645480534e-08	-4.734565851532542e-08	9.471311734990043e-08	1.662794639439305e-07	4.422656640913894e-08	3.254661218934815e-07	2.489660191049585e-07	4.026761500333597e-07	3.62255750624483e-07	3.27720079466213e-07	3.014947659862531e-07	2.733385504636837e-07	2.540862922634918e-07	2.545237569992316e-07	2.66274575838215e-07	2.514393693384321e-07	1.272117986239346e-07	2.516308227266625e-07	1.416241802418845e-07	3.385061493681314e-07	1.82672695316104e-07	2.785505158131507e-07	2.444179441186921e-07	1.871773406492043e-07	3.898003349496981e-07	5.50127400652344e-08	3.524981820415771e-07	2.943133633055971e-07	2.019773986242203e-07	1.270896240565476e-07	2.316624791597794e-07	2.842612562481671e-07	4.140957324272664e-07	3.406333281343257e-07	1.737716571663256e-07	1.076617108924635e-07	1.851331032084311e-07	9.485812652719155e-08	2.286344920337377e-07	1.495255861628465e-07	1.681252197507311e-07	7.862184389523337e-08	5.975614704340906e-08	6.285497374601122e-07	1.870129453203955e-07	1.560716559860818e-07	2.420886275371939e-07	3.131805370718487e-07	1.136768044965424e-07	5.387324141142766e-08	1.456230914489091e-07	1.8395700947989e-07	1.349124012636754e-07	1.595393328223985e-07	1.319067999329323e-07	2.890049160131483e-07	1.633088778776767e-07	4.821412314415835e-07	5.241692548333043e-07	4.160880087569705e-08	1.763724628080351e-07	5.436121142855566e-07	4.166074929507511e-07	8.265509848602494e-08	5.641551617795412e-08	5.738515490988919e-07	3.194266295343098e-07	1.450563081288327e-07	1.201764872970253e-07	2.167833285277407e-07	4.426441780101493e-07	3.077112903321832e-07	1.13941655971776e-07	1.296960420803755e-07	2.983563340942002e-07	1.024167891605233e-07	7.202769221885771e-08	1.658056504825683e-07	2.062302179767884e-07	2.101109801068358e-07	-1.033763014844716e-09	1.345908613709616e-08	1.553320423478974e-07	3.044841038765204e-07	3.425668539666481e-07	3.346068471069269e-07	2.997872563440173e-07	4.232189511887111e-07	2.507269986287981e-07	3.357173406205919e-07	1.683052780977028e-07	1.341186874935897e-07	1.892498313073942e-07
2.719922172672111e-07	2.834534705361296e-07	2.632680023082982e-07	7.480247430289698e-08	2.899197625170509e-07	1.388277572038077e-07	4.10137091789391e-07	3.55125982546006e-07	7.197359165777683e-08	2.118567103416828e-07	2.420872588833302e-07	3.481883532556406e-07	1.745566224313872e-07	2.850912057623358e-07	1.417491133613909e-07	2.001708983662474e-08	2.545989981981879e-07	1.054026438288535e-07	-6.905349322537165e-08	6.33360236685691e-08	1.349032118733896e-08	3.621143708047956e-07	-8.890543029189987e-08	1.16270287786682e-08	6.408192532491654e-08	5.295440904217382e-07	3.535916359433922e-07	3.422218967558578e-07	2.005993583871987e-07	2.067833924292622e-08	5.194659565057802e-08	-1.674367892424783e-08	5.292989118973151e-07	2.806349320859258e-07	3.231180201192529e-07	2.804507554384482e-07	1.419919236620938e-08	9.303435833629819e-10	5.186498792682176e-07	2.967418194176874e-07	1.472733877974488e-07	1.997423814999527e-07	3.861409740410964e-07	2.9125440507479e-07	9.656645858490767e-08	-6.087090382725299e-08	1.093036036891123e-07	2.41171379665925e-07	4.528733583628777e-07	2.392150798453222e-07	2.887297835397001e-07	1.910558074192558e-07	3.206197408792443e-07	1.604394291732272e-07	2.631067280811077e-07	3.600059968663003e-07	2.603905364209263e-07	2.685866197633199e-07	2.899954011363515e-07	8.500974963833566e-09	-3.160906791121196e-08	3.028550070707615e-07	3.923450725635738e-07	1.14147728398701e-07	1.408692345903326e-07	2.507665505366448e-07	4.626684826318417e-07	2.460424170503327e-07	1.588524242677038e-07	2.615526712963496e-07	2.164339225481238e-07	3.021540985689989e-07	2.30841267099259e-07	3.576352067146492e-08	7.53724903112971e-08	9.755627429517144e-08	1.712062957541532e-07	2.103071685267107e-07	6.129459220531355e-07	6.962953812047825e-08	1.005928888975794e-07	1.657332620406619e-07	3.639413795085588e-07	3.618770745935935e-07	7.919574194074914e-08	6.93897339980647e-08	1.752223907773859e-07	3.148423965927698e-07	1.130561881015943e-07	1.991089368183468e-07	2.767704494905907e-07	2.023137588303982e-07	6.057635100492672e-07	4.489413095880426e-07	4.560080953401369e-07	1.709784736834471e-07	1.344459115382358e-07	8.723647073069161e-08	1.477006765766904e-07	4.664525396350167e-08	4.216579145482148e-07	4.58178222005354e-07	1.870881273998567e-07	1.638044793943974e-07	1.017724819422942e-07	4.383548129385049e-07	4.172030105986176e-07	6.329430086282176e-08	1.85134140321025e-07	2.088693557978147e-07	8.842390445820236e-08	5.163873812248119e-08	1.384381617699929e-07	1.164094829852006e-07	8.378632062511349e-08	2.364518049177432e-09	-4.133991588766718e-09	4.556072485224674e-08	1.588647808859399e-07	6.612737956611628e-07	3.403917509635351e-07	2.520875966834699e-07	2.423514827906388e-07	2.95922370319823e-07	2.246589672543361e-07	2.169933748362236e-07	2.2016376258572e-07	1.8049788318949e-07
2.838390892987186e-07	2.911468477220845e-07	2.710739576049471e-07	2.760562463984947e-07	2.208408986127754e-07	1.454482247807167e-07	4.092065972886126e-07	2.461709609654237e-07	1.01616647674303e-07	-1.376249855864391e-08	-4.880398238286334e-08	2.627444546521914e-07	4.354026690431563e-07	2.816816441407235e-07	3.420704245624066e-07	2.96310639695853e-07	1.67060996415662e-07	1.559184109588433e-07	5.692253140524737e-08	2.439558126051758e-07	1.156714034496304e-07	2.857736602907531e-07	1.577791555425963e-07	1.481035709999299e-07	4.30919699524459e-08	1.067505804404516e-07	1.810724708193884e-07	5.551555733732922e-07	1.322621012313437e-07	2.723078608649956e-07	3.38210144601376e-07	1.71469352078258e-07	3.894552778473474e-07	2.808471364169205e-07	2.894848615931703e-07	2.507259573317027e-07	-7.018456752255576e-09	3.886475698168241e-07	3.319952945925064e-07	2.717570724262368e-07	1.672306537014156e-07	2.215437438949468e-07	3.392682980488332e-07	2.145155595250969e-07	1.143753377036015e-07	-7.324907364076009e-08	-7.955634308545913e-08	2.088146706835885e-08	8.358545972652561e-08	3.86230583852429e-07	5.111201977409675e-07	2.40649816214577e-07	1.929586590318266e-07	3.062671781045694e-07	2.375823067940839e-07	-5.47857015835016e-08	7.865555702870242e-08	5.404052954079469e-07	1.718634616234993e-07	1.594016149779674e-07	2.699691241123405e-07	8.70868320999463e-08	1.891017818215515e-07	2.854055581731809e-07	3.111738451241171e-07	1.842581219135105e-07	2.101257090155176e-07	1.687391016733987e-07	2.648090204010811e-07	2.611336854263739e-07	1.732186342037845e-07	3.637500939295668e-07	3.051369076713267e-07	3.155504930919154e-08	1.589818944597472e-07	9.429982883961158e-08	1.085032476130734e-07	2.129956900100127e-07	2.934046066461597e-07	2.252836309205602e-07	2.239891218090765e-07	1.733028965441297e-07	9.838972194526991e-08	2.965023446906455e-07	3.0559324247007e-07	7.629387654722005e-08	6.591277207488214e-08	2.18359891921865e-07	3.393480433807892e-07	4.961485737037607e-07	1.414234829680334e-07	2.576686397831195e-07	1.818482886569525e-07	4.157508643427809e-07	5.665823898045776e-07	2.511969845588589e-07	2.661047087909135e-07	5.501544851063127e-08	1.114962546673561e-07	9.503749174904904e-08	5.721267799975369e-07	1.567548144763996e-07	6.453244667088111e-08	8.833247149176993e-08	3.881163535684757e-08	2.304404478668611e-07	2.154447308650529e-07	1.375969457538671e-07	1.474222385616747e-07	1.061073775014293e-07	6.430601975588143e-08	2.896228402610467e-08	6.415817305741753e-08	2.06637479936128e-08	6.688666114339087e-08	3.29127991131995e-08	1.0427293068537e-07	7.423940735659568e-08	7.200795789535924e-08	1.663432373556799e-07	2.378766548201436e-07	2.019129370229226e-07	9.418401439256658e-08	8.923024201084858e-08	6.009880938880788e-07	4.029689715747439e-07	1.551963376778507e-07	1.757959350715858e-07
2.235359613302263e-07	3.225777249080394e-07	1.301924129015965e-07	2.637251849409379e-08	1.351870347084999e-07	3.455311923576251e-07	1.596886027878352e-07	4.240909393848403e-07	1.083847036908293e-07	2.593307925410279e-07	5.982977635094196e-08	1.277255560487423e-07	3.488112156549263e-07	3.992845825191108e-07	3.708667357634229e-07	2.937166895550821e-07	1.66597994633136e-07	1.941716780888331e-07	9.282355603586665e-08	1.908810154178383e-08	2.886899857119215e-07	8.688294977671095e-08	3.383887413770926e-07	1.425301132211921e-07	4.142770145799741e-07	1.707820704591636e-07	2.691408056953839e-07	3.843892499907277e-07	4.562344075488941e-09	2.570123824870658e-07	4.299986935521746e-07	2.675073830807641e-07	2.3206164379738e-07	3.382468407479151e-07	2.822892030670877e-07	5.607615922495775e-08	-4.53361058707205e-08	4.681897960502861e-07	2.971407099167945e-07	1.799473254347863e-07	1.888379196053822e-07	2.535076062899407e-07	2.394831220565702e-07	2.200517139754036e-07	3.471717168222948e-07	1.419775654573251e-08	-4.037878986003121e-08	-3.579594552920784e-08	5.898100610901709e-07	2.792210878595366e-07	2.714731119422363e-07	1.763188250098986e-07	1.110850771844088e-07	3.345699270359121e-07	9.352038550706042e-08	2.902259996669499e-08	4.854080776364769e-07	2.286864710525756e-07	2.372190221106467e-07	1.543022549921018e-07	3.221723161358937e-07	2.235186571291301e-07	3.347959910795281e-07	1.818258879476616e-07	3.015909556579021e-07	1.93087193290376e-07	2.224829353991928e-07	1.615982862964646e-07	1.854031165344589e-07	2.053646995563983e-07	3.052408458594447e-07	1.116210892901357e-07	2.273325482433947e-07	2.236215779469176e-07	2.052412986081974e-07	2.975558833840511e-07	3.309501994719928e-07	1.123717114933151e-07	7.725791239183783e-09	1.090252237206429e-07	1.260603547205742e-07	3.620350310475969e-07	2.804380643819797e-07	4.143151147876969e-07	3.853282429993913e-07	1.176980190963753e-07	1.899656533723777e-07	2.434148872509599e-07	2.360898986599852e-07	3.521132105891759e-07	1.942890164454756e-07	1.629110207358414e-07	5.749080672646354e-07	1.824604190975197e-07	4.38019184269019e-07	8.976549543427138e-08	9.990100604359206e-08	1.638694262905705e-07	1.360418327580217e-07	6.767972953459664e-08	7.474564544686082e-08	3.689689069474436e-07	7.660176594190514e-08	1.287729635891421e-07	1.642507887714004e-07	1.761260827952168e-07	1.913989511314877e-07	2.437370906449124e-07	2.39835336802324e-07	2.315703992050432e-07	1.481506350535602e-07	1.514483299297277e-07	2.087656843448416e-07	3.161180130020238e-07	1.704370016616679e-07	1.317358017722172e-08	3.320485295950729e-08	5.345558986094477e-08	6.581363490477834e-08	4.445876790501948e-07	4.077240586767513e-07	1.942257773623751e-07	6.661654599449396e-08	5.357561370187366e-08	2.864222052182427e-08	1.181320683132656e-07	1.651164127699813e-07	1.777689869536816e-07
2.210203333617338e-07	3.438461020939942e-07	2.545483681982451e-07	5.973879058969201e-08	3.803956708042234e-07	2.796641599345343e-07	1.408108287057404e-09	4.618591780425867e-08	3.958402597073547e-07	2.465990836407007e-07	2.133885350847471e-07	-1.456834255470676e-08	2.194697622666966e-07	-1.163747910250033e-08	1.812630469644397e-07	1.094727394143117e-07	1.2289749285061e-07	1.674749452188231e-07	5.110745806664848e-07	2.958578904783904e-07	2.514085679742133e-07	6.717239262668424e-09	4.177108272115893e-07	1.276566554424543e-07	2.656370592075039e-07	3.318635604778755e-07	1.030341405713801e-07	2.333479266081632e-07	3.117508691963371e-08	7.791690410913644e-08	5.127122425029733e-07	3.237579140832704e-07	2.883430097474118e-07	2.278404507891088e-08	3.759685445410047e-07	1.507013611182119e-07	3.773337450108133e-07	2.949070222837489e-07	2.301111252410829e-07	2.669375784433353e-07	6.363268550934939e-08	2.312089686849348e-07	2.912354460643067e-07	1.716253684257105e-07	4.026305959409885e-07	2.211195867322248e-07	9.223763365396677e-09	8.883914187322495e-08	3.714596624538183e-07	2.414740918666439e-07	2.003135261435046e-07	2.625128338052197e-07	3.249739953369901e-07	2.078101759672552e-07	1.560834642200364e-07	8.605590151689169e-08	4.239355982442526e-07	-6.457353302795855e-09	1.509995825977944e-07	2.130278950062359e-07	4.770880081594467e-07	2.373254821583143e-07	1.053777003375057e-07	2.520962177221418e-07	2.171205661916874e-07	3.39166264667241e-07	2.113276617828679e-07	2.9564497091953e-07	2.125347126678364e-07	6.462071368642303e-08	1.370005575151058e-07	1.540920846507037e-07	4.485156888154619e-07	9.615060658464456e-08	3.320882027566475e-07	1.298994379284917e-07	4.235346513309127e-07	3.706227329766164e-07	1.769969758322065e-07	7.710431652072544e-08	1.801190876320715e-07	5.78592165551064e-07	1.312864068186904e-07	8.107788488474975e-08	1.404632435287136e-07	1.490521616455306e-07	1.655560346698736e-07	1.413823825800551e-07	2.812567539391808e-07	2.37815347474591e-07	1.278295499229181e-07	2.755284016885627e-07	2.067928458723205e-07	2.620699738522576e-07	1.826309787334608e-07	1.728340063096831e-07	1.928973032962699e-07	1.692609040705101e-07	3.060874108486868e-07	1.815094673201438e-07	1.186020108961831e-07	2.853454994184886e-07	1.161960852129291e-07	1.575509556865143e-07	8.688994218595382e-08	7.973671772357276e-08	7.004067139792275e-08	1.171147355359584e-07	4.142234350429731e-07	5.858209209086564e-07	1.710577503512391e-07	8.174687583335137e-08	1.634731956322662e-07	1.844847780104361e-07	3.585123421799447e-07	1.802218612412434e-07	3.346617752336434e-07	1.729967723652934e-07	7.585681191419736e-08	2.694462074471167e-08	6.764646253336058e-08	1.334386177018277e-07	7.092407759642125e-08	7.923348539289859e-08	3.750884715556807e-08	7.71951650517866e-08	1.26661487862112e-07	1.760670388357773e-07
2.451297053932413e-07	2.943519792799493e-07	1.064293234948945e-07	3.608175626852894e-07	1.626668068999482e-07	9.780962751144381e-08	2.351151137862785e-07	1.826839622367599e-08	2.829458157238813e-07	3.71154874740373e-07	3.348097938185524e-07	3.060002588418429e-07	2.142830887846693e-08	1.835154592758867e-07	1.440968581654561e-07	1.223287892735408e-07	5.870594910680825e-07	3.586157123488124e-07	2.256006052971051e-07	3.325901794149975e-07	2.77389650236505e-07	2.881640287486248e-07	5.910791304608724e-08	1.986956976637162e-07	1.501096038350335e-07	1.905755049658858e-08	2.173524754473754e-07	5.449441032255972e-07	3.046128297637777e-07	3.033339257312059e-07	1.463257914537732e-07	1.294334450857774e-07	1.271618756974443e-07	-1.003750590094271e-09	4.804478860149217e-07	2.71651563011466e-07	9.275359589234906e-08	1.610367485172116e-07	3.743940405653706e-07	1.29152831451885e-07	2.050149514133157e-07	3.683228310799285e-07	1.269127700720439e-07	1.961365228760172e-07	2.05451975059683e-07	1.880039169187177e-07	3.363638165908238e-07	1.104242292756581e-07	4.132467638174649e-07	1.040145958737515e-07	1.196289403447729e-07	8.826934260054155e-08	1.927004134895725e-07	1.282254248985981e-07	6.497154293301271e-08	3.522267030670877e-07	2.207561885202937e-08	1.957238223418313e-07	2.649551430849415e-07	1.294410350203705e-07	4.025370018300134e-08	-1.725519281250074e-08	4.758094095954817e-07	2.166165474966223e-07	1.707126767254725e-07	1.79170336044107e-07	3.709098881665426e-07	2.612416555425959e-07	2.09628808801214e-07	9.468922781644719e-08	1.174852691707665e-07	1.770255800112718e-07	5.60113293875309e-08	2.027921352223709e-07	9.188510690509856e-08	3.95480492472931e-07	5.402691031898323e-07	1.473362544599191e-07	3.654306604252292e-07	1.580959093208076e-07	1.63715320543569e-07	1.012118000545332e-07	5.477224925540097e-08	8.624065498180155e-08	1.637982440580351e-07	1.957063041946858e-07	3.497214159673689e-07	2.438748779091498e-07	1.213361092183769e-07	1.65817484360006e-07	3.978950834003596e-07	1.335582826412846e-07	2.302151244800045e-07	1.70042028606996e-07	2.194052731979017e-07	1.203025171850953e-07	2.905061005489477e-07	3.74639881850449e-07	2.052329889393527e-07	4.962642051056904e-07	1.526708763455055e-07	4.343459188953395e-08	1.207279044839532e-07	2.078164477838864e-07	5.572909560050711e-08	7.465985265192838e-08	8.623239166435742e-08	3.121738042700423e-08	3.443653328362384e-08	3.126589426122715e-07	3.947398656489174e-07	2.276329217369743e-07	3.615182069196901e-07	3.894140430188475e-07	1.549001826982226e-07	1.605951423052656e-07	2.107561975077809e-07	1.286254548696426e-07	2.465874889236159e-07	4.313906243922728e-08	7.215636638996879e-08	1.486264580412801e-07	1.096941091983484e-07	9.176635708392355e-08	4.453797378931186e-08	8.065826179030747e-08	1.346315629542425e-07	1.768025907178731e-07
1.787140774247489e-07	1.536578564659047e-07	3.346602787915428e-07	3.353088347808879e-07	1.069754429956726e-07	5.039259508835293e-08	1.499971192855005e-07	3.546337464309317e-08	1.30676371740408e-07	2.72510665840046e-07	4.416435525523576e-07	2.983688602383934e-07	5.134935549023669e-08	3.547808976542739e-07	4.047181693664716e-07	2.406723391327695e-07	3.446089892855571e-07	1.731439794788029e-07	3.951141299277239e-07	2.690849683516051e-07	3.021332324987966e-07	2.377733182345822e-07	1.299924988805839e-07	2.658347398849781e-07	2.330696484625625e-07	1.402765405153005e-07	2.40658310323371e-07	4.042527798430326e-07	2.710380726079227e-07	1.254384473532766e-07	3.436768404045715e-07	1.974589760882836e-07	3.464324164747666e-08	4.397959537408992e-07	3.011647274888396e-07	1.681267649047207e-07	8.162344677388407e-08	3.776414747506732e-07	2.365644558896592e-07	1.330055844604342e-07	3.87872217317282e-07	2.650616934749228e-07	2.523900940797802e-07	2.578851773263237e-07	1.590233541783771e-07	3.029007471052102e-07	3.061663698162519e-07	2.473968166780908e-07	1.761463651811124e-07	3.013175998808581e-07	2.646943545460406e-07	1.748008513958627e-07	2.001893316421544e-07	3.272656738299402e-07	1.474846216459886e-07	2.845725046172848e-07	2.015781394598045e-07	2.234924979864591e-07	3.208232035720889e-07	3.576667503450507e-08	6.459439220655464e-08	-9.110867783316537e-09	1.768286188534595e-07	2.143243772711027e-07	2.915922872592572e-07	2.402369074209723e-07	2.556546145502181e-07	2.572133401656618e-07	2.128354049345916e-07	4.25202419464716e-08	3.498949808264264e-07	1.632840753718399e-07	2.692819699595981e-07	1.682461638600976e-07	1.114820110535489e-07	1.498990470173719e-07	2.111285550487534e-07	2.237122759432209e-07	4.903934501825343e-08	2.078500021208899e-07	1.765240534550663e-07	1.370939345580009e-07	2.845955916921106e-07	1.731159250788531e-07	3.451957445873562e-07	3.433104467438407e-07	1.125742972648655e-07	2.423798732382447e-07	1.725404644975724e-07	5.226321212454198e-07	2.130856168778025e-07	1.507381635940061e-07	2.109249030876885e-07	2.18789083361734e-07	1.49979567662343e-07	2.047210280605071e-07	1.431273978016262e-07	9.060635963038945e-08	1.988410670300184e-07	9.004394289123913e-08	1.33752241794828e-07	1.200111843605784e-07	1.047097237549773e-07	2.897694398812584e-07	2.493432490150597e-07	3.580704875802832e-07	2.724491119307916e-07	4.390752531804979e-08	2.492463152427348e-08	9.270946431588639e-08	1.671094809465971e-07	1.112814676405981e-07	8.560071820711533e-08	8.610580802726028e-08	2.578130232164996e-07	1.024559233692879e-07	1.874631197819181e-07	2.159916373739914e-07	1.721431659330352e-07	3.034600413374297e-08	4.374127024657708e-08	1.874392983807325e-07	8.321414080027583e-08	7.21242287749486e-08	4.13671004230557e-08	1.119838585288282e-07	1.61576638046373e-07	1.808381425999688e-07
2.072484494562564e-07	2.751637336518593e-07	2.55466234088192e-07	2.484126068764865e-07	2.529215790913964e-07	1.848130626652615e-07	1.501541247847222e-07	3.762083530625094e-07	3.750444277569336e-07	3.111164569397185e-07	1.428398112861642e-07	3.352874616349439e-07	3.482704021020056e-07	3.143213360326617e-07	2.061519805674885e-07	3.285658889919983e-07	3.466959875030311e-07	2.465347466087926e-07	2.071401545583439e-07	3.085172572882122e-07	1.998268147610886e-07	3.87557607720539e-07	2.772645847150804e-07	2.221237821062404e-07	3.060171930900916e-07	2.937080305340122e-07	1.59901645199367e-07	3.798489564604677e-07	2.028508154520677e-07	3.436554689753461e-07	2.792778893553704e-07	1.596970070907901e-07	1.423371075975084e-07	4.044565807189516e-08	5.381315689627561e-07	3.043394667979748e-07	2.440432976554186e-07	2.878712009841358e-07	2.836098712139471e-07	2.311708374689832e-07	2.91054483221249e-07	2.32375555869917e-07	3.106299180875167e-07	1.273338317766308e-07	1.069322332970711e-07	4.388350772917027e-07	2.9753142304168e-07	2.705194040805239e-07	2.34433466544759e-07	2.335706038879656e-07	2.690222687473087e-07	2.268698601911839e-07	2.722907497947361e-07	2.93243422761283e-07	2.657727003589643e-07	2.573808061674817e-07	2.554181600675799e-07	2.768736736310868e-07	2.672287640592366e-07	2.320798150486388e-07	2.292225842301076e-07	2.772095724586756e-08	1.275228281114367e-07	1.815822070455832e-07	1.675218977930426e-07	3.449097879783843e-08	2.557868409338933e-07	8.604752478872812e-08	1.023795010679695e-07	1.760887560764954e-07	2.571046924820872e-07	1.092300707324082e-07	1.244276105316664e-07	3.881001924978235e-07	1.525289152019991e-07	9.361760156181218e-08	2.483255069076734e-07	5.67913297426522e-07	2.381855296112761e-07	1.538790949209724e-07	3.000327863665635e-07	1.040510690614688e-07	2.255189341288211e-07	2.791536951759046e-07	2.495057451166779e-07	3.557645892929961e-07	2.722146785623609e-07	2.125348685673398e-07	1.673823197767681e-07	2.257842581308353e-07	1.756511503552449e-07	2.975930445467272e-07	1.621596816953727e-07	2.423736381164721e-07	1.767038621267839e-07	2.30864538935919e-07	1.271861950543043e-07	2.044478374103287e-07	1.99611645120684e-07	1.958111806767864e-07	2.7900860724415e-07	3.396877768316224e-07	2.33029043026001e-07	1.89022431978631e-07	1.417199024296132e-07	3.604362250863972e-08	4.931583219722697e-08	4.336017020909538e-08	5.857522976492298e-08	3.562248601950083e-08	1.448665962442762e-07	1.641675135442214e-07	9.325822949453977e-08	1.514757303567242e-08	1.321633637347773e-07	3.400042044333094e-07	2.918950420560548e-07	3.5274531987834e-07	2.186738429424541e-07	2.097779458282581e-07	6.017617410318525e-08	5.667713872018539e-08	7.184667240220316e-08	1.029946004659735e-07	2.537837270567989e-07	1.756344552673489e-07	1.606217131385035e-07	1.844236944820646e-07
2.064203214877639e-07	3.56582110837814e-07	2.41334689384841e-07	1.935038789720849e-07	4.974271518712127e-08	-1.916646975782888e-08	1.897986302839439e-07	3.130408314819268e-07	4.290624837734597e-07	2.751722480393913e-07	1.987110700199697e-07	2.508560630314946e-07	1.029789487137762e-07	9.461177441104998e-08	3.773357917685043e-07	3.166344388512274e-07	1.169579857205056e-07	-1.824948626121667e-08	4.489536791889625e-07	1.6048704622482e-07	4.014578970233797e-07	3.074668972064965e-07	1.785366705495776e-07	2.189878243275025e-07	3.484772377176208e-07	2.041395205527247e-07	2.076574800753625e-07	3.177576330779029e-07	2.509885582962125e-07	2.107224905974166e-07	2.128914383061695e-07	2.922225380932962e-07	1.479184735475404e-07	9.38703624028898e-08	4.534609104366738e-07	2.808771686912293e-07	1.754256485369537e-07	1.127884272175986e-07	2.745927865382353e-07	3.024485904775322e-07	3.403742491252156e-07	1.628644182649112e-07	2.996822420952534e-07	3.244574862269369e-07	2.603786124157646e-07	2.044569074781963e-07	3.624339762671078e-07	2.663794914829571e-07	2.195205679084058e-07	1.74111107895073e-07	8.236268294857731e-08	2.529138689865052e-07	1.081421679473185e-07	1.99296171692626e-07	3.043732790719403e-07	2.879766077176785e-07	2.181706806753556e-07	2.581798492757146e-07	1.591093245463844e-07	3.572929550627728e-07	2.697257762536608e-07	5.127778227505171e-08	8.357953736941387e-08	3.666775368200631e-07	4.255150832682799e-08	1.848075501747035e-07	7.531906731756892e-08	7.178170941179399e-08	2.757985972013466e-07	3.907322702065191e-07	3.520190413774848e-08	2.920635660929758e-07	5.652325110373442e-08	3.664172113555116e-08	1.716008193504495e-07	3.072236561062516e-07	1.144849587665938e-07	4.318143189098244e-07	3.881817142042989e-07	1.796706877210548e-07	1.083915192780614e-07	1.082832035649365e-07	3.948547765655309e-07	1.10728965272957e-07	9.779074564599995e-08	2.994062318421516e-07	3.016175598598567e-07	2.357148638964346e-07	1.555491750559638e-07	3.012363950162499e-07	2.71454183832687e-07	1.591104254994493e-07	2.362069603030565e-07	1.647456928712104e-07	2.342531565912248e-07	2.48683049811331e-07	1.954324923069822e-07	2.227393151902682e-07	1.956197232113496e-07	2.159284184623338e-07	2.838649726934725e-07	1.316018693026677e-07	1.909858622970252e-07	8.880042407600358e-08	1.725090558441663e-07	2.942167574369946e-07	1.691200524636613e-07	9.246281510014083e-08	1.278883280055724e-07	1.054730077231149e-07	3.351362115419546e-07	3.842285594478442e-07	1.092782407819642e-07	1.001518380440841e-07	6.328870425305487e-08	5.558998549733239e-08	3.859394643301916e-07	2.289490023826893e-07	2.242920199518732e-07	1.591473875227739e-07	1.381485779597933e-07	6.110247905963785e-08	6.059170400413049e-08	9.958997215699851e-08	3.899628536905423e-07	1.928225520058697e-07	1.601167882306341e-07	1.877842463641604e-07
2.262921935192713e-07	2.840254880237693e-07	1.696031446814902e-07	2.576951510676831e-07	2.061513512828451e-07	-2.368350218091987e-08	6.478063578316599e-08	3.997233099013438e-07	1.786930397899867e-07	3.796655391390637e-07	2.99694828753775e-07	2.509496644280451e-07	9.862495325546269e-09	2.716522127894371e-07	3.263696029695208e-07	1.112404887104571e-07	3.384574839379789e-07	3.830787808687721e-07	2.835547038195824e-07	1.932068351614272e-07	3.353764792856716e-07	2.705011866924538e-07	1.913712563840744e-07	2.132268665487647e-07	3.326247823451502e-07	2.928460105714367e-07	2.457758149513581e-07	2.90203809695338e-07	2.699513011403572e-07	2.559895122194866e-07	1.266674872569686e-07	1.102730690958031e-07	3.388623394975719e-07	2.094700667338842e-07	2.604902519105916e-07	3.284398705844836e-07	2.163079994184886e-07	8.624315345106095e-08	1.458757018625239e-07	4.559263434860811e-07	3.138315150291824e-07	1.752907806599052e-07	1.623595661029905e-07	3.792686406772435e-07	2.094124915344587e-07	1.672162376646892e-07	3.517365294925359e-07	2.110520788853904e-07	1.729516927205319e-08	9.21141119021804e-08	3.646780971498446e-07	2.724703777818265e-07	2.745560860998999e-07	2.025489206239687e-07	2.158113577849167e-07	2.505849092678755e-07	3.02760701283131e-07	1.407485249203428e-07	3.663648850335313e-07	2.084185950769075e-07	2.419414682772143e-07	1.817846073042356e-07	2.294874662739105e-08	1.80260366594544e-07	1.996186188606126e-07	3.143491215515686e-07	1.341762937012439e-07	1.846408940348595e-07	1.463676933347246e-07	2.149632843365439e-07	4.887411579340904e-08	1.377345614535444e-07	1.75106391675802e-07	5.752082497732762e-07	3.349727234988994e-07	2.41042210650692e-07	1.649944106255137e-07	6.471534039312752e-08	1.670403987973229e-07	2.848872805211368e-07	8.471275218955893e-08	1.169403380684043e-07	4.984061900224223e-08	1.593542353700086e-07	1.187257461753215e-07	1.665103743913074e-07	1.437829411573531e-07	2.060573592255297e-07	2.276035303351592e-07	2.495635319016648e-07	3.76819717310129e-07	1.235653064521709e-07	1.848917389107407e-07	1.377427476259487e-07	2.042024510556659e-07	1.223140606867434e-07	1.754787895596603e-07	1.47580792970208e-07	2.331778013020151e-07	3.31633156247881e-07	2.454463381427951e-07	4.854096177371266e-08	3.952051815680487e-07	1.166784161733758e-07	1.512320925872001e-08	1.530148923653506e-07	6.887427273009635e-08	9.352795999118643e-08	1.26288926246222e-07	7.939852942672924e-08	1.576808268396341e-07	3.207521053514678e-07	2.943482520693881e-07	3.431061030524953e-07	6.491404477133218e-08	3.345076656135461e-08	2.361213866043291e-07	6.453026848870371e-07	2.821476969612921e-07	8.016682921728981e-08	1.487709818164014e-07	9.534031939909024e-08	5.214923560605782e-08	6.311034384802361e-08	5.544198032428711e-08	1.494106487443908e-07	1.468618633227647e-07	1.867197982462561e-07
1.581140655507791e-07	6.82563652097248e-08	3.175090999781387e-07	1.742114231632817e-07	2.809224873785691e-07	2.924244653959882e-07	1.336751412823875e-07	1.203078832076215e-08	3.677359580651341e-08	1.844963302387369e-07	3.581535874875804e-07	2.628932658245957e-07	1.303835419373157e-07	2.280801511678249e-07	6.442841417053779e-08	1.982340385696859e-07	8.929448215545353e-08	6.351195479987614e-07	1.208557284502023e-07	2.466412409803497e-08	3.472200615479633e-07	2.88397976178411e-07	2.007183422185712e-07	2.059284087700268e-07	1.752848269726799e-07	2.76890000590149e-07	-1.143350172645463e-09	4.957498631277366e-08	5.231765439845014e-07	3.052690338415566e-07	1.529060362077674e-07	2.280986000983091e-07	3.35443705447604e-07	-4.070522893512024e-08	7.846959338450951e-08	2.383775724777383e-07	2.568528503000235e-07	1.62710379684523e-07	1.791211171868119e-07	3.286415964946307e-07	3.002637809331493e-07	4.319214305489964e-08	1.651743901107272e-07	4.4547979512755e-07	2.891713706531524e-07	2.934380678511817e-07	2.570158271796485e-08	6.684966628782399e-08	2.495727063569995e-08	1.633796159092874e-07	4.018935113511125e-07	1.667393865771482e-07	2.50657504252482e-07	1.997641695553114e-07	-3.730056350210648e-08	1.078182108180727e-07	3.656007218909064e-07	2.683047005649703e-07	2.254329455206792e-07	1.41894235091042e-07	8.99196603007681e-08	4.018789323334191e-07	7.275545588536791e-08	9.430569636902468e-08	2.333107293943975e-07	3.105406929284341e-07	1.719585200849189e-07	2.061875786579252e-07	2.513117894681018e-07	2.373067984665681e-07	6.715882744906957e-08	4.664430568141115e-07	2.256645322478696e-07	1.881622784110039e-07	2.206196276473501e-07	2.475732651951321e-07	2.815788624844335e-07	2.49691361876429e-07	1.040365833903463e-07	1.542288733212196e-07	1.712839851010561e-07	1.691349725718719e-07	1.435764614389522e-07	9.101700546706066e-08	1.38948246704643e-07	5.024395169404618e-07	1.40073322454849e-07	1.775248545546247e-07	1.447078856143551e-07	1.1441566878708e-07	1.45735250787572e-07	2.748826874048921e-07	1.746390175184248e-07	1.806023023806867e-07	1.297892455201072e-07	1.799950715621552e-07	2.282375868123383e-07	1.231597707501476e-07	2.466608793926807e-07	1.77337894033429e-07	1.814152035921178e-07	4.550505424475735e-08	2.268620008390733e-07	1.904564082707479e-07	1.922748626732727e-07	1.356005272937063e-07	1.185159929965309e-07	1.214431048822319e-07	1.534145244868715e-07	9.701155113034346e-08	6.752544213731339e-08	1.383256512550917e-07	1.938932633568129e-07	1.932853680609077e-07	1.224143852896093e-07	3.306154762537677e-08	8.510330887846659e-08	4.292563673913868e-07	1.267408739707116e-07	3.232737709118047e-07	3.474183856730091e-07	1.763406597385425e-07	7.374426720798507e-08	8.468071553904854e-08	1.052586069580308e-07	1.404987454829117e-07	1.781194384148952e-07	1.936428501283519e-07
2.806609375822862e-07	3.03349742395679e-07	2.758150552747878e-07	2.529901952588798e-07	2.290186234742934e-07	2.577199329728973e-07	-1.129285321839028e-08	6.316326674017923e-08	2.986166518230389e-07	4.418771213384089e-07	2.323373462213864e-07	2.741993672211462e-07	2.106670885490853e-07	8.138308954621299e-08	8.467472537155402e-08	3.428650884289146e-07	1.728148037292764e-08	4.985103151287517e-07	1.303192530808217e-07	1.448714130346419e-07	4.284386438102548e-07	2.973697656643682e-07	2.48615428053068e-07	2.22142450991289e-07	5.454487160020955e-08	1.044839906088617e-07	8.549984703350201e-09	-8.653837069791177e-09	4.682267868286463e-07	2.781985554636269e-07	1.010695851585664e-07	1.649866311008157e-07	1.763625713976365e-07	1.836069753958739e-07	2.778614348584263e-07	3.648777743709924e-07	2.262227011815585e-07	2.273276059179851e-07	1.581790325111e-07	1.448818495031804e-07	4.200085468371157e-07	2.407935054498931e-07	9.943921411846406e-08	3.794284495778569e-07	1.795552497718466e-07	4.035348980376742e-07	2.676416359433922e-07	2.238472536902567e-07	2.181318719993461e-07	2.127826199163945e-07	3.147214255523809e-07	2.553333953724693e-07	9.783392240506437e-08	5.477941848665449e-08	4.324000152108683e-07	1.313265123682695e-07	2.878157424986821e-07	3.330858762095979e-07	4.190100600782725e-08	6.561987510517656e-08	2.50047852324321e-07	6.05982573626043e-08	1.317496651433448e-07	4.109135261435041e-07	3.288778399281822e-07	1.951697643052999e-07	1.014407464685943e-07	2.787342632809909e-07	4.085308856014789e-07	1.675128125965925e-07	3.086810391047295e-07	3.600390521746799e-07	2.659851728199373e-07	8.87413070487308e-08	3.407165317958001e-07	1.158793197395726e-07	8.912581434335411e-08	4.035798833597306e-07	3.555827679833688e-07	2.154579661213019e-07	1.191802180125537e-07	5.040421070753386e-07	1.366248038756626e-07	1.254672755641124e-07	1.373082472339645e-07	1.406811594896182e-07	2.980262037523444e-07	2.319048498837195e-07	7.2087240893551e-08	7.714280567249481e-08	1.044382842650144e-07	1.238000683576141e-07	2.210112961261087e-07	2.388743571354247e-07	2.213885399845479e-07	2.54176082437567e-07	1.752838840650165e-07	4.290762485300863e-07	2.160439574833465e-07	2.081426318189764e-07	2.748090690414399e-07	1.318316467158018e-07	3.46031320110097e-07	3.554344003681196e-07	2.163515160878258e-07	1.899986622220617e-07	4.521077132629647e-07	2.120957497732773e-07	7.692762272752135e-08	1.644620728339575e-07	3.219200574349916e-07	1.578741971587151e-07	2.245757746442373e-07	1.129146330693198e-07	1.329647258078866e-07	2.741348286893982e-07	1.985352311526033e-07	1.868100498957365e-07	1.874465509801305e-07	1.973432126063208e-07	2.460657895296176e-07	5.805535000779937e-07	3.893392988099114e-07	1.182135872300734e-07	8.318773359177467e-08	1.833368422214324e-07	1.521145135070258e-07	1.809909020104477e-07
2.927328096137937e-07	1.965556195816343e-07	3.013960105714367e-07	2.90593967354478e-07	2.763772595700175e-07	2.471279005498063e-07	1.141516522808311e-07	1.073207451595963e-07	9.013470783956581e-08	4.484954124380815e-07	3.915961049551916e-07	2.691554686176967e-07	8.893813516085551e-08	1.456235279246005e-07	7.825853657257034e-08	1.490211382881442e-07	1.394434785904012e-07	1.282010822587426e-07	1.935577777114409e-07	5.204912019712481e-07	2.221822260725471e-07	3.573415551503253e-07	2.668875138875649e-07	1.599439932125512e-07	1.193549162277387e-07	9.250298062757399e-08	6.568081957934573e-08	3.350423395476428e-07	1.89645296727925e-08	3.118405770856969e-07	2.708956341093647e-07	3.400371621033217e-07	1.150064373476687e-07	3.92131679726868e-07	1.34165776332344e-07	2.700529762642471e-07	2.911050520630933e-07	2.507323321514473e-07	3.324447835388657e-09	9.623460251172987e-08	5.280158127410822e-07	2.649198678448871e-07	2.472290381262003e-07	3.116146040281638e-07	1.522141288905406e-07	4.28844228224167e-07	1.625191891688205e-07	1.448948410926901e-07	1.330564733629932e-07	3.208731239235014e-07	1.835993397536494e-07	2.061149041677908e-07	2.12160340557646e-07	2.920321674179965e-07	2.424755939238449e-07	-6.865186081533263e-09	-3.86692368935413e-08	-3.042044814577326e-08	5.741315664949732e-07	1.861080151193105e-07	-9.673955652124863e-09	8.040508239178846e-08	3.179813744013212e-07	1.594713559179853e-07	1.754824504619677e-07	3.054738356821651e-07	2.285104728522691e-07	3.015559479040567e-07	2.853999817348569e-07	3.383188267266163e-07	2.168657507603903e-07	1.700850475352486e-07	2.291683133920053e-07	1.648203356864572e-07	4.275134359442502e-07	3.366853742840121e-07	1.934477662022739e-07	1.591809048430334e-07	1.615914525763926e-07	1.420245589213845e-07	1.68213950924051e-07	2.133367415788073e-07	1.684106463123728e-07	1.353925456611642e-07	9.303074776328618e-08	1.568103020387736e-07	2.049165850498405e-07	1.621973452128147e-07	2.692790961727461e-07	3.157574425579089e-07	3.037038177424561e-07	2.232549493103354e-07	1.909210747337928e-07	9.708391189016321e-08	1.805003344489891e-07	2.63519593312979e-07	1.736676813176946e-07	1.477802263100267e-07	7.82520355740125e-08	1.625973696045241e-07	2.658279344907624e-07	1.958832391868463e-07	6.980063938112188e-08	2.152748924654923e-07	2.694156695023788e-07	5.214842971504163e-07	8.879943352940044e-08	2.921733946643226e-07	1.798782209681707e-07	1.308500945375719e-07	3.628646727326705e-07	5.026024306233882e-08	1.08033285931662e-07	8.526889807773181e-08	1.20040066326164e-07	1.920331097534206e-07	2.982421534267401e-07	1.774262324000856e-07	1.338147279895497e-07	4.283001543008357e-07	2.274006933862259e-07	3.24203840417447e-07	2.589093304118391e-07	1.767589589210983e-07	7.232936022551852e-08	9.754993895995354e-08	1.555845885991564e-07	1.839764538925435e-07
6.750468164530186e-08	5.14739967675897e-08	2.086269658680859e-07	5.128477394500757e-07	3.129358956657416e-07	5.582336812671587e-08	4.155865778005307e-08	1.068157235790136e-07	3.456777638560913e-07	3.969887035377543e-07	2.604173636889976e-07	3.237740700142471e-07	2.371716817726249e-07	3.252889663029876e-07	2.006548477735863e-07	6.981468814737354e-08	9.030547680787524e-08	3.26129349388732e-07	3.737588023420597e-07	2.265109909078563e-07	1.840008083348389e-07	4.411633446362823e-07	2.483345997220618e-07	2.242330354338132e-07	3.297399608552674e-07	2.854969706462857e-07	1.504866544553412e-07	2.222885161650781e-07	-1.344772748306256e-08	4.503259870776776e-08	2.785341830601635e-07	3.161501931058281e-07	-5.307469670229877e-08	4.815938840578625e-07	2.35532617806261e-07	1.799531781575018e-07	3.93712402944628e-07	2.868870583849095e-07	-8.926368403231988e-10	1.199855520279401e-09	5.567105786450488e-07	1.150087302398816e-07	1.314688621339373e-07	3.107757584784705e-07	2.995480080092341e-07	2.557785584106604e-07	2.399092423942483e-07	1.140549284951233e-07	-2.825642527335961e-08	2.301011279306089e-07	8.789753954917924e-09	1.059339129631124e-07	4.664742587102272e-07	2.082241634934e-08	2.48563672636821e-07	4.216806154686623e-07	9.82707837142339e-08	-4.21017725011454e-08	4.650371269821209e-07	2.747586551334446e-07	2.468292363714278e-07	2.452244074209722e-07	2.428005836592985e-07	2.382166856924655e-07	3.026620609957523e-07	3.824029070590304e-07	1.388676992359445e-07	3.149651325271224e-07	3.908315778682342e-07	2.848748408566408e-07	2.245754624160509e-07	1.541685428958168e-07	1.456395396407378e-08	4.476743643241831e-07	1.777103400927013e-07	1.904414288284526e-07	9.095721806119422e-08	6.991942632633572e-08	2.604376371694156e-07	2.047911517214667e-07	1.310726838355485e-07	2.960563760822749e-07	3.354214887490826e-07	5.486781575821623e-08	5.126574829260786e-08	1.38401944587929e-07	1.313444663473366e-07	1.042273405419098e-07	9.702095145194225e-08	1.163720794433242e-07	4.030318512198981e-07	4.990723302630562e-07	1.663808533414769e-07	1.048434666449013e-07	2.3463712891343e-07	1.604006041883913e-07	1.152014785703728e-07	1.007842040899664e-07	3.678476136646773e-07	2.886896073900712e-07	2.108342999400851e-07	4.10098316578914e-08	2.010074586521456e-07	2.466028845628645e-07	8.656732291693258e-08	1.847199320787729e-07	5.783536537958337e-07	2.996135395553682e-07	5.652413192088192e-07	1.500381162411861e-07	2.813717880303497e-07	1.058462889659621e-07	1.960532972190863e-07	1.428981630861436e-07	2.700529068444409e-07	1.835813908174428e-07	4.61615757008779e-08	6.911741490443492e-08	1.440079049989687e-07	5.064820959953512e-07	6.694809724283457e-08	1.147291807569001e-07	2.389918620137665e-07	1.373918306121234e-07	1.631334868592621e-07	1.431630356984743e-07	1.44617163691287e-07	1.830995057746392e-07
1.170015536768092e-07	1.934173739535443e-07	3.254829211647345e-07	2.977765115456747e-07	1.751570317614663e-07	-2.020616429637493e-08	3.588531632792739e-07	5.954820199843094e-08	1.347208198726182e-07	1.592569946374277e-07	4.861261224228025e-07	2.643176714107978e-07	-1.063227161560454e-08	3.068794046813753e-07	2.106636589746026e-07	3.824082380066017e-07	2.174549750253488e-07	3.128576165187219e-07	1.033598269726799e-07	6.415577984446408e-08	3.770689059713101e-08	3.167263412224076e-08	2.071691855565588e-07	5.841720776550742e-07	3.169625054827967e-07	1.013159606649984e-07	3.270174893313363e-07	2.130721927825131e-07	-1.195998463891772e-08	3.194962032983793e-08	1.556352320109627e-07	5.706322410833529e-08	9.211916924773283e-08	2.132310883888581e-07	1.249869592801787e-07	2.151408800507561e-07	1.962822538261636e-07	4.025792846183714e-07	5.777777848396476e-08	1.678401085288282e-07	4.381803445490159e-07	3.122350926348751e-07	3.095961861416735e-07	2.471244129287775e-07	2.91181887127928e-07	2.094628885971534e-07	3.518742956196761e-07	2.542150158975561e-07	8.84931760902868e-08	2.67204131937716e-07	2.083426681561855e-07	3.029404217584333e-07	4.185067686281038e-08	3.563626652806817e-07	1.219767513497975e-07	8.688917018860389e-09	5.258580432200963e-08	6.26919031434821e-08	-1.249481253073009e-08	4.834295147579709e-09	1.788449283949813e-07	4.233562324501559e-07	3.209572929172752e-07	2.488995154669459e-07	4.22416671529537e-07	5.969447843589683e-08	2.916999256196192e-07	2.763618171501884e-07	2.553631740016122e-07	2.072058549866652e-07	3.539351740717111e-07	7.513953825638514e-08	3.344845945361407e-07	1.480783929619104e-07	2.340947442411516e-07	1.07947483372893e-07	1.009291699201143e-07	1.012204478096377e-07	5.310338217624381e-07	2.698827445215489e-07	4.923141674704621e-08	4.438851058574334e-08	5.659483118579375e-08	1.379555858552678e-07	1.94113248821929e-07	1.953310871370842e-07	1.470223476448325e-07	1.859073358710045e-07	1.859503067311377e-07	2.629617163287386e-07	3.173723846973407e-07	3.772022112157781e-07	1.089531319491611e-07	1.083655213996395e-07	8.601142337787143e-08	9.84566150638035e-08	1.918477758230507e-07	2.605256818699056e-07	1.942056917553434e-07	1.544943451756191e-07	3.148406653894072e-07	2.295989241289356e-07	1.593767779231698e-07	3.267933766602366e-07	1.448814763314856e-07	4.056555670071279e-07	2.414453740622695e-07	2.028786844464141e-07	2.018044174494698e-07	2.221011379448001e-07	1.80116403328029e-07	1.994573348695852e-07	1.937358085065107e-07	6.220649280945541e-07	2.366532473627183e-07	4.372546718814642e-07	3.86243497975014e-07	3.053585974087832e-07	3.759385820083871e-07	1.422765376898679e-07	6.043300109944281e-08	6.537952109635274e-08	1.49249393615694e-07	1.349622023031484e-07	2.025626134930058e-07	1.262636324369952e-07	1.453497387834175e-07	1.82672557656735e-07
1.223234257083167e-07	2.57698251139499e-07	2.738888764613837e-07	2.94730283641273e-07	2.186156678571904e-07	-4.248196719465983e-09	1.037101687784964e-07	3.252931804178474e-07	3.871888758891437e-07	2.897752857371e-07	2.538848811566089e-07	2.514362728073484e-07	2.649512749961644e-07	2.502948430597631e-07	3.011099701756185e-07	1.762267878658314e-07	3.914044732428222e-07	3.164233836487119e-07	2.632358516032989e-07	2.256130687810709e-07	1.474629728594224e-07	3.259819236081971e-07	2.919287713910554e-07	2.506236198763374e-07	2.719350501103261e-07	2.653974506837102e-07	1.300858242073326e-07	1.541836939994872e-08	3.771525820522698e-08	2.529041419519074e-07	2.771612809617612e-07	1.552012551108414e-07	1.634005351977647e-07	2.729932927198527e-07	2.436788007540956e-07	3.9676608194401e-07	2.855021047076982e-07	1.616465108518344e-07	1.824106938082525e-07	3.509053615373769e-07	1.013626104529837e-07	2.801114550298692e-07	2.786985101494102e-07	1.550105673790844e-07	1.054782662466225e-07	1.333722187836465e-07	3.107268488451042e-07	1.756751032999895e-07	1.332427774539335e-07	3.840321359448228e-07	2.667080823574533e-07	2.083469305537549e-07	2.031645950153919e-07	3.718404142120244e-07	2.175023300627733e-07	2.668722185690565e-07	6.993832492978518e-08	2.954730787881092e-07	2.496232479564167e-07	1.147474351617137e-07	-3.401879581464756e-09	-6.222444252065848e-08	3.665265021752521e-07	3.560698452414259e-07	3.062212820633223e-07	3.520610498127614e-07	2.944465200329512e-08	2.210710017732544e-07	3.230697701349896e-07	2.102368691166895e-07	3.581948857273717e-07	1.390605336169531e-07	1.80330235108209e-07	1.69707421599637e-07	1.452416483896022e-07	1.093035379173331e-07	1.954261217790341e-07	2.962146929293994e-08	1.763550063554624e-07	4.192743373216308e-07	3.017776496585429e-07	5.345814508921109e-08	1.325931736225038e-07	9.661835595231977e-08	3.221107493512502e-07	2.180227296862395e-07	1.596627289423283e-07	2.696873312000992e-07	1.758421620103333e-07	3.232263532141531e-07	1.522504181747835e-07	3.370820921684998e-07	8.79754105568452e-08	1.188625761543776e-07	2.710982178423119e-07	1.956251259392152e-07	1.11219073075729e-07	2.490421596498451e-07	1.566137698460091e-07	1.075615829611668e-07	6.878453083873044e-08	5.646301659998073e-08	2.770835971941935e-07	2.088713687576092e-07	6.329456297460373e-07	2.063287019354841e-07	9.537459432870458e-08	9.665632933746e-08	6.111751569011982e-08	1.382766596484147e-07	1.210110186257082e-07	2.457808807732085e-07	2.634933197939349e-07	5.056191931029663e-07	2.507660878809956e-07	3.867279529454865e-07	2.846879202491514e-07	4.789372799131318e-07	3.650567590178062e-07	2.941459793843831e-07	2.250304049560505e-07	6.414236143580522e-08	7.015692521762159e-08	9.514507399417349e-08	1.022667401267499e-07	1.241017291755161e-07	1.442448138755481e-07	1.835956095388308e-07
2.939577977398237e-07	3.040166283254538e-07	1.010198317580332e-07	1.447965557368718e-07	1.573368039529148e-07	5.569727085744282e-08	3.441296742777175e-07	1.192881588372652e-07	2.375069319056705e-07	2.855185768367727e-07	3.99793639890414e-07	1.446173742038992e-07	2.955473216079342e-07	2.472602814381508e-07	3.596812813766347e-07	2.413578377250603e-07	3.454164714602962e-07	3.121516507787018e-07	2.761493762339182e-07	1.046203577176786e-07	4.624405512171439e-08	1.14003713094155e-07	5.003633572255518e-07	2.881376620975993e-07	3.099700947378553e-07	2.766664407024224e-07	1.758166590833282e-07	-2.957295398261615e-08	1.869530010493714e-07	4.62608663573977e-07	1.992623299125603e-07	-1.347321388665168e-08	6.574440114779703e-08	8.874299705084805e-08	1.593831422280132e-07	5.356037838372641e-07	1.499469555892336e-07	2.990887370852963e-07	3.170561091325403e-07	3.264831145459262e-07	2.7116987635695e-07	2.143128174248635e-07	2.45775834157147e-07	3.225092218293907e-07	2.64699645365316e-07	6.091904897013957e-08	1.200669020705328e-07	4.691726907024218e-07	1.759298788175801e-07	2.078726399519306e-07	2.983359965587213e-07	1.116909393490765e-07	4.170535131679732e-07	2.518306631433674e-07	2.498029087757493e-07	2.074305201192535e-07	2.310658455375603e-07	2.776417544327371e-07	2.86216308443564e-07	2.756980751758476e-07	2.347263124420879e-07	1.485698825085251e-07	2.148457114332296e-07	2.067776750159068e-07	3.735508925971072e-07	1.308276211896276e-07	2.786518783869695e-07	3.0925518639632e-07	2.823263662683673e-07	2.031053832467138e-07	2.454920973830326e-07	2.819190289775207e-07	1.892258756802768e-07	2.497614502373634e-07	2.541260525380523e-07	1.457595924617731e-07	2.35698073637954e-07	1.580849907762416e-07	3.685386909484851e-07	1.391784301217141e-07	1.330113825700408e-07	1.067027795926787e-07	1.144665160592142e-07	1.789936260493713e-07	2.20045749880572e-07	1.79926872235395e-07	1.677656102398242e-07	1.823548265291944e-07	1.561715172895291e-07	2.257659900995682e-07	2.065034516522257e-07	3.244494731212213e-07	1.76347689164529e-07	1.308971309091157e-07	1.459100123067533e-07	1.246811368146274e-07	8.001537032840718e-08	2.573211374297846e-07	3.074593479366743e-07	2.199663207467139e-07	5.561158962880515e-07	2.875771090710248e-07	2.842404164652176e-07	1.368493608549817e-07	7.652228316059219e-08	9.741433686384006e-08	1.528913145951391e-07	1.842714742285053e-07	2.14393113930769e-07	2.209896813520287e-07	3.087681339233866e-07	4.670442667683251e-08	4.472883310813589e-07	4.676609581113783e-07	1.370789283992733e-07	1.253387340095094e-07	6.215823425232874e-07	3.412659624174812e-07	3.063624360272254e-07	7.034042107889941e-08	8.662780881265918e-08	9.39927017752576e-08	6.41519568195489e-08	9.099044568519851e-08	7.19083667604938e-08	1.04802325914037e-07	1.428398889676786e-07	2.632686614209263e-07
2.330546697713314e-07	2.925100055114088e-07	2.739382870546816e-07	2.093628278324699e-07	6.905794004863926e-08	3.22080238434351e-07	2.157366797769396e-07	2.026706372566822e-07	2.360249879221968e-07	2.178493679364456e-07	2.673773986242201e-07	2.515109756004494e-07	2.414308682197041e-07	3.400007198165382e-07	2.945025925776512e-07	1.604638875842896e-07	3.7986596967777e-07	2.963299179086917e-07	2.513754008645377e-07	2.683276466542854e-07	1.345876373840058e-07	8.36005025801123e-08	1.611479430600496e-07	4.348892043188611e-07	2.724801393653847e-07	6.301043072113523e-08	3.842974939593233e-07	3.045982226348179e-07	2.863157438935159e-07	2.502506851960477e-07	1.980883788633592e-07	9.962731711585438e-08	1.683007670978288e-07	3.85505201381842e-07	2.795749837019302e-07	2.383164857305194e-07	2.916293064707682e-07	1.750059633187589e-07	2.949890244568285e-07	3.153733675544755e-07	1.68952142260917e-07	2.612391798198574e-07	2.293531581648837e-07	3.166453762796974e-07	2.482335244840099e-07	4.355337915663248e-08	3.66944552959611e-08	3.778077781048552e-07	3.415794801812263e-07	1.36750643959038e-07	8.340141075999004e-08	3.245224481443973e-07	2.447299313205556e-07	2.267709120747102e-07	2.398784874887254e-07	2.254638216694503e-07	2.06530866145336e-07	1.766729300773652e-07	1.477593689307119e-07	2.785487151899818e-07	3.22892004465641e-07	2.174267075377091e-07	2.119274206912067e-07	2.87510504790387e-07	1.474055031308929e-07	7.080669256649328e-08	4.160341047706443e-07	2.749643710193858e-07	1.596829624017452e-07	1.97511397376738e-07	1.813893090386934e-07	4.298400243380885e-07	1.040340162523449e-07	9.337797887509045e-08	2.227229566865027e-07	1.876531470062131e-07	9.792002549687448e-08	1.866860122595436e-07	1.944598755415088e-07	1.856325229217964e-07	3.686451154815376e-07	1.191849140961464e-07	1.293023584959245e-07	2.103688961464231e-07	4.541682504098929e-07	7.864351478455065e-08	1.300809915373201e-07	1.156098218582895e-07	3.325508725687242e-07	5.175181269849821e-07	2.810439851296678e-07	2.173918540739433e-07	1.327199677722131e-07	2.151941856638536e-07	2.120843067711942e-07	3.931496476900387e-07	7.648666758108527e-08	3.02876152097249e-08	5.96424260273407e-08	5.299605853226196e-08	1.453972617373751e-07	9.066620154207e-08	3.038097357362416e-07	3.319773529523534e-07	6.084893657514543e-08	8.88874717921957e-08	1.25695534861574e-07	5.547411911955131e-08	6.013121217141905e-08	4.150270305564349e-08	1.709127492210661e-07	4.007797258045595e-08	3.641583423687836e-07	5.4700272311979e-07	1.806667689175505e-07	9.772451507353167e-08	4.061392647974251e-07	4.480946449218299e-07	4.012306130366442e-07	4.050223627734141e-07	1.599502126692672e-07	1.857180421147098e-07	8.237198842147616e-08	7.843581737622353e-08	6.614999339423764e-08	9.885292265255791e-08	1.424474640598092e-07	1.864167133030223e-07
1.231015418028393e-07	1.372283826973642e-07	1.29719242351331e-07	1.151915999280685e-07	2.734665761443629e-07	2.360757060112603e-07	3.767311852761608e-07	2.410906156760993e-07	1.927680439387231e-07	2.783551590361181e-07	2.963611573580256e-07	2.51492076997e-07	1.684144148314743e-07	4.960365819492671e-08	3.912390377866824e-08	5.358324374435175e-07	7.666546789524482e-08	2.12895685038682e-07	3.677889254951568e-07	1.54122435590893e-07	-4.354378035370193e-08	4.747292066069784e-09	3.809450288945458e-07	3.422407465401235e-07	1.529026839929144e-07	-6.338307926015216e-08	6.279082883531992e-08	4.840443992522524e-07	2.892659867376608e-07	2.451552068181178e-07	2.586394278141578e-07	1.757153481183606e-07	1.295571330478609e-07	3.926924057128367e-07	2.376543251758476e-07	2.925916876237737e-07	2.245866573523034e-07	8.351068955222146e-08	3.508844397811165e-07	2.851761205630248e-07	1.157844081648839e-07	2.928655422148513e-07	2.805804821726203e-07	2.960440307300042e-07	2.857299036027037e-07	1.681627093431249e-07	2.542220085213885e-07	9.092865507289475e-09	1.928665815448736e-07	2.269536479661449e-07	2.527293249612577e-07	2.435039569397189e-07	1.773688494731378e-07	2.257861610060529e-07	2.325790662017016e-07	1.383096232196474e-07	2.588333867531114e-07	1.597041057219931e-07	3.673899294178588e-07	2.630993552041162e-07	2.034576964891948e-07	3.188335325668931e-07	1.357716299491839e-07	1.753433345648677e-07	3.072851136646774e-07	1.722982639433585e-07	2.626413311543199e-07	1.411860556424521e-07	1.353270585351229e-07	2.92492411506762e-07	1.407990206943541e-07	9.498601969865755e-08	1.986171568244125e-07	2.154320075128167e-07	1.987823608349532e-07	1.831967015506533e-07	1.291169773557945e-07	7.222453374284598e-08	1.094810601345323e-07	1.616241157218788e-07	1.288913483930357e-07	1.716795485996141e-07	1.728257009326347e-07	1.66294166243475e-07	7.632825093921554e-08	1.096976573337059e-07	1.630463728348159e-07	1.633148171873843e-07	1.290927278479205e-07	4.215577638703971e-07	3.2483451860711e-07	1.102967350266651e-07	6.260172463798958e-07	1.448412404185919e-07	2.76533601235635e-07	1.336556585654514e-07	2.561454648337628e-07	1.464540929896641e-07	8.362550411800626e-08	5.878829631780946e-08	2.024112718669799e-08	7.214279401311472e-08	3.512040550072655e-07	1.874678450497261e-07	5.582558998969864e-08	7.402310672055136e-08	1.053997551280087e-07	1.324392640105967e-07	6.130681041206866e-08	6.882822475925768e-08	4.112448645187443e-07	6.319515184840777e-07	4.404033536562078e-07	1.454444881282032e-07	1.700296094358278e-07	2.846852961375533e-07	4.169336870715622e-07	4.01773327426179e-07	3.721612900460634e-07	2.467668044679302e-07	1.038226165258756e-07	1.979058824541623e-07	9.804202002340342e-08	8.125618906724852e-08	6.046662002798147e-08	1.002160193910788e-07	1.437050391519397e-07	1.853522651851181e-07
2.013609138343465e-07	1.242592598833192e-07	2.675001976479795e-07	2.565578720236664e-07	2.868877122400871e-07	2.144961735881694e-07	2.859131907753829e-07	2.560730940955165e-07	2.751360999552492e-07	1.414234501357912e-07	3.294324160918311e-07	2.555981783935505e-07	2.552604614432438e-07	2.731065965733137e-07	2.057702149796841e-07	1.466509873027478e-07	2.697774661127182e-07	6.28239521686723e-08	3.795245012577711e-08	3.636547245274997e-07	3.098873019085887e-07	7.458158155202682e-08	1.089671147290435e-07	3.007047887613858e-07	3.312252286204431e-07	-4.135158924143999e-08	1.480841637113154e-07	5.196780758696872e-07	2.712162295818056e-07	2.603472284401879e-07	2.677029767649567e-07	1.274533791208671e-07	2.488009989978926e-07	2.793921100438318e-07	3.096961666497647e-07	1.576418895170285e-07	2.201315082338383e-07	3.18752915785683e-07	2.658923551054049e-07	2.022538735715743e-07	-1.602082593114891e-08	1.990919046098457e-07	3.412578061803568e-07	1.886676851803112e-07	3.030137827213977e-07	1.06022039529618e-07	1.244245617468169e-07	2.928029529097218e-07	2.759411829085201e-07	2.225066519732522e-07	1.208572391625261e-07	2.544354657350402e-07	1.581952676257198e-07	2.704764099373954e-07	2.592921449146776e-07	1.421304247698442e-07	1.651859073608873e-07	2.767602813666206e-07	2.117579899050067e-07	3.733499952182502e-07	2.48048388512748e-07	2.449653575960775e-07	1.349158392071609e-07	2.920386643393477e-07	2.102147241984627e-07	2.412773353202238e-07	1.313360575379954e-07	2.009077402655177e-07	1.310336546685005e-07	8.878592563678688e-08	1.064712323500148e-07	4.474320150592246e-07	8.031279739648066e-08	1.289485361505435e-07	1.367042649834037e-07	1.095902560950936e-07	4.592639292147136e-07	2.600505552261475e-07	3.188974472755582e-08	1.887282085219612e-07	1.072000813045332e-07	3.708668310308222e-08	2.919865433693446e-07	4.38906936340526e-07	1.313507514685369e-07	2.553892998828609e-07	2.789242541323115e-07	1.289698125164794e-07	1.268595831271161e-07	2.311724007558124e-07	2.244750520845526e-07	1.215891159793867e-07	1.743145249875811e-07	4.228632951733293e-07	1.604578957000764e-07	1.524491694408634e-07	4.593542620864403e-07	2.365955707696035e-07	2.001585822086715e-07	1.678930341033567e-07	8.858499263602025e-08	8.504438648415937e-08	3.103233742782898e-07	1.767208371470984e-07	4.858974340425186e-08	9.564624164890689e-08	1.447289753944433e-07	9.866690890164236e-08	2.349449086527178e-07	8.674124646287189e-08	1.515144798164241e-07	6.763250643877009e-07	1.507608649436332e-07	1.903237531366149e-07	1.984674499541051e-07	1.790710772015758e-07	2.265781093456997e-07	4.522020099305279e-07	1.490669670554831e-07	2.221237461624459e-07	1.025575203824838e-07	1.362562227936149e-07	2.252745516253303e-07	2.037390607582731e-07	3.407957466617245e-07	2.459916161295993e-07	1.468751142440703e-07	1.862378170672139e-07
2.13095285865854e-07	4.334013706927439e-08	2.739561529446285e-07	2.628866441192648e-07	2.805088483358114e-07	2.992666411650781e-07	2.980701962746046e-07	2.549305725149338e-07	1.388791559717759e-07	2.588542412354635e-07	3.019411748256369e-07	2.78454279790101e-07	2.248815080550137e-07	2.544345349517014e-07	1.077790261807006e-07	2.662695371619765e-07	2.69989464330192e-07	1.944522192986619e-07	1.666597475639655e-08	1.702451346410807e-08	1.858088417088129e-08	4.674408710379829e-07	3.130142005635398e-07	2.979063309826479e-07	1.041727732479731e-07	-5.95200992227277e-08	-3.377250141268841e-08	1.720992524871232e-07	4.847289724259498e-07	2.726892500622581e-07	2.811540257157555e-07	1.904539101233734e-07	2.363448649479247e-07	2.752918143748267e-07	2.270880081236823e-07	2.914170914102826e-07	2.763513591153732e-07	2.527201420191455e-07	2.48850270429693e-07	1.943691265801236e-07	3.503614399728168e-07	2.409182670048396e-07	1.181351301880941e-07	3.132288396306175e-07	2.803601618400916e-07	1.507188697161107e-07	1.08139614972245e-07	2.256255403121552e-07	1.964532842721671e-07	2.397346559803593e-07	8.862265336379428e-08	3.049669745303614e-07	3.327841857783012e-07	2.568166588687382e-07	2.410427236276537e-07	5.081372632004135e-08	3.168259279686624e-07	1.568164570112487e-07	1.028885503921546e-07	1.672881352323851e-07	2.531890805363013e-07	3.341096826252614e-07	1.410350484651379e-07	3.588964941138279e-07	1.06581834732248e-07	7.085640669708978e-08	2.653057839216702e-07	8.02169248885839e-08	3.398902508018775e-07	1.860919397668109e-07	2.26455944005675e-07	1.664655104197936e-07	3.129709379685479e-07	1.9756506478827e-07	1.402136691318541e-07	1.835838106395335e-07	2.341858810736343e-07	1.0103907670945e-07	9.766092932057889e-08	1.896198013220436e-07	1.862713142160304e-07	7.536881760654989e-08	7.034738580605557e-08	1.660072064375787e-07	4.827732519978574e-07	2.531809424320163e-07	2.059896354298076e-07	1.407873078455743e-07	7.928893840631193e-08	9.34745376412276e-08	1.89028085561995e-07	1.670064969321081e-07	3.250118035952646e-07	3.419728499280676e-07	7.115719016451769e-08	5.529268031627572e-08	8.941305933911947e-08	3.883495485495426e-07	1.953791602993372e-07	4.527602718889033e-07	7.281635808534277e-08	1.230709789552039e-07	1.001301935493144e-07	3.010863292444703e-07	7.487889681880498e-08	1.024943765772625e-07	8.820819566087821e-08	1.085820537926879e-07	8.867050689336779e-08	1.26404268166486e-07	2.154090951141029e-07	3.483611102913253e-07	1.080183762310577e-07	3.454155181450264e-07	2.315927904723823e-07	3.222693582655975e-07	1.144850316198372e-07	7.059319243487805e-08	1.211976440649022e-07	1.766681878569617e-07	6.565549242390904e-07	3.405190631330668e-07	2.923570832272575e-07	2.222719324492981e-07	1.00812373295469e-07	1.562297128681204e-07	1.473076893362009e-07	1.860358689493096e-07
2.118171578973615e-07	2.215085142552289e-07	2.463621082412776e-07	2.398904162148632e-07	1.43779984431536e-07	2.036246087419874e-07	1.181147017738269e-07	3.616005509343507e-07	2.260097119883019e-07	2.138725323351363e-07	2.063874335594428e-07	3.367478811866513e-07	2.098400546667836e-07	2.517749733300891e-07	2.880033738171716e-08	2.028505870212058e-07	7.808896254766654e-08	2.284679864286516e-07	9.257949938701573e-08	4.408318024007142e-07	5.936966433173024e-09	5.465016052394136e-08	3.802987863980365e-07	1.865828732039103e-07	1.103281787550268e-08	-3.898860920401552e-08	-1.830416653669276e-08	3.610329291045577e-07	3.81629215270095e-07	2.569437716843282e-07	2.802050746665543e-07	1.1069194112588e-07	3.069512308979566e-07	2.539790187058215e-07	2.515798495975995e-07	2.640172933035371e-07	2.427212099969082e-07	1.054998682526082e-07	2.96908185753981e-07	5.819687958867329e-08	2.668937058767838e-07	3.179946293998334e-07	1.350124541958307e-07	1.876649940809247e-07	8.37065409587861e-08	1.862656999026035e-07	3.744546681976723e-07	8.862312771458873e-08	1.734778856358139e-07	2.937876599874664e-07	2.630505675650618e-07	2.897234833256829e-07	1.402481039308837e-07	1.489569078000812e-07	1.977433023406299e-07	3.599220278702373e-07	8.27784485764387e-08	3.018101326558761e-07	3.149816108793015e-07	1.503387752465195e-07	2.692422725598547e-07	2.622290076544459e-07	1.870542577231148e-07	3.183543238883085e-07	2.128364452660328e-07	1.530354780739551e-07	7.591301030534588e-08	1.063386095116497e-07	1.305468469352556e-07	2.22572953896835e-07	3.350406556613353e-07	1.755615057803617e-07	2.383915785406159e-07	1.957190934259966e-07	8.439807328030466e-08	2.675523651839734e-07	4.432828329325538e-07	3.977275981927512e-07	1.40069613913602e-07	9.421139412212624e-08	1.23030047127528e-07	6.566134521100159e-07	3.062832282427652e-07	8.690747653463072e-08	5.925825252718026e-08	7.652258498117216e-08	3.298175167273031e-07	1.443173031746692e-07	9.303079368550755e-08	1.049891745266423e-07	9.61686190394376e-08	1.574488778848297e-07	5.52921582202948e-07	1.908449046828062e-07	7.178148462895872e-08	7.146119119168767e-08	9.094685659179755e-08	3.802410263294821e-07	4.994872383900019e-07	2.846275096744514e-07	2.010102235346649e-07	2.065850714262484e-07	9.419951282033856e-08	1.131893213418431e-07	1.18680550233358e-07	1.161675115056181e-07	8.624991592731293e-08	2.402596986837332e-07	2.25671105134017e-07	2.692297898700999e-07	3.007537104117817e-07	1.922596561949492e-07	1.079883875184822e-07	4.90447831534392e-08	2.060681309906597e-07	3.944801393296194e-07	3.068544538939736e-07	1.10109374939227e-07	5.57533210743215e-08	8.182512955147766e-08	6.816148280956985e-07	4.46456903472519e-07	1.064271148291853e-07	1.262798041403234e-07	8.279149992921286e-08	1.165678096066414e-07	1.491277644283314e-07	1.866964208314054e-07
2.603765299288689e-07	2.145768914411838e-07	2.160680635379266e-07	2.273566883104616e-07	1.818011205272601e-07	2.99645076318896e-07	2.510967072730483e-07	2.716955293537682e-07	2.965652680048279e-07	1.103533234348093e-07	2.544211922932482e-07	3.328664825832019e-07	1.711736012785535e-07	1.456904117084771e-07	1.76209148582733e-07	4.015941368804343e-07	1.221384607651403e-07	5.192125355864211e-08	4.007305240176342e-07	1.582140913373223e-07	3.342055486954638e-07	2.025969500098982e-07	7.502087223253431e-08	3.48409415425172e-07	2.964553625030312e-07	2.875538081469651e-08	-8.235831660697092e-09	2.804105721993719e-09	4.256044581142397e-07	3.004107933063983e-07	2.527811236173533e-07	2.68829972128386e-07	2.548575968479887e-07	2.494287230368163e-07	2.33584191071517e-07	2.698049951967915e-07	2.403660608784432e-07	2.6289209448607e-07	9.292860107826974e-08	7.746325972227153e-10	4.013384717807502e-07	2.466459917948276e-07	2.397727820356773e-08	2.938136485312311e-07	3.547154200774792e-07	9.896253008909662e-08	1.406972142310135e-08	3.709082151170211e-07	2.530274869994605e-07	8.70281639945742e-08	1.032034817663304e-07	1.510299921210047e-07	3.857120220834649e-07	1.866346567314238e-07	3.173438810536057e-07	1.475178294204348e-07	-1.394403081578544e-08	2.269038083005042e-07	9.406217136644961e-08	2.224144152606536e-07	2.047454645834083e-07	2.5593583268363e-07	2.553859669810916e-07	2.582746536627891e-07	1.909910557998179e-07	1.142395494508207e-07	1.306077366890209e-07	1.279977941347154e-07	2.14190943068633e-07	2.735289680268592e-07	3.418878673169959e-07	2.404200011409296e-07	2.566221911268436e-08	2.52860622063723e-07	2.090699774287547e-07	1.495841972841423e-08	2.415672847914744e-07	2.248786196760537e-07	1.861907985066252e-07	1.923029869222084e-07	4.826762800390244e-07	1.970830866134851e-07	1.53381570679476e-07	5.239524663168265e-08	3.819325305650187e-08	2.965017275303269e-07	3.21082898024799e-07	1.340847985037642e-07	8.479764896470322e-08	1.083288114120571e-07	1.365841525168798e-07	6.497875883755156e-08	1.356063608106333e-07	2.014919594375443e-07	2.119432790933993e-07	3.13117202067099e-07	3.230306538444749e-07	2.288825041094222e-07	1.244703164806686e-07	2.797322474599989e-07	4.450415889839866e-07	5.454366638972921e-07	2.355688320913622e-07	9.295481343921547e-08	7.750720364791136e-08	5.409064643397387e-08	2.081166361937473e-07	4.416498435747781e-07	4.734467033746659e-07	2.989553115737141e-07	1.180483257094612e-07	9.057070209857291e-08	9.104589880590674e-08	8.848654816185099e-08	1.514059715089372e-07	3.641659203936417e-07	5.828863761681099e-07	3.061130574435754e-07	4.880899808374058e-08	4.255707124599342e-08	3.642622319523077e-07	4.762322438119714e-07	1.691221464311124e-07	9.853767583134844e-08	1.837206265629564e-07	2.16630906345162e-07	1.51172839520462e-07	1.873194727135011e-07
2.383984019603765e-07	1.983827686271388e-07	9.749018834576166e-09	1.502296040606049e-08	4.000975662298474e-08	5.904780438958042e-07	5.666621277227058e-08	6.209050777318602e-08	2.376708240213544e-07	2.220466145344817e-07	4.085424510270534e-07	2.965850839797525e-07	2.304571478903232e-07	1.324558500868648e-07	1.604295978374979e-08	2.528626867396638e-07	4.064879589826134e-07	2.843495206886314e-07	2.091940486482542e-07	2.642088802739293e-07	7.061163095775625e-08	1.172187394958557e-07	3.634804580670303e-07	3.964845764643505e-08	5.841540713056114e-08	3.907618708334077e-07	-3.169249678470133e-08	-2.317471766057121e-08	2.557547009583851e-07	3.913903149284681e-07	2.549071725681521e-07	2.905055031308923e-07	2.825639627980207e-07	1.079659273678115e-07	3.37276032545434e-07	2.39292697090046e-07	1.345859117599785e-07	2.653343207195323e-07	2.289240164025575e-07	2.186398856057713e-07	2.744832376847173e-07	2.217598541898218e-07	1.911546022113039e-07	3.562748029815376e-07	8.857429919617392e-08	2.273968602755891e-07	9.985977464852913e-08	1.624308025194548e-07	4.049520883631068e-07	2.384311680016809e-07	1.859813959675982e-07	1.741865009163259e-07	1.020884402360477e-07	4.161999056627658e-07	2.46519459766582e-07	2.631636309706312e-07	1.609834897919896e-07	1.035099839451323e-07	-4.644768146402609e-09	1.488400552747881e-07	2.697736566069615e-07	1.719801577128145e-07	1.34455176239069e-07	3.347699834372692e-07	1.804331663336029e-07	1.66456120827686e-07	1.43414963072696e-07	8.170697875778139e-08	2.098975392020106e-07	5.101474821568826e-07	2.557725789726567e-07	8.571599650149819e-08	3.103703596847514e-07	6.857715070145015e-08	1.193543815772053e-07	1.35789474272854e-07	1.960173665039513e-08	4.66671411593563e-08	2.560494830996482e-07	4.1976957972229e-07	3.517850129505222e-07	5.206522111695327e-08	4.615491311618657e-08	2.935801672873453e-08	8.08782535858233e-08	2.080433700794825e-07	8.719827932229555e-08	8.29397938328593e-08	8.886450424389888e-08	7.439344829747194e-08	7.762468599432229e-08	2.237211397902727e-07	2.45241139418317e-07	1.036515141922828e-07	4.235507355784089e-08	2.586732129425112e-07	1.191394510971536e-07	4.808648188936228e-08	1.385908945713342e-07	1.634994852455467e-07	3.964795443331027e-08	8.145075636833812e-08	4.110631513623858e-07	1.495203055365876e-07	6.937135706246457e-08	3.353262813623286e-07	1.002583564601823e-07	4.088524884658238e-07	5.708098016153152e-07	2.042558332773286e-07	1.171429410071402e-07	1.172442480021963e-07	1.388659100933311e-07	2.996033131702623e-07	4.219438120272138e-07	4.124892014576637e-07	2.44330798442248e-07	1.928542399479247e-07	7.722717509315956e-08	8.751401294050895e-08	6.802213580891679e-08	1.154825841514249e-07	1.152671780330399e-07	1.174080475223734e-07	7.359975319670053e-08	1.279190030836831e-07	1.608304146125925e-07	1.885425245955969e-07
2.051702739918841e-07	3.122386458130935e-07	1.976747413122511e-08	2.232517325016582e-07	3.173183927187081e-07	1.919485114727143e-07	3.059357182714916e-07	2.755604861926026e-07	2.899263800378805e-07	1.373524056341546e-07	3.633137097608592e-07	1.503911853763035e-07	1.310031945020933e-07	1.087962884652525e-07	1.141017709847658e-07	1.051062365988933e-07	5.593999572000868e-07	1.705777878186216e-07	8.564507327887394e-08	3.016911692105364e-07	3.548177132200471e-07	2.963655289818124e-07	1.17902543901528e-07	1.04499999867697e-07	1.815004517580901e-07	5.16836085212104e-09	-2.987416190870564e-08	-3.494104104313618e-08	2.530494380253061e-08	3.615073365505383e-07	4.606957215189503e-07	2.617435341333988e-07	2.05945328748053e-07	-1.613436830119336e-08	2.780678740193514e-07	3.374053989833002e-07	2.264307626415132e-07	1.40126546952995e-07	1.206819317268459e-07	9.675513861432096e-08	5.440300358868471e-08	8.733621658481624e-08	3.681569262190401e-07	3.569734574318443e-07	2.435581783148674e-07	3.257186904620817e-07	5.331232787395731e-08	-5.575911007811137e-08	1.177668972675472e-08	5.446341720087872e-07	3.263968101688659e-07	2.136555097116472e-07	1.100648583886296e-07	8.847765459410949e-08	4.126575384795576e-07	1.098594325208286e-07	1.717735103997652e-07	1.804411595897599e-07	2.915607923407441e-07	1.547656952889224e-07	1.341768486305152e-07	2.721494827419985e-07	1.600743854970459e-07	3.413653132117496e-07	2.295002768673878e-07	1.879976922045515e-07	1.98972189456371e-07	2.484911633808467e-07	3.430041353353878e-07	2.190284962869078e-07	1.716072906283176e-07	2.374994918620659e-07	1.043910002568198e-07	5.851867933917678e-08	1.987637857256555e-07	3.623705288172935e-07	3.486118850931515e-08	1.414316264265845e-08	4.627081676926708e-07	2.42461172522373e-07	2.034937458620201e-07	5.570723556204196e-07	3.43178255552896e-07	6.114578682578627e-08	4.368825411514496e-08	1.173725126286382e-07	1.012261606197914e-07	7.803228916195426e-08	1.256313595230944e-07	1.225080851828866e-07	2.022652194717643e-07	1.216135207429945e-07	1.684634180260012e-07	1.717485689470207e-07	3.013168680222812e-07	2.498667238179232e-07	1.975482483498315e-07	1.182029596693017e-07	2.131614726619996e-07	2.058542230310941e-07	1.510043198826324e-07	1.648898488393825e-07	7.06444970633409e-07	1.277482976339599e-07	4.271051047701785e-08	2.502619162906845e-07	1.19075076726617e-07	2.330676333568699e-07	6.084353998559646e-07	1.65393854980943e-07	2.749375563048188e-07	4.244177939058188e-07	2.635984213807552e-07	1.150950781786748e-07	1.749816525454918e-07	2.730499825216862e-07	1.152127207163854e-07	2.896704224522735e-07	1.140453521025785e-07	1.055459546350245e-07	1.589695396655247e-07	1.704204244908772e-07	1.044622096349672e-07	1.235284192133984e-07	7.894137983044434e-08	1.296945998222039e-07	1.645254897047231e-07	1.886030764776927e-07
2.583421460233914e-07	2.700570229990485e-07	2.653984294278733e-07	2.476180045972565e-07	2.419770288144326e-07	2.362564790496232e-07	3.047052237707133e-07	2.819554646120199e-07	2.983444360544067e-07	1.799331967338271e-07	2.95397468494665e-07	2.561597867728537e-07	2.481867411138628e-07	2.114367268436398e-07	2.358980821857818e-07	3.049747864581217e-07	3.298869554175614e-07	2.004310549486115e-07	1.629460979094931e-07	2.21873458147144e-07	3.107112954823389e-07	2.447748184677698e-07	1.572496297360247e-07	1.40214042088959e-07	2.225354963856193e-07	7.831235087083306e-08	-2.558082703270995e-08	-3.23823644257012e-08	1.981768664667547e-08	-1.536314182739043e-08	5.702217704697489e-07	2.820690651359051e-07	2.702516946980848e-07	9.56403360298011e-08	2.281597154932689e-07	2.09318100876555e-07	2.448506135230482e-07	7.465627318645743e-08	3.989523470511333e-07	1.7002039162287e-07	3.383227694926506e-07	2.339375789798099e-07	3.06396750226777e-07	9.355961188215181e-08	3.816670574335609e-07	2.639905206485747e-07	3.286488109938541e-08	8.023847732432139e-08	1.995887910904009e-07	3.437996760158951e-07	1.021622243701347e-07	3.461201850696908e-08	3.565787765412108e-07	3.096429035254515e-07	6.733311719253473e-08	3.997677340710245e-07	2.457135310075406e-07	1.947473352343877e-07	2.878038528278916e-07	1.781663353030567e-07	1.971800406540684e-07	2.325938077711828e-07	2.813185947550226e-07	2.909981429862302e-07	7.231738740117325e-08	8.320176358141724e-08	3.295669158400457e-07	2.061003480039127e-07	1.25410731468766e-07	2.790220104169319e-07	2.16779502283978e-07	4.047704872226335e-07	2.868366408288872e-07	1.99977079769035e-08	9.438568987410615e-08	3.105890833617337e-07	5.446331403682337e-07	1.142941841259602e-07	1.320293522856951e-07	1.969277653224556e-07	1.605399787735177e-07	5.664794901238873e-07	2.927265979896065e-07	4.11683556922837e-07	1.013732546444663e-07	1.313641551777935e-07	7.636654191728734e-08	1.857372844910489e-07	2.462857148022897e-07	1.315102220683013e-07	9.219325294920688e-08	1.65868401695716e-07	2.73823196633685e-07	1.36570623701759e-07	1.393036624867227e-07	1.593852346933355e-07	3.146195456025092e-07	2.257069374492409e-07	1.913195507526653e-07	2.050089608166417e-07	2.452981853319546e-07	7.965394131042748e-08	1.894642899044346e-07	8.010128973133234e-08	1.254746638915708e-07	1.048600512190405e-07	8.051679699305183e-08	1.225327782479159e-07	3.908599809661597e-08	2.46494376684557e-07	4.282696716024973e-07	5.377538398094418e-07	3.843184326681793e-07	1.211993431870867e-07	3.210569930637687e-07	2.175732635857086e-07	1.256696429905224e-07	6.762410495662316e-08	1.473385291119975e-07	3.248778963295396e-07	2.878669435221326e-07	1.759332648303297e-07	8.000724123689459e-08	8.787379090442347e-08	9.122050646418813e-08	1.440326965607248e-07	1.586580647968537e-07	1.903886283597884e-07
2.128890180548991e-07	2.752754001850034e-07	2.143668847245224e-07	1.092717766928552e-07	5.21856649101574e-08	3.37976946626532e-07	3.904372292699349e-07	2.592129430314371e-07	2.226499920709333e-07	2.114139878334997e-07	1.53381227228471e-07	1.884158881694045e-07	7.632028772563309e-08	4.992716522202799e-08	5.266939338679856e-08	2.021433363173512e-07	5.179364536350348e-07	2.980468220786011e-07	2.297471225401123e-07	1.500057470837515e-07	1.238048777446312e-07	1.317591079537273e-07	3.082342155705212e-07	2.074655843102209e-07	1.857205410131487e-07	2.524813408895448e-07	-2.038749215671427e-08	2.526381219173363e-08	5.119292949082021e-08	1.465288797946792e-07	-2.639680579450633e-09	5.506820961384107e-07	4.085080606481165e-07	1.002775403607959e-07	3.418265569671859e-07	1.878808027698095e-07	3.379704644045828e-07	2.760734994199191e-07	2.280852623754219e-07	1.054356446314194e-07	7.568003539661817e-08	7.915144137480434e-08	1.400865742345141e-07	3.782457663324577e-07	2.665093655225586e-08	3.414248508350673e-07	2.842174343248127e-07	2.317985647267541e-07	2.392008924540476e-07	9.680268002300302e-08	2.143401385714024e-07	1.929352730229049e-08	1.781801946937933e-07	4.756081524567937e-07	1.305336959055106e-07	3.281010356212216e-07	8.081605161531667e-08	2.647035108790153e-07	3.190719133150389e-07	2.478044753171908e-07	2.884957326776215e-07	2.855131328003669e-07	2.653878040129996e-07	1.54118472760711e-07	1.73059497934958e-07	3.661933349582819e-07	2.393241422237212e-07	2.060845326269785e-07	1.921423276021434e-07	2.242280245469564e-07	3.844267139396381e-07	1.593164825832024e-07	1.029822814009555e-07	3.279392366146292e-07	1.728575940225563e-07	2.47595137906174e-07	2.327800922271547e-07	7.869520560926238e-08	2.662380368787179e-07	2.388068581225379e-07	3.896862116850145e-07	1.548366246273563e-07	3.970374404263165e-07	3.119213270198892e-07	5.203325517378804e-08	1.093182977269489e-07	1.037069232147831e-07	1.720547798201439e-07	1.307275700814857e-07	2.325748589537158e-07	1.261962864266491e-07	1.003232826484378e-07	1.053954752413695e-07	1.246426784564971e-07	4.807654569511627e-07	4.542162455687467e-07	2.890033428551874e-07	7.652341522918091e-08	2.105776288433309e-07	2.60151198602189e-07	1.910170507812772e-07	4.133053378147227e-08	1.179461091754589e-07	1.116167818287045e-07	4.315138173061231e-07	2.173456861473958e-07	1.233335172594864e-07	1.605729231389613e-07	6.49365963372655e-08	7.930739838817177e-08	9.676428690017729e-08	3.905773857130657e-07	2.94963443955604e-07	1.217536081954986e-07	3.33182333582046e-07	2.240465446497307e-07	1.530390652646594e-07	6.225278746097221e-08	1.003442061214167e-07	9.852233802405589e-08	6.270268473787398e-07	4.143961051697815e-07	8.453977283882188e-08	9.069416259544845e-08	1.001246330979319e-07	1.609582932992456e-07	1.703406398889842e-07	1.923991802418842e-07
1.253983900864069e-07	9.438127737095889e-08	1.183534002117203e-08	-5.757445121154597e-08	-2.791819899411813e-08	2.997241420344181e-08	1.109942347691574e-07	5.683079214508535e-07	2.721305480874594e-07	1.099197789331727e-07	8.827748596227684e-08	1.76134489565955e-07	1.097663343374028e-07	-6.919896399584178e-09	2.385157045878143e-07	1.555243861765804e-07	1.176484518525099e-07	3.757125892085908e-07	3.631481471707313e-07	2.058255360203586e-07	3.172609600069223e-07	2.357183974396843e-07	2.261563014050183e-07	1.989296265314831e-07	9.588058564067824e-08	5.075033090825761e-08	-6.606657280718611e-09	2.884988809168694e-09	6.925567233496503e-08	3.695459014167487e-07	4.31448868371347e-07	2.74457627140918e-07	2.41289426598149e-07	1.928522446917904e-07	3.052683984411034e-07	2.822060046630637e-07	2.75052815286118e-07	2.690282256533814e-07	1.951431776997101e-07	2.923258976399681e-07	-1.337698699414829e-09	-3.055969623020128e-08	-4.201110175774869e-08	-2.099307921723442e-08	2.384473156709492e-07	1.950966810215606e-07	1.475949875502411e-07	5.965865212918778e-08	1.622629938176945e-07	1.943556840301099e-07	2.700555277267105e-08	2.397000360976112e-07	6.349411284637561e-08	1.847340138813779e-08	-2.864072538151278e-08	3.133218371714185e-07	2.391310722230918e-07	2.631471865236431e-07	1.32989973802187e-07	1.085301153313255e-07	2.029614247011752e-07	6.565745782955172e-08	4.63282013270976e-07	1.896263025351913e-07	-2.271089153125643e-08	-1.426509366485146e-08	1.803188686073965e-07	2.387312172500442e-07	2.568864237355208e-07	2.170590386769806e-07	3.398239255952989e-07	3.2047497794377e-07	1.492279219730232e-07	7.953076525235653e-08	8.257949817100695e-08	5.811369245061471e-08	5.288954408607531e-08	6.852122709256445e-08	1.366342214717416e-07	1.361609509226205e-07	3.092699445965121e-07	5.13593759130823e-07	6.008578286302776e-08	3.18696597116941e-07	2.264182557031091e-07	1.408974402761042e-07	1.12972304512279e-07	8.663477514923906e-08	6.804442536068159e-08	1.227769958391308e-07	2.54961819904091e-07	2.04278163601159e-07	1.822927538490533e-07	9.400223321123537e-08	4.683975141560502e-08	2.313222564441593e-07	3.446871401078653e-07	5.312398930091192e-07	1.002357069339969e-07	2.182434363877367e-07	1.635484162305998e-07	7.654462625251686e-08	1.370654284464829e-07	3.217447739260762e-07	2.726654707206768e-07	1.168313210757517e-07	6.051273752592133e-08	8.273806803000717e-08	1.09874694577915e-07	1.923204200917857e-07	3.485339021978555e-07	2.306134316166896e-07	7.945845524302908e-08	2.6810787320391e-07	2.158576741003237e-07	7.793232571375332e-08	2.827098753879685e-08	5.575646996532124e-08	7.569988313083583e-08	1.567917797185714e-07	1.417867512353494e-07	1.798714455092347e-07	1.946723044407489e-07	1.354395342864733e-07	1.089537597316757e-07	1.346463900377666e-07	1.604982149811148e-07	1.9227223212398e-07
9.532026211791444e-08	-4.312845443085857e-09	2.971412953178202e-07	1.826793208840517e-07	3.791404371016049e-07	7.795538178035067e-08	2.591262402683788e-07	3.489903998702713e-07	2.969361041039856e-07	2.36088070032845e-07	1.746362446960822e-07	2.352809096250602e-08	1.674373809491725e-07	3.562330419788024e-07	3.107370157888304e-07	2.638179360358091e-07	2.474604500699834e-07	2.93328356338581e-07	1.661741718013512e-07	2.317203249569659e-07	2.178420422692143e-07	5.194018692564207e-08	3.993408872395147e-07	2.472061687527451e-07	2.61790630268207e-07	1.197318209269696e-07	8.224917759527681e-08	3.16561654266036e-08	4.558684151791088e-07	2.301254230388192e-07	2.673374173221462e-07	1.791331581434247e-07	1.615582925481813e-07	2.667694902278563e-08	1.199102399150212e-07	4.716870655631882e-08	7.218516616765358e-08	4.91820451886843e-07	1.131135930239985e-07	-4.871349351481728e-09	1.531320672045515e-07	3.688291661647916e-07	6.419122224998767e-08	9.855575233072212e-09	2.633436947896431e-07	4.448060112080527e-07	2.24647540775669e-07	7.94812395316209e-08	1.211750951813414e-07	2.070086880372171e-07	-1.411653302606076e-08	1.697815448929328e-07	4.297830309989565e-07	2.296261503194798e-07	2.664973533314625e-07	9.7917638721616e-08	4.104609283086796e-08	9.385336216827144e-08	4.796330342893334e-07	2.340575534546009e-08	1.372271167247287e-07	3.80326782858735e-07	1.187387225289541e-07	4.18446632309671e-07	2.256687190025279e-07	1.419389777120136e-07	1.056010949910719e-07	4.551654018731095e-07	2.527805198688984e-07	3.085900528070046e-07	2.489461372509597e-07	9.594597330433875e-08	1.033735625450912e-07	1.20584793890083e-07	8.665140231945731e-08	1.191322469950547e-07	2.401614959449948e-07	3.524222485758657e-07	1.359929060647648e-07	1.00077543722703e-07	6.644117750801026e-08	1.328133936342919e-07	2.374091252997376e-07	3.154593672139928e-07	8.974075623243104e-08	1.986140828252594e-07	1.291376858097748e-07	9.998977047833398e-08	1.752737806398769e-07	1.794791327245454e-07	1.298898533815337e-07	1.287205445538808e-07	1.101650324567375e-07	9.73742879659735e-08	9.591404588004591e-08	1.713282673195715e-07	4.317959373605431e-07	4.13593870789059e-07	1.600687850246623e-07	8.989817417328456e-08	1.471047816799223e-07	3.080337187235609e-07	1.21159747717507e-07	6.361026602344922e-08	6.720462413523055e-08	1.195919560041073e-07	5.622945779235606e-08	7.742821292105279e-08	1.583002928185644e-07	7.077094179540034e-08	1.134035174955352e-07	7.481197752031348e-08	1.587409665304533e-07	2.62924638212322e-07	1.502455146186012e-07	1.792056067777752e-07	8.249040981293375e-08	1.050601524696701e-07	1.755930601402546e-07	8.883622141308722e-08	1.050841550919578e-07	2.095717858486871e-07	1.238298360426764e-07	9.895990597749841e-08	8.868288636541958e-08	1.438844867762874e-07	2.115182900732452e-07	1.960452840060757e-07
1.264796341494219e-07	1.159930317428687e-07	2.198597506144694e-07	3.217955929796496e-07	2.301115731973295e-07	2.290633493572592e-07	1.100707457676009e-07	9.003537828968932e-08	2.452416601205121e-07	3.378063611325174e-07	5.770750342988817e-08	2.789216923590558e-07	1.439592756094273e-08	3.024234803571902e-07	2.581583269898469e-07	1.955614858950384e-07	3.55109948287457e-07	2.79119123468571e-07	2.606876964319704e-07	2.279526138935732e-07	1.558106245315062e-07	-8.163023588400525e-09	3.593754730740117e-07	3.15357710974007e-07	1.752506748957366e-07	7.332581094568201e-08	3.203175124712718e-07	3.322273420440377e-07	2.466436580232542e-07	2.476049446608894e-07	2.579884662729451e-07	1.088211891459313e-07	1.016271584982135e-07	2.097016533537799e-07	2.802270813889381e-07	2.978689084495725e-07	8.078001704918853e-08	-1.723732187969318e-08	6.596508348286943e-09	3.014189036570666e-07	2.017768331085181e-07	4.032305285597856e-07	2.380810462577238e-07	1.841042296833784e-07	2.961525739083368e-07	1.313403413945465e-07	2.798000940010969e-07	2.496413269340535e-07	-5.412803455011419e-09	3.21474192044324e-07	8.208638117520704e-08	8.34005536882544e-08	4.114344491515385e-07	1.331663992508229e-07	5.681043204443918e-08	5.475940271813107e-09	3.935736134386425e-07	2.389970378128989e-07	2.338135947764817e-07	1.870188953595939e-07	2.289553087482819e-07	2.442836078879196e-07	1.704204317869309e-07	3.408544620841517e-07	2.661858295363127e-07	8.900554908887922e-08	9.054582137474705e-08	3.704370864961755e-07	2.204746160022761e-07	1.508960669370293e-07	7.463084890662081e-08	1.483169686649067e-07	1.827692031171588e-07	6.935132252780979e-08	1.738608064679074e-07	1.705508015394946e-07	1.516959478039152e-07	2.760232700591679e-07	1.230140906577881e-07	1.220441365227854e-07	3.450124104195069e-07	5.597080281377585e-07	8.075746773644832e-08	1.196971373110452e-07	1.570257567617524e-07	2.082182253744148e-07	3.346030671072701e-07	9.860726580742893e-08	6.84906359190729e-08	2.628062696099599e-07	2.074678868589758e-07	1.702379255066023e-07	2.230248110644213e-07	2.409588427207112e-07	1.739383403444867e-07	3.36034278194983e-07	8.70547346132222e-08	2.265353485689992e-07	3.858393631153273e-07	2.197029119588317e-07	1.629861471292447e-07	4.82728111946063e-08	1.281665669885311e-07	5.125007581208202e-07	2.004062775497834e-07	1.702025909324628e-07	2.358086780587903e-07	2.450308578120979e-07	2.633508910592137e-07	1.369464634990144e-07	1.507481327932141e-07	1.186230234239368e-07	1.992484778178777e-07	2.790789032207339e-07	2.045208551368784e-07	1.197913878417975e-07	1.673848320870706e-07	1.30101334974019e-07	9.173623714967391e-08	9.186816310760287e-08	1.16119058948566e-07	9.740962618813986e-08	1.046623676446037e-07	1.153177776685234e-07	1.791870129991632e-07	1.461100835148083e-07	1.617758651653759e-07	1.916433358881715e-07
2.46289006180929e-07	1.196739089288237e-07	1.209782059111186e-07	3.251243650752479e-07	2.315702092930538e-07	1.609463169341684e-07	1.344025126682298e-08	-9.507143290893153e-09	1.078972161370387e-07	3.305496522321901e-07	3.33103762163693e-07	2.595527937556064e-07	2.693544741727118e-07	1.563264187355783e-07	6.210463819086373e-08	3.606300357542671e-07	9.975944650493162e-08	3.786473905985606e-07	2.706762210625897e-07	1.419099028301808e-07	2.730292067937975e-07	3.474626589755658e-08	1.690350589085091e-07	3.80659253195269e-07	2.876482195232656e-07	2.377073009643938e-07	2.460483473472677e-07	9.538601866147339e-08	5.268140086739959e-08	4.439594662829589e-07	2.393770152237441e-07	2.231967201484374e-07	1.253210244482455e-07	1.234013576847749e-07	3.249314228628553e-07	2.79506610342827e-07	8.783736793072351e-08	-1.367009564623092e-08	2.079544236725745e-07	3.793716566656157e-07	1.825840990124849e-07	2.889068909547799e-07	1.991958702654606e-07	1.584028841336852e-07	4.354239530270304e-07	1.736746715810393e-07	8.272764722652544e-08	2.988264143364866e-07	1.12311797908635e-07	1.867146960514316e-07	3.874267953764742e-07	2.190570624835754e-07	1.99435867304121e-07	1.882066481821654e-07	1.143110107574151e-07	2.537217418220093e-07	2.104886340464187e-07	3.053532134575265e-07	1.094941552636296e-07	3.554320353737277e-07	1.879335007718354e-07	1.580029329171041e-07	1.67464641044908e-07	7.932479185863285e-08	3.455529400700976e-07	3.35847120465744e-07	1.157280477584221e-07	3.665962711192414e-07	1.962312121356537e-07	1.681020810670535e-07	9.456556056228135e-08	1.216004640254749e-07	1.442273436892268e-07	2.526428511655358e-07	4.903827106163568e-07	1.229693560839349e-07	8.873039966283541e-08	4.509492915424695e-07	8.419777525081149e-08	7.501072932286792e-08	1.14258643331005e-07	4.928401626412264e-07	1.347808101731585e-07	1.23734907408097e-07	4.95623257291073e-07	5.184223679235692e-07	3.540684484047659e-07	1.524247611365237e-07	8.219499119826852e-08	1.236084064953751e-07	1.338834203364183e-07	1.712553064593238e-07	2.241720896721053e-07	1.740558974754495e-07	1.836376348089277e-07	2.029152890703954e-07	5.795103186590038e-08	1.001143263489391e-07	4.646099412059927e-07	3.483451497443789e-07	1.520175125785672e-07	1.705994036656506e-07	8.85608862595553e-08	1.819537502181934e-07	1.411579309643367e-07	1.100382258608186e-07	1.228878983252253e-07	5.983350270314403e-08	2.139014892998635e-07	1.619469852026286e-07	2.371802480908929e-07	8.338406932756031e-08	1.428559891053023e-07	1.459456682291462e-07	1.537211956551559e-07	1.790271689058195e-07	4.246667543612069e-07	1.171550174783681e-07	1.062044141590929e-07	1.004876048021185e-07	8.485396280517429e-08	9.519746652759235e-08	1.03007399246531e-07	1.497881493595483e-07	5.244286396329059e-07	2.14485680253329e-07	1.762334402575064e-07	1.968788877702673e-07
2.316608782124366e-07	2.506672861147782e-07	2.463841612077672e-07	1.516031371708468e-07	1.426163453887783e-07	-4.145715488922122e-09	3.189597567660438e-07	3.291753351285231e-07	1.686277721535648e-07	2.205804433318631e-07	2.866000208974988e-07	2.57921395152157e-07	1.338630207844821e-07	1.786043571139659e-07	4.113844939188009e-08	3.624985856134961e-07	2.523339447224051e-07	2.04575657728551e-07	3.07889745693209e-07	1.71629691766788e-07	2.798852890560892e-07	7.079305538351373e-08	1.158214474300648e-08	4.15923295416531e-07	2.44945764150795e-07	2.11513790983106e-07	2.255166822232635e-07	2.793219527890859e-08	3.492566437115436e-07	2.914514879050295e-07	2.655780641745428e-07	1.857347511509439e-07	1.502898903982774e-07	1.203135620157697e-07	2.148357643367729e-07	2.259318122360817e-07	3.028322188122579e-07	1.272971305872309e-07	3.243733899686314e-08	2.364494096741653e-07	9.600386491645193e-08	3.259707533497739e-07	2.91185694273197e-07	2.081890385839918e-07	2.521953321457248e-07	-2.369099823246729e-08	2.298020045195366e-08	1.315615017389202e-07	3.78311399272281e-07	2.160177000585387e-07	5.759220957774329e-08	3.275260712788964e-07	3.097497854567026e-07	2.451218971135079e-07	8.503658947039129e-08	8.684254337220658e-08	3.600661546541938e-07	6.270938910215497e-08	1.40762215750777e-07	2.453701753878623e-07	2.709241927953885e-07	2.144847579462881e-07	2.746088503028847e-07	5.760762163311331e-08	1.555575506038831e-07	2.620261918426098e-07	3.204777414209753e-08	2.997554557423074e-07	2.84112808269031e-07	1.10270595197078e-07	1.657627722179417e-07	2.406464593860427e-07	8.359798426129479e-08	1.361593798032628e-07	4.013046147648075e-07	1.043004106283751e-07	7.751485152175551e-08	5.22753130257727e-08	1.110439598438347e-07	2.0280232212295e-07	3.026798762425019e-07	1.087972971446953e-07	1.989291526098686e-07	4.30247677505148e-07	2.868707578203952e-07	5.125765104727246e-07	3.215588297022619e-07	3.511047564656181e-07	3.390118464774635e-07	1.602105433807898e-07	7.601145381386083e-08	3.396351874120449e-07	2.669068682797892e-07	1.958779522301876e-07	4.46724429273368e-07	8.704629994580777e-08	1.050098291185783e-07	3.851433041288779e-07	4.183180192966584e-07	1.20062387529927e-07	5.213637802788998e-08	2.81338496136695e-07	3.546927055305786e-07	2.381817423155655e-07	5.183345843788888e-07	2.250738607891739e-07	1.3502961859166e-07	1.508236475941893e-07	9.008958754051346e-08	1.19147506906243e-07	1.687373633885721e-07	6.233951152311822e-07	1.005635003927269e-07	1.351374332375582e-07	1.026215361734333e-07	1.015004499698419e-07	1.295361766353448e-07	1.040586999827172e-07	1.331600911685119e-07	1.264695464966341e-07	1.538263666617823e-07	1.240728068670447e-07	9.253993084845836e-08	1.702335210505732e-07	1.652702662666509e-07	2.254862769918498e-07	2.270660153496368e-07	2.07551939652363e-07
2.228452502439441e-07	2.731731633007332e-07	1.797901165044163e-07	2.043569092664449e-07	2.936999814845021e-07	2.441997520879862e-07	1.328542622652661e-07	2.081453135479406e-07	8.535832817009132e-08	2.387862344315357e-07	2.599337796313045e-07	2.077649965487076e-07	2.570840673962515e-07	2.490322954923534e-07	1.141097605928962e-07	2.010921354727256e-07	2.59070942939879e-07	1.443164248585411e-07	1.11553270323829e-07	2.61836980703395e-07	2.069413713183812e-07	2.261484486947111e-08	5.179173057750325e-08	2.238623376377937e-07	3.034558087783241e-07	2.773452810018181e-07	2.532850170992591e-07	8.257837189634343e-08	8.19818865556892e-08	3.035685095270996e-07	3.513291131253414e-07	2.408602821534501e-07	2.462837563483092e-07	1.137382663467645e-07	9.832760581069055e-08	2.821195141293359e-07	2.50639569693793e-07	1.813768568206931e-07	2.973202543211505e-07	2.489646626827145e-07	2.403861308204183e-07	2.114971157447682e-07	1.111130182809343e-07	3.405501930342981e-07	1.057542112644192e-07	5.441833195402534e-08	7.764525367738153e-08	4.862590891413523e-07	1.655860006359284e-07	5.107070406564641e-08	-2.204876220988453e-09	2.086325800742181e-07	3.581512036092844e-07	2.428996460448506e-07	1.754996681833671e-07	3.812584492240356e-08	3.985686752619693e-07	1.591780647467825e-07	2.470302762379242e-07	2.395583154019967e-07	2.09764884818942e-07	1.076165829754727e-07	2.745780595608617e-07	3.403154514075929e-07	2.294121611376679e-07	3.689276321947588e-08	3.166175005257718e-07	2.780646403653733e-07	1.54156904402409e-07	2.520141093271019e-07	2.543974838736021e-07	2.929049547466106e-07	2.816811248333621e-07	2.467009084409891e-07	2.083890189132585e-07	2.571189651728148e-07	2.76899303380675e-07	2.686388345090741e-07	2.313401444368576e-07	2.689814149230321e-07	2.329886091539995e-07	1.44154431648163e-07	1.59539995046579e-07	1.863729476022005e-07	2.174307583497169e-07	4.288806530218802e-07	3.779992109997576e-07	2.137097517947134e-07	1.706912017566596e-07	1.247376802662046e-07	1.619144872913029e-07	4.373275683647662e-07	2.167916468874734e-07	2.069000069849257e-07	1.630612237378099e-07	1.866523108212195e-07	1.706686263712562e-07	1.519597819088181e-07	1.452635973873249e-07	9.469212531547462e-08	2.576552434772118e-07	6.486525886077386e-07	1.589745248016032e-07	2.384222344129378e-07	5.26698737793442e-07	2.552094957175294e-07	2.288838388580945e-07	2.052137924852348e-07	4.60790185781162e-07	2.819230286098568e-07	3.281819786862506e-07	1.16706161134807e-07	3.176585116801507e-07	2.361166982459698e-07	2.009218766917103e-07	2.147362310338637e-07	3.209680989094813e-07	3.149123824870656e-07	4.843407681779299e-07	2.451889881911494e-07	1.689487705183905e-07	1.247106472064972e-07	1.120724624503856e-07	2.014788927415981e-07	5.531493929003936e-07	5.328493737303697e-07	2.010610904417675e-07	2.019124915344588e-07
2.260671222754516e-07	1.398665404866885e-07	3.169335718010649e-07	1.96606813620438e-08	2.759211175802263e-07	3.246952196648949e-07	1.722737677644878e-07	1.82177791967358e-07	4.81388841866177e-08	1.325295255312087e-07	2.131675383651102e-07	2.005460979452582e-07	3.389801140080211e-07	2.63210233870741e-07	2.53493571793912e-07	2.811106853319545e-07	2.32357941157353e-07	1.85344691988531e-07	2.47541794954448e-07	2.478692696400024e-07	2.438724535806728e-07	2.027366343554278e-07	1.702638164119998e-07	3.055888798590556e-07	1.180658534058539e-07	1.457767710205307e-07	3.416533519752545e-07	2.833620485137778e-07	2.363946293998336e-07	2.440980311491699e-07	2.657801620761405e-07	2.328358131559566e-07	2.543776222983412e-07	1.451504706777592e-07	6.878194728460797e-08	1.891322160225906e-07	3.002969205753278e-07	3.246315830541549e-07	2.345281696454388e-07	2.803424156912637e-07	3.241839672438567e-08	3.824359781397618e-07	1.822528422886707e-07	2.374113474846051e-07	-1.046190961688659e-08	2.258651621405177e-07	9.282280690280955e-08	4.178066765437856e-07	2.447606019995749e-07	1.476112080727534e-07	5.882303798027945e-08	4.303140888695389e-07	2.512276217618667e-07	2.482148949761933e-07	2.229127468963431e-07	1.733841464726e-07	2.071961958697454e-07	2.5905924039141e-07	2.308233367250717e-07	2.749214554161309e-07	1.442180768424956e-07	4.811090800465704e-08	4.639597688188382e-07	2.530857811820736e-07	2.33104271671453e-07	1.55296834596341e-07	1.515622269094475e-07	1.970863249884394e-07	3.52401000535786e-07	3.060076234571259e-07	1.911571955292628e-07	3.473384501071787e-07	1.582767654054303e-07	1.49679937078716e-07	3.972609230617083e-07	2.268250197172549e-07	3.101962552395949e-07	2.834773559923762e-07	9.641132902988122e-08	1.990355077231148e-07	1.278223420654973e-07	1.046615661516308e-07	8.430083748328955e-08	4.411732176992516e-07	4.200532588790378e-07	4.224347955710356e-07	3.609020922972535e-07	3.085522471238081e-07	7.879555703585551e-08	7.580231715161954e-08	1.274050207687453e-07	3.818699493174879e-07	3.43188925495157e-07	5.45822061739663e-07	1.33460518202251e-07	1.036333216966318e-07	1.214274236239344e-07	7.815125968875789e-08	1.704091754779904e-07	1.877093631010219e-07	2.266616089265344e-07	4.265418107878505e-08	1.730313440726273e-07	2.888002265103099e-07	2.014628912079961e-07	1.156951306458854e-07	1.482880591245294e-07	1.315789373762806e-07	2.338532840218123e-07	9.861105031347159e-08	1.073015939839302e-07	1.541422070384303e-07	2.069660229675755e-07	2.164209632543818e-07	2.972347172099874e-07	3.775095120978854e-07	1.642500211836188e-07	4.719910649914141e-07	5.034964451873489e-07	3.203334298856649e-07	1.483336743749988e-07	5.290359875459486e-07	3.909924940523121e-07	3.922492644326225e-07	1.945910195341384e-07	4.31837470468891e-07	4.845436655338971e-07	2.245480434165545e-07
2.398639943069591e-07	2.75397417672643e-07	2.588520270977141e-07	2.359894534576415e-07	2.486547536759507e-07	2.319406872418041e-07	1.735557732637095e-07	2.768102703867749e-07	3.233319402031432e-07	2.49247816630881e-07	1.257137970989161e-07	1.469396993418089e-07	2.402386606197912e-07	1.45875672249129e-07	3.256023829949281e-07	2.609667351911836e-07	2.133324393748269e-07	1.226104591185211e-07	2.711053195850673e-07	2.996390585766095e-07	2.511785358429644e-07	2.19320923841385e-07	4.963590224649703e-08	8.979042208031834e-08	1.339008980333832e-07	3.145457610392425e-07	2.945716868512504e-07	1.108332251312133e-07	2.156448722439785e-07	3.707775527712397e-07	2.745437110269393e-07	2.659863441584629e-07	2.464964882483733e-07	2.252001750087537e-07	1.134112887585252e-07	2.252199179158449e-07	9.191771456863635e-09	5.658630928761799e-08	5.35148584969726e-07	2.138451686998132e-07	2.980006626283517e-07	2.717123405347562e-07	2.604426662964072e-07	2.162100019349119e-07	8.242196950180706e-08	7.3869923270112e-09	4.941378601282364e-07	2.649042639462193e-07	2.229477033632218e-07	2.070642120798604e-07	-1.173654781845226e-08	2.642059766486142e-08	3.897790399144483e-07	3.474301439075357e-07	2.497758256093191e-07	1.021674480227971e-07	2.618237164775209e-07	3.100779160360377e-07	2.430413972122192e-07	2.433095954302654e-07	1.771087688660489e-07	1.089427330338411e-07	3.264539780768156e-07	2.47456110956554e-07	3.222588822052377e-07	2.473009059732062e-07	1.843194532931225e-07	1.968080096115052e-07	1.911325966691641e-07	2.652386375871503e-07	4.039190718492386e-08	2.188844454677471e-07	1.87534905977498e-07	3.645089657164419e-07	2.66445327210159e-07	1.054810742616954e-07	1.592182070985155e-07	1.325658774756786e-07	1.923700136229042e-07	2.480771005231971e-07	2.513685749769943e-07	2.671812006550981e-07	5.345116799199985e-07	1.740109877963042e-07	3.950882594083595e-07	2.493389381201915e-07	1.245799735947501e-07	1.628322424529035e-07	2.618874123150506e-07	2.118169540370339e-07	3.062705542461871e-07	5.143623302702091e-07	1.789612041028415e-07	2.26881616494402e-07	1.899973126666918e-07	1.975768325720435e-07	1.075112208766125e-07	1.399052374686973e-07	1.249797535686562e-07	3.488266008865689e-07	1.94017974375857e-07	1.332932735498295e-07	2.049006633436513e-07	3.140907186076822e-07	2.828020446225491e-07	2.011432655742408e-07	2.288672793909639e-07	2.274065822673259e-07	9.736638226246225e-08	1.775365720170856e-07	3.013962092816087e-07	3.896157529420531e-07	1.91411034255e-07	9.630022826279403e-08	3.152850577282647e-07	2.501827931619079e-07	3.970444434577552e-07	5.588322474957629e-07	3.245771221967686e-07	2.223028715801808e-07	2.281435782316067e-07	2.189863278854019e-07	4.243250256542393e-07	1.826696361236482e-07	2.60007646167882e-07	3.878630672074119e-07	2.923762406260283e-07	2.127960952986503e-07
1.970358663384668e-07	2.355782948585981e-07	2.71082982394363e-07	2.258932255532399e-07	2.783883897716748e-07	2.499611548187131e-07	2.529127787629311e-07	1.990177488061924e-07	1.953249962196698e-07	2.529786077305537e-07	3.029725558327212e-07	2.84583300738359e-07	1.935097072315612e-07	2.655411106275163e-07	2.788736941959446e-07	2.165977850504128e-07	2.590694375923007e-07	1.770637262485108e-07	3.238813442156865e-07	2.846213475132169e-07	2.622346181052561e-07	2.647427133273421e-07	2.593829880809933e-07	2.023044643015802e-07	2.678984426609121e-07	1.805022510579551e-07	2.802275217272461e-07	1.722294017486482e-07	1.343326150881236e-07	2.9626957439331e-07	3.40307259977738e-07	2.554118751609693e-07	2.561278541984053e-07	2.271373793397485e-07	2.385156302324421e-07	2.158951198090994e-07	6.991162233839843e-08	2.481410355210797e-07	3.131315002940149e-07	2.090729217083624e-07	3.247829285323183e-07	2.568387029297503e-07	2.272574903041439e-07	2.809211563852184e-07	2.792183486205004e-07	1.687088225135036e-07	1.560654133536654e-07	3.459268513486522e-07	2.326348047268685e-07	2.309297160869675e-07	1.427413663828153e-07	3.219021064601819e-07	2.268679580670307e-07	1.730078928388789e-07	2.857514043222951e-07	2.367132495729935e-07	2.462512370852965e-07	2.668965916806656e-07	2.660219576993666e-07	2.787477354443996e-07	2.518119608896021e-07	2.10499558063025e-07	1.92323187334793e-07	2.830389407310343e-07	3.211884927390227e-07	2.297299773500718e-07	2.637641796767974e-07	1.471796942345711e-07	3.519141928025413e-07	2.221821517171747e-07	3.020891188405837e-07	2.97317940828315e-07	2.785180465495656e-07	2.06962994354169e-07	2.626422313586095e-07	2.62649628806135e-07	1.811901589574355e-07	1.756418989589806e-07	1.403536982159276e-07	1.737061933232796e-07	4.689648078884911e-07	1.518633351585662e-07	5.01122522356709e-07	2.688362578933557e-07	2.207607599376815e-07	1.057930806693473e-07	1.811703548922458e-07	1.136372377819986e-07	3.56066767594246e-07	4.40719090922448e-07	1.624860877236298e-07	1.409797112229318e-07	1.745959827105256e-07	1.108161712491405e-07	1.014466071311331e-07	1.089703434474558e-07	2.795200181292901e-07	4.547467152486359e-07	1.363628316593218e-07	3.043688386721166e-07	2.188993398251794e-07	1.074948660208742e-07	1.047699826146757e-07	2.337062107050547e-07	5.522036980371015e-07	2.307539005025963e-07	1.805214996573988e-07	2.490967271583715e-07	7.071698050311194e-08	2.648245937206996e-07	2.959908245792876e-07	1.876142988456771e-07	1.216685455424247e-07	8.226699327120599e-08	2.645228982465422e-07	4.754310742259294e-07	5.297888657318919e-07	2.708984300001128e-07	3.081452992061877e-07	3.411723132746961e-07	3.146659820882148e-07	2.516866682248543e-07	5.379075572561662e-07	2.860275078146728e-07	2.252617728016259e-07	1.425886639459335e-07	1.917088157181592e-07	3.215316471807458e-07
1.636202383699744e-07	3.461716720445527e-07	1.918889376910122e-07	2.777469976488381e-07	2.580220258673991e-07	2.184441223956222e-07	2.841572842621527e-07	1.040502272256099e-07	3.227680522361957e-07	2.303468988302265e-07	1.218438145665273e-07	2.816394021349096e-07	2.186307538433309e-07	2.745654900590466e-08	2.21007505396961e-07	2.090538349096419e-07	9.694393580977509e-08	3.734199337850115e-08	1.770448688463064e-07	4.123661364498238e-07	3.447282003675476e-07	2.106395028132995e-07	2.280425739154903e-07	3.01393506522842e-07	1.978209872884416e-07	6.303374107666766e-08	3.933833566032415e-07	2.06963078366083e-07	2.514328579322681e-07	3.095115960153801e-07	7.61458089285376e-08	2.195624061634759e-07	3.318717201484371e-07	2.452745836707432e-07	2.074699717063595e-07	2.144453217023539e-07	2.300814732199329e-07	2.33333261754542e-07	2.97401915618303e-07	1.635756747169118e-07	2.592401944362853e-07	2.783775653247443e-07	2.308973143118806e-07	2.656448108355252e-07	2.869772277391943e-07	1.546056526999965e-07	3.22255466579093e-07	2.281619387510858e-07	2.646344060905152e-07	2.310952200940747e-07	1.817942805840833e-07	2.541211152555035e-07	2.718568762196125e-07	1.269856417702218e-07	1.340019830352716e-07	6.057155112319089e-08	4.404912576930715e-07	3.180277673252933e-07	2.515025181865141e-07	2.706483754585339e-07	2.669276529131554e-07	2.360063830922091e-07	2.449798965927699e-07	1.975717705055149e-07	2.52055603272808e-07	2.884340487269371e-07	1.816964060604728e-07	2.348013788576367e-07	6.828328893591965e-08	1.129381658471993e-07	2.527238304962444e-07	5.099264361888826e-07	9.451368712163398e-08	2.086795229918956e-07	2.806641355070597e-07	2.312681833505753e-07	1.725246108163556e-07	1.226429204422827e-07	1.442123828089509e-07	1.093102861233622e-07	9.619854079998965e-08	7.232046966203426e-08	2.4434586479342e-07	2.382615279904076e-07	2.781457604670029e-07	4.439347232185017e-07	2.613107361897415e-07	9.819223311109355e-08	4.572961228734414e-07	1.415462278078636e-07	2.04251621201072e-07	1.793095921756532e-07	1.938932613182095e-07	2.134882260038783e-07	1.61245901595574e-07	1.739263543228676e-07	1.514538153819686e-07	1.548881930285764e-07	2.468584097499871e-07	1.902360764576644e-07	1.75005705274502e-07	3.360589584919182e-07	2.900893018856992e-07	3.728842028024265e-07	2.963428514516554e-07	2.419895354309519e-07	2.918132199238331e-07	1.970243720494172e-07	1.833800787437612e-07	1.733501154243142e-07	3.345729398769665e-07	5.568878447492994e-07	1.258760568298491e-07	1.102712582796178e-07	1.215107387648199e-07	5.769293552899512e-07	4.910832880060291e-07	3.057271125044617e-07	2.694759762156069e-07	3.440542549692117e-07	1.863883859448233e-07	2.476745085643068e-07	6.459775888580932e-07	2.989353795056977e-07	1.640408994353699e-07	1.925142606844543e-07	5.977788908102885e-07	6.333671990628406e-07
2.013046104014817e-07	1.555275492305083e-07	2.023198929876611e-07	2.360757697444365e-07	1.706806619631236e-07	3.248520899725308e-07	2.808267897613745e-07	1.55107705645027e-07	2.246486082527223e-07	2.089151899298993e-07	1.22740073300333e-07	2.309580035314603e-07	2.392518004551006e-07	2.657719873842916e-07	1.559788165979775e-07	2.696473847688708e-07	3.211809340272483e-07	2.234202605084906e-07	1.867333934769257e-07	1.29598425386432e-07	2.410342826298396e-07	3.659737922992563e-07	1.737521597499874e-07	5.840754874410484e-08	1.88231031915971e-07	4.200902310953788e-07	1.671641914792378e-07	3.584717549835176e-07	1.122956007764133e-07	2.645161176374504e-07	2.037843578793361e-07	2.059504371659823e-07	3.039655860984693e-07	5.00742880017386e-08	1.54074313180277e-07	1.523205235956085e-07	1.374263241014682e-07	4.666298798800484e-08	8.46473309425918e-08	1.061534277254613e-07	3.166224603402519e-07	2.468539277197384e-07	2.947621383196171e-07	1.652434652858322e-07	4.959860685788892e-08	2.47602482886489e-07	4.203080198045207e-07	2.869470261535188e-07	5.614650745416254e-08	3.584982241011816e-07	2.260221947853513e-07	2.947151240508248e-07	2.643082943721945e-07	2.485133907015641e-07	1.986650617482476e-07	7.43298526733877e-08	2.504312783008477e-07	2.976464429699212e-07	2.627455786736616e-07	2.679865154726682e-07	2.493808449367088e-07	2.682632081213933e-07	1.457241058507472e-07	2.738421002799951e-07	2.152477138065931e-07	2.791881201038027e-07	1.80891132444148e-07	2.447980634807025e-07	2.066023850692968e-07	3.01631679977223e-07	3.065210421519049e-07	2.306849315494514e-07	1.820468276937016e-07	2.539335516296221e-07	2.258235396555103e-07	1.338867378950157e-07	1.087340626752758e-07	1.270939419255848e-07	1.516335674019741e-07	2.644768789234442e-07	1.37807273711487e-07	4.765276041655009e-07	3.359067072301301e-07	3.349242980874592e-07	4.31680760996324e-07	1.809513657676578e-07	1.818886174872376e-07	4.668972284401874e-07	2.564629781526376e-07	1.899233646932783e-07	1.154421546785146e-07	1.523519731283749e-07	2.255280399258935e-07	5.455852807586155e-07	2.638326960600148e-07	1.665073651982796e-07	2.086001126346465e-07	2.555671708085157e-07	1.730039878406529e-07	3.686033142432114e-07	2.876745707238241e-07	2.343980509629632e-07	2.417086211567234e-07	2.89499694899799e-07	2.145195048662089e-07	2.816501703593074e-07	2.944674401902678e-07	2.890645169404625e-07	2.886931769844105e-07	2.682131371279282e-07	2.908800551746457e-07	2.552113906529237e-07	2.385335681172733e-07	2.517130232880293e-07	2.765860792830968e-07	2.496526363539744e-07	2.314652102801669e-07	2.10468295008811e-07	4.182316532250255e-07	2.769986966637276e-07	3.65198289801431e-07	2.697623489037592e-07	5.531976204600208e-07	2.789932511967228e-07	3.140950260691133e-07	3.676898574229746e-07	4.518489659024195e-07	4.12290250944937e-07
4.95389824329897e-08	1.110209264164633e-07	2.1755084828431e-07	2.536545418400348e-07	4.33889298058847e-07	2.7072255754944e-07	2.695462952605963e-07	2.30202684064444e-07	3.795416426924911e-08	3.515459810295715e-07	1.758363320341384e-07	7.640160492801123e-08	1.020353470668709e-07	5.164624257626784e-07	2.979876277989934e-07	2.409159346281e-07	2.846054322447223e-07	1.609860276384806e-07	1.644344181075452e-07	3.207932143230387e-07	1.579653648921315e-07	2.34283081785214e-07	1.121867455844844e-07	1.705909096536709e-08	2.316660765435001e-07	4.46471721114091e-07	1.792950263552335e-07	2.14555431600953e-07	2.400458436205578e-07	2.138206392595207e-07	3.568854068301345e-07	2.265009681684887e-07	8.405945204850195e-08	1.339864923327331e-07	2.50003654654194e-07	2.935207254888626e-07	2.403711749830029e-07	2.947302142214664e-07	8.781774626687994e-08	1.163061807340105e-07	4.535472624421946e-08	1.437052901147328e-07	5.514519623273531e-07	2.617171197361387e-07	1.804324859765825e-07	2.814243130729819e-07	3.176605730299491e-07	2.829196135559519e-07	2.245711088178088e-07	1.981262281082893e-07	2.201126089866194e-07	3.37409132846146e-07	2.521847125247764e-07	2.360536396329068e-07	2.583781404612235e-07	2.789631542235839e-07	1.957837989086234e-07	1.916151186145493e-07	3.386011391608089e-07	3.022246554868024e-07	2.727465369602621e-07	2.577700331505775e-07	2.926183151087238e-07	1.965874300544757e-07	3.090898243403778e-07	2.819421914806682e-07	1.547358588278232e-07	2.965697481037682e-07	1.841214812026745e-07	2.019126941072476e-07	8.960575380756609e-08	5.242184269100187e-07	2.006924682657694e-07	8.978758026734918e-08	2.877204438039605e-07	3.248052924394552e-07	3.071060145341954e-07	2.540199634088865e-07	4.424797519949965e-07	1.41468471723527e-07	1.355035066229844e-07	2.739097386689692e-07	2.677925496668405e-07	1.447120681845115e-07	4.258782615256456e-07	1.847430083168132e-07	3.128789987847331e-07	3.294272237692827e-07	1.644923334318336e-07	1.417755015786931e-07	3.398701881559563e-07	2.578068540810961e-07	1.821253185335776e-07	2.242448355133546e-07	1.73031990524456e-07	1.674508760736916e-07	1.222714098873248e-07	2.098086485884554e-07	1.836370659313185e-07	3.279330520287591e-07	1.582059361731469e-07	1.407246434340082e-07	2.123779404277476e-07	1.750276869971717e-07	1.285711582807623e-07	2.483733052876631e-07	2.475841604567027e-07	1.118546618315086e-07	8.174377522506073e-08	9.543865883154293e-08	1.72562170472325e-07	2.055724365565473e-07	2.784410794046976e-07	1.029047882964417e-07	2.886739198013741e-07	1.744884174179968e-07	2.609721325543039e-07	3.996469775131595e-07	2.723498302344449e-07	1.430806383582436e-07	3.014581936580394e-07	2.558126892432117e-07	1.058551520619494e-07	1.747886228877481e-07	1.329866527028577e-07	1.605529541614961e-07	1.864065409945509e-07	1.984508028270335e-07
1.777858544644968e-07	1.394893036024182e-07	1.770568035809591e-07	3.495708139356328e-07	2.847854341545717e-07	2.556305251263491e-07	2.305158007598182e-07	2.440976624838612e-07	2.818347202857747e-07	2.061392721292446e-07	1.91432590767944e-07	2.588202063245612e-07	2.450938936786403e-07	1.782528641410672e-07	3.346964390000096e-07	2.54409484487329e-07	1.587799304621966e-07	6.011429476847088e-08	1.327229427381647e-07	1.653800325964692e-08	8.378394715442343e-08	1.379871271171859e-09	-1.376616858101835e-08	1.03473133186629e-07	5.037386211710286e-07	4.118032111328034e-07	6.767586123122951e-08	4.978910821838848e-08	1.21233586464703e-07	1.47675160881591e-07	3.182395578093427e-08	1.125149917099567e-08	4.13190817998533e-07	-5.281380333627154e-08	-1.530450387188785e-08	5.634584273821161e-07	1.405160258645381e-07	2.964224404549287e-07	2.429006615911676e-07	2.500589337425594e-07	2.202994921481857e-07	-5.193347490272742e-09	3.484667863350903e-07	2.939532741864453e-07	1.953538650952763e-07	3.256336432594746e-07	2.554381262553773e-07	2.424422009583852e-07	9.738321018145596e-08	1.880167321153965e-07	3.262530231878872e-07	9.161564164146807e-08	1.322363067735909e-08	2.835188885642494e-07	3.889287191741992e-07	2.496339557737809e-07	2.15873819516399e-07	4.452129425917756e-08	3.010566996479566e-07	3.158002955009367e-07	2.692622289838155e-07	2.433393581797617e-07	2.778125243667008e-07	2.54070259828956e-07	1.899694348741632e-07	1.078087628575342e-07	1.651805852114984e-07	3.554664327268339e-07	1.93928077336052e-07	2.926562082372715e-07	3.15452965463226e-07	1.634519222705879e-07	1.119006088378374e-07	1.561916089050756e-07	2.225673479524111e-07	4.39786346983895e-07	2.501779663931156e-07	6.988348489218907e-08	1.077134365880207e-07	1.719475645236093e-07	1.482747395344818e-07	3.301543731724368e-07	3.851158921035505e-07	5.087873382815624e-07	2.401882620549677e-07	1.363346508659687e-07	1.611943800822294e-07	1.225822190983783e-07	1.624466887110292e-07	4.124151384641071e-07	2.14010721633399e-07	1.251367350338181e-07	2.020600971412616e-07	3.187418902680924e-07	1.171062849888972e-07	2.012818869491036e-07	2.391177071400026e-07	2.692001263683947e-07	2.026326440219841e-07	1.986877898143069e-07	1.210623016224695e-07	1.979137359050527e-07	1.15584759698772e-07	2.890056790945436e-07	1.865853116953153e-07	1.352589402160191e-07	1.473758807231377e-07	1.660198067225541e-07	1.470443734657102e-07	1.65289180535157e-07	2.263692857700039e-07	2.655459824601705e-07	2.531735906921221e-07	3.805840533048528e-07	1.951242603196517e-07	4.162741984820182e-07	2.28416554828441e-07	1.457631600175092e-07	1.542555072438643e-07	1.476875800527593e-07	1.136680975146482e-07	9.628802958266468e-08	1.133501836638767e-07	1.848089945787731e-07	1.930407793366013e-07	1.835910509000169e-07	1.728141160866815e-07	1.983613547091292e-07
1.797702264960043e-07	2.661701807883728e-07	3.047127588776077e-07	2.412245860312315e-07	2.102315702502961e-07	2.142134927032582e-07	2.732353062590398e-07	2.025301409032785e-07	2.791527763023009e-07	4.595756322891774e-08	1.489788495017498e-07	3.103263077211116e-07	2.473774402904101e-07	6.883080251945517e-08	2.88717750201026e-07	3.786780343465577e-07	2.333919286796703e-07	1.848425618984604e-07	2.425739673687838e-07	1.120702921962539e-07	2.264275294167147e-07	2.173891607571285e-07	2.549684172534778e-07	2.544246754078907e-07	6.128616579855924e-08	4.099847011515156e-07	2.451066961072247e-07	1.98897784835823e-07	2.304963293088475e-07	1.148296825036612e-07	1.457750047317328e-07	1.339145301735017e-07	1.11347183948566e-07	3.953359009947219e-07	2.117248376020288e-07	3.082112927537216e-08	4.134858767460723e-07	2.251396666883912e-07	2.171585769154558e-07	2.317866867511086e-07	1.857692580521526e-07	1.847580149047207e-07	2.533691103428273e-07	1.681644286367524e-07	2.466127442139701e-07	3.051179734459675e-07	2.641656794808053e-07	2.203397883608184e-07	1.889328115451025e-07	2.152197361225037e-07	2.187559373891556e-07	1.159346504367894e-07	2.358125488299403e-07	2.845216374955921e-07	2.661292978871757e-07	2.362797573239778e-07	1.570263401241747e-07	7.922746990380527e-08	3.476622601351039e-07	2.635634355150712e-07	2.807029210073688e-07	2.34008683208946e-07	2.504067336246779e-07	2.533905896034364e-07	2.57149045407948e-07	1.478378342343995e-07	2.666003115951732e-07	3.122881173498998e-07	2.544721734694294e-07	2.48812222367296e-07	2.750876771188867e-07	1.452479176311561e-07	1.922337494099051e-07	3.978706375428015e-07	2.704392521008613e-07	3.167924015283355e-07	1.589749182520359e-07	2.054720063754907e-07	2.418096211810436e-07	2.878891573236913e-07	3.810209724459786e-07	2.602115076759048e-07	2.871892345402612e-07	2.17025108378615e-07	3.939107625842888e-07	2.080762934151239e-07	1.503597613797253e-07	2.394372144274729e-07	3.384885439902244e-07	3.020172753495222e-07	1.859887551108414e-07	1.267541159865397e-07	2.354573757489456e-07	5.630139450228298e-07	2.853555794533378e-07	3.245128978245152e-07	1.390640043926809e-07	1.812916041483346e-07	1.483157221126499e-07	3.138675275998541e-07	1.822436670717918e-07	1.628528283760975e-07	2.374165789697956e-07	1.463336711919163e-07	1.671994651098686e-07	2.208195751443744e-07	1.814551009895723e-07	2.283974516135995e-07	3.084949717063593e-07	3.341772022387708e-07	3.726514010676824e-07	1.614945283637943e-07	2.443311019795466e-07	1.337508183132654e-07	2.575746008379288e-07	2.446974795460409e-07	2.422859771025781e-07	2.775668425218578e-07	4.689111842532825e-07	1.789570217472748e-07	1.769780013712562e-07	1.164258699221171e-07	1.14807715265804e-07	1.889793662697981e-07	2.45707405970345e-07	3.217166476385374e-07	1.88209191178812e-07	1.98496906591225e-07
2.702920985275116e-07	1.78501057974328e-07	6.888121417425735e-08	3.378158581268295e-07	2.323527063460203e-07	2.65196460280167e-07	2.175173117582617e-07	1.615626193226959e-07	8.375833231882782e-08	2.356508543285899e-07	2.95862608235555e-07	2.991324091176622e-07	2.1744848690218e-07	1.882337408978425e-07	1.251390614020428e-07	3.18446584205787e-07	2.641289268971441e-07	1.327208290284505e-07	4.184999199940375e-08	1.464775811328612e-07	3.711116790070905e-10	1.43359502430863e-08	4.272905030879741e-07	2.035512176291529e-07	2.010587104260881e-07	4.222661911702278e-07	2.358625309832204e-07	2.342314614532579e-07	2.802465721529922e-07	1.777592041257312e-07	8.55760536825318e-08	-1.034743882399144e-08	4.030910498985972e-07	1.373231053257175e-07	-2.140832092405319e-08	2.773963311686259e-07	3.909557276276074e-07	2.589693929218533e-07	2.200664922397439e-07	1.774019397596581e-07	2.328390239561192e-07	2.029593772997147e-07	2.982589343505638e-07	2.271755830870589e-07	2.54071623332664e-07	2.342773036324606e-07	2.691432327062333e-07	1.860873757632517e-07	1.465699129087493e-07	2.391977401296108e-07	2.076338515904237e-07	1.491786592321106e-07	2.263889669825223e-07	1.378118864269353e-07	3.355548766001516e-07	2.015880588741747e-07	1.934288607319502e-07	1.410086455484329e-07	2.563428206222517e-07	3.099890755292053e-07	2.333061130309224e-07	1.481030082381304e-07	1.426009428826552e-07	1.442984193779171e-07	7.296615594173357e-08	3.771690561126537e-08	4.625200379788478e-07	2.729723019729658e-07	4.269126960280765e-08	2.145307364973203e-07	3.996098887745469e-07	3.226064129917237e-07	1.923543899819729e-07	3.469746661805283e-07	2.173986562493118e-07	1.287734560727762e-07	2.206968701109558e-07	3.242605278587924e-07	2.00593305774067e-07	1.743682501237741e-07	1.725422053574766e-07	2.682311421793725e-07	2.092500769769717e-07	2.282628784756668e-07	2.142957631136109e-07	3.120304359642789e-07	1.391501426772212e-07	2.619422097565678e-07	1.894053992694205e-07	2.030194122349373e-07	1.594292885882838e-07	1.248089969392613e-07	1.913796543566297e-07	5.73960999777568e-07	4.805298739177782e-07	3.716189086999271e-07	2.152978016453588e-07	2.069705819282741e-07	2.180488002033153e-07	1.590847653854021e-07	1.538750325211143e-07	3.256794208471417e-07	2.500858982408197e-07	1.263991632892886e-07	1.322136185244219e-07	1.370677100727303e-07	2.16284321256007e-07	2.48137596504645e-07	2.70520569947009e-07	1.072527239423857e-07	1.102960163653622e-07	9.681807426741787e-08	1.129761132669715e-07	1.550050833216773e-07	1.312874413562065e-07	6.490826061006356e-08	6.516789937671564e-08	2.22470525026207e-07	2.211043612627023e-07	1.899014634417905e-07	2.225504052278643e-07	2.96351210261569e-07	1.808402468677311e-07	5.104747379608222e-07	4.608240326040882e-07	1.751797443770587e-07	1.802792662709426e-07	2.002449584733208e-07
3.03513970559019e-07	2.820444351602826e-07	2.045621694709059e-07	2.137946302224283e-07	2.557863424417445e-07	1.398169278570764e-07	2.903493172574833e-07	2.756200977421128e-07	1.378513883353539e-07	7.790664542826301e-08	3.362088669693605e-07	2.853510105142127e-07	1.308570335139501e-07	2.127616792762301e-07	2.969787260305938e-08	3.933276340650158e-07	2.966659251146179e-07	2.8831159615844e-07	1.836135166300227e-07	1.410223700694685e-07	1.291771939412984e-07	2.975773972904349e-08	4.866625889224708e-07	2.711777598504149e-07	1.008687550536177e-07	1.751976811889407e-07	3.577558658592157e-07	2.898151380706928e-07	2.464468149971372e-07	2.069012257478012e-07	1.788646026333304e-07	3.956559217851483e-08	-2.194008415136956e-08	3.887103096567115e-07	-3.966479450135914e-09	1.354715330618808e-07	4.85688078509142e-07	2.687241191553156e-07	2.42961907564032e-07	2.406546927682072e-07	9.495878986008637e-08	1.822732396947088e-07	2.998362583583005e-07	2.790242375373655e-07	2.564680024513579e-07	2.496866338189534e-07	1.633082859316617e-07	2.722246316568531e-08	2.088320142723959e-07	3.585757441367176e-07	2.142867657916918e-07	1.125226680274321e-07	1.696778851351045e-07	1.712146353582779e-07	2.19767955313128e-07	3.291588604243712e-07	1.35556381339726e-07	3.416523211930601e-07	1.712858811093994e-07	3.171522155433397e-07	2.180468050544758e-07	2.212723332673145e-07	1.533701521406322e-07	6.745624915239775e-08	1.257076647551877e-08	-2.286652301186895e-08	5.239647643625228e-07	2.099189865960318e-07	5.45978657361852e-08	2.325617506273446e-07	3.373821004302077e-07	1.388024083522923e-07	4.041625305540401e-07	2.588036948182551e-07	8.358306039776263e-08	1.365045106172163e-07	3.577188219698754e-07	1.738740493420949e-07	3.132769903670899e-07	2.767348429238561e-07	2.606134382689738e-07	1.891007766828406e-07	1.293984194136822e-07	1.261006485727189e-07	1.661932636429325e-07	3.340095785134343e-07	2.668780239747168e-07	2.199097050856629e-07	1.859722545486162e-07	1.767340491203521e-07	2.04419822065726e-07	2.360013778919825e-07	1.596019329643138e-07	2.44333054532307e-07	1.282041683822203e-07	1.257749195753398e-07	1.307315988980371e-07	1.950745597082137e-07	1.98119378293981e-07	1.321020031709497e-07	1.406188979704369e-07	1.360060133181869e-07	1.89855217511844e-07	2.277021553866606e-07	6.023152719389737e-07	3.383908450010853e-07	2.457510415224416e-07	1.15740241395691e-07	1.498961681876589e-07	1.07540745646e-07	6.615313166304133e-08	1.139291201710413e-07	1.628961245543958e-07	5.93034348330088e-07	2.150377818744836e-07	5.694404167408575e-08	5.736232165085273e-08	4.613670753055657e-08	6.79850382721218e-08	1.107334051363063e-07	1.430603090844728e-07	2.003515506010218e-07	1.730352784696585e-07	3.097451096518477e-07	4.38003159237832e-07	2.409678411155794e-07	1.872368413630731e-07	2.010930103554165e-07
2.033858425905268e-07	1.33550312346238e-07	1.984181247675549e-07	3.649859023180261e-07	2.346699785374688e-07	1.468873954339853e-07	3.050938227567049e-07	2.955150761615299e-07	2.564444443518798e-07	2.548124365279352e-07	2.477051257031663e-07	2.500821119107634e-07	2.148530801257197e-07	2.490646176546176e-07	2.53306683804075e-07	1.421836839242457e-07	1.763529233320922e-07	2.345398632884301e-07	1.678770412606422e-07	5.212965900607604e-08	2.244582762035898e-07	8.492952921500057e-08	4.376221747569679e-07	1.860293020716772e-07	3.50662996811472e-08	2.619167120765339e-08	5.20336700735211e-07	3.030613146881277e-07	2.50934557841282e-07	2.246807473698713e-07	2.631156515841289e-07	1.785786231810208e-07	1.953662817986619e-07	2.533600139877067e-07	1.128503620237811e-07	-2.265326504486434e-08	3.101579293906776e-07	3.658913453887776e-07	2.392698228883201e-07	2.539199457767564e-07	1.884535557640528e-07	1.214960208970341e-08	1.909760823660375e-07	3.32597891987672e-07	2.216268815700519e-07	1.108209640054466e-07	4.652333915709005e-08	-6.279949431881428e-09	3.229941156360424e-07	2.695287481438252e-07	2.631271799929597e-07	1.304666768227534e-07	6.564180328768669e-08	8.49173842896208e-08	1.262185340261044e-07	4.559421619745676e-07	1.638214019475015e-07	2.211459968376883e-07	2.877914415965466e-07	6.560285555747472e-08	2.88924997078029e-07	2.251791582964987e-07	2.122518613986091e-07	2.715265789268776e-07	1.421128770093034e-07	-1.493745163500347e-08	2.362094907461988e-07	3.624156712190971e-07	2.975419618695621e-07	3.136677647573685e-07	1.14841812085869e-07	2.002109037128603e-07	2.942956711261083e-07	3.728702234559814e-07	2.815299645462125e-07	1.590105651616563e-07	1.189157738287962e-07	2.695250708253967e-07	1.591106749601136e-07	2.270764357239387e-07	1.360971711804716e-07	1.091079111863086e-07	2.378717618503922e-07	3.279884186697701e-07	1.718282641722541e-07	3.095262210625897e-07	3.197184052722125e-07	5.18189700414757e-07	2.253641098278117e-07	1.19548686005767e-07	1.455353555431685e-07	1.081312588447045e-07	2.545742115719975e-07	1.438301092870455e-07	1.441284628466613e-07	5.947934304507505e-07	4.107403961507144e-07	1.150785374881535e-07	1.157899563846469e-07	2.13381740956497e-07	3.467752634197587e-07	2.067326057892314e-07	1.490495367828682e-07	1.095176474840333e-07	1.057419253535284e-07	4.480264799294406e-07	4.824427617888756e-07	1.066803862867366e-07	1.424467664283086e-07	7.111626734961433e-08	8.568524696072028e-08	9.455266607466473e-08	2.983536358418199e-07	4.231886133385003e-07	6.297256223927597e-07	1.222923227381077e-07	6.909424392498976e-08	3.601153900349047e-07	2.998032152815402e-07	2.032028468308217e-07	3.081452129410805e-07	1.677268909404744e-07	1.131053100715859e-07	1.357904813428732e-07	2.453822858715764e-07	1.557059378541005e-07	1.805069164552037e-07	2.019035622375123e-07
1.249702146220345e-07	1.788186895321928e-07	1.74686580064204e-07	1.975771744136249e-07	1.451161146331933e-07	2.212703630108941e-07	1.089758282559273e-07	4.093475545809468e-07	2.454375003684061e-07	1.117307276276083e-07	3.005388844369718e-07	8.195071330731444e-08	1.934366267374896e-07	2.048925560330054e-07	1.546779950050916e-07	1.445772337834747e-07	1.587899215495661e-07	1.377931304184203e-07	2.256405658912614e-07	2.336119479426828e-07	3.817643584658811e-07	1.825888187009575e-07	2.857942605914652e-07	2.334808442929392e-07	2.418138443086759e-07	1.379606612263653e-07	-5.807464388791788e-09	4.945749130556345e-08	3.658973006854265e-07	3.086477689919412e-07	2.471667005349279e-07	2.64566654183527e-07	2.398726477486938e-07	2.022347183187016e-07	2.43429703497698e-07	1.932193684838997e-08	1.834152802722129e-07	3.920710716222398e-07	2.343402382126083e-07	2.474601987853056e-07	1.513358216680197e-07	5.742596448469732e-08	2.135159063737741e-07	8.17840464379795e-08	-9.564239311253469e-09	9.830294191939794e-09	5.116339238251807e-08	3.715926379705506e-07	4.305937169996889e-07	2.269067521509325e-07	2.073050941942279e-07	8.916068561807492e-08	7.954322144026862e-08	3.980326332209626e-07	2.128941127390802e-07	2.065254635247653e-07	6.439892255527737e-08	2.78352172482316e-07	1.011845020836946e-07	4.415349557160909e-08	2.638406891015824e-07	3.929609833256824e-07	2.746585706565859e-07	2.369094087013581e-07	1.502674875430884e-07	1.863041197418615e-07	3.444171712987449e-08	3.453735584216394e-08	2.612610580029398e-07	2.44098778887393e-07	2.346390237415292e-07	9.369439907342869e-08	4.884038116981756e-07	3.229117520937081e-07	2.860893686946628e-07	2.046916197060963e-07	1.686002256877161e-07	3.280135923086986e-07	2.191443595531367e-07	7.219302852402158e-08	1.019184040919691e-07	1.437525456897762e-07	4.567076042871018e-07	1.899011887668223e-07	1.427007647015757e-07	1.526303636117455e-07	5.206087865697077e-07	2.321821957438527e-07	2.036309651070074e-07	4.273133228911809e-07	1.200633890206108e-07	1.922111397974258e-07	1.061714901796821e-07	1.754021640417836e-07	2.53315257311102e-07	4.239494413261629e-07	5.51061693403392e-07	2.708825152680926e-07	1.392105344753124e-07	2.397989787420444e-07	1.579816288690817e-07	2.819966982602759e-07	2.777813560538919e-07	4.015456395814046e-07	9.588107876808159e-08	8.681211485779727e-08	1.403219820553113e-07	2.412080311777818e-07	2.976348646689578e-07	1.629792890532283e-07	2.685673622583987e-07	1.967137119782879e-07	4.618236471292439e-07	4.492053783469122e-07	3.403509629110379e-07	3.275156038021293e-07	2.887261661991262e-07	2.53156572539254e-07	3.996213922909589e-07	3.30884788525337e-07	4.016801167976885e-07	2.185022312799267e-07	1.171878416735132e-07	1.207983530338983e-07	1.170364125053206e-07	1.526440345926214e-07	1.817644915473342e-07	2.05414114119608e-07
2.195795866535418e-07	1.905245667181478e-07	6.980503536085322e-08	3.589684465092228e-07	3.887475072891781e-08	1.778658305878032e-07	3.388203337551484e-07	1.471300330003649e-07	1.094055563849329e-07	2.584115187272805e-07	1.543976431707779e-07	1.457568147038648e-07	3.871576733492589e-07	1.984829944113931e-07	2.196243062061077e-07	1.750957836427037e-07	7.541441976704031e-08	4.693389754841048e-08	1.970415905218809e-07	1.705192368792903e-07	8.588294072817365e-08	1.248481081869149e-07	1.643038464259625e-07	2.874573865142013e-07	3.09623888936205e-07	1.283046512450776e-07	1.092233704872036e-07	5.752866792299842e-08	4.788725435295709e-07	3.070397906140113e-07	2.758052494857267e-07	2.385046851860334e-07	2.218290136987259e-07	2.160969226496964e-07	2.369465449716153e-07	1.886846387416439e-07	1.49260131153748e-07	3.049257978557023e-07	2.531481535368964e-07	2.461004517938549e-07	2.383805875719862e-07	2.031482687969149e-08	2.637682303815106e-07	3.046702008882855e-07	2.609463980744034e-08	-1.853756215673104e-10	5.092844560794611e-08	-3.435977462701502e-08	4.612058183633355e-07	3.060472561580394e-07	1.96333008395496e-07	2.344921944133959e-07	2.463321395928501e-07	1.911353821523059e-07	1.030696914520567e-07	1.473462650749623e-07	2.594264431630524e-07	2.925083481269437e-07	2.930650625708415e-07	2.621791355857428e-07	1.518313811251361e-07	1.986803083548671e-07	2.55952779914563e-07	8.300473847583893e-08	2.224345980768732e-07	3.222581911187266e-07	7.447394351354953e-08	1.459340404652294e-07	8.881765413631787e-08	2.418422930174173e-07	1.328112353971901e-07	1.242778944339967e-07	1.030994522702446e-07	5.073657807314342e-07	2.230362728431133e-07	9.981017425053677e-08	1.411096775466363e-07	1.551271137920011e-07	1.473280441461601e-07	1.390096213241038e-07	2.007521370034663e-07	1.968096801932438e-07	1.116934467238132e-07	1.796514588638742e-07	1.643857652308972e-07	2.838095061609005e-07	6.109116678672034e-07	2.608371910729476e-07	1.204353203862033e-07	1.702529597765964e-07	1.994789224980529e-07	1.116285207501476e-07	1.35593768787366e-07	2.641992187965214e-07	2.68902051775543e-07	1.787054522015757e-07	4.367954906560705e-07	1.893864930480324e-07	1.50856112565978e-07	1.776037165275921e-07	4.128504943184035e-07	8.234829073132112e-08	3.451631753249158e-07	3.241611316787772e-07	1.137702321826347e-07	3.335477497861521e-07	1.794637023217459e-07	2.831856760688273e-07	2.757854629096074e-07	1.437673107568427e-07	3.365494775560775e-07	2.83049757881911e-07	3.935436584166685e-07	3.640346433553244e-07	3.494013034293152e-07	3.286638848661514e-07	2.918330884732632e-07	3.144602550436028e-07	3.695020693003781e-07	3.645542302198525e-07	2.67515020654297e-07	1.341275716193795e-07	1.102453732754406e-07	1.656937247249231e-07	1.232030391390644e-07	1.543821313311422e-07	1.888720666394648e-07	2.103871660017038e-07
2.339764586850492e-07	2.758429439041024e-07	2.283609906575017e-07	1.521472186048218e-07	1.352833868246418e-07	4.66362981647126e-08	3.236773392543701e-07	3.483000114197815e-07	2.535361124014587e-07	2.710298098269531e-07	2.023564019045834e-07	4.291291610041563e-08	1.273162199610294e-07	3.679484327897802e-07	2.21008117407124e-07	9.682683350193302e-08	4.053639179845133e-07	1.396371646784001e-07	3.310511515250073e-08	1.817652581589806e-08	1.441515229904652e-07	4.886448976728711e-07	2.80900932260459e-07	2.128839287354636e-07	2.735214335637344e-07	5.996114126379e-08	1.479042053631992e-07	7.369984454043337e-08	2.114852863737166e-07	4.57119312236081e-07	2.607562984365256e-07	2.618677161885398e-07	2.330728796487579e-07	1.932466269806912e-07	7.397588644553315e-08	7.252234063489869e-08	4.007799820352822e-07	1.910430240891649e-07	2.861310688611844e-07	2.535157048024041e-07	1.086003534759534e-07	1.731411892746851e-07	1.197705543892477e-07	2.033135533859311e-08	4.318785189261331e-07	2.926489545649247e-07	1.857309988333738e-07	2.463503127754173e-07	1.803054197269831e-07	2.648127601651468e-07	2.028734225967641e-07	2.498487032087172e-07	2.280585577454321e-07	1.833256310836486e-07	1.241952701650327e-07	1.602045666251591e-07	2.82553963770828e-07	2.935770237715715e-07	2.490706230579892e-07	2.670922755998771e-07	1.915845731486894e-07	1.297621333840516e-07	1.177719891725404e-07	2.673125682503188e-07	9.371420861065861e-08	1.168122624955926e-07	2.550936698972241e-07	1.682682250882952e-07	2.221867502696951e-07	1.07623307147442e-07	7.729594705285087e-08	2.294488897945645e-07	1.969325928423121e-07	5.224698093691608e-07	2.624331769915636e-07	2.135162287949765e-07	9.951912940555647e-08	1.450281352753032e-07	2.119367287391832e-07	3.102637141241857e-07	4.205983699149631e-07	8.355431469671195e-08	1.177167891605235e-07	3.910267289609254e-07	1.448207657602188e-07	1.865386487100562e-07	4.531895491646997e-07	4.067921864020421e-07	3.377646756653984e-07	1.958675966620111e-07	1.383444559754954e-07	1.72533401702869e-07	1.224160473950501e-07	1.850337735512598e-07	9.188884623998457e-08	1.736489630769877e-07	4.097167879087486e-07	5.12290470827971e-07	4.077516906566429e-07	3.255584543131393e-07	3.376818597677262e-07	1.984498832023655e-07	1.147199945959405e-07	1.557641237761499e-07	2.167468855971876e-07	3.233333847145078e-07	2.588429225881804e-07	3.313508209598728e-07	3.348235611502568e-07	4.44317832460456e-07	1.84331592853757e-07	1.101108037855349e-07	2.572011697040934e-07	5.579389083637357e-07	3.163016439475926e-07	3.651371659301735e-07	3.121150107474002e-07	3.303514375479518e-07	3.558827463097972e-07	3.405111719143683e-07	2.170874245109055e-07	2.652279119588315e-07	1.596654048773677e-07	1.341640964159482e-07	1.242321657728083e-07	1.636952280696631e-07	1.847296417315954e-07	2.093602178837996e-07
1.758108307165569e-07	1.264488210900578e-07	3.067794459541504e-07	2.719884907004197e-07	2.436920229203657e-07	1.711192657416212e-07	1.881593447535923e-07	7.363248983919953e-08	3.968791684179845e-07	2.368856009266259e-07	1.572026606383891e-07	1.407315174969659e-07	9.779976657279935e-08	4.084138711681678e-07	1.738669286081404e-07	2.085703833611618e-07	2.346134162019877e-07	1.6371543180839e-07	1.601863978312018e-08	2.557963147525047e-07	3.982826052527561e-07	2.45129187158829e-07	1.316605180949563e-07	8.367297095672609e-08	2.368564781912638e-07	3.563426312825014e-07	1.406850402391949e-07	1.694085211578681e-07	3.758552921786198e-08	2.825988338581517e-07	2.953198473873243e-07	2.096682471910464e-07	2.218917455987899e-07	1.317338313116862e-07	-2.063227208054925e-08	2.776004252815327e-08	8.406233291681813e-08	2.181977503226271e-07	4.507014841854721e-07	2.776934578109533e-07	1.983451193799199e-07	1.828675516696791e-07	2.70972878396984e-07	1.532550097888994e-07	2.991248980448273e-07	2.295707847514177e-07	1.700085520588018e-07	1.336104001778508e-07	2.759050210906295e-07	2.188907641722541e-07	2.305263367980321e-07	2.401927120040386e-07	2.15297475898014e-07	1.566908800149914e-07	5.277084887800902e-08	4.039128681753552e-07	2.421564843786036e-07	2.578581994161995e-07	2.277636835451367e-07	2.530304156140114e-07	5.943776517224316e-08	-1.505604158676379e-08	2.08036984305177e-08	1.860789802479993e-08	6.163131914444373e-08	4.86016333872457e-07	2.199758962808994e-07	1.573399097113611e-07	2.403933464030726e-07	2.203043212774659e-07	9.344315870851142e-08	1.16632385155133e-07	1.591407334143801e-07	3.723488380068878e-07	3.740925811400137e-07	2.397347833394166e-07	7.442858126447663e-08	1.121291567586054e-07	8.357041333220687e-08	1.705303069242685e-07	2.143696028264611e-07	1.547989492001795e-07	5.398026315972326e-07	4.216144990579772e-07	3.251682662895398e-07	2.096427912592115e-07	1.878424304621964e-07	3.062221817311374e-07	4.393690309445937e-07	2.076447335474258e-07	8.500998945293789e-08	1.032757826555908e-07	1.47263326002734e-07	1.62830828305998e-07	1.548006407044254e-07	1.887299739523997e-07	1.305630851614275e-07	4.504819486079108e-07	4.330097687473085e-07	3.273006920986867e-07	3.505257252170486e-07	2.6073897567341e-07	7.96143138669647e-08	1.006921158735224e-07	1.37136039011741e-07	2.691315196428636e-07	5.011971428546144e-07	4.26990965850918e-07	3.098616593909065e-07	2.20168354164071e-07	1.158887081514362e-07	1.707218496891582e-07	1.321086809915182e-07	3.348806733721483e-07	1.953019844658704e-07	3.143104469941958e-07	4.607219330215369e-07	3.570051200523008e-07	2.900259233192165e-07	2.286806136088843e-07	1.16447328367514e-07	1.450032522982844e-07	1.494229364792951e-07	1.461344681069732e-07	1.280737924065521e-07	1.75483324808184e-07	2.100622168237258e-07	2.040207697658954e-07
2.110577027480643e-07	1.906546982760126e-07	2.888979012507995e-07	2.174172627960182e-07	1.605131590160901e-07	1.730897333185302e-07	3.163038502528137e-07	2.149524682586163e-07	2.222222244345113e-07	1.945663920262987e-07	1.415239193721948e-07	1.923126188935163e-07	1.759083131845689e-07	2.703793095465558e-07	1.910382398091567e-07	1.59963933220391e-07	3.901879144194611e-07	1.768811989383799e-07	1.641946644137391e-07	3.550411036891117e-07	2.059386875150484e-07	2.221134766447864e-07	1.542451039294532e-07	2.735495131779877e-07	2.56329022818793e-07	2.455866213012139e-07	1.646283751151905e-07	1.82242197775303e-07	3.023982720620061e-07	2.38990855480222e-07	2.423583963381232e-07	2.090687781935528e-07	9.307311154882237e-08	2.786085356426805e-07	1.386720693933676e-07	2.75310244421407e-07	1.408446837983529e-07	1.474399765560896e-07	9.675939950976125e-08	4.285837108195022e-07	2.026648852838867e-07	2.624189140646729e-07	2.170502024047208e-07	1.670411642392061e-07	3.095837771635213e-07	2.490676149379105e-07	2.220486052842297e-07	2.142204875802837e-07	2.173796224542765e-07	2.172937681793614e-07	2.353792509993002e-07	2.1276172079936e-07	2.582613940505959e-07	2.424811289463338e-07	2.621464275909845e-07	2.596086697255525e-07	2.003715049863793e-07	3.308143750608271e-07	2.599692440322842e-07	2.459435556281457e-07	1.683784571957962e-07	2.050757834424198e-07	2.283354076884941e-07	5.910322779928022e-08	4.19234296782288e-08	2.752454052493231e-07	3.245081226645743e-07	2.265115943344267e-07	2.103749425364503e-07	3.150978354074899e-07	2.990778703641714e-07	2.185033805157008e-07	1.768113739864479e-07	3.868528666446144e-07	3.350769852884641e-07	3.426033378838564e-07	1.501755331233965e-07	1.036051782419074e-07	1.511415979252299e-07	1.974093997243508e-07	2.280783357379585e-07	1.577935837036473e-07	4.398509740339431e-07	5.140397691550287e-07	3.491032668188613e-07	2.205219338083668e-07	8.764531175969255e-08	2.064396770602326e-07	5.448358862237891e-07	2.742468704328404e-07	1.5707552293038e-07	1.846181636083121e-07	1.63298104610418e-07	1.911403830607361e-07	2.217624351688663e-07	2.841359848278114e-07	4.005218824141049e-07	1.106109263878514e-07	1.599178468379749e-07	4.11167929884234e-07	4.361570906663708e-07	2.898030681444546e-07	2.318586331379883e-07	1.425951079708945e-07	3.876751924262935e-07	2.883171545712191e-07	4.602763631210492e-07	3.626936107419639e-07	3.108872576315561e-07	2.021938758676853e-07	2.373083234491148e-07	1.698703955927816e-07	1.606536922789426e-07	1.801474383805607e-07	2.939398249841474e-07	2.565837280582181e-07	5.319288552956737e-07	1.429088025566504e-07	3.205066003286354e-07	2.134125553034e-07	1.964822322241219e-07	4.16503592637736e-07	2.126429680812221e-07	2.296923397979979e-07	1.411404190402958e-07	1.693089215467048e-07	1.941447919158564e-07	2.200938216479911e-07
2.628795747795717e-07	2.449980754619674e-07	1.796663565474487e-07	1.766835348916167e-07	1.741592951118143e-07	4.973520089543956e-08	1.756108557520358e-07	4.586849466780328e-07	2.999777804510374e-07	8.564718312597175e-08	3.024326781059999e-07	2.080062202900667e-07	2.959793597963384e-07	2.386197479249437e-07	2.552345510101728e-07	2.139574830796199e-07	1.876749126369356e-07	2.974844660683694e-07	2.994706890443581e-07	2.734983926257192e-07	2.5494476977734e-07	2.474352661307435e-07	1.083546897639502e-07	3.846385553992494e-07	2.763640674463223e-07	2.065681113199263e-07	1.743967099911861e-07	1.731758743927381e-07	5.241101490615164e-08	3.789828771022916e-07	3.469719452889218e-07	2.404193091960591e-07	1.059294774988544e-07	3.137332399736752e-07	1.20863910867285e-07	9.029794631466196e-08	1.471145346798879e-07	2.006572027895517e-07	8.252981483404943e-08	3.662864638280516e-07	3.30172151187853e-07	2.41320276459667e-07	2.004025264124575e-07	1.537148186895129e-07	3.467051562822151e-07	2.991644451244033e-07	2.628761585096576e-07	2.521555749827168e-07	2.196042238179232e-07	2.219217721864686e-07	2.680571652005682e-07	2.460432295946813e-07	2.707753122031778e-07	2.434088778776765e-07	1.41559506303961e-07	2.866044712757492e-07	1.84949025594155e-07	1.348955507054555e-07	2.546373045194316e-07	1.520816956422804e-07	3.264066492193491e-07	8.017010847160436e-08	2.239921169464711e-07	2.444855757376073e-08	4.119054021201383e-08	3.141494766261886e-07	2.750278490482495e-07	5.598327895749303e-08	2.061565386698279e-07	4.257538495375138e-07	2.428125820198321e-07	2.834368758762688e-07	3.866695145585151e-07	3.086193952823412e-07	2.428488894369148e-07	3.227718924282966e-07	1.948349849823164e-07	7.783119972520956e-08	9.908778251825332e-08	1.264509925244334e-07	2.02449568649456e-07	1.098632182071152e-07	7.537431647065452e-08	6.8660253925208e-07	2.152757673481833e-07	3.362135763575219e-07	1.018981930571884e-07	1.738196723893276e-07	2.456402415029856e-07	1.710490073182554e-07	3.443785564078218e-07	2.927355445610333e-07	1.212828832181022e-07	8.921243781547453e-08	2.058492296333074e-07	2.382419957032236e-07	3.358306796667831e-07	1.440149041677909e-07	1.456509249286405e-07	1.035726676697824e-07	6.923845611569434e-08	2.906671606154992e-07	2.916279524090123e-07	1.816106000682667e-07	3.382518458408468e-07	2.359152894995749e-07	5.202680833874838e-07	4.488087556330092e-07	1.887628558722061e-07	3.031693975712993e-07	1.84165438746794e-07	2.532064414964048e-07	2.350237035663668e-07	3.182892033889722e-07	2.949276655024247e-07	3.016445091222401e-07	1.28723277569812e-07	9.459998506099957e-08	2.049247773380548e-07	2.664319969979155e-07	2.139671360807301e-07	1.960039329771892e-07	2.795754996831493e-07	1.663252114890231e-07	1.418695456740397e-07	1.679345182852257e-07	1.87489867007987e-07	2.042918735300869e-07
2.573264468110792e-07	2.373539526479224e-07	2.350973118440975e-07	2.074623069872149e-07	2.158554312075384e-07	2.17643168472348e-07	2.999303612512572e-07	2.157799250974508e-07	2.593083364675637e-07	2.886529742256438e-07	2.380039368398057e-07	1.748373216866174e-07	2.526254064081083e-07	2.526851863033313e-07	2.640433622111891e-07	7.876353293884939e-08	6.916191085440986e-08	2.250752331983596e-07	4.177217136749771e-07	2.905806815623265e-07	2.273008520396318e-07	1.176195556167012e-07	3.039267755984465e-07	2.177025976205121e-07	3.216741120738515e-07	2.599871013386384e-07	7.807754486718215e-08	1.635470510101731e-07	1.713112577502961e-07	3.994623987243617e-07	2.750729942397209e-07	2.070823401985656e-07	1.520858434488863e-07	2.725079443046701e-07	1.582182523412022e-07	3.053356482079158e-07	1.386843855614229e-07	2.460369290230139e-07	2.566627301583371e-07	2.300017168366012e-07	3.051294170918199e-07	2.381466388546611e-07	2.093673504201942e-07	2.583634731398193e-07	2.037140354009094e-07	3.26011275310896e-07	2.535662117350857e-07	2.3327816238515e-07	2.2055382518157e-07	1.935497761935758e-07	2.330100794018363e-07	2.650372383900026e-07	2.469142303557597e-07	1.524991268090195e-07	1.57397585016937e-07	3.077877728259461e-07	1.499890462019307e-07	1.925892263500831e-07	3.17330365006579e-07	2.345073356564145e-07	1.254473412429031e-07	1.686769335007883e-07	2.75373826204448e-07	1.694938873482407e-07	2.297576507457983e-07	3.25978548003054e-07	2.670225754319247e-07	8.349246358055878e-08	2.810631348032052e-07	3.671348636675382e-07	2.268972936754928e-07	2.527078712368369e-07	2.311651551305834e-07	2.642484239200679e-07	3.29495793585365e-07	3.001279469727368e-07	2.689319368412363e-07	1.112697212085115e-07	1.335839671112765e-07	1.411425853245158e-07	1.728458015609535e-07	2.696828527105825e-07	2.416726589073644e-07	5.615653093491322e-07	1.42498267877505e-07	9.111771890667796e-08	2.06788574354684e-07	1.967746677184225e-07	5.116445967821805e-07	2.5006364420367e-07	2.937065898852642e-07	1.568779255137553e-07	1.88205161825786e-07	3.955844925702118e-07	2.515860240977483e-07	2.085105065786357e-07	1.718769769194616e-07	1.179063819477305e-07	1.533215030193062e-07	2.128649054553296e-07	1.163948215650167e-07	1.183562530865444e-07	1.916847716800366e-07	8.307609216563926e-08	1.038409992554007e-07	4.351009244279299e-07	3.242473036539191e-07	3.246614005240551e-07	1.730259541128558e-07	1.870199192749139e-07	2.960975540444726e-07	2.559924874000282e-07	2.305687148537913e-07	1.616809683973846e-07	3.927780060207018e-07	7.910529018626293e-08	1.845551998439489e-07	4.461161675653475e-07	3.759929543474734e-07	1.378014386924315e-07	1.183895399373386e-07	1.649542733166418e-07	2.373080312850767e-07	1.801705831800481e-07	1.751111723077834e-07	1.674226150237466e-07	2.131224421001175e-07	2.083649254121827e-07
2.595733188425867e-07	2.556973298338772e-07	2.318782671407465e-07	1.877660790828133e-07	1.15764067303263e-07	3.724636360492566e-07	1.856748667504793e-07	1.073124035168684e-07	4.350513924840895e-07	2.526337653253166e-07	2.071376955736115e-07	2.738184230831676e-07	2.180839530198783e-07	2.519006246817189e-07	1.924146734122056e-07	6.251958279807852e-08	3.486409071883953e-09	3.07910003283501e-08	3.073352383055969e-07	3.400629704989337e-07	2.822319343019233e-07	9.130384510265848e-08	1.06198861432944e-07	2.246166398417742e-07	3.526591567013806e-07	9.984359135735104e-08	1.033333797431778e-07	1.515557276276081e-07	4.727990005944401e-07	2.410669203464323e-07	2.370365431905199e-07	8.712037120107237e-08	1.605172093989183e-07	3.069201486356648e-07	2.924350938151191e-07	1.768733501011706e-07	1.185167364429579e-07	1.627166552564764e-07	1.238956454826256e-07	3.9517946984515e-07	3.070116829957866e-07	2.116105012496552e-07	2.777321744279307e-07	2.52687127590126e-07	5.742291451960377e-08	3.940331054973887e-07	2.513062649605138e-07	2.277882497875832e-07	1.975409265452169e-07	1.902277802006831e-07	2.563504936031044e-07	2.64906247185324e-07	1.188781485083421e-07	1.988393757403621e-07	1.93073163729913e-07	2.891835743761429e-07	2.730915668097059e-07	2.300704019947108e-07	2.868734254937266e-07	2.067204756705488e-07	2.107255332664563e-07	1.674837585299725e-07	2.396805354624252e-07	1.412517171227212e-07	1.085372612795837e-07	2.890951193799196e-07	3.010548018155998e-07	8.658914820362459e-08	2.610197309365829e-07	1.022283777975633e-07	4.369570053311528e-07	1.903288665974052e-07	3.410857957026509e-07	2.687774525577945e-07	3.071301977338154e-07	2.844965015171769e-07	3.439288887001561e-07	9.764574269181362e-08	1.665426517042996e-07	1.837716781245981e-07	2.307670344724508e-07	1.996274872140505e-07	1.781335013440749e-07	1.934905794461851e-07	1.498207684068266e-07	1.301593614558332e-07	3.470414556521794e-07	1.689171630475175e-07	2.31573952061377e-07	2.183782810890848e-07	2.191846233627068e-07	1.907828064664768e-07	2.819774404334698e-07	3.6618154732495e-07	1.772103185621895e-07	1.742040174540478e-07	1.537607741721398e-07	7.732285972767018e-08	1.308795811099719e-07	1.579821432408773e-07	1.988386870143389e-07	2.822703455575886e-07	1.498290909510608e-07	1.593290842630113e-07	1.672551526699537e-07	2.55274059356286e-07	2.075765239203542e-07	2.56689045415101e-07	1.847015523535053e-07	1.830704409785282e-07	2.319296693421518e-07	1.923285333036518e-07	2.393137261412158e-07	2.128227334057963e-07	1.878908465389797e-07	1.614785712502849e-07	1.170871221180861e-07	2.158198500696973e-07	3.202611313568926e-07	2.387083803869468e-07	2.269619437939465e-07	2.47979613656094e-07	2.978280628870038e-07	2.680784548710728e-07	2.672277989415269e-07	1.855857117622674e-07	1.919925171922481e-07	2.115004772942784e-07
2.524826908740942e-07	2.568282070198322e-07	2.122717224373956e-07	2.297573511784115e-07	9.517270339898726e-08	2.92091036261666e-08	2.673943722497008e-07	3.889198819362848e-07	2.666944485006163e-07	2.557270564249893e-07	1.758964543074171e-07	1.569495244797185e-07	2.841924996316479e-07	1.23353563060107e-07	9.785984613222405e-09	2.887131326573069e-07	4.989840728935773e-08	2.257942674583395e-07	4.856612629362157e-07	2.409327594355412e-07	5.036301656421567e-08	3.544506345886149e-07	1.960209472674406e-07	3.093806820630361e-07	2.454192013289103e-07	9.772508137606329e-08	1.053392146191735e-07	1.566644042450431e-07	8.739924343858606e-08	4.569214419685018e-07	2.329750921413187e-07	5.929590220357887e-08	3.073610753489499e-07	2.506573529666598e-07	2.184894352890367e-07	1.90686051994425e-07	1.541115873244928e-07	2.118463814899385e-07	1.313785608069137e-07	2.137072228536998e-07	1.822564488997538e-07	1.216993636446495e-07	2.835844984356673e-07	2.65857820404334e-08	1.694692936382974e-07	4.698174356838813e-07	2.466838181859418e-07	2.282233371900163e-07	1.982655279088636e-07	2.013057842077902e-07	1.971534078043726e-07	1.632252559806457e-07	2.809045666609236e-07	1.505296246717049e-07	3.505862424428886e-07	2.1477937592634e-07	2.136440874174817e-07	1.759015776393388e-07	3.13528985980874e-07	2.926336156846829e-07	2.461662252900095e-07	1.698155835591567e-07	2.489122447204021e-07	2.111470468972014e-07	2.114918718133684e-07	3.19111690756785e-07	1.904870281992752e-07	8.387333282669043e-08	2.091013270699606e-07	1.741093919275873e-07	1.419667169868142e-07	3.08249861957973e-07	3.487439362747187e-07	3.27343981195521e-07	2.716396018822659e-07	3.429650560616169e-07	2.658508405590764e-07	1.871092641751154e-07	1.27351336297323e-07	3.638757709246799e-07	3.25438267383948e-07	3.701346217175178e-07	3.378693437807846e-07	2.012033495432369e-07	9.691826893614829e-08	1.399885040049885e-07	1.349818369496759e-07	1.659596583766125e-07	1.345033073405729e-07	1.836929179744997e-07	1.927001568401492e-07	1.613126874191985e-07	2.08237219041154e-07	2.149786020796886e-07	2.015346130266305e-07	2.485350283294596e-07	2.065195714248177e-07	4.716268375076086e-07	4.328126592006366e-07	2.023993810264247e-07	1.235575524636616e-07	1.664719380286337e-07	1.22148410222085e-07	1.335445763603837e-07	1.47119306084507e-07	3.190471942846414e-07	3.121557441867886e-07	1.03404190306147e-07	9.632715059415519e-08	1.106834626821426e-07	5.2303678463983e-07	1.979645792072752e-07	2.656837374286402e-07	3.848644984142078e-07	4.082911870572563e-07	3.298393523143065e-07	9.308154439222326e-08	9.029853257404665e-08	1.734793083663121e-07	3.031278220814623e-07	1.909343476505548e-07	3.151799539955463e-07	1.723855944889315e-07	2.438988265620979e-07	3.108569255752706e-07	2.057363085007882e-07	2.003750922843787e-07	2.082610291763742e-07
2.534170629056018e-07	1.791340842057874e-07	2.396901777340445e-07	2.082611232740099e-07	-4.618660505288224e-09	7.827957120307545e-08	6.12638777489232e-08	3.503148603557021e-07	4.229750045171421e-07	2.900578475246619e-07	6.429271304122312e-08	2.609181258762688e-07	2.156760462434179e-07	2.241565014384943e-07	3.277072958142378e-07	8.47066825165366e-08	1.534604055068313e-07	4.399225345883287e-07	2.776622875668358e-07	1.234650483721489e-07	3.809409882650741e-08	7.264742407457302e-08	8.943033101938023e-09	2.120722428429907e-08	9.096674595644004e-08	3.446815713947748e-07	4.475075494951681e-07	1.96085580862478e-07	2.679119862827304e-07	2.570134635905726e-07	1.864636410921177e-07	1.276214332060851e-07	3.302299412989819e-07	2.384945572976546e-07	9.241877676295436e-08	3.51161253887679e-07	2.695064382060274e-07	2.401636077234007e-07	1.981489761312016e-07	1.476599758622493e-07	2.474387148037203e-07	2.901257260396431e-07	2.84486822443404e-07	5.597193649074003e-08	1.883281727569912e-07	4.306267658703743e-07	2.669613714113698e-07	2.448584245924495e-07	1.559026292725105e-07	2.809337882148972e-07	2.221063220056406e-07	2.484817647759668e-07	6.155598481350616e-08	2.720948736030473e-07	1.508368211558653e-07	2.210376774765368e-07	2.034341080252573e-07	1.751702532839666e-07	2.412595464680217e-07	3.243967556988171e-07	1.677944173135631e-07	2.432099085883407e-07	2.95868953978379e-07	1.611548766716819e-07	2.480339823471533e-07	3.338657621336505e-07	1.762567545829504e-07	2.052825174497559e-07	2.490204232033381e-07	1.951779060576116e-07	1.800514286424747e-07	1.537708573185416e-07	2.679020768467869e-07	3.581980098332475e-07	3.40249006030716e-07	2.168586106060574e-07	1.384977924179968e-07	2.369727856584173e-07	3.514100208903456e-07	3.464673637247624e-07	3.200220002954454e-07	2.211792562209859e-07	3.31367686217495e-07	1.02228619640289e-07	1.379532694654697e-07	1.725051465541439e-07	1.259847182471718e-07	1.678021537057074e-07	1.720576626197685e-07	3.526700548599139e-07	2.689656903175912e-07	1.5595506837192e-07	2.12909497648838e-07	2.277256568344267e-07	3.59583907491071e-07	2.107035392048717e-07	1.600908686774959e-07	1.85343315287549e-07	1.76295737291303e-07	1.966416188119722e-07	2.369764179129837e-07	1.674485304996783e-07	3.207052294931085e-07	1.843725684577558e-07	2.382084594990599e-07	2.223578292129974e-07	1.525099644532238e-07	1.638318351971924e-07	1.175652488348047e-07	2.432339843857565e-07	2.231438999375098e-07	6.300881251108974e-07	2.491162487160647e-07	1.266312634226204e-07	1.364665275755345e-07	2.03675133378329e-07	1.206384666663603e-07	9.493971507839565e-08	2.23647485375731e-07	3.444847637759778e-07	2.23419251507163e-07	3.329177943349988e-07	3.804306260908582e-07	1.97219198253123e-07	2.536860522090146e-07	1.955869052393091e-07	1.928576673765093e-07	2.0832158105847e-07
2.130264349371094e-07	2.96739961391742e-07	1.876836330306936e-07	1.425523953696085e-07	1.802149755904355e-07	7.526253877998445e-08	4.09758383248144e-07	3.093473387751195e-07	2.12318060533669e-07	2.953261386243345e-07	1.487764717750285e-07	2.706867272728193e-07	2.288720928551877e-07	2.407719398168819e-07	2.985661070152542e-07	2.602377323757651e-07	1.590724037243052e-07	2.720383017183192e-07	1.060081219745595e-08	3.222337308756568e-09	5.170018108879907e-08	4.932192135605291e-07	2.752401189364341e-07	2.848087665055604e-07	1.97589290583969e-07	3.175880614134871e-07	1.000508843711649e-07	1.599442574799131e-07	4.116372291268748e-07	2.286304852126428e-07	1.232646900429167e-07	2.221969642085912e-07	1.961613072490143e-07	3.054567616286492e-07	2.433606182368712e-07	2.521364557809337e-07	2.184387890875626e-07	2.057808339568631e-07	2.148193914554897e-07	1.634377288707984e-07	2.92145980707687e-07	1.005395884346377e-07	8.573914645114125e-08	7.58705909410467e-08	8.306205187568546e-08	1.56986096056868e-07	4.562139246367972e-07	3.013560119948825e-07	2.38602230636157e-07	1.680367922220048e-07	2.011592362069088e-07	1.567007735712884e-07	3.399449029660873e-07	2.5468512253439e-07	2.255123998688412e-07	2.537709790267336e-07	1.334491286330331e-07	2.236014289285943e-07	1.514401069551695e-07	4.055848957129512e-07	2.807101093371162e-07	2.08604233617525e-07	2.82038163236356e-07	2.205127064461622e-07	2.580260928809383e-07	2.785323335105162e-07	2.577264809666254e-07	1.746667020728218e-07	1.28439519336716e-07	2.813089201876356e-07	1.992361402981352e-07	9.735435267910988e-08	1.44385217418855e-07	2.075145384709745e-07	5.080459101791659e-07	2.169771651504975e-07	2.566197442769166e-07	1.622988071417196e-07	2.301312054833692e-07	2.85633956524845e-07	1.547807332069433e-07	2.135613907244538e-07	2.726285286542055e-07	1.603413897373407e-07	1.881757699947911e-07	1.993217891032992e-07	1.866625995446676e-07	1.350696490348025e-07	2.12237017898964e-07	2.416346917453291e-07	5.398562237950328e-07	5.501599493246404e-07	1.974067762565221e-07	1.498727115891651e-07	1.491207019555127e-07	1.595595500802839e-07	1.74299665930174e-07	2.358097930674884e-07	1.603413153819686e-07	2.025463565975197e-07	2.091327833623063e-07	3.149751229707226e-07	1.69499548764133e-07	4.420130605551273e-07	5.088851129136123e-07	1.412309641413532e-07	1.095641847196586e-07	1.171969800882381e-07	1.204283470754543e-07	1.361970060893711e-07	1.038135152351892e-07	2.19699171014522e-07	6.888487600034878e-07	2.53673028431032e-07	1.949793680938117e-07	3.022484144423509e-07	1.453453889404972e-07	1.113933975827446e-07	3.147281623851498e-07	2.095167054704939e-07	4.637291553637705e-07	1.897056346744516e-07	2.15500657692786e-07	4.371520699441473e-07	2.319901788427585e-07	1.740375019778301e-07	2.034152424686398e-07	2.191821329405657e-07
2.555858069686168e-07	2.613833385776971e-07	2.465645883273423e-07	1.113811674652069e-07	7.261111686160202e-09	4.518205063568923e-07	2.86165388747366e-07	2.20829817194537e-07	2.421111165501952e-07	1.999819297240075e-07	8.956023050883428e-08	8.710532866937034e-08	7.3355639466958e-08	4.076123781952691e-07	2.257374182162707e-07	3.212812822349941e-07	2.474094019417789e-07	1.557165688483094e-07	4.170183682807525e-08	1.406046262453635e-07	4.197187633510897e-07	2.61403503046487e-07	1.641747047709313e-07	1.086478087268231e-07	1.709368352114984e-07	3.352320514321993e-07	2.558442192471601e-07	1.269904340973482e-07	3.369999719710198e-07	1.416350068347132e-07	2.650782389937151e-07	2.989974952110974e-07	2.082676731990464e-07	2.097064659596442e-07	1.896274597107887e-07	1.344366576741885e-07	2.069336399690976e-07	1.677230601903255e-07	2.472398067797778e-07	3.431279818793472e-07	2.14678246611654e-07	2.122284508296314e-07	1.944914704588776e-07	2.14944245391353e-07	1.548709309943792e-07	2.777329262433605e-07	2.24153977862226e-07	9.561609939731621e-08	1.85739331999804e-07	2.838522962291116e-07	1.50137150408177e-07	1.755072823666097e-07	2.412338211186696e-07	2.610503714657327e-07	1.533754785818175e-07	1.436292805769307e-07	2.623266492408084e-07	2.083576045732221e-07	2.538456674423167e-07	1.953980357270861e-07	1.636383013606699e-07	2.244360586467092e-07	2.612698724943331e-07	1.643705362206427e-07	2.204682034147234e-07	1.886989048873819e-07	1.860837073503007e-07	6.586338669588797e-08	7.468361547009377e-08	1.778399343176601e-07	3.053083519537955e-07	2.087503480396777e-07	3.264558579909223e-07	1.777310671087012e-07	3.434053143276168e-07	1.843957196949377e-07	2.055416961358368e-07	1.346873286250217e-07	1.641273900763927e-07	1.681380493249278e-07	2.448394661184405e-07	3.592435252279211e-07	2.02414371090916e-07	1.959166598343924e-07	1.605107705241128e-07	1.594259316524546e-07	1.312779808421636e-07	2.409371443638971e-07	2.495663731781596e-07	2.022618286307439e-07	1.957092572724761e-07	1.477898302773632e-07	1.980290548642061e-07	2.20257266343903e-07	3.307199964199532e-07	2.157780609556957e-07	2.207959631828519e-07	2.005887708474281e-07	1.960993934726342e-07	1.970510943830673e-07	1.11089148811629e-07	1.992142154417676e-07	3.320188680351566e-07	1.968535526525003e-07	2.078742663281664e-07	4.695665990697079e-07	1.488559049860932e-07	1.471746249792836e-07	1.331914453161039e-07	2.015850277929852e-07	1.396956305328681e-07	1.283977169181457e-07	6.328312712909124e-07	3.036147934394438e-07	2.284047086120889e-07	4.775091955063726e-07	1.474023112146343e-07	1.549970800870935e-07	1.154463393945695e-07	2.077111471650096e-07	2.220890592203794e-07	2.26155975013904e-07	2.129456892947133e-07	3.080474416351727e-07	2.173818054765023e-07	1.747255987163509e-07	1.957478175607704e-07	2.091551848226615e-07
2.895201790001242e-07	1.155517157636524e-07	3.867054362399191e-08	6.258493956080535e-08	2.176974778188439e-08	3.751534739338015e-07	2.566973942465879e-07	3.530747956139538e-07	1.295541725667218e-07	3.559252208236797e-07	2.367439892426395e-07	2.197239300659205e-07	1.658266860787275e-07	2.786153165736571e-07	2.612837294172869e-07	2.453748320942234e-07	2.311964001592528e-07	1.896573359782993e-07	1.359036145869473e-08	4.1114941518197e-07	2.870373456133818e-07	2.471627925324442e-07	2.242217906054281e-07	1.147368509480852e-07	3.081593798390273e-07	2.007010414509119e-07	1.78912554123156e-07	2.466616107147828e-07	2.36975214815165e-07	8.970202845678345e-08	3.447542879445137e-07	2.089605262136041e-07	9.069903914907874e-08	3.216311702906387e-07	1.118568011847063e-07	2.051368595674427e-07	2.127909908506326e-07	2.175652864237876e-07	1.116977221040663e-07	3.034432348878965e-07	2.323105125156207e-07	2.140423132246255e-07	2.410312944666141e-07	2.585803998416596e-07	2.392798101130728e-07	2.486297564298534e-07	2.081690310876541e-07	1.808386867997491e-07	1.308889333634509e-07	2.948178002362188e-07	2.146900646094449e-07	2.818762911619308e-07	1.880102392712516e-07	2.467531203970754e-07	1.810635572947936e-07	1.847250821271275e-07	2.20616669848584e-07	1.8820128021785e-07	2.678262279294641e-07	2.028986757412204e-07	2.190289933842231e-07	2.039303836758935e-07	1.858640817523104e-07	1.497408659951232e-07	1.618728139485086e-07	2.363404762642473e-07	1.24865933733976e-07	2.521100713189533e-07	2.823402116034708e-07	3.283959484476839e-07	1.812055636094565e-07	1.653088434002459e-07	1.814139985629906e-07	2.046475957464278e-07	1.335772184760678e-07	1.080517742393781e-07	1.48576147994757e-07	3.420883501083231e-07	2.457610746694157e-07	1.9816714212501e-07	3.463731990299376e-07	3.313006597313889e-07	1.280002135276265e-07	1.633169299314443e-07	2.56145771053434e-07	1.469800742016101e-07	2.186183621396592e-07	5.292796396929912e-07	1.298457284573556e-07	1.714389655161588e-07	3.073372907499181e-07	2.574072112300845e-07	2.639763334718899e-07	1.246668210986414e-07	2.111567908843946e-07	1.765590718311079e-07	1.603422604355302e-07	1.705802486273677e-07	2.607324715632996e-07	3.073558321686144e-07	3.956205142609507e-07	1.538408079128124e-07	1.913131873061811e-07	1.488315447498727e-07	1.510634197427198e-07	2.629272339980641e-07	2.109101252525278e-07	1.761022698703292e-07	2.647170435567531e-07	2.958855494965991e-07	3.666777458305464e-07	9.29712628217692e-08	1.990762825783382e-07	2.073440584478559e-07	1.879550491303663e-07	4.399574765703949e-07	1.599967334887713e-07	1.886632625914424e-07	1.201645164039886e-07	1.521680888595254e-07	1.674239630769878e-07	2.088313153533565e-07	2.135032208966406e-07	2.188803133261979e-07	1.575109321102463e-07	1.940886954548718e-07	2.014678926529009e-07	2.087282367047573e-07
2.499170510316319e-07	2.643200929496069e-07	2.319889989206403e-07	1.257637116564035e-07	5.439088387760853e-08	3.702989415107105e-07	2.677668997458096e-07	1.973947740333715e-07	5.059722858324832e-08	2.132185119233528e-07	3.928152479764446e-07	2.33130031462471e-07	1.992727326904973e-07	2.740432549520448e-07	2.655550406183031e-07	2.680558819534524e-07	1.54120898376727e-07	4.566060310828962e-08	1.729038860893136e-07	3.400317041185775e-07	3.442559278756733e-07	2.561345820184014e-07	2.511188764399249e-07	2.07225893169347e-07	9.306942446655722e-08	3.194075314696238e-07	2.839308889991514e-07	2.089827873322179e-07	1.234504576593102e-07	3.225815500788529e-07	2.359178368953129e-07	2.832860572161103e-07	1.804679050991105e-07	2.320308746216337e-07	1.946986426586233e-07	2.38749561460697e-07	2.130233417321675e-07	2.281825126572499e-07	1.910681374283542e-07	2.46095987896446e-07	1.587052784195877e-07	2.019436756196195e-07	3.194086184743506e-07	2.391790542919664e-07	2.470011892317667e-07	2.559765866163462e-07	2.309965843130821e-07	2.189987742021822e-07	1.893635347270975e-07	2.071208042433263e-07	1.658054788107131e-07	2.241827999572523e-07	2.153366574238335e-07	2.533808693284181e-07	2.489891360077695e-07	1.530333836773244e-07	2.669191904563595e-07	2.431574558624777e-07	1.960817884166119e-07	2.063868157553547e-07	1.570446854077767e-07	1.792247087050778e-07	2.667207910102872e-07	2.107111957696034e-07	1.839024244822936e-07	3.225320476411125e-07	1.053481601176513e-07	1.480692559420194e-07	2.880968077368483e-07	2.494894625777084e-07	1.581652752651172e-07	1.62292338760814e-07	1.273096391350586e-07	1.115266243841546e-07	1.353616226245182e-07	1.565828287838181e-07	2.464855998536768e-07	3.414393715916252e-07	1.633322592624392e-07	4.855587349250916e-07	3.328194319414351e-07	2.45420294234857e-07	9.783605596433694e-08	3.629547000284955e-07	2.707432715827556e-07	2.519092167507651e-07	1.283212434371553e-07	2.703471350220869e-07	1.531875837365511e-07	1.617286024015735e-07	2.476653242273606e-07	2.045370921828062e-07	1.789861120795742e-07	1.179888758533796e-07	2.120810853488356e-07	3.093900827065195e-07	3.290885576882078e-07	1.860217264073073e-07	2.115530496539654e-07	1.542980699541624e-07	2.194643797102736e-07	4.458174003838563e-07	2.62445006577205e-07	1.46147036847245e-07	2.034900731572728e-07	2.465253689264197e-07	3.967143455189619e-07	1.866174147613747e-07	2.343551417974028e-07	2.082360712002137e-07	4.266723611282253e-07	1.763073087253924e-07	1.382587938657628e-07	1.194358234562681e-07	2.220928896486435e-07	1.749307576344178e-07	1.391036557629084e-07	1.911294450957914e-07	1.494076934134075e-07	1.322125305540411e-07	1.72646366933596e-07	1.937566556928091e-07	2.539607524985678e-07	2.497506850172228e-07	3.900275587439895e-07	3.245267921933923e-07	2.093254677450315e-07	2.135887885868531e-07
2.441389230631394e-07	2.165509701355621e-07	2.727199542172891e-07	1.571049837520017e-07	2.296245199733322e-07	2.832069090876198e-07	2.510114052450314e-07	8.581475245278904e-08	2.29265284599774e-07	2.205868030230255e-07	3.195365067102505e-07	2.434236328590215e-07	1.195812793022673e-07	3.033336933304324e-07	2.620638518193195e-07	2.503494318126815e-07	2.487203965942006e-07	9.441387023827941e-08	7.729241071993332e-08	4.143899305518568e-08	4.887745101379646e-07	2.682563715043586e-07	2.272409622744218e-07	2.249774353906091e-07	1.869044690940862e-07	2.368140214883363e-07	2.867992238751471e-07	9.266646394965324e-08	3.996257005034542e-07	2.297735717009233e-07	2.662063858461117e-07	2.518615882186167e-07	1.872117710491426e-07	2.190430789526285e-07	2.096654841325406e-07	9.089976335395195e-08	2.991681926137022e-07	2.578122388907121e-07	2.410760527526421e-07	1.988737409049954e-07	2.460875443235542e-07	2.193575380146136e-07	2.271609424820876e-07	2.921527087422729e-07	2.572725683504606e-07	2.604359168028391e-07	2.3616163753851e-07	2.365338616046153e-07	1.804131360907443e-07	1.714363082504336e-07	2.141208930119811e-07	2.262643087525737e-07	2.364755755764154e-07	2.258461182597609e-07	1.366897147207459e-07	3.026166852275209e-07	2.415967110641351e-07	2.449761315071055e-07	1.970873489037593e-07	1.688499557694892e-07	1.346978774313301e-07	1.912315337342619e-07	2.736275002682642e-07	3.041940255440836e-07	1.764195350160786e-07	9.934861901797868e-08	3.82053865013266e-08	1.298284405650853e-07	3.718534038702257e-07	1.60045476707733e-07	1.255999869207778e-07	1.847008341213821e-07	3.09680279707126e-07	1.366431530218812e-07	1.035460267729686e-07	2.431388833282579e-07	3.137200517125967e-07	2.228903930749276e-07	2.399409438554622e-07	2.355753277251747e-07	5.14190664852932e-07	3.155399287383246e-07	1.473593984010471e-07	2.291424701255477e-07	3.363407721120769e-07	1.818633592999207e-07	2.536116247346509e-07	1.806521303511822e-07	2.218294390157466e-07	2.060182392869882e-07	3.876433577048025e-07	2.646169731355276e-07	2.101333906872582e-07	1.304734306081177e-07	2.161928798132767e-07	1.574460935819319e-07	2.84609854940886e-07	1.46450704187247e-07	2.552236277446309e-07	4.062403077397092e-07	2.48095745159596e-07	2.063439928549016e-07	1.788143258482293e-07	2.390875289446171e-07	2.348042265718259e-07	2.737735038547753e-07	2.72356065785397e-07	2.8199505965242e-07	1.705057400380526e-07	1.523490929038281e-07	1.970169764259049e-07	2.921558546290154e-07	2.186288051531871e-07	7.637758846468017e-08	1.372057301669211e-07	1.703415386984399e-07	2.152230780370453e-07	2.784581276001402e-07	3.171383704228261e-07	2.753069722485563e-07	1.852562707902042e-07	1.781944960322616e-07	2.212557841004952e-07	2.01346056708248e-07	1.816566853777339e-07	1.869523889319135e-07	1.980955428371621e-07	2.098993404689488e-07
2.580857950946468e-07	2.525568473215169e-07	2.069884095139383e-07	1.779837558476e-07	7.842065606905691e-08	4.350273766645283e-07	2.738559107442531e-07	5.932223087220634e-08	3.573458406163e-07	4.210509412269867e-08	3.41770265444056e-07	2.318922342555721e-07	1.962273259140369e-07	2.707866317088201e-07	2.002226630203359e-07	2.198929816719107e-07	3.097573948116743e-07	2.457671373682689e-07	2.540809353505522e-07	2.259587819917925e-07	6.708059240025755e-08	4.213781609903154e-07	2.612630481089186e-07	2.784289776118711e-07	2.726020137216153e-07	2.241955115070485e-07	1.974175587511431e-07	2.523126405670878e-07	5.093844334760009e-08	5.307809332299397e-08	1.906699347969108e-07	3.463996192211229e-07	3.404681369991741e-07	2.089427832836233e-07	2.09032325606458e-07	1.066249652472063e-07	3.247130434952372e-07	2.314544651241744e-07	2.481089680769303e-07	1.879139939135447e-07	2.991198102275208e-07	2.512089004096075e-07	2.500382664898242e-07	5.390136319258035e-08	1.856439474691548e-07	5.507746989332718e-09	4.356891907639375e-07	3.076939490070483e-07	2.03300237454391e-07	9.386431225754105e-08	3.497363072132488e-07	1.697708175478952e-07	1.442519937289976e-07	1.969238671911037e-07	2.552027934337217e-07	3.139374867777177e-07	2.260992316719108e-07	1.534948071517336e-07	2.739929093909066e-07	2.569005957836232e-07	1.751260694548834e-07	7.847585876344649e-08	3.23509209526241e-07	1.537768553185644e-07	1.402866455498637e-07	1.078026903948442e-07	2.789001128850011e-07	1.030001251881512e-07	7.303500000360413e-08	1.565139908377572e-07	2.203471985764381e-07	1.533718294819503e-07	2.47513420279194e-07	1.719596816596077e-07	1.08667930921419e-07	1.696074378726982e-07	3.597295035715166e-07	2.113289145582297e-07	1.576246284484857e-07	1.665669205252573e-07	1.880368977644304e-07	2.778845632417924e-07	1.439702408377574e-07	2.347177402225996e-07	2.430132726413987e-07	2.16142501849076e-07	2.773520060321467e-07	4.198321256802764e-07	2.766712942949421e-07	3.442453761724025e-07	3.915713911822448e-07	1.581218540882495e-07	1.840931692949423e-07	1.921579853628556e-07	2.643671742777175e-07	1.877896044573439e-07	1.802811521935644e-07	1.573546819671865e-07	3.070692058352963e-07	2.472575455252572e-07	2.070146106089186e-07	2.620705853259462e-07	3.433961451192529e-07	1.498530210419896e-07	3.667308799863787e-07	3.271966387831308e-07	1.110977860518322e-07	1.61747704543466e-07	1.989438382787021e-07	3.994996146074417e-07	1.447740917235841e-07	1.972919005326392e-07	1.339613164406118e-07	1.664068534730918e-07	1.909185706851983e-07	2.09552319762462e-07	1.810550003111825e-07	3.053743101044891e-07	2.604690474322453e-07	2.57301413943072e-07	2.897786746468121e-07	2.286698363717139e-07	1.808258157024226e-07	1.98616428399273e-07	1.685858120114778e-07	1.863279856704344e-07	2.027281179292926e-07	2.108973923510446e-07
2.580076671261544e-07	2.05912724507472e-07	1.733943648105874e-07	1.908375279431983e-07	3.749667921647803e-07	2.548228442414379e-07	2.136754162434751e-07	1.089922092916234e-07	1.699388966328268e-07	2.340108852223708e-07	2.24091524177862e-07	2.83608356521232e-08	1.15223372525807e-07	5.048270700872071e-07	2.68843974221352e-07	1.2054903153114e-07	2.320689302914905e-08	1.508579044982591e-07	3.731194599811712e-07	6.274107092840024e-08	2.576491746625487e-07	9.314995047627364e-08	1.218851339434159e-07	5.028805198331325e-07	1.47474558349145e-07	3.424145015257604e-07	2.141233936271387e-07	1.361838171845231e-07	2.347136861917444e-07	3.032076149450634e-07	2.735334837477094e-07	1.456626502236299e-07	2.524495029492065e-07	2.58579987614618e-07	2.389616670803752e-07	5.327516714046094e-08	3.355203943767721e-07	2.157091913576368e-07	2.20793834012191e-08	2.538667469220937e-07	3.479145761314874e-07	2.587602628046015e-07	2.099059049756151e-08	3.840001764288712e-08	3.275282658784912e-08	1.739170771758251e-07	1.670667439893663e-07	1.428290364094819e-07	4.322498388180371e-07	2.909048162646477e-07	2.513892214145171e-07	1.813773263432165e-07	2.813784118815791e-07	1.488016161224465e-07	1.65703372146698e-07	8.912078832791515e-08	3.844517522796859e-07	2.72388482796361e-07	1.859734698780544e-07	1.480762357977579e-07	2.762292614784364e-07	2.779826837926301e-07	2.245534187842183e-07	2.579846850930445e-07	1.176912560836488e-07	2.342692617717093e-07	1.978448392686764e-07	1.701093098112168e-07	3.00829096136981e-07	1.239575049677816e-07	1.16981910232099e-07	1.405303248425185e-07	2.975840608512617e-07	3.513512102973337e-07	1.490773350698693e-07	2.095884924171383e-07	2.51688955430437e-07	1.000174360415321e-07	1.221833130415091e-07	1.044585133253399e-07	1.541956306759279e-07	2.307416977452604e-07	1.391935832744677e-07	1.448180103196517e-07	1.432357731707206e-07	1.501841443982315e-07	1.37217387329643e-07	1.180371210093722e-07	1.245881495741382e-07	1.926725130578177e-07	2.736994246596875e-07	1.406142350409711e-07	2.132529479026262e-07	3.273425401175934e-07	4.022789687421582e-07	3.156331153327555e-07	2.028149494462424e-07	3.444336597471255e-07	3.25052283925962e-07	2.680872833108046e-07	1.756084760582412e-07	2.530721777969909e-07	2.893904643902772e-07	1.157435131393619e-07	2.333450334009323e-07	2.026072737114867e-07	1.937395063182667e-07	1.922878494345115e-07	1.702694365193518e-07	2.143876363110564e-07	1.964062070212629e-07	1.406779464362628e-07	2.972438277280358e-07	1.412736184815038e-07	1.298064112034758e-07	3.017881008264839e-07	4.805619225853187e-07	7.582799260883885e-08	9.512472444166486e-08	2.141708556375878e-07	1.774010785034207e-07	2.040326767111665e-07	2.865333473043496e-07	2.00011800090298e-07	2.235399386452214e-07	2.041160824089552e-07	2.023731930214232e-07	2.110704442331404e-07
2.472045391576619e-07	2.578936016934268e-07	1.245378201072365e-07	1.795038000387967e-07	2.576254282605049e-07	3.137933118183467e-07	1.616699217426969e-07	3.2253718771104e-07	2.311569526493529e-07	1.437666763220437e-07	3.307752829116673e-07	2.273544370486732e-07	2.330444191375765e-07	2.772800084655954e-07	2.667402854223683e-07	2.453050813903688e-07	1.533938912466226e-07	1.75311171628249e-07	2.32920484611791e-07	2.184983598650071e-07	7.989275692484091e-08	4.660592399622298e-07	2.748947197779124e-07	2.653320620543954e-07	1.666096029766742e-07	7.483349154447344e-08	2.144792285031344e-07	2.793674938019577e-07	1.027014290358896e-07	1.554621365671339e-07	1.658220326985085e-07	2.33750681226136e-07	3.103808688992383e-07	9.386719194561324e-08	3.126910085542923e-07	2.196003690337149e-07	2.727527452583073e-07	2.585014175910989e-07	1.998497987255067e-07	1.041569999306434e-07	9.438434203545492e-08	3.450241251995954e-07	2.744554145052975e-07	1.849361720931934e-07	2.562117057065423e-07	1.918764073623179e-07	1.274192972147945e-07	1.006266238119152e-07	1.219869401816847e-07	4.282453202717545e-07	2.609296356157852e-07	2.257963351385378e-07	2.073423300341613e-07	1.502543650537892e-07	2.18253950859674e-07	2.910540898781114e-07	2.501167728874619e-07	2.405321584409889e-07	1.897540303652019e-07	1.773268758118921e-07	3.252824535019896e-07	1.833770088218146e-07	6.53351280421958e-08	2.975050148675248e-07	3.062583666174333e-07	1.68735833148575e-07	2.190520656523515e-07	2.458809944342824e-07	2.008731922703589e-07	1.395135190978058e-07	2.561291218877592e-07	1.551013202030866e-07	4.67992201423329e-07	2.866177389350605e-07	1.488367392183196e-07	1.398070469615786e-07	2.529234072893571e-07	4.134309575248332e-07	1.426169976345323e-07	2.570751061254219e-07	2.217543635874252e-07	1.817238322487283e-07	4.018669257111773e-07	1.359182804167035e-07	1.157207737000422e-07	1.934257869473868e-07	2.526077686271385e-07	1.516421163384671e-07	3.043425048533334e-07	2.128871499432324e-07	1.748399581371301e-07	3.51744115993692e-07	2.293627265103102e-07	1.76814594872332e-07	1.604282632065999e-07	1.986391262081679e-07	2.492737466989203e-07	2.429501375270654e-07	1.572228620166281e-07	4.510295210963516e-07	2.933773415075633e-07	1.464237702680359e-07	2.090972836613015e-07	2.470090052367338e-07	1.518591868154857e-07	2.479304086398422e-07	3.572687265847009e-07	2.596529943255569e-07	2.518450347600012e-07	3.249631580146704e-07	1.406758223189421e-07	2.470014923398859e-07	9.778883901546081e-08	1.506028834899157e-07	1.52881751721753e-07	2.062988818905063e-07	1.608688448594566e-07	1.250941751131877e-07	1.992179014510836e-07	2.357277973321034e-07	3.018359823600285e-07	1.473705170506191e-07	2.930158789062769e-07	3.854946717813224e-07	2.786815652789651e-07	2.273041791474761e-07	2.075682681135537e-07	2.141309961152361e-07
1.219514111891698e-07	1.257447887938246e-08	1.768775403885808e-09	1.835757213439549e-08	1.24465643562298e-08	9.278877939525632e-08	1.190394272419188e-07	8.405716613045797e-08	1.607500866587979e-08	1.736724674217163e-07	-3.765958354526082e-09	1.626480384452239e-07	1.179529657493466e-07	9.832946843983856e-09	4.934909662338525e-08	2.00736312495985e-08	1.129338946409691e-08	5.951443875823922e-08	1.181465092424108e-07	2.209556488016144e-07	2.269883918713277e-08	5.135435294481869e-07	3.887918056124089e-07	3.071586042756574e-07	1.793214760420395e-08	1.976498156318583e-08	2.901725633791299e-07	1.873136704193929e-07	5.57016718800346e-08	1.81304158189204e-07	6.077308164930765e-08	2.408871222864308e-08	1.206223484927125e-08	3.598418962766073e-07	1.145828500282102e-07	3.913070926969967e-09	2.882259613984293e-08	1.604061438245615e-07	3.657702140497944e-07	7.283475293919278e-08	-3.895892060578019e-09	7.747548759459017e-08	3.16457738513034e-07	5.008598265434992e-07	1.999955848252365e-07	7.982323754881107e-08	8.984350440222874e-09	2.617421121434856e-08	-6.2509584546681e-09	-2.875167572113696e-08	8.049504981705379e-08	1.675403439338593e-07	1.51812481867438e-08	2.668211398513227e-08	6.542029572650679e-09	5.164989142830896e-08	6.523179349523804e-08	3.512583408561736e-08	6.344709085234974e-08	4.941501582602679e-08	3.094814552554391e-08	7.324633385099914e-08	2.435418373001723e-07	6.537534464200589e-08	5.431297715121905e-08	2.972274045254401e-07	2.546792036027306e-09	2.480267905734889e-08	3.450478840373701e-08	2.464453322783043e-08	2.43638335434205e-08	6.133481556365495e-08	3.866284199539812e-08	4.042176757278786e-08	1.352086433667701e-07	1.299881015060187e-07	9.08828591482776e-08	7.940697900813625e-08	6.600068222755575e-08	9.746669892550476e-08	6.348809649892308e-08	8.721846675219631e-08	7.181526814788857e-08	8.670605051375546e-08	9.58932742293638e-08	9.371742949654244e-08	7.75606499246349e-08	8.41471116675622e-08	6.90093601325297e-08	1.020017868286475e-07	8.606799161457266e-08	9.397399694641437e-08	1.080725051179946e-07	7.027414962707044e-08	6.280255767104124e-08	7.572013708358025e-08	1.208700439515988e-07	1.957666153070051e-07	7.054344010729395e-08	8.167175888190023e-08	6.674620695688644e-08	5.038786273908082e-08	6.509160293232595e-08	1.095869973341065e-07	8.728584023003911e-08	1.152035435681982e-07	8.512294685113645e-08	8.308063921660299e-08	6.484563300065136e-08	6.582617971828542e-08	8.085793761662125e-08	8.478753824350975e-08	6.280885030288538e-08	8.406964849832783e-08	1.073320922400305e-07	2.311471629545284e-07	8.710076713359393e-08	4.569785761753697e-08	8.641107846050301e-08	1.072472390266195e-07	1.236083862166373e-07	1.193958573900717e-07	1.151109105082047e-07	1.495150434723481e-07	1.547231919127093e-07	1.85017275885997e-07	2.023758432056843e-07	2.122040479973319e-07
1.258857832206773e-07	2.854678560653366e-07	1.584872307005343e-07	8.232384422999363e-08	1.292177004519537e-07	2.02909246972165e-07	2.603464327411402e-07	3.057021445498745e-07	5.666806468240595e-08	1.89628258521389e-07	6.084280037927936e-08	3.858291398417738e-07	1.868651236111675e-08	3.184838522237146e-08	4.169954078244005e-07	3.248296811088267e-07	3.854288768157073e-08	4.36992705888228e-07	2.629850338730297e-07	1.990004377382218e-07	9.067992144942429e-08	3.082778189341448e-07	2.828263914469061e-07	6.994764649692025e-08	8.761719223173304e-08	4.824647158189798e-08	5.26553398255125e-07	4.744734703682834e-08	4.196441472417949e-08	3.864711798112735e-07	2.683616306001059e-07	3.818924323114944e-08	1.438311007993029e-07	3.619291006076021e-07	1.654371915021274e-07	3.141327282022433e-08	3.49679947021377e-07	2.171108700580236e-07	2.07915629374083e-07	1.989375059477417e-07	3.447387384338864e-08	1.948268499895839e-07	1.404350625207712e-07	-8.02901900619259e-09	4.229294639439298e-07	2.257700677353035e-07	8.888690366565067e-08	1.409298616781799e-09	1.131114290897861e-08	-5.78617171402981e-09	1.940979640183215e-07	4.0242185272918e-07	3.849516633932568e-08	4.733486291647491e-08	8.635510828562655e-08	1.962831929785054e-07	5.340931410301368e-08	3.510700973024517e-08	1.133901513394971e-07	5.747156558401596e-07	3.747513375490963e-07	1.95165658880183e-07	1.656235465581496e-07	2.160456744164858e-07	6.659258768500404e-08	8.146897590230623e-08	5.326651841970231e-08	1.875368636804142e-07	2.840113845371139e-07	2.302880473578541e-07	1.123610451990808e-07	1.429183109242228e-07	3.78045982567465e-07	1.786007962105141e-07	9.015554751522059e-08	1.944941560504587e-07	1.779548110071974e-07	1.279205004914382e-07	9.277186682057894e-08	1.54308291725587e-07	1.062593294104204e-07	9.302560125566407e-08	8.552611058459883e-08	1.217188206108072e-07	1.689532747586852e-07	9.049657204569783e-08	1.004385312221307e-07	9.258960699665713e-08	9.38512154117253e-08	1.188789237140622e-07	1.514585250920148e-07	1.582163778991358e-07	1.137197837256786e-07	8.354620438180854e-08	8.708935213548219e-08	8.431364795899223e-08	8.505384120427697e-08	1.054205930869449e-07	1.513015181979593e-07	1.176889966674476e-07	1.106025724062088e-07	1.109144552101253e-07	9.579842220334994e-08	1.069399894314788e-07	2.01662493644592e-07	1.869266784965536e-07	9.013966711757116e-08	1.066457841076485e-07	7.644623124130093e-08	9.69017014218996e-08	1.282150529143001e-07	1.107860841471331e-07	8.820386159030977e-08	8.807391350673974e-08	1.162324327583078e-07	1.363329440185508e-07	9.650768940773096e-08	1.358015401218857e-07	1.18204255469922e-07	1.831041807211349e-07	1.440932900732454e-07	1.94246197729524e-07	1.27855942110132e-07	1.79597915163373e-07	1.72139818546453e-07	1.894178726245179e-07	2.065209182978148e-07	2.132770998794277e-07
2.310326552521845e-07	2.682987332512916e-07	2.034931859971831e-07	1.257026163255918e-07	1.526888365476779e-07	2.773297145490738e-07	3.247784382403617e-07	2.670596229692919e-07	1.577861206989319e-07	6.030904962106201e-08	3.82401559113084e-07	1.213227412383251e-07	4.020755897288651e-08	4.951382360075906e-08	3.370421902541789e-08	4.762323096805657e-08	4.99673858990446e-08	8.085847301821901e-08	6.072860585036481e-07	1.827827266748291e-07	4.529850371171612e-08	3.466871084201019e-07	3.447859772814028e-07	2.934991887181817e-07	7.877723685926236e-08	1.495904616006099e-07	2.872842331311212e-07	6.605602365426328e-08	1.695271575683239e-07	3.418507014333438e-07	1.027501795509052e-07	6.875227423365577e-08	6.248746674933518e-08	3.463538049385968e-07	2.230790329760445e-07	4.402884747134776e-07	1.915872979029124e-07	2.596030962914857e-07	2.113110446983711e-07	2.204902589562908e-07	5.285613974735534e-08	2.816907123845776e-07	3.852748865285072e-07	4.085713544411399e-08	2.782584306262482e-08	1.552293979217966e-07	3.512269568910779e-07	3.677693860192139e-07	2.424732442726247e-07	1.887793322930768e-07	2.857258782195894e-07	2.452783615245018e-07	2.61759084491907e-07	9.892511184781746e-08	7.335568699860267e-08	1.659039945287023e-07	2.902118347107886e-07	4.532506853748718e-07	1.160082118266446e-07	1.581662958542951e-07	3.650420295726497e-07	2.60122483909367e-07	2.200427558161264e-07	1.614035041909664e-07	2.095221982187886e-07	2.183605472791713e-07	3.113612448033767e-07	1.436085483034802e-07	8.276798067049203e-08	3.981906148787891e-08	4.807075685474162e-08	2.768143062847905e-07	2.422666231395332e-07	2.979173248482403e-07	1.833274516636707e-07	1.539252105948989e-07	2.709142628661172e-07	2.1292152197474e-07	9.843055141360217e-08	9.062488452566958e-08	1.038055623219178e-07	1.096702357591318e-07	1.788494530213089e-07	8.926909070785909e-08	1.376132752880068e-07	1.787382145948529e-07	9.744141251962661e-08	1.21357102325752e-07	1.294930706909209e-07	1.398060605994769e-07	1.151490585694572e-07	9.555875885185753e-08	1.256670623333626e-07	9.636825913654665e-08	8.527614659992324e-08	2.400946588344038e-07	1.305376384569549e-07	2.090620708668842e-07	2.697845962886246e-07	1.316187344529951e-07	8.583393785553132e-08	3.130785476811694e-07	1.918677414743738e-07	1.088304815288511e-07	1.673141470591453e-07	1.267623134249094e-07	1.612688873840057e-07	1.873984289986939e-07	1.523593294819503e-07	7.618972312551392e-08	1.333471682119791e-07	2.046596300507562e-07	1.75811372877734e-07	7.119067851515172e-08	8.789527327658525e-08	1.063937250825731e-07	1.803146116818678e-07	2.301427226262345e-07	2.314474324793407e-07	1.525361224156506e-07	1.455656939298537e-07	2.171215380689764e-07	1.261634737120593e-07	1.64343286854398e-07	1.655189451801969e-07	1.970809693630388e-07	2.072534933899454e-07	2.135251517615234e-07
2.611420272836919e-07	2.369171104372466e-07	2.44524141293832e-07	2.217688884211899e-07	2.733224726434017e-07	2.364376821259829e-07	2.102604437395838e-07	2.582296013887091e-07	1.467416767154582e-07	2.82252340720734e-07	2.6581031784689e-07	1.462788426348755e-07	1.933536055846559e-07	7.482926197914664e-08	1.417380302264339e-07	1.322167808272854e-07	8.179188411651841e-08	7.613674014820895e-08	4.536208313426917e-08	5.36150156114368e-08	1.292958597400792e-08	3.216838979060592e-07	3.396580631158998e-07	1.558507309394443e-07	1.684872814867914e-07	4.748094516193212e-07	3.473775680071168e-07	2.756897002716976e-07	1.449524004124689e-07	5.030223055414915e-09	8.117622850170414e-08	2.217153052361617e-07	8.846883269936715e-08	3.749910092695916e-07	2.783208744499617e-07	2.619886766067326e-07	2.520071487844472e-07	2.289328225249481e-07	2.499939600226591e-07	2.5906801196484e-07	2.075884056513216e-07	2.295420747795719e-07	1.108522105362446e-07	3.908682898944197e-07	2.485097221813181e-07	7.632622810828967e-08	3.858670101165058e-07	2.572044734216474e-07	2.069353456362716e-07	2.19282336300184e-07	1.756787924208578e-07	2.037473703198233e-07	2.922730026444888e-07	1.3671536077916e-07	3.101812657115781e-07	2.746497960788988e-07	2.588518553185642e-07	1.663568610195004e-07	6.653877231379223e-08	3.663294358684288e-07	2.869702215962033e-07	3.21293089385519e-08	4.061196507410395e-08	1.732383396544724e-08	4.690180875257414e-08	5.874146186560358e-07	3.275059711870518e-07	1.148677329265461e-07	3.373745768038689e-07	1.392250756179029e-07	3.728804685104012e-07	1.267603016453591e-07	2.57949763711601e-07	2.005963534859672e-07	2.24261855812121e-07	3.701562651393384e-07	1.505362147250377e-07	4.076850434580414e-07	1.844142360066252e-07	2.998664773257514e-07	2.810517952334147e-07	2.597398702625991e-07	1.855852954580192e-07	2.243693608049105e-07	1.674357758173283e-07	2.220173571440082e-07	2.140317938171221e-07	1.445370976548469e-07	9.470992597011661e-08	2.387331974848914e-07	2.490145920468991e-07	2.666386398045786e-07	2.016268409410464e-07	1.877153138912845e-07	3.032879410643637e-07	1.146631697098162e-07	1.015464357096331e-07	5.585910486468227e-07	2.368801743792903e-07	1.117609722385427e-07	9.410280330485375e-08	8.305514015221478e-08	9.89370607453981e-08	1.267334736262233e-07	2.977408004736981e-07	3.180354483532644e-07	1.357606076504405e-07	1.694135738897395e-07	2.354724277225997e-07	2.712902448291276e-07	3.350542835096575e-07	1.628581759543798e-07	1.555313841651585e-07	1.655324435235634e-07	1.924956137948623e-07	2.373670061465948e-07	3.631215339560043e-07	1.995339051305836e-07	1.6499060948876e-07	1.259055641101664e-07	1.759880977864618e-07	2.008843784084289e-07	1.687960053139864e-07	1.74626158545423e-07	1.816980718139407e-07	2.014440661015596e-07	2.235110684820759e-07	2.164732036436192e-07
2.301638993151995e-07	2.017854876232017e-07	2.000925965904811e-07	2.97172660516788e-07	2.55018608739126e-07	1.438331497028921e-07	2.109049492388056e-07	1.766870798081266e-07	2.657097327319842e-07	3.404706318204066e-07	1.569440765806959e-07	2.310849440314258e-07	2.775371521964254e-07	1.79607200357534e-07	1.722593414274501e-07	9.594783068651459e-08	4.631913823339912e-07	2.133900072781985e-07	1.031256077648884e-07	2.40098045480442e-08	1.77981682362996e-08	7.321818739201715e-08	9.959264895039731e-08	2.71927273160706e-07	2.924723261143203e-07	4.289284416380336e-07	3.924334028831123e-07	3.026983768891326e-07	2.570276432566134e-07	1.982347446774845e-07	3.066147774525023e-07	2.54228336238668e-07	1.62487698649399e-07	2.164282136005868e-07	2.225252159238792e-07	2.767388784999869e-07	2.601519996659822e-07	2.274375487584104e-07	2.555643753469472e-07	2.455957649733893e-07	2.119081715552884e-07	2.536684371745658e-07	1.536420345439812e-07	2.315544443447269e-07	1.911311013000122e-07	2.976855582947819e-07	3.085695633419341e-07	2.547895608240805e-07	2.101349469999183e-07	2.152478403072912e-07	1.693192066221259e-07	1.139538791151449e-07	1.253869207970712e-07	4.225681097105019e-07	2.633568444245543e-07	1.64283097629096e-07	2.184187592634054e-08	5.380053666412857e-08	2.625818328009391e-07	5.026800758825627e-07	2.480484136197568e-07	1.135486339677359e-07	1.353436743320807e-07	3.857941637399266e-07	2.843314192863585e-07	2.033561900329024e-07	2.111256975707273e-07	3.228644175496114e-07	2.207311729372468e-07	1.452185897479271e-07	2.857526801660621e-07	1.697562970059271e-07	3.097454042836687e-07	3.208503821236935e-07	2.642212599605712e-07	1.132498196837793e-07	3.212331665839572e-07	1.871735649413441e-07	1.154854205996486e-07	1.144955701258343e-07	1.710855281449125e-07	2.034845047660671e-07	4.280461378947288e-07	1.419696309019626e-07	1.885582763466498e-07	3.483589996931632e-07	2.26559675114618e-07	2.416670929839415e-07	1.094642812493122e-07	1.617103343703064e-07	1.357176255243418e-07	1.600310207573005e-07	2.766866195487303e-07	2.805248686460224e-07	1.731122355288051e-07	1.366066805852281e-07	1.289552329623111e-07	2.323325264267633e-07	2.15713252469956e-07	1.9836571002409e-07	1.349216687541761e-07	2.128817326232591e-07	1.73518880016422e-07	1.905739657235954e-07	1.985924538882516e-07	1.501335832816206e-07	2.585273279168748e-07	1.738162187807851e-07	1.394855259632496e-07	1.077782665327424e-07	1.64986398807337e-07	1.918567218580031e-07	1.48301395452583e-07	1.634242085319753e-07	3.271709543131392e-07	2.119277872106171e-07	2.591284562301417e-07	1.355500876349328e-07	1.501712864981791e-07	2.472125058046817e-07	2.256480016430699e-07	1.991222187478814e-07	1.846160369159137e-07	1.949590302364479e-07	1.848271984476845e-07	1.992821628400805e-07	2.136311435742065e-07	2.14958755525715e-07
2.19923271346707e-07	2.783663648091565e-07	2.2196105188713e-07	2.615014326123865e-07	2.364522448348503e-07	2.601411172798008e-07	2.501744547380272e-07	2.370070582275436e-07	2.461527887485105e-07	8.698892292007998e-08	1.625653353145016e-07	3.967785454279759e-07	2.508331988081954e-07	2.217226387359215e-07	2.79505652628466e-07	2.648788805457432e-07	2.385908805514658e-07	2.459057744081883e-07	2.741016323955073e-07	2.557045934846508e-07	1.36029250498591e-07	1.99714976877974e-07	1.429147347848941e-07	3.794913153819679e-07	2.808198707418497e-07	2.163224316567464e-07	2.499892377591085e-07	2.890195535065676e-07	2.055653861007584e-07	2.570767662995545e-07	2.631033264033013e-07	2.489413672411744e-07	2.073690645994309e-07	2.037029179315817e-07	2.268420573977965e-07	2.198265803932415e-07	2.220968505475172e-07	2.376797749918726e-07	2.261472906712354e-07	1.145985179819389e-07	3.490904374592548e-07	2.3331979956956e-07	2.636318585517176e-07	1.626155987950338e-07	2.24164980418706e-07	2.05019888481275e-07	1.825596165673625e-07	2.341496482265138e-07	1.878345483635652e-07	2.313883443143983e-07	1.55459620823394e-07	3.502978879104656e-07	2.205508389496529e-07	1.309208586418455e-07	3.553949231375302e-07	1.10203899179293e-07	4.459439653411608e-08	1.436921230875651e-08	8.24989328808741e-09	6.666821589669832e-08	2.552141056433101e-07	5.398554589969189e-07	1.724378835900576e-07	1.345769935144077e-07	5.436102982014416e-08	4.007352614097673e-07	3.231579239544021e-07	3.278736021726771e-07	2.816877690706242e-07	2.341996038779511e-07	2.443748918217228e-07	1.431897923664953e-07	2.533160448557367e-07	1.378794107614206e-07	4.520056641090211e-07	2.35468374228219e-07	1.584801184428778e-07	3.349120864246457e-07	1.981691051926717e-07	1.417871629259166e-07	9.490676105641017e-08	1.236416392695351e-07	1.287444803314399e-07	1.683949009990143e-07	1.781057768759713e-07	5.779381422423179e-07	3.581875564121135e-07	1.421095883130368e-07	2.448561365285075e-07	1.87399971255721e-07	9.520815900178422e-08	8.567340171002226e-08	1.164338981564148e-07	1.073469234007611e-07	1.180490299932463e-07	1.994251914606399e-07	2.605015302149888e-07	4.686490042067022e-07	2.895713305606214e-07	1.213579478096377e-07	1.300280342034986e-07	1.667208250943039e-07	1.396131992874461e-07	4.21514457820967e-07	1.969066073028048e-07	1.714567182099761e-07	1.1455654818331e-07	1.390313636718308e-07	1.90648624203899e-07	1.744037882363564e-07	1.61756014105016e-07	2.013552677616265e-07	1.605339067400074e-07	1.496909735403872e-07	3.013087948314166e-07	1.491760682746394e-07	1.353353785042791e-07	2.158287701392816e-07	3.879519635075975e-07	2.391819474991974e-07	2.224329054996781e-07	1.874600590873339e-07	2.119485685178409e-07	2.525669019274728e-07	2.241063250814282e-07	2.006827595786014e-07	2.133137186663371e-07	2.174193074078107e-07
1.492326433782147e-07	3.557722419951112e-07	2.818545071837788e-07	2.796802047079847e-07	2.673483809305745e-07	2.482740848567098e-07	2.57793960237249e-07	1.274520366469612e-07	3.356833447650365e-07	2.140947140197523e-07	1.900865940483071e-07	3.112971468245267e-07	2.411917454199652e-07	2.58025577114309e-07	2.669019638294824e-07	2.719599304049722e-07	1.4010287876894e-07	3.09659041538178e-07	3.000276570261266e-07	2.266993824212582e-07	2.512978327608823e-07	2.608492663639311e-07	2.368993206193907e-07	2.988053576032302e-07	2.64479915369379e-07	1.149039216754589e-07	2.154700726351043e-07	3.393532301240024e-07	2.113656289449032e-07	1.13231287921625e-07	7.746687535410068e-08	3.747543982436805e-07	-1.242456945053641e-08	7.371512226257679e-08	7.999639887171425e-08	1.244767822864963e-07	6.974170142905267e-08	5.46197001225334e-07	2.817052059955235e-07	9.846377099048823e-08	3.286977033632216e-07	2.949836619645538e-07	1.868716825594545e-07	1.708517532453405e-07	2.036488595374e-07	1.060542186677682e-07	6.858716979279092e-08	3.194472356289467e-07	3.892216497272113e-07	2.222913483215056e-07	1.71487535024662e-07	1.905293967057875e-07	2.908147571022346e-07	2.881861075731877e-07	1.899955018505068e-07	4.086220072949008e-08	1.905719171418913e-07	2.779753879533835e-07	1.238179537752346e-07	8.230635591083259e-08	3.508047976668632e-07	2.16799784026104e-07	7.764459284803489e-08	2.124732328888845e-08	3.472814035392923e-08	2.22268327866339e-08	1.423901503380778e-07	1.603077867957435e-07	2.15294365204002e-07	7.650561800797585e-08	4.692210347738399e-08	8.947328772706359e-08	4.042616854278041e-07	2.812334393991468e-07	9.896506825747247e-08	3.408119287726588e-07	2.625020703017975e-07	1.229881079079484e-07	1.862027897856949e-07	2.400287557259988e-07	3.02415493967907e-07	4.849112737730018e-07	4.916553227681492e-07	1.285951710960663e-07	1.171032774052931e-07	9.501728479147467e-08	1.3551543770961e-07	2.815770836421313e-07	1.844979918077033e-07	2.607521081411356e-07	2.522111924792261e-07	9.58407826627438e-08	1.418061767640987e-07	3.693939781554984e-07	2.809733244576868e-07	2.288687023360519e-07	1.846728274676671e-07	2.602904819866424e-07	1.860919086512874e-07	1.96300185595185e-07	1.857343996528209e-07	3.69634917565348e-07	3.022825185584697e-07	2.635424499183397e-07	2.202332607173579e-07	2.843923531383314e-07	2.254732684497443e-07	1.685215085628763e-07	1.417242224445488e-07	1.969668099399706e-07	1.68725629402695e-07	2.072163136652499e-07	1.562289180274319e-07	2.679577385487988e-07	1.866466353496943e-07	1.949868493386614e-07	3.301048007784156e-07	3.723074526436302e-07	1.952701405170171e-07	1.906513891937131e-07	1.869678093562864e-07	1.464728994267865e-07	1.508186001197684e-07	2.148497736184979e-07	2.005729517151721e-07	2.019708563171222e-07	2.203837937584676e-07	2.292173592899065e-07
1.246701540972266e-08	2.377281191810665e-07	5.507354624804269e-07	2.93358976803583e-07	2.718820170262987e-07	2.535820524336188e-07	3.029509657364706e-07	2.560970150663781e-07	2.45663900781563e-07	2.220630051194249e-07	2.388703527821126e-07	3.171657482210772e-07	2.45650292031735e-07	2.099910154926969e-07	9.63482750304992e-08	3.990348026420198e-08	4.755273769864129e-07	2.863373086681681e-07	1.596036816567464e-07	4.01019171357865e-07	2.45553915023174e-07	2.120710558498885e-07	2.752714064538874e-07	3.095068998244923e-07	1.816149599969086e-07	7.24729116941713e-08	2.762384075110998e-07	4.173244067414372e-07	2.34603371789048e-07	2.641733095436947e-07	2.63755424304899e-07	2.380299292461873e-07	2.214942964994949e-07	2.213773265935711e-07	2.193507403456311e-07	1.390394841797507e-07	1.293740523105875e-07	2.97764227458797e-07	3.292381213198114e-07	2.277165239990371e-07	2.581674692671886e-07	2.58397524359548e-07	2.53324006567191e-07	1.498004076956472e-07	1.62545238656094e-07	3.555385488542603e-07	1.328522230182188e-07	3.564073230313797e-07	2.094212510908586e-07	1.70069352328613e-07	3.113404492259297e-07	1.29460905501109e-07	2.014411752548169e-07	3.211013565045303e-07	2.859335805634826e-07	1.057330022796867e-07	1.912369377496668e-07	4.568156359801204e-08	1.096360142623821e-07	5.526949592496699e-08	2.38870489690417e-07	2.673566090552881e-07	3.891380210601202e-08	1.426301530633685e-07	8.263275088771412e-08	9.986840416349918e-08	1.31497376721753e-07	2.42229471418809e-07	4.670134613373788e-07	3.172866321379994e-07	3.616818151330437e-07	2.045442830876314e-07	1.637073259998727e-07	1.058749680368739e-07	1.506619724059227e-07	3.558179833170989e-07	2.852240221607176e-07	2.9566412939125e-07	2.114739743787181e-07	1.218953485260815e-07	1.315492268794049e-07	2.287809082764703e-07	2.415161652048602e-07	1.955204411931179e-07	3.475882779346139e-07	3.541089273406293e-07	4.239683190071051e-07	2.377070789712264e-07	2.181523470868989e-07	2.960042450265503e-07	1.388017259566687e-07	2.014831636154651e-07	2.790034553717824e-07	2.27078532910237e-07	3.144101189221277e-07	2.00374713211464e-07	2.031566247203451e-07	2.42019459766582e-07	2.711624867419528e-07	2.944174233807322e-07	1.783657651021434e-07	1.157990100363934e-07	1.538143378294943e-07	2.71170442015712e-07	1.782349141319112e-07	1.883779880666873e-07	3.183899887161788e-07	1.50349153453922e-07	1.498373206851983e-07	1.450923316435851e-07	1.923077447003739e-07	2.173523595688733e-07	3.660114293148557e-07	2.107620035572109e-07	1.736469758679716e-07	1.030601304026839e-07	1.193117230525533e-07	2.248111351479796e-07	1.627508175264363e-07	2.626833308882286e-07	1.905777132128946e-07	1.845357397662389e-07	1.367511317216958e-07	2.366826453095228e-07	2.682020783489157e-07	2.153339530556431e-07	2.150413688505982e-07	2.166029111720023e-07
8.963888744122993e-08	5.702149636702194e-08	1.126664177770772e-07	4.432002488991809e-07	2.662906531220229e-07	2.191775200105279e-07	2.777954712356924e-07	2.543169934857953e-07	2.504069567980893e-07	2.669312962190975e-07	2.435166115159182e-07	2.552343496176279e-07	1.716963386435051e-07	1.668145387108511e-08	1.341820862315154e-07	5.133453012343103e-08	3.590393752038872e-07	3.602530757981578e-07	2.799547062873654e-07	2.639014602944727e-07	1.258099972854661e-07	1.635928453358458e-07	5.1218492288385e-08	4.67770942045754e-07	7.257500462443818e-08	1.506794017128833e-07	1.211192423870959e-07	4.97770583358872e-07	2.475661146331928e-07	2.350403311657649e-07	2.434189732556979e-07	1.942304602486938e-07	2.600381624495269e-07	2.107145309245659e-07	1.796050818195486e-07	2.093646860730049e-07	3.116890319212274e-08	1.543145369226011e-08	1.995853664410046e-08	1.710442770075865e-07	4.265872351711549e-07	3.347613867545418e-07	2.151888305749277e-07	2.065240621459538e-07	4.029117774788409e-09	9.273537904075392e-08	3.093922762436463e-07	1.808549104338134e-07	4.163208524545048e-07	9.062235633572039e-08	2.738183634271979e-07	3.018674142964299e-07	2.270800934073987e-07	2.635291054358732e-07	1.938841592764589e-07	1.953913038298833e-07	1.744269583574425e-07	1.878252392426394e-07	2.937165747495291e-07	1.001576359391012e-07	1.559986817139706e-07	3.79188434084472e-07	1.231080113639888e-07	2.921754828378484e-07	2.782123614214986e-07	9.298497554036469e-08	2.693671031054277e-07	1.97401156041875e-07	1.986075574707572e-07	4.037551462680234e-07	2.852790267887045e-07	1.276902784481997e-07	2.782404665719402e-07	8.250399667460059e-08	1.302463765543731e-07	1.717740378615396e-07	1.45720974019638e-07	3.612776508745518e-07	1.452826589717416e-07	1.409744413261638e-07	1.846704597909022e-07	2.839005427799379e-07	3.530645076415702e-07	1.748082112901698e-07	1.343732784639361e-07	4.186130698897845e-07	2.981587003046013e-07	1.330495743003216e-07	2.240942023660945e-07	2.486438819119652e-07	2.257172594341108e-07	1.667630445681868e-07	2.159507339794666e-07	1.925755876649752e-07	1.442969133865693e-07	4.463807240868753e-07	2.169154219730231e-07	2.088984375465216e-07	1.935580648326186e-07	1.757471611662801e-07	2.901346305514655e-07	1.57313102507438e-07	2.69458657100518e-07	1.422609341130846e-07	2.629115675464641e-07	2.075636229950428e-07	1.65756708982614e-07	1.369017983449676e-07	1.37662918925848e-07	3.177303533471988e-07	1.878773599980529e-07	2.515634054724967e-07	1.802814406022807e-07	1.29678768565623e-07	1.361223163862491e-07	2.252959114667057e-07	1.263936453266903e-07	1.521273176523288e-07	2.263814945358551e-07	2.962027725827442e-07	2.395251170695027e-07	3.173610801056909e-07	1.48596163323623e-07	2.024905170005479e-07	3.627937049826593e-07	2.313970497941639e-07	2.233489439427287e-07	2.18800963054098e-07
2.43835759472737e-07	2.595648735529763e-07	2.673223730737257e-07	2.289540209947798e-07	2.268367892177472e-07	1.64635487587437e-07	1.689024767349144e-07	-2.913028094786701e-09	4.295250128146151e-07	3.0208708731877e-07	1.994128702497239e-07	1.354029510141788e-07	3.521423852552743e-07	2.261218922494722e-07	2.275158974325314e-07	5.534057998266009e-08	3.2063873421362e-08	5.033563429281473e-07	2.747932309179849e-07	1.589212492310803e-07	9.486607954775788e-08	5.901463482180339e-08	2.482807812288196e-08	8.974748426701726e-08	6.053475492519659e-07	2.861483917315952e-07	2.399000772630913e-07	2.338167599763077e-07	2.314663574773377e-07	2.42319852787835e-07	2.730325222064967e-07	2.417434912512001e-07	2.35357028399559e-07	2.143392352555607e-07	2.151219232934658e-07	2.347273879662593e-07	1.778012540736573e-07	2.269736799257218e-07	2.23341451968388e-07	1.510953001613625e-08	-6.230498924877123e-09	6.391274914953667e-08	8.742865458266478e-08	1.941727165962606e-07	2.169879968934817e-07	2.266072092272464e-07	4.468573294690739e-07	2.810399978362463e-07	2.316829538181521e-07	2.437878603428272e-07	2.363337776284661e-07	2.248614230917514e-07	2.784440115599805e-07	2.11431854367216e-07	2.610972379894348e-07	1.694746053800803e-07	9.09794789652183e-08	1.455064148872674e-07	1.57022135236677e-07	1.105457759532355e-07	8.073937373752417e-08	5.371452591136557e-07	1.093897206219658e-07	2.788208126123289e-07	2.492419719552837e-07	2.703765469172297e-07	9.864932948910339e-08	2.028603406649408e-07	4.172516536041341e-07	3.13973660398048e-07	2.205387384443653e-07	1.592112738087678e-07	1.161736071440085e-07	2.394705253123267e-07	2.676682807028231e-07	1.616925924059797e-07	8.991792587855823e-08	1.303036723578546e-07	4.537538435647639e-07	2.662535341262459e-07	2.743541927023993e-07	1.359951772834061e-07	1.579378500782811e-07	1.682709813872216e-07	5.905707789932563e-07	2.460047124389404e-07	1.560740816020976e-07	3.911295696294158e-07	3.510485576452898e-07	4.068960187973795e-07	2.772327929115529e-07	1.850679255209083e-07	1.612230125871507e-07	1.894976424197134e-07	1.782212078510102e-07	3.091367349622876e-07	3.481992192257009e-07	2.200649153264612e-07	2.581536429232841e-07	2.118768989518275e-07	1.872159960007883e-07	1.541646949784826e-07	2.291029763715422e-07	1.810514262104568e-07	2.139382209610175e-07	1.983242579233985e-07	2.550734292490484e-07	2.16004443236013e-07	4.392885171664967e-07	2.834433750508132e-07	1.804469752957319e-07	1.686994513761203e-07	1.103514518897054e-07	9.457053357403508e-08	1.089101569045265e-07	1.445066925307281e-07	1.757755676008272e-07	8.960600015667803e-08	2.375121715452742e-07	3.263472142772597e-07	1.650225209261112e-07	1.47336420445144e-07	2.026661949255502e-07	2.117233886915729e-07	2.200853316164035e-07	2.317851465326848e-07	2.172940190348593e-07	2.184865149361938e-07
2.263201315042446e-07	2.467832507389313e-07	1.878283283703749e-07	1.052327930903786e-07	2.059454253134715e-07	1.88693455164346e-07	8.205948223413649e-08	1.337194503246301e-07	4.898805688311411e-07	2.791928784184428e-07	2.011341289835295e-07	2.31196552410729e-07	6.781343186704502e-08	8.831233062786022e-08	4.764747086335469e-07	2.885841298418885e-07	7.221337163883579e-08	3.463846100581376e-07	2.019442555486045e-07	2.115535381676875e-07	3.028466181004979e-08	4.109614243077596e-07	2.697501639573782e-07	2.670240264882788e-07	2.791075938794962e-07	2.871798817503074e-07	6.344341213908749e-08	2.071629365937428e-07	3.325916003214822e-07	1.600118744099054e-07	2.384085711572956e-07	3.023815222537063e-07	2.384258943495911e-07	2.073889395865555e-07	1.039012647673835e-07	2.529275898595137e-07	2.79621104955192e-07	9.302840615918444e-08	8.603686729267652e-08	2.515372830246848e-07	2.464892669790889e-07	1.952516115445303e-07	2.23930978590401e-07	2.90608871046567e-07	5.959687601217609e-08	1.639040394137395e-07	7.435988269450306e-08	8.276258523868002e-08	2.701700551817988e-07	3.335783643499341e-07	2.405866918297341e-07	3.198304318870725e-07	1.160579297125629e-07	4.979710329855921e-08	4.764353167024103e-07	1.87920406930277e-07	8.87194995729939e-08	2.608375905318949e-07	7.410269572382472e-08	2.973391596737001e-08	4.039256576107767e-08	1.69127084142841e-07	1.171214298799428e-07	7.267864238680991e-08	1.669090824890689e-07	2.199931182940953e-07	3.705065558727778e-07	4.30469525288006e-07	3.885457497375119e-07	2.741421745280723e-07	7.359845010002628e-08	6.334476916933615e-08	1.311067477160763e-07	1.524245539500536e-07	9.020268485127401e-08	1.0721114695042e-07	1.007148777374783e-07	1.581546938411565e-07	5.907750281577867e-07	2.590826269263283e-07	1.330004256138972e-07	1.343773117868739e-07	9.28986925149916e-08	1.173337514842736e-07	2.02830779522579e-07	1.302838549880961e-07	9.562696289959364e-08	2.119220649585113e-07	2.634279129244858e-07	3.484731556827944e-07	3.954983263889949e-07	1.2736030647363e-07	1.883952911948347e-07	1.959821971744515e-07	1.278080023154514e-07	1.365302458377002e-07	1.502705164783795e-07	1.19631393106401e-07	1.4511172101395e-07	2.39906636737375e-07	1.04809861450111e-07	1.893037874495272e-07	6.907597956425649e-07	1.299919183078292e-07	1.15239874375571e-07	1.549598928517542e-07	1.661151495154834e-07	2.553570881270584e-07	3.278516154071467e-07	3.268938967544273e-07	1.59404090593411e-07	1.688979972797437e-07	1.112214631771299e-07	1.472872985824468e-07	1.344979974228038e-07	1.804924735947501e-07	2.132324898749642e-07	1.522971826610269e-07	2.412928485546932e-07	2.438041559717756e-07	2.514324247827191e-07	2.207242607845962e-07	1.583737265274776e-07	2.289437603825978e-07	1.865019582501474e-07	2.312732432712056e-07	2.308515941269898e-07	2.192220668182896e-07
2.68692003535752e-07	1.526641279248865e-07	2.787342836670236e-07	1.990865651859766e-07	2.155415614091957e-07	3.300514227412546e-07	1.314539877333581e-07	3.916442874404763e-08	2.117986248476682e-07	4.30636169518115e-07	1.415428877173353e-07	1.0934015380728e-07	2.135719784788144e-07	4.03427769006247e-07	1.044710198345644e-07	2.063401797011178e-07	4.247378698563086e-07	6.791287718812841e-08	3.500827801792234e-07	3.138733271042945e-07	1.800907440723411e-07	1.817332137937175e-07	3.639222497918747e-07	2.038130687095412e-07	2.172051385070257e-07	9.03238717690202e-08	2.302242470150827e-07	1.899591132111779e-07	4.349543431656267e-07	2.136788960319754e-07	1.599846201080947e-07	2.34432053256213e-07	2.938072602996229e-07	2.286011439175502e-07	2.071056062413005e-07	2.223777917527682e-07	2.464034558367271e-07	1.545706323926465e-07	3.277072826169639e-07	2.487900360332341e-07	2.217090328830557e-07	2.031029739395244e-07	1.608583025981379e-07	2.08770025496874e-07	1.029057551308699e-07	1.013508696002325e-07	3.075249359199304e-07	1.650976726411129e-07	2.414465654544624e-08	9.873136835704201e-08	4.347396060310017e-07	8.506194068239459e-08	3.185934786514514e-08	1.412123522299016e-07	2.69485895415387e-07	2.787412084804736e-07	4.265845201807685e-07	3.216062661765225e-07	4.499575621097231e-08	2.467205598150434e-08	5.295825778463101e-08	4.867589091720243e-07	3.652656391379191e-07	2.619739721612898e-07	2.538886930228537e-07	1.128721896709611e-07	3.655762822564529e-07	3.034037099110722e-07	2.663148458708898e-07	2.974231886580965e-07	2.280081617556864e-07	1.42378264529904e-07	2.001898882881439e-07	2.1061608258778e-07	3.016120889997238e-07	2.134172014948598e-07	2.308743295963979e-07	1.262682153244587e-07	1.436962127508113e-07	3.433742197264105e-07	3.464716585253941e-07	1.329469462903417e-07	1.345095349517018e-07	1.080965215813254e-07	1.386407800519008e-07	1.778379975372513e-07	2.120298441970892e-07	4.849645602876055e-07	5.707947682036805e-07	2.198502925682095e-07	1.148013598664381e-07	1.136026874263516e-07	1.837675698025188e-07	1.158792519291899e-07	2.489947967798921e-07	4.085987567131114e-07	1.548043137310576e-07	2.294978708863403e-07	2.873697991046152e-07	1.420113745229228e-07	1.655787268994333e-07	9.27803799205722e-08	1.030541149135907e-07	1.709199104052014e-07	1.85441527790124e-07	1.888830277801097e-07	3.771943697819175e-07	2.111597330181042e-07	1.729897136477967e-07	2.365444184580418e-07	1.840737058910899e-07	3.125340431833667e-07	2.673414744645539e-07	1.411290635908588e-07	2.246608379410808e-07	3.022032546587719e-07	2.470519121491012e-07	1.375508651653759e-07	2.992235255641121e-07	2.247485976662913e-07	1.811298286393275e-07	2.321996011240487e-07	2.687687581294045e-07	2.474016320736228e-07	1.812310848838912e-07	2.066863400097266e-07	2.186841692191204e-07	2.205201187003854e-07
1.429888755672599e-07	1.911825051108414e-07	2.193027389636728e-07	2.142278372815749e-07	3.511376975049196e-07	2.312218903181638e-07	1.381359932325798e-07	3.560219071634639e-07	2.597791808641944e-07	2.019419606177884e-07	2.604141464511406e-07	1.761837552038303e-07	3.364180250905839e-07	2.397057073846351e-07	1.042423310355806e-07	4.093212295603463e-07	2.581498680737831e-07	9.390364431811826e-08	1.120880480984381e-08	6.301811604090255e-08	1.830468263346327e-07	2.915425032796745e-07	4.731318356263713e-07	1.497896109308035e-07	3.560268313455549e-08	5.329286178773253e-08	4.113008189107895e-08	4.934278982861327e-08	1.004795860097726e-07	4.903959176540447e-07	6.80981690588938e-08	9.823258425871978e-08	4.363386262496545e-07	2.902758482485448e-07	1.157974477152181e-07	1.219279936460229e-07	1.357483067182623e-07	1.183503586261089e-07	4.838026979412517e-07	2.507302890417833e-07	2.459412987870225e-07	2.693793363345182e-07	2.888106266058742e-07	2.006186799471807e-07	7.432713424956388e-08	7.77601997867254e-08	1.385248914535932e-08	4.433276004354646e-08	2.144257909093078e-09	1.050843723641492e-07	6.416425202322691e-07	8.916844947771595e-08	8.674826601772693e-08	4.880260116124461e-08	2.211614741283633e-07	5.645995100306696e-07	6.061204078854518e-08	4.457494182115113e-08	3.876381669811983e-08	3.858519599563862e-08	9.499894980818426e-08	5.408032342012083e-07	2.913223483958964e-07	2.481693019357702e-07	3.273683035566385e-07	3.11638761047826e-07	1.145710086401288e-07	3.433628945341379e-07	3.609089420042671e-07	3.176667027881207e-07	2.937678734113468e-07	3.091992598904717e-07	1.823105288602118e-07	2.664451112255065e-07	2.900839931481742e-07	4.447982560392992e-07	1.452962814553183e-07	1.144817368077608e-07	1.404298973438346e-07	2.280158125264932e-07	1.82167891436892e-07	2.111290807938092e-07	1.960328773884119e-07	1.468592916783771e-07	9.965078058122243e-08	1.538046400864067e-07	2.40532725494585e-07	1.857570556167012e-07	2.541241234828771e-07	2.253274294536243e-07	1.467418933438803e-07	1.435325683790731e-07	1.816523484102028e-07	1.32638806683928e-07	2.041690912443333e-07	1.463297675885242e-07	2.143881109837355e-07	2.734768486662797e-07	4.048028771952805e-07	1.993286123084701e-07	3.162350923487553e-07	2.382444723916165e-07	1.856234341846146e-07	2.658104025025734e-07	1.081931812046774e-07	1.226436627084655e-07	1.677485900483528e-07	4.45549877909149e-07	1.393653118884464e-07	1.086199401616565e-07	1.312683211887691e-07	2.581700890869903e-07	2.132364857519785e-07	8.010832859927089e-08	1.816986784593583e-07	1.772765357227944e-07	2.065838344232384e-07	1.32217047669725e-07	2.634417025735313e-07	3.585430393608066e-07	1.946022324959357e-07	1.997999414635012e-07	4.247637897313314e-07	2.082220037646479e-07	2.085102115176349e-07	2.115369367482475e-07	2.19679244311251e-07	2.196806705824811e-07
2.46035747598767e-07	2.94200882296796e-07	1.21546194260322e-07	1.471691093771734e-07	2.496213336006441e-07	3.744173578950724e-07	2.179804987318013e-07	2.016168855828816e-07	2.780972368807206e-07	2.721977517174608e-07	2.300729051849463e-07	1.481898566003809e-07	3.562515717023536e-07	1.44196145763023e-07	1.141761422365969e-07	4.362772794195753e-07	2.30611866291257e-07	2.719194114481077e-07	1.810973294404627e-07	3.171004049775091e-07	2.656154085969242e-07	2.267142927656319e-07	2.00291421460869e-07	2.776786531520653e-07	2.118627277620843e-07	1.195743518064446e-07	2.085109167670742e-07	3.960014664460473e-07	8.61423288539175e-08	-5.5370607238837e-09	2.424242180096921e-07	1.985081152612259e-07	4.063699921996867e-07	2.404255525795398e-07	2.33214289189135e-07	2.35415695539277e-07	1.987931575997971e-07	2.401925848595708e-07	1.976231132655406e-07	3.271830420503324e-07	2.256610646909893e-07	2.591556987295123e-07	1.932629506136112e-07	1.854923343974875e-07	3.18373513368257e-07	1.78594529973218e-07	2.320925423707867e-07	2.111178474459791e-07	5.42438592727397e-08	3.449873763712557e-07	1.963454344335386e-07	3.608745827303748e-08	1.627468417030907e-08	7.136785009258723e-08	1.316245528413396e-07	2.004328115808675e-07	4.284395613963197e-07	4.484311174657777e-07	2.711818771852666e-07	5.598583600977289e-08	3.521396418317369e-07	9.962255923039384e-08	3.625040576538732e-07	2.967271317102505e-07	3.113354140904235e-07	2.630178324246917e-07	2.839407350238034e-07	1.932720791572042e-07	1.821655381376452e-07	3.716602169181448e-07	3.081150850670073e-07	2.4760775525104e-07	1.842311694322797e-07	3.471741398632329e-07	1.649308972966249e-07	1.939668105837401e-07	1.164932333142384e-07	2.448577582910624e-07	1.13763581936858e-07	1.510199053265758e-07	1.866891243483894e-07	2.303612152972769e-07	3.840812198251217e-07	3.446970617754284e-07	1.368607811105439e-07	1.565462826355621e-07	1.710106067920811e-07	2.357870509457961e-07	1.948159787620729e-07	2.791795663390389e-07	1.374324268213226e-07	2.426499493317944e-07	2.359371270178867e-07	3.139483614386656e-07	2.389933857087742e-07	1.672232784639362e-07	1.420844082364138e-07	3.429933264462191e-07	4.030234552859462e-07	2.069208500940176e-07	3.546539577980776e-07	2.67196064862661e-07	1.605677534556387e-07	3.028758945999456e-07	1.666948346192304e-07	1.77229297636821e-07	1.169653103147877e-07	3.31977522800195e-07	2.699534101290956e-07	1.550329618652706e-07	2.049504364864479e-07	1.103186349906142e-07	1.92056497039403e-07	1.211625936076827e-07	2.201490189776355e-07	1.582498167868167e-07	2.798157566973752e-07	7.880823017407414e-08	2.225223795829505e-07	2.219249810553226e-07	2.831121363525437e-07	5.523377818029526e-07	4.789463213332585e-07	2.900548754556726e-07	2.453143381513787e-07	2.241125334867683e-07	2.252118194033815e-07	2.211662224645769e-07
2.414951196302745e-07	1.500942594827514e-07	2.178521495569707e-07	2.558728814727715e-07	1.337424696963686e-07	3.225753254719815e-07	2.735250042310229e-07	1.225118640022991e-07	3.377402928972467e-07	2.270285428171337e-07	1.882566639187521e-07	9.908345799693159e-08	1.138476183141242e-07	3.058240841414102e-07	2.982224534376127e-07	3.086583292788047e-07	2.17211364508731e-07	1.755476785780979e-07	2.18423354071082e-07	2.348451939141167e-07	2.33508990859216e-07	2.47123582251589e-07	7.722600729536624e-08	4.342176953733269e-07	1.283602723896138e-07	6.431834182515697e-08	1.502925164307042e-08	5.446014306348324e-08	5.013007169806244e-08	-5.570039101813564e-09	5.333776696049154e-08	9.324614626373262e-08	1.947513581497193e-07	3.444002569105342e-07	5.192311306630515e-07	3.040533974325312e-07	2.29738008481332e-07	2.404598110930331e-07	1.647935285898288e-07	3.082732950588817e-07	2.804933305949558e-07	2.731195611245063e-07	2.320027746213477e-07	2.281159888477941e-07	1.903823924869514e-07	5.877886015971119e-08	2.854075955962146e-07	3.02227934848412e-07	2.432934606363859e-07	2.864278803783631e-07	1.304358486348068e-07	2.023439670683584e-07	1.695636023228906e-07	2.601705990239294e-07	1.011876315543158e-07	3.616786131310639e-07	3.253045820040956e-07	3.04299793110406e-07	1.804999376724144e-07	3.292864760239064e-07	2.558053338552905e-07	1.02066884259578e-07	2.656107669118505e-07	2.922224614847309e-07	3.199775246242085e-07	2.642719038015572e-07	1.67935461407479e-07	2.542687637802698e-07	3.526971342710223e-07	2.959787310481693e-07	2.92837296722668e-07	2.56553750611608e-07	1.226643100043477e-07	2.552531685009597e-07	3.307778014450749e-07	1.468353651281804e-07	1.998151851731583e-07	2.605212797743644e-07	2.783097665298807e-07	1.369114981266583e-07	1.35222857259887e-07	1.37280849800745e-07	1.720795622618326e-07	3.324598318724802e-07	2.573957816398651e-07	1.591379251847175e-07	1.219259880895771e-07	2.134420462748911e-07	2.354453340412685e-07	3.266567032244535e-07	2.089354602987647e-07	2.11867330284516e-07	2.778094056255706e-07	2.18545416193404e-07	1.546801801732155e-07	1.625042893393482e-07	1.524307054890918e-07	1.778348042261592e-07	1.443690333766125e-07	2.156005878795651e-07	4.487978232473999e-07	2.061476573337059e-07	1.08999572726663e-07	1.534163866973183e-07	1.917464880337835e-07	2.329774325651764e-07	2.008070305812222e-07	1.82330167691241e-07	1.480915083697456e-07	2.100709835688847e-07	2.702700517841266e-07	2.052046808942373e-07	1.655890083268275e-07	2.091668586160944e-07	3.719993594959124e-07	1.499855978508388e-07	1.350601789715127e-07	3.763994126784223e-07	2.452030565923694e-07	3.410944227498379e-07	2.048220402091521e-07	2.67675622142406e-07	4.32066352935186e-07	3.501377471466974e-07	2.505059647851225e-07	2.528881302252891e-07	2.269193944955121e-07	2.228767743466727e-07
2.65716991661782e-07	1.565126366687063e-07	2.492831048536195e-07	1.584016535683701e-07	1.613011057920928e-07	3.312207930488905e-07	1.845070097302449e-07	1.506568424217162e-07	1.867083489137734e-07	3.755093339168059e-07	1.163279226525579e-07	3.495645593934814e-07	2.646311649258936e-07	1.228270225197984e-07	3.692062646386288e-07	2.70101879138034e-07	2.533483627262048e-07	9.166344570808805e-08	3.971993787017009e-07	2.711649828507239e-07	2.201525731215077e-07	2.660328717375462e-07	2.118980931298628e-07	1.879692375945898e-07	2.418078170171428e-07	3.051233184386929e-08	2.521008651906609e-08	4.536563196809171e-07	3.645928145422063e-07	1.212219825202562e-07	2.587888159112898e-07	2.991591772662384e-07	9.679522409975167e-08	1.336374612415296e-07	3.778979721369693e-07	2.693785993257858e-07	1.659578593628672e-07	2.003395373264955e-07	8.002644391411723e-08	2.81638548067431e-07	1.855505964989229e-07	3.648209235195001e-07	2.047800986290845e-07	1.58164643298101e-07	3.311912716056449e-07	2.757506903462034e-07	2.417101488216427e-07	2.518880222508453e-07	2.353180620000327e-07	2.376183843854705e-07	1.580512628360748e-07	7.970047586368009e-08	4.272525204754717e-07	1.503233479552724e-07	3.367757102672912e-07	2.549494146812611e-07	2.270446026118714e-07	2.971184687550338e-07	2.534679981595617e-07	2.40787116038041e-07	6.632102587884447e-08	1.98737092887625e-08	3.431747616982817e-08	1.561779125921212e-08	1.495571351579941e-07	2.363509751784228e-07	3.238426877911536e-07	3.063404484033355e-07	4.439912304043996e-07	3.048597451781935e-07	2.653345083783287e-07	3.17662245972176e-07	2.157849505764153e-07	1.211446971386867e-07	1.755122055935256e-07	2.976289196726201e-07	1.349371370320785e-07	1.855473012576667e-07	1.508809511229044e-07	1.580155909267406e-07	1.868440901713843e-07	2.168129843042125e-07	1.964029046985428e-07	2.854601019695322e-07	2.685807821691866e-07	1.271545677338729e-07	1.279663693870729e-07	1.213095416039863e-07	1.757621893204643e-07	2.395088401098685e-07	1.959884937762071e-07	1.734347112372377e-07	1.43394184233255e-07	9.94424709481425e-08	1.660294746376565e-07	2.476728002147599e-07	5.623020027417686e-07	1.020012820060989e-07	1.077521114672782e-07	1.232928256651129e-07	2.09791688696723e-07	3.694992498047502e-07	2.417438919976867e-07	1.505818787946905e-07	2.163106414483367e-07	1.983505674935322e-07	1.833237508476569e-07	2.777078125822864e-07	3.735921066103946e-07	1.691465052724991e-07	4.409646670818051e-07	4.149907267978601e-07	1.179715196142522e-07	8.990862362450663e-08	1.456622000141904e-07	1.38083878914861e-07	1.997796012456495e-07	1.45015595182772e-07	1.868462336017887e-07	2.686763644443538e-07	2.673069440657602e-07	2.436009624818585e-07	2.138863845371139e-07	2.707956188377227e-07	2.382225914188663e-07	2.244387269638101e-07	2.252519695876426e-07	2.220373262287684e-07
2.878013636932895e-07	2.50606013854661e-07	1.517515601502688e-07	3.515929256639678e-07	2.707597418878167e-07	2.219662606257998e-07	2.457890152294665e-07	1.448643208411335e-07	2.033890493030018e-08	3.292762501647961e-08	-3.188318613636108e-09	2.735331607900321e-07	5.264897115376626e-07	2.827674608981856e-07	2.853900758396453e-07	2.339454289972631e-07	1.113603609436791e-07	4.697792128380769e-07	2.833629033323206e-07	2.801097717873312e-07	2.446711553837994e-07	2.227671612235036e-07	3.002576789643594e-07	9.307077981585217e-08	7.408036164467257e-08	4.358132186258148e-08	6.520342139506167e-08	4.198399962983522e-07	2.663305573863515e-07	2.085640041423261e-07	3.142023648620885e-07	3.789222082687446e-07	1.390890900497836e-07	2.331496655725241e-07	2.49539813610887e-07	3.271038012190401e-07	2.578402102444019e-07	9.946926355995809e-08	2.393468592384049e-07	1.787288010759806e-07	2.391828624028895e-07	1.161347859144949e-07	5.890742263682161e-08	3.223257977484072e-07	2.66162650724339e-07	2.094475205326965e-07	1.91150202047071e-07	2.135856096532786e-07	2.695301633636794e-07	1.33233888392578e-07	1.838291770373428e-07	2.149819846590011e-07	1.275039386280546e-07	1.224135968866152e-07	3.139137889802674e-07	1.832077162314581e-07	7.37721232196475e-08	5.778621443996609e-07	1.474110586467095e-07	9.386275605217573e-08	1.6636717902398e-08	1.142680343179464e-07	1.14086685427805e-07	4.443881210336912e-07	3.336992456917786e-07	1.807175465552884e-07	1.861624141748292e-07	3.785871330264011e-07	3.208603265377776e-07	3.375532593082177e-07	2.783692200339892e-07	2.920332413327442e-07	2.047680911484831e-07	9.522372577641339e-08	1.050341097419762e-07	1.838224742170605e-07	1.164465888909986e-07	1.589108227409688e-07	2.349146357159273e-07	1.946821837268229e-07	3.437278230828812e-07	1.980951188076804e-07	1.491762471352533e-07	2.091728720665843e-07	2.993782826985081e-07	4.184962102830275e-07	1.214067506845688e-07	1.452770369330812e-07	2.079165445996599e-07	2.041484769952834e-07	1.585540272536495e-07	1.434395921899594e-07	2.202539628409388e-07	3.3647702570288e-07	3.948412691020968e-07	2.987913110901718e-07	1.57598299994448e-07	9.734275978603853e-08	9.94476895579439e-08	1.936600634506602e-07	1.423105541460457e-07	2.190508422757953e-07	1.56350711268711e-07	1.934223708920627e-07	2.184497948628898e-07	2.927987024218875e-07	1.607029711140917e-07	1.297104574733324e-07	4.09042704851044e-07	3.891845269761127e-07	4.96646782379484e-07	1.685892727014842e-07	2.092915309016764e-07	8.416288863291856e-08	1.512250405324677e-07	1.144071599788833e-07	1.138615235197869e-07	1.31619277687121e-07	1.950144106112077e-07	2.126458061388696e-07	2.872293479223683e-07	2.071513028213112e-07	3.228189161390409e-07	2.582409905287477e-07	2.224517180526102e-07	2.250518237023309e-07	2.304845446797732e-07	2.280978781108642e-07
2.69310735724797e-07	2.749868910406159e-07	2.287450154469175e-07	1.609716977595667e-07	2.73830877983541e-07	7.738672820270922e-08	2.069085207286884e-07	3.8615929926055e-07	2.961946094682643e-08	3.965841611615227e-08	3.53204401201694e-08	1.82164262186583e-07	2.159857581494333e-07	3.290828992765731e-07	1.882988870406619e-07	7.898897885649264e-08	6.514735916115315e-08	5.463949799680666e-07	1.897764279629403e-07	8.066706072393903e-08	2.42339737646091e-07	1.078764507094612e-07	4.219226479885702e-08	5.700982203711441e-08	3.902790627220197e-08	8.162531188129361e-08	1.402217562710571e-07	1.40623672915788e-07	3.045308002304962e-07	2.283685257643961e-07	2.440284138128875e-07	1.275977392712517e-07	1.844954559998155e-07	3.048368699035187e-07	3.69656655084804e-07	2.538040031122947e-07	2.384975611259369e-07	2.3031148979342e-07	2.54742274562693e-07	2.757315540845296e-07	2.107276283068564e-07	2.457486483094885e-07	1.51347246644558e-07	2.684619521987141e-07	1.943090298430331e-07	3.107318507191891e-07	2.085027552724989e-07	1.972956970557118e-07	2.186172647273263e-07	2.151118923996849e-07	2.078070912386108e-07	3.47975993454322e-07	1.769553567806364e-07	2.023538458179577e-07	1.985393676932439e-07	1.91041017781655e-07	5.744964382742315e-08	5.460582004429018e-08	6.632911913385724e-08	2.141258960663097e-07	2.805649099259506e-07	3.693498593471299e-07	3.570558946857813e-07	3.09270950808172e-07	1.575788562255641e-07	8.96841179321542e-08	1.387821405585045e-07	5.405713176494665e-07	2.693919226711553e-07	3.037592734382421e-07	2.801914316896498e-07	3.256167366933122e-07	2.870887317205508e-07	1.195152544141399e-07	2.489810138904262e-07	1.650785287615007e-07	2.226435407499184e-07	4.230493442242701e-07	3.573108203089503e-07	1.871737765269054e-07	2.46174055994379e-07	4.125147533111475e-07	2.904245895719632e-07	1.948731421636361e-07	1.7196328322783e-07	1.646628528321836e-07	1.995221319820645e-07	2.397445322621758e-07	2.085708998788555e-07	2.179506138806981e-07	1.843820607310918e-07	2.090319731426808e-07	2.353512414486228e-07	2.576490804576183e-07	3.48028063566538e-07	3.883848219655835e-07	1.83657097247126e-07	1.42184237565978e-07	1.838432676486093e-07	2.126523012362077e-07	2.257669195953679e-07	4.166399347468393e-07	3.683325305397344e-07	1.696628629894351e-07	2.15826448277443e-07	1.658468373502435e-07	1.582571913805265e-07	1.649756023643779e-07	4.276183030916936e-07	5.804225486797264e-07	1.224288976771641e-07	1.668003186051077e-07	2.023240421891008e-07	2.235421536413301e-07	2.555253810507447e-07	1.889429410429052e-07	1.487684457939238e-07	1.148479601914701e-07	1.578450876206269e-07	2.496902478333852e-07	2.122017517789768e-07	2.457016431607635e-07	2.711389477409684e-07	2.820613622197726e-07	2.456058446863539e-07	2.362024204408517e-07	2.480171197719037e-07	2.504709299929599e-07
2.721576077563045e-07	2.739802682265708e-07	2.514759707435664e-07	2.303004698551649e-07	2.540645140792652e-07	2.431571957796177e-07	2.364655262279101e-07	8.614177767996813e-08	1.980125169633522e-07	3.58614207215824e-07	2.480916988539744e-07	1.058703635831337e-07	2.489443047612031e-07	1.743983376549612e-07	2.019451982416781e-07	1.491825287157215e-07	2.290093573786266e-07	4.161607470980569e-07	2.448774525935595e-07	2.536743496605459e-07	1.81433319908383e-07	1.890357401954182e-07	3.50976850633353e-07	7.266136425837648e-08	2.883795089973131e-08	2.640818019000053e-07	3.254525911470523e-07	2.585323495332226e-07	3.596810430746409e-07	1.582855473864665e-07	3.081794627636862e-07	2.301607702737579e-07	1.222393219498478e-07	2.056365742345138e-07	2.814234965587215e-07	2.728292050055491e-07	2.463799120074719e-07	2.120162160268823e-07	2.334626898869812e-07	2.813093070930788e-07	2.45009894210823e-07	2.166625107044827e-07	1.926370706522946e-07	2.394231066490209e-07	2.21717908961727e-07	3.133536809056819e-07	2.302803084979269e-07	1.676182844581451e-07	1.811668660909731e-07	2.974773964067919e-07	2.485475054398788e-07	2.176825022496438e-07	1.984692749332182e-07	7.694409474930072e-08	3.396494640622043e-08	1.838681933185232e-08	4.577716443519877e-08	4.464949568891802e-08	2.564471796210042e-07	3.508515360804436e-07	4.224306019495036e-07	2.299316843763145e-07	2.898626039437584e-07	2.870287805826525e-07	2.703209667593488e-07	3.25238189309019e-07	2.271893669421794e-07	9.250550227253362e-08	2.29286018804533e-07	4.36915287568266e-07	3.213511433453103e-07	3.166002320538804e-07	2.852968722926186e-07	1.952567830518663e-07	3.262529180388763e-07	1.450970833059409e-07	1.968404926088385e-07	1.55512865707573e-07	1.83569504901974e-07	1.753153693269878e-07	3.178202889058762e-07	3.522093878146155e-07	2.274854320086737e-07	2.409484122606878e-07	1.782357837571515e-07	1.60616995381339e-07	2.192875132795603e-07	1.53199527591271e-07	1.467127551580514e-07	1.501902507661131e-07	1.686975942085341e-07	1.384243540954025e-07	1.63336020056307e-07	1.613086352123567e-07	2.515648580309793e-07	1.713783328409962e-07	1.525658944998042e-07	1.837632153459174e-07	2.903638457392746e-07	3.949570390217547e-07	4.617732850446897e-07	2.210790272178846e-07	1.579143498107591e-07	2.540158550868071e-07	2.287281016919962e-07	1.674074722785991e-07	1.905364116469611e-07	1.843032472554234e-07	2.030814013323439e-07	5.679605703833407e-07	1.200985129748431e-07	1.78698864508731e-07	2.246815534765252e-07	2.25071418649742e-07	1.814757215690222e-07	2.576662221069272e-07	1.714878680680608e-07	2.110641426958189e-07	1.961257646300459e-07	2.860596895279007e-07	3.443241556355846e-07	2.583394835002159e-07	2.095964793428959e-07	1.999442339107979e-07	2.002849713200979e-07	2.330655171793726e-07	2.298496948640343e-07	2.268689818750557e-07
2.72679479787812e-07	2.626611454125258e-07	1.919319260402156e-07	1.467042419507634e-07	2.505731501749895e-07	1.37090163356527e-07	2.426975317271318e-07	1.322492560993852e-07	4.588430729798778e-07	2.688949983154969e-07	2.6713795758778e-07	2.679264649796838e-07	2.423028513729729e-07	1.50626276033349e-07	3.44966509442694e-07	1.980385785749504e-07	2.899338555961003e-07	7.588901422804782e-08	8.532847722417934e-08	4.615191385971525e-07	3.144019021706743e-07	2.922825296813751e-07	2.168114364678503e-07	8.816290647963858e-08	4.245854955272594e-07	1.616507919187178e-07	2.805834260230481e-07	3.432535261506574e-07	2.61981285918786e-07	1.803025690085366e-07	2.728430117144851e-07	2.897863012762641e-07	1.380956878998797e-07	2.141362785655085e-07	2.680403380326389e-07	2.640669068988036e-07	1.636997628890071e-07	2.558959422603445e-07	2.756706052112692e-07	2.319495601016282e-07	2.550671601147898e-07	2.203138730994767e-07	1.979268946600312e-07	2.882342610993275e-07	1.87514288080421e-07	2.595005110921749e-07	2.690828617233548e-07	2.33340871860578e-07	2.858039674546196e-07	2.153304004138994e-07	2.11925419641147e-07	2.943515110449649e-07	2.502831930858001e-07	2.720093436806429e-07	2.05915525119196e-07	4.452012088204909e-08	9.459218504297423e-08	8.231817133354574e-08	3.648527401081514e-07	4.808646760945775e-07	2.432212939730575e-07	2.654885094054987e-07	2.807943132017355e-07	2.67449110357133e-07	2.900630772931337e-07	2.785672606858846e-07	2.811340933258544e-07	2.36864686895599e-07	1.465426149379108e-07	1.72646301698291e-07	4.069483550009706e-07	2.321712274144487e-07	3.443675128646863e-07	1.862108116895929e-07	1.226123221873273e-07	1.54740637850381e-07	1.813874444677586e-07	3.815513871908743e-07	4.935781894949964e-07	2.3560696212707e-07	2.549165218173738e-07	2.173540223180836e-07	1.558462744453842e-07	3.223486823577394e-07	2.931832842864727e-07	2.286836379304941e-07	3.985028945770557e-07	1.33217022920366e-07	1.39604610437247e-07	1.432923876515278e-07	1.612631276859765e-07	1.317917350481241e-07	2.268832986639909e-07	2.409931899670946e-07	4.216891524954199e-07	1.779843437164082e-07	1.185871917524823e-07	1.287046931258572e-07	1.692594238299406e-07	1.917992768073027e-07	1.962171504940129e-07	2.153056196889293e-07	2.57771169081783e-07	2.234688471841795e-07	2.837797551065492e-07	1.788306072069547e-07	2.081156319133958e-07	2.353933921464688e-07	2.398444995729934e-07	3.668360920869556e-07	1.777681282725219e-07	1.647224104123545e-07	2.308390647639497e-07	1.86775683658154e-07	1.915385620872996e-07	2.196270031709494e-07	2.278822903421977e-07	2.803553252001677e-07	1.945814416394649e-07	1.419416312224168e-07	1.716840594921933e-07	2.200523238396685e-07	2.558290109448231e-07	2.975271056018226e-07	2.068265979538417e-07	2.235161139178936e-07	2.306197699561648e-07	2.266295337571515e-07
2.771763518193195e-07	1.601420225984811e-07	1.915253813368646e-07	3.603330140463612e-07	2.436317862707137e-07	1.54248130933436e-07	1.519545372263538e-07	1.545817345188024e-07	2.689236289964045e-07	2.874757894151695e-07	3.410842163215854e-07	1.667700663762346e-07	1.147613979847431e-07	2.929042144117362e-07	1.356753206437109e-07	1.112946284341798e-07	2.222333538135744e-07	1.873047813580374e-07	6.854200185479878e-08	2.870139275337603e-07	1.217954844329665e-07	1.751043191673327e-07	1.316210223023474e-07	1.266519487009006e-07	3.138955401547891e-07	1.344447819374302e-07	4.204767608990434e-07	3.252622027680924e-07	2.597940287629309e-07	2.083570906306066e-07	1.510690606652843e-07	3.523368322787703e-07	2.489020538499115e-07	2.294984828965033e-07	2.408946795065563e-07	1.971796087920582e-07	2.588071137705418e-07	2.090256684938069e-07	1.861410205355576e-07	2.313398131101775e-07	2.769744260187565e-07	3.087902354944705e-07	2.049417186677679e-07	6.359541554963487e-08	2.895106671991146e-07	3.278598412786675e-07	2.531354149487829e-07	2.158134592630113e-07	2.504910688182665e-07	1.681709044210067e-07	1.903783338424151e-07	3.013080198402863e-07	1.863721112383822e-07	3.386745926119854e-07	2.48791103832172e-07	2.481034224322453e-07	2.320197056507494e-07	1.545618469781733e-07	3.455333005952989e-07	1.460653161087129e-07	3.277448599661147e-08	1.511953344346832e-07	5.16010224597132e-08	3.13069401316141e-08	4.755926878269182e-07	4.353713320627497e-07	2.934163197095295e-07	2.026113715186649e-07	3.316617110712879e-07	2.802648158283149e-07	1.39633066656632e-07	3.964797227750164e-07	1.723256534367546e-07	1.325773403273197e-07	1.271342263357777e-07	2.840466923948207e-07	2.480593963266785e-07	3.160274086741766e-07	3.5921187408802e-07	2.063485549271525e-07	2.400127547288712e-07	1.454611568215516e-07	1.334446168820946e-07	3.117989524547913e-07	2.407307848157945e-07	3.181627804796493e-07	2.858932758745519e-07	4.8508451824946e-07	1.422089657164427e-07	1.431445245369426e-07	1.716786611634188e-07	1.841841160008456e-07	2.388680772716749e-07	1.63065244721833e-07	2.038759469598616e-07	2.228403545918201e-07	2.220834890051601e-07	1.229586709057967e-07	2.189300019206061e-07	1.607290145928504e-07	1.759485159433355e-07	3.163322121599737e-07	2.48352988352807e-07	1.42934339281552e-07	1.844814085211027e-07	1.684287421353103e-07	2.148198521798304e-07	3.76896037037514e-07	4.481325978136424e-07	1.906866137905704e-07	1.764877435702009e-07	1.766584563159779e-07	1.944715760513743e-07	1.57854948666566e-07	2.089514026055768e-07	2.277502842349715e-07	2.550642126163347e-07	2.035465077045169e-07	1.85199618648884e-07	1.847610729169323e-07	1.548189633488016e-07	1.488776641791213e-07	2.063990425467505e-07	2.336724772928478e-07	2.061307245875855e-07	2.252167106564144e-07	2.301898450482954e-07	2.278150856392473e-07
2.678357238508271e-07	2.133978997844359e-07	2.361563366335134e-07	2.998367861419597e-07	2.044029223664381e-07	2.406310985103447e-07	2.322115427255753e-07	2.381892129382194e-07	2.09166685012931e-07	3.406690805148421e-07	2.344679750553913e-07	1.168761677727853e-07	1.510574445965128e-07	1.403571527901243e-07	1.413716318447272e-07	1.333381782934088e-07	6.794535203104878e-08	1.086705484880276e-07	5.019805264854169e-07	2.823837164703677e-07	1.424890666952582e-07	2.526261086532897e-07	2.64793108136844e-07	3.213659909221622e-07	3.499055847823183e-07	2.943637719561419e-07	2.778450957750396e-07	1.048833793855281e-07	1.909692716070759e-07	6.536612252677353e-09	2.781076096160828e-07	5.367998632812762e-07	1.997709197999437e-07	2.048106872274981e-07	2.245115209804737e-07	2.736548106853124e-07	2.164019646520769e-07	1.618178947272693e-07	2.353239358598456e-07	1.662300661187269e-07	2.244816919227234e-07	3.519665978894645e-07	3.020315426755043e-07	2.211190699999411e-07	2.742445463178086e-07	2.231191714651607e-07	2.895754681742108e-07	2.438110466654443e-07	1.602781701819135e-07	2.323489084281137e-07	1.917062480436832e-07	2.533645286356078e-07	2.943985293909638e-07	2.600273415433283e-07	2.374791825451482e-07	2.857117239824421e-07	3.017222262585248e-07	2.866930226228008e-07	2.287888610824468e-07	1.650784561228471e-07	3.815651780201638e-07	1.080771594638675e-07	1.464077317176899e-07	1.99377269906094e-07	1.045847983607043e-07	1.139004034396161e-07	6.032235460932038e-07	1.38883056141731e-07	3.307433072046654e-07	2.055208299583394e-07	3.332677783122921e-07	1.346757181355853e-07	1.502462940088226e-07	1.675938689650462e-07	1.292561304842281e-07	1.708777469392612e-07	1.653313481855988e-07	1.337659301574792e-07	2.006955586810438e-07	4.470901477272342e-07	1.33683987640369e-07	1.574182913250193e-07	3.608304593188042e-07	3.030492225518431e-07	1.901157853451162e-07	3.901669230288044e-07	1.868586571720481e-07	3.373020135785554e-07	1.163133209956384e-07	1.572091614223573e-07	1.262941946408612e-07	2.680389969535668e-07	1.98615355879359e-07	1.614872994765712e-07	1.537627414243027e-07	2.63271365467232e-07	1.971422862578383e-07	1.124501486857363e-07	1.763880800112718e-07	3.621587523783973e-07	1.52904881392658e-07	2.064213046310187e-07	1.082098076238315e-07	1.185373313789243e-07	1.52683061935656e-07	1.606518770636659e-07	2.534740724462651e-07	2.743861819285599e-07	2.447456960542926e-07	2.494371354941845e-07	3.080698588678795e-07	7.552570022195996e-07	1.843540873387988e-07	2.218217136749778e-07	2.324017431238541e-07	1.888110652989938e-07	1.95283634890472e-07	2.470376902088658e-07	2.06867795658303e-07	2.570555146114478e-07	1.595163672054098e-07	1.423155045185737e-07	1.50931574148678e-07	2.174803489838728e-07	2.199473512213293e-07	2.350173073949353e-07	2.30397420140426e-07	2.25288137521343e-07
2.629200958823346e-07	2.288162769703908e-07	2.565997919301623e-07	2.133530582375582e-07	1.480740584621625e-07	1.896515660872539e-07	2.513435482247971e-07	3.501091913576363e-07	2.287222410294572e-07	2.374123716145151e-07	2.865142337891968e-07	1.037322691693359e-07	6.637849120828291e-08	1.112225911685121e-07	6.674294304574372e-08	9.928172815263797e-08	1.122198502485226e-07	9.971131561801752e-08	5.014315511160363e-07	4.521285054069745e-07	2.748576489575495e-07	1.700603981392472e-07	8.574019397134133e-08	9.075503314342497e-08	1.243156294098482e-07	2.472452619748543e-07	2.780134306510352e-07	4.90542056002962e-07	2.277445144512207e-07	6.845363387474731e-08	1.35858658566882e-07	4.791289428378403e-08	4.740228574997613e-08	2.095978915584929e-07	4.572408624543903e-07	2.570550125785669e-07	2.450218155336118e-07	2.213351209607314e-07	2.121318511841338e-07	1.923953191272761e-07	1.842139578266903e-07	3.787179602844584e-07	2.362213666832412e-07	1.62305224450248e-07	3.208909254365023e-07	2.251410016516536e-07	2.33803021399639e-07	3.007211340678773e-07	1.968527715455602e-07	1.910394124352211e-07	2.573466622449511e-07	2.80908537430929e-07	2.818624475435458e-07	2.40105090474671e-07	2.661797612581241e-07	2.468950255326391e-07	2.908372468663004e-07	2.713366982674286e-07	2.696569215695942e-07	2.638915961369811e-07	1.467058700437179e-07	2.173589844930514e-07	2.364144409756667e-07	3.265350996805741e-07	3.049644088944888e-07	2.019294748164814e-07	1.624682724768802e-07	2.236547407647965e-07	1.632874033380435e-07	3.024893440883634e-07	2.10739989967953e-07	1.027842134961535e-07	2.100294345808902e-07	1.463978976027729e-07	1.570280346326784e-07	1.829213014837012e-07	1.694158000445189e-07	1.869294516407811e-07	1.97691743274067e-07	2.167567405273173e-07	2.638677205518661e-07	2.06575425828487e-07	1.824663017555151e-07	1.535994926488954e-07	1.915507858744377e-07	2.077710655779603e-07	4.995740384695431e-07	1.327820089076509e-07	1.101801762748341e-07	1.96736298307772e-07	1.915347281183033e-07	2.527063779062885e-07	1.937626344870431e-07	1.633593542313093e-07	1.533370358887438e-07	1.295898763426444e-07	2.296510835105162e-07	3.023416264656754e-07	4.312961581019367e-07	1.486884901639454e-07	1.441112468419805e-07	1.561728971020635e-07	1.960291268948554e-07	1.230153234762966e-07	1.973472153502091e-07	2.130625119920214e-07	2.031032927126999e-07	2.795388268196055e-07	2.98421294294942e-07	1.58000157197799e-07	1.125019741655591e-07	2.705055481232244e-07	1.778365986262232e-07	2.097009786833897e-07	2.896770836421313e-07	2.259968463630159e-07	2.388905571646089e-07	2.079163727132149e-07	3.301609726677217e-07	3.200874563059633e-07	1.53526271062018e-07	1.677408448580261e-07	1.810766057506052e-07	2.066882206748978e-07	2.279514778550731e-07	2.532179041334561e-07	2.343549952325565e-07	2.259111894034388e-07
2.73979467913842e-07	2.696971541563456e-07	1.271557472268116e-07	1.461068303331568e-07	9.328269455788685e-08	1.39159533664163e-07	2.683005537240187e-07	5.124666697770531e-07	2.495152970459835e-07	2.790556627141876e-07	1.169729925230029e-07	2.55550870565886e-07	1.919620378200524e-07	1.396880295468997e-07	4.460517542467589e-07	1.835002780118668e-07	2.245943484659961e-07	3.121520827480068e-07	2.601325757466564e-07	1.442732943435827e-07	3.933512312198409e-07	1.639196876252045e-07	1.357372798058381e-07	1.31606575364687e-07	1.563506740373774e-07	2.709267519935664e-07	2.046067655270311e-07	1.777257326203978e-07	1.148947572953659e-07	5.462065549681748e-08	1.586097075176808e-07	1.740259252862901e-07	5.686461517000067e-07	2.993225958894874e-07	2.467577039283082e-07	2.737552144718213e-07	2.238416664151468e-07	2.499898471941936e-07	1.480272665084221e-07	9.169807213582563e-08	2.396837237306569e-07	1.94719322679453e-07	2.019486906909779e-07	7.600387890055498e-08	4.013248045551961e-07	3.236878318381462e-07	2.165055746250671e-07	2.772312214703105e-07	2.571648729092068e-07	2.071424164423282e-07	2.803870764462191e-07	2.795400462262504e-07	1.646263656961281e-07	2.980703394060136e-07	1.688053399711005e-07	3.375658270828356e-07	3.258897674740759e-07	2.908178739120564e-07	2.453499820567417e-07	2.783297361511154e-07	2.652090620672709e-07	2.486408095222355e-07	2.764336502336436e-07	2.567804294550547e-07	1.787565194282742e-07	3.002710461933466e-07	2.823379988605549e-07	2.054139253878624e-07	2.467439994714209e-07	1.505328582183881e-07	1.549622016236138e-07	1.454427088567215e-07	1.426125751529582e-07	1.649519262404994e-07	3.170624387811283e-07	2.794148560281411e-07	2.111127519034388e-07	3.195554731240827e-07	2.129879278670902e-07	1.363108333273999e-07	2.488514534633635e-07	2.120450603319547e-07	4.581521441922246e-07	1.499497627459472e-07	1.797857864037593e-07	1.332627081271159e-07	1.739269197670399e-07	2.612995042367454e-07	1.840345315540295e-07	2.183009351931867e-07	2.332627615957455e-07	1.700612588590103e-07	1.968224130947271e-07	2.109439089860473e-07	4.333738303531839e-07	1.778208872180563e-07	2.011473807631944e-07	3.026331042456149e-07	2.01366736192603e-07	1.748057279494929e-07	2.111426122913028e-07	1.328869895731083e-07	1.461109461658796e-07	2.516558155736685e-07	2.148613687647622e-07	2.08510646920377e-07	2.231575129791346e-07	2.287039717106513e-07	4.311843925355912e-07	1.680006789014132e-07	1.892215894632379e-07	3.626915940268476e-07	2.267816099136476e-07	1.587302436918018e-07	2.116149241604088e-07	1.474951274270382e-07	1.557474794387462e-07	1.84320055217564e-07	2.51516649677141e-07	2.674318980004791e-07	2.223486749186261e-07	1.995786851974785e-07	1.907091373525325e-07	2.710460923659226e-07	3.107681044888167e-07	2.903935008719769e-07	2.574000703246871e-07	2.313717412855346e-07
2.489263399453497e-07	8.464053134230109e-08	1.720492025234605e-07	4.026731024287543e-07	3.024538306536105e-07	2.357050012410717e-07	8.999505922324102e-08	7.002414819647154e-08	4.598333530625091e-07	2.232739538138605e-07	3.471442512568078e-07	2.826069719624364e-07	2.341830844318221e-07	1.425784679252873e-07	3.080855654477756e-07	3.379563278710954e-07	2.1760634668347e-07	1.315553498779973e-07	2.994086003772757e-07	1.854680832801899e-07	4.107823134821325e-07	2.881664771111613e-07	2.835718656403345e-07	2.173081175859489e-07	8.889821866490693e-08	2.957707420122786e-07	5.526260040302726e-08	1.541469092378329e-07	1.067450001395107e-07	7.536267711888755e-08	1.135982564684798e-07	6.512645628879679e-08	-1.599823499596332e-10	5.259730022048292e-08	3.395370454022253e-07	2.294804163650759e-07	3.636865172966814e-07	2.696445734276559e-07	2.4926018183271e-07	1.499258251443747e-07	1.02628489634624e-07	2.458081850744469e-07	2.275260146987145e-07	3.08640033350861e-07	3.089211836738902e-07	2.772596620246392e-07	3.094956278504949e-07	2.463538088727438e-07	2.910769742728534e-07	2.479954204494354e-07	2.152274906474874e-07	2.15434055021572e-07	3.280402838487095e-07	2.669355883373564e-07	2.643309186840763e-07	2.389366286330328e-07	3.369797880818515e-07	2.734740495566842e-07	2.507430425438892e-07	2.750303761652498e-07	1.747247540908246e-07	3.207226345514196e-07	3.196403594916205e-07	2.478882592295351e-07	3.376611299620587e-07	2.653376175702122e-07	2.790202252442301e-07	2.481106100109282e-07	1.960630956047986e-07	3.11251372348412e-07	2.098844132792742e-07	2.360637042172893e-07	1.569457157250261e-07	1.450684548782261e-07	1.686968429295791e-07	1.936584105725815e-07	2.271597037623589e-07	2.022814946073851e-07	2.758716124601133e-07	2.600149261274819e-07	3.524851863748607e-07	1.842146948354226e-07	1.953004866289356e-07	1.64900032842999e-07	1.997457869330808e-07	1.650668506762712e-07	1.498548010645358e-07	1.631669995658407e-07	3.954763868332246e-07	2.295905720786014e-07	1.79778295073188e-07	2.360286398117317e-07	2.758571917024109e-07	1.780159637407856e-07	1.647856248176258e-07	2.028018980934682e-07	1.648436780158726e-07	1.849870820255548e-07	3.412248142832683e-07	1.718979657350404e-07	2.066989777406252e-07	1.954010820441528e-07	2.405302654369034e-07	3.034213076710406e-07	2.814630221793152e-07	3.136462818487323e-07	1.675742332455695e-07	2.179566166016969e-07	3.77834990776241e-07	2.121262006050274e-07	1.996412047609168e-07	2.421026399304714e-07	2.283641212010721e-07	1.669345087002137e-07	2.138402646786861e-07	1.416309084910604e-07	1.138169017128834e-07	1.627112377219131e-07	1.558848266865604e-07	1.59313839694995e-07	1.844085787752344e-07	2.575915255369308e-07	2.365291689544596e-07	2.100414640569478e-07	2.562222311225606e-07	3.190190976104977e-07	2.912076454168175e-07	2.301197931676303e-07
2.102232119768573e-07	3.279839085282553e-07	1.705176578201094e-07	1.738393745243533e-07	2.379499667493349e-07	2.967004688179805e-07	1.725770647224625e-07	1.430191266158886e-07	8.713890907903647e-08	1.495672449135334e-07	4.254030099906132e-07	2.024880733589872e-07	1.111416310435923e-07	9.593140630367509e-08	4.780318766487914e-07	2.991748777303246e-07	2.818308449009438e-07	1.320836170079872e-07	1.074221250078956e-07	2.28537872216797e-07	3.708758957444243e-07	3.820382665971183e-07	2.862814514748314e-07	2.560221598072109e-07	1.075082632924362e-07	1.731272320309912e-07	2.592809352790224e-07	4.34730585855267e-07	2.417702429836552e-07	1.773671987409574e-07	1.777493054192785e-07	3.637019872913023e-07	2.213838836000717e-07	1.815470045514773e-07	1.217413868761432e-07	9.505561825833075e-08	1.968563681782169e-07	4.022867996611177e-07	2.625555971569981e-07	2.485785781529237e-07	1.586607555385906e-07	1.056470474694413e-07	1.832033387064514e-07	4.443761878011673e-07	2.348550627925844e-07	2.591439922111321e-07	1.690106810759234e-07	2.061388962751771e-07	3.305390756365001e-07	2.352984244565426e-07	2.462554048487554e-07	1.468280638168936e-07	2.607167020012917e-07	2.93963337268699e-07	3.020314973970523e-07	2.606074301832296e-07	2.845073086896273e-07	2.86505225201312e-07	2.327361030310368e-07	1.422435161793845e-07	2.916904461143776e-07	1.346169595806043e-07	3.302970687495975e-07	2.876710890040154e-07	2.711157404958439e-07	2.249291889470778e-07	2.138274516279055e-07	3.145072946339938e-07	2.120196917381762e-07	1.616198864784366e-07	2.425691249349347e-07	1.271096995778578e-07	1.557163562970939e-07	2.732724835159524e-07	2.092562470780294e-07	1.541769651170217e-07	2.17819155621279e-07	2.414200160906871e-07	2.228052970531367e-07	1.797565189275646e-07	2.037064192863586e-07	2.506218293388901e-07	1.877113290656459e-07	1.239003029400509e-07	2.017807874624023e-07	2.143834932254264e-07	1.955701823620315e-07	2.219719948949355e-07	2.323307421124208e-07	3.115302089640159e-07	2.677813285506301e-07	2.589085207644532e-07	2.47641970310095e-07	2.026505184955236e-07	1.793599192820668e-07	3.356704089688798e-07	2.338024752685505e-07	1.505160598054945e-07	1.435078923739344e-07	1.897277035205879e-07	2.326678431899476e-07	2.565276745151973e-07	2.909995847079273e-07	3.398867997684128e-07	1.609771755938687e-07	2.086319167770882e-07	2.17328453512004e-07	2.704342614927423e-07	1.471480890168913e-07	3.242767223086413e-07	1.710608200585959e-07	2.006386858340949e-07	3.317966324884962e-07	4.337762737086248e-07	2.002031051969635e-07	1.636291895550825e-07	1.722738239870203e-07	1.97764920226262e-07	2.177530036959792e-07	2.325457813895105e-07	2.239059826318425e-07	2.325793658763834e-07	1.800492005563871e-07	2.154493357479728e-07	2.167138577563046e-07	2.517571943490187e-07	2.425902205089482e-07	2.379803450497261e-07
2.044075840083648e-07	2.516022857142105e-07	1.428861131167585e-07	2.899681466199513e-07	2.375336028450591e-07	3.048209363948895e-07	2.62059070221684e-07	1.628016050353057e-07	3.076569650955621e-07	1.055230360132062e-07	6.802426872441992e-08	4.45394174755537e-07	2.209376776553617e-07	2.288718446820624e-07	2.243031878498084e-07	1.154559275895542e-07	1.68305343118418e-07	1.287493841379771e-07	1.28360649638515e-07	1.720826611534045e-07	4.05969478006716e-07	2.857850560830758e-07	6.286603730932895e-08	1.291362020284734e-07	2.079808079199652e-07	1.748712220497034e-07	4.440617701550175e-07	3.300767624727024e-07	1.903079858278002e-07	2.343342203630273e-07	1.412503543700774e-07	1.845275182938093e-07	3.920027495501033e-07	2.22484208882472e-07	1.480707283500605e-07	2.080183201515849e-07	2.725387190597516e-07	2.069165258945806e-07	1.450135124812865e-07	2.24156331161473e-07	3.343930214425569e-07	2.091609098644351e-07	2.672806627141878e-07	2.555498422514746e-07	2.236014419112783e-07	2.744783223976249e-07	2.498132343013512e-07	2.384864836776102e-07	2.537511770001471e-07	2.088014284636499e-07	1.586708190500237e-07	1.737345726122148e-07	2.239181201538738e-07	2.393910862000419e-07	3.533445761100283e-07	2.402407317334264e-07	2.762098292974028e-07	2.2821140084594e-07	3.12454163518184e-07	2.055816561935186e-07	1.598436381379314e-07	2.079737846097883e-07	2.469037780075747e-07	1.604664187784962e-07	3.252828510296288e-07	2.543457603239432e-07	1.295846780115809e-07	1.277039792570601e-07	1.494512878715539e-07	1.374634006084609e-07	3.20891336590595e-07	2.553806949384255e-07	9.711199686916191e-08	2.39964012153679e-07	2.201906512264797e-07	1.800955196614617e-07	2.029286074801991e-07	1.686210375739893e-07	2.393014816461599e-07	2.607106117276468e-07	1.594026521978561e-07	1.534539638423582e-07	1.360221715023564e-07	1.634880730371026e-07	2.412407879917238e-07	2.112376357745818e-07	2.378355636595273e-07	2.318394902240304e-07	6.490850973916152e-07	2.07807345849431e-07	2.190593620280725e-07	1.411259017171751e-07	1.459642489177793e-07	1.577600732502619e-07	1.815967137465078e-07	2.063764198442922e-07	1.257612725212289e-07	1.469075375854341e-07	2.891034704645996e-07	3.18782441306135e-07	1.748992086392703e-07	1.533292669862423e-07	2.382314039789515e-07	3.53814791865785e-07	3.297663290084215e-07	2.476550517054437e-07	1.663576737784389e-07	2.683119063837879e-07	2.003736872575407e-07	1.87802244012256e-07	1.43830435356275e-07	1.777747317377184e-07	4.279916437759204e-07	3.837430387170369e-07	1.935034457152408e-07	2.348274706191045e-07	2.85143246261157e-07	1.779561027306111e-07	2.627086807053982e-07	1.870152230840262e-07	2.841033864884506e-07	2.834297062158357e-07	1.949317321583143e-07	2.388197074389977e-07	2.454179843900483e-07	2.408952910875396e-07	2.372102956010788e-07	2.314408969318219e-07
1.626294560398724e-07	1.374206629001658e-07	2.88767068413407e-07	2.610844187155498e-07	2.832797389407832e-07	3.323664039717984e-07	2.983660757209057e-07	1.330840834547231e-07	1.00225021112089e-07	1.991413271128786e-07	1.262955274582254e-07	4.041627761520877e-07	1.957337242671316e-07	2.825372830604499e-07	2.050619990508248e-07	1.805869774487831e-07	3.309298413358915e-07	1.945276512679669e-07	1.705991742691343e-07	2.127524500900117e-07	3.924255602690077e-07	2.344193455690332e-07	5.672562314382585e-08	1.140752442497356e-07	4.624283525474937e-07	3.364027120684152e-07	2.577426050310137e-07	2.158979390901377e-07	2.305707286719449e-07	1.652637419850977e-07	1.602139033208763e-07	2.096155492963156e-07	3.972466155001353e-07	2.143339132134668e-07	1.826875698239777e-07	1.431185220448395e-07	3.737960699412863e-07	2.419837521280427e-07	2.695339278055743e-07	2.313465841700222e-07	2.689627873465239e-07	2.969247722594289e-07	1.470954867219248e-07	3.041734967017812e-07	2.754978210299721e-07	2.483001525841178e-07	2.069032875267793e-07	3.085965710800431e-07	2.651632783637938e-07	2.494669324707569e-07	2.608362332512915e-07	1.697410814075362e-07	2.791820383064555e-07	2.559938351313845e-07	1.948826548230049e-07	3.046615332836231e-07	2.719623499051784e-07	3.146675764905675e-07	2.597972240053317e-07	2.199447962076528e-07	2.833718301614844e-07	1.852931096389726e-07	2.638604872655517e-07	2.524492485529763e-07	3.122499615634138e-07	2.345623317008087e-07	2.540669043952556e-07	2.179131638801257e-07	1.367953840049316e-07	1.323569147384852e-07	1.292885482462562e-07	1.35814190298994e-07	2.974076374412292e-07	1.324055407914059e-07	1.513250553749303e-07	3.674140742059013e-07	1.874005593391192e-07	1.739720590572914e-07	3.191726662391829e-07	1.845772045277294e-07	1.620113851093535e-07	1.979610983458258e-07	1.442580139390667e-07	1.836133431341544e-07	2.174382885210454e-07	1.965792783237372e-07	3.737009449570228e-07	1.988819855531254e-07	2.60151952670812e-07	2.667969827348455e-07	2.262123955055148e-07	1.462682826698967e-07	1.906115275254632e-07	1.181946280050002e-07	1.088335082109491e-07	2.358949307197042e-07	1.424075697739069e-07	2.243365153653735e-07	2.682740485552653e-07	3.803746790916824e-07	3.444180740885923e-07	2.419808594572867e-07	5.376257232499747e-07	1.799802839631578e-07	1.790929824229751e-07	1.849031866337995e-07	1.324868940448737e-07	1.581895512748338e-07	1.633367854981904e-07	2.222527657158702e-07	2.068625506539538e-07	1.25023277641342e-07	3.949241550633449e-07	5.009598037254485e-07	1.697787862335182e-07	1.927382516831268e-07	3.265376685352939e-07	4.153222852349594e-07	1.988018577148174e-07	1.865221647785419e-07	2.852007903450588e-07	2.380550465552884e-07	2.011892637602417e-07	3.431150791300224e-07	3.496471110237918e-07	2.866583878260604e-07	2.441303706932093e-07	2.291764488139177e-07
2.040263280713798e-07	3.7142654008612e-07	2.578355237100561e-07	2.650506908111481e-07	3.019883750365074e-07	1.883118715487078e-07	1.786355812201278e-07	2.619165618741399e-07	1.610305771286151e-07	2.96772118212551e-07	3.692917861920303e-07	8.561887754863915e-08	1.087297708789017e-07	2.195777214388377e-07	5.228333102518402e-07	3.118680273080118e-07	1.380168395533659e-07	2.858434183979565e-07	1.086626988997538e-07	1.922597390266191e-07	1.965941425312999e-07	1.964786350549905e-07	1.304977089783225e-07	2.036392864709974e-07	2.814258971750236e-07	4.067717020871272e-07	3.758109399070091e-07	3.245066157075723e-07	2.059209715160898e-07	2.686182636071675e-07	2.814024522716747e-07	1.543785802988222e-07	3.247529814501676e-07	2.615711175444614e-07	2.438169112978949e-07	2.628312239380936e-07	2.442784208228217e-07	2.167884783615051e-07	2.731168431298624e-07	1.877618371785716e-07	1.747325532504909e-07	1.606636346544233e-07	2.937228107296611e-07	2.157346511520882e-07	2.679192001486661e-07	2.548969827706107e-07	2.411308407522073e-07	3.535441584824762e-07	2.617628797274406e-07	2.514324364778642e-07	2.412016474525597e-07	2.992100902028572e-07	2.355959564590376e-07	1.059840840627276e-07	2.11283233535981e-07	3.716698348338198e-07	2.627648705129541e-07	1.698987521351958e-07	2.750527844924791e-07	2.55082936221787e-07	2.593750221850378e-07	2.570374346681566e-07	2.144046965235289e-07	2.631695783274567e-07	2.57967072097199e-07	2.905289030776741e-07	2.207116307789309e-07	2.021098485031916e-07	1.671894801383091e-07	1.883754288685093e-07	1.596107599019167e-07	1.408601856595621e-07	2.433407780132972e-07	1.308220694291326e-07	1.558844595233806e-07	2.588201287503417e-07	3.387100111980388e-07	4.504855805405926e-07	2.122563508322065e-07	2.350062973278116e-07	3.460451180208504e-07	1.975057328492936e-07	2.687813563757766e-07	2.051636132312062e-07	1.614607890503671e-07	1.415334208728928e-07	1.918663262545192e-07	2.343994808822203e-07	2.685688079500076e-07	2.138866196202605e-07	1.773779289829573e-07	1.961106636226181e-07	1.893963061331473e-07	1.856541827597381e-07	3.806203026753893e-07	3.03213441595116e-07	1.682413670265849e-07	3.074654931453127e-07	1.400446266459313e-07	1.738419168772305e-07	2.35836939537915e-07	3.60482451928331e-07	1.54482542521e-07	1.544957760605302e-07	2.415321358375281e-07	3.136263215621548e-07	4.679536143113075e-07	1.820546961658794e-07	1.249498837388402e-07	1.412407874194847e-07	1.59232165951633e-07	1.312968235449654e-07	5.012816663507691e-07	5.321515687338603e-07	3.082041267517952e-07	2.892865327471486e-07	3.26757090809431e-07	2.644884677393089e-07	2.376075347242363e-07	1.829541064730576e-07	1.934481942016673e-07	1.94480386894741e-07	3.115842953621686e-07	2.141604508210478e-07	2.33788737657536e-07	2.517964845645814e-07	2.518754457853399e-07	2.302120006960134e-07
2.219857001028873e-07	2.149449172720754e-07	3.698914790067047e-07	2.215044629067466e-07	2.740845111322317e-07	1.18657339125617e-07	3.77767586719349e-07	1.615490402935575e-07	1.770236331451413e-07	1.584154093122241e-07	1.760880449258365e-07	7.041247894518974e-08	3.846133174906707e-07	3.59305659817225e-07	1.692046214528575e-07	1.107865771672415e-07	4.822538377708388e-07	1.12559185527947e-07	2.623512235303728e-07	2.689670279632262e-07	3.192127247935912e-07	5.878792454094821e-08	8.501979481281956e-08	2.373658286922595e-07	2.146859418025531e-07	5.50640692105839e-07	2.80991774783005e-07	2.906527923250075e-07	2.383087143602346e-07	2.235852852292378e-07	3.130410012224734e-07	1.114791113013287e-07	3.382093474001996e-07	2.377458218754563e-07	2.419087527718122e-07	2.412439258313481e-07	2.279732717043567e-07	2.257182045949673e-07	2.038747584541508e-07	2.274270901871207e-07	2.466273191544575e-07	2.090149970494172e-07	1.819001347373981e-07	1.945708056023949e-07	2.979905792673599e-07	2.656563129571035e-07	2.266833939776353e-07	2.547917458849096e-07	2.898999810910873e-07	2.111729404849715e-07	2.250920616538278e-07	2.802165989981786e-07	2.415473746116195e-07	2.599868329940699e-07	2.799963122489568e-07	2.27140636384017e-07	3.125548911207295e-07	2.488174277798234e-07	1.69445844979627e-07	2.991460762359213e-07	2.577657142085912e-07	2.302692596973409e-07	2.176739057815059e-07	2.145649081019372e-07	2.891091826309839e-07	1.919204744545399e-07	1.752063571626062e-07	2.992190331262571e-07	1.107710762716868e-07	1.579939429985337e-07	1.345829715575773e-07	2.911061810201298e-07	3.036114185853648e-07	3.029385980668587e-07	1.50431363671831e-07	2.729636832947818e-07	3.08406963056959e-07	1.694116020238955e-07	2.662900354252296e-07	4.607103901278934e-07	2.437288509323482e-07	1.913878673527614e-07	1.954546988124872e-07	2.878763833282577e-07	3.520457895796881e-07	2.867000634220477e-07	2.472192075520149e-07	1.927419762113153e-07	1.920106632292035e-07	2.245762565056752e-07	2.250684624603995e-07	2.849905445753394e-07	3.297060847408309e-07	3.636637375144757e-07	3.860820971398304e-07	3.661819524705278e-07	3.932751642792623e-07	1.033819709252529e-07	1.17302704736597e-07	5.554966546627769e-07	1.965183049872376e-07	1.527340443993763e-07	1.475018617920241e-07	3.637987681579018e-07	3.184837892520811e-07	3.040119564905105e-07	2.642078345777428e-07	1.70257341056925e-07	1.656504819794897e-07	2.490788091230986e-07	1.733642812493119e-07	1.277078694485888e-07	1.492016776381946e-07	6.236433337422719e-07	2.317169672700727e-07	3.385098138111707e-07	4.193015130835678e-07	2.675546502436579e-07	2.534257117336554e-07	1.678360481675733e-07	1.639455980582756e-07	1.734807272341935e-07	1.667168269640963e-07	1.997308225120728e-07	2.219178642912798e-07	2.623470813031022e-07	2.568830208774704e-07	2.445600525781091e-07
1.088075721343951e-07	9.693829445803076e-08	3.607474343033537e-07	3.336957350023446e-07	3.198681472279558e-07	2.977028067025255e-07	1.244620922185714e-07	3.319690187129742e-07	2.199416891616675e-07	1.675462004118967e-07	1.431593036596422e-07	1.208310803417401e-07	3.905343641024405e-07	3.197460981956128e-07	2.898009326538734e-07	2.286426270264702e-07	2.613658359883134e-07	2.598999526579365e-07	1.314147481609925e-07	9.532431689983399e-08	4.532313070558826e-07	1.97097214026905e-07	3.528543806473156e-07	3.103923709135214e-07	1.279209864300826e-07	3.263346821245519e-07	3.138226096590007e-07	1.951114689424427e-07	4.498395720437997e-08	9.90898068513083e-08	1.231295501732729e-07	4.096796423038342e-07	3.598782133502316e-07	2.426830262064511e-07	2.420255942457295e-07	2.700191277246024e-07	2.041306225858917e-07	2.550479308284295e-07	2.260576737784388e-07	2.4830484319567e-07	2.438220850584242e-07	1.512038594444115e-07	2.386399587451345e-07	2.756319600527014e-07	2.42261958386054e-07	3.073531431435962e-07	2.672484472030633e-07	1.929018332873429e-07	2.88112082454734e-07	2.602384444920786e-07	2.647449758550958e-07	2.712731077935001e-07	2.353862927642015e-07	2.462895819254126e-07	2.810593909619329e-07	2.324989379342139e-07	3.026074117285052e-07	2.855111034244511e-07	2.305264054667743e-07	2.473217162500557e-07	2.453564062321446e-07	2.295260847265251e-07	2.599806150394828e-07	2.859602378764174e-07	2.389137931647691e-07	1.656495458314055e-07	2.027885835462812e-07	1.605657177493234e-07	1.203901724050644e-07	1.33124957128558e-07	1.29917683213238e-07	2.305271763806981e-07	2.739195591574328e-07	4.347051267045849e-07	1.203782678202815e-07	2.009322378392221e-07	1.986414149158794e-07	1.943751235071975e-07	2.547737200182529e-07	3.084894829279762e-07	1.403625838438459e-07	2.005325018562292e-07	1.582780412491976e-07	2.796891534253096e-07	4.881432901090093e-07	3.542792059712029e-07	2.043970888495109e-07	2.002469715404103e-07	2.290775185083991e-07	2.952658933910898e-07	2.513839959378417e-07	4.740329255280604e-07	2.246908633485152e-07	2.784607922692141e-07	4.255938916042713e-07	2.795254633459401e-07	3.576089615319405e-07	2.213859487051922e-07	3.201232828272621e-07	2.506013924483253e-07	2.099246704365601e-07	1.46773136870421e-07	1.359836810630482e-07	2.738517602552744e-07	3.079854426666343e-07	2.96985091418866e-07	2.652120548441775e-07	3.146849859479701e-07	2.71751080220139e-07	2.321168308267129e-07	2.116463965469908e-07	1.944689153522121e-07	2.051966889256189e-07	1.964725987506851e-07	3.009923077883499e-07	2.423455948751931e-07	1.755834353577056e-07	2.942083327480069e-07	2.420938887430745e-07	1.767179898620889e-07	1.640680019148838e-07	1.56643567573646e-07	1.760118585660236e-07	2.352886942030977e-07	2.307094909250237e-07	2.539976780416231e-07	2.48353095969601e-07	2.31383104460205e-07
2.282419441659023e-07	2.364066716439853e-07	3.561033896000026e-07	2.616870070979431e-07	2.748267833236802e-07	1.15998274279435e-07	3.186065977177926e-07	3.170264971323914e-07	1.715472451781939e-07	1.316769915115695e-07	7.314306239344802e-08	1.446621817382906e-07	3.776679107142104e-07	3.706740365740002e-07	2.961347438548898e-07	2.914486768856991e-07	1.839153342057875e-07	8.147821978792693e-08	5.976577279161214e-08	2.10319105836441e-07	5.044873893181742e-07	2.570690035128621e-07	3.197139664818127e-07	3.016689131347835e-07	2.145185310576116e-07	2.531161721432644e-07	2.451784445349965e-07	6.645764555987811e-08	1.201592000485246e-07	4.902568284733773e-07	2.816680991240713e-07	2.96317673306341e-07	1.962595793002641e-07	2.227577305374459e-07	2.215549357196469e-07	2.606943296178569e-07	2.147504734674267e-07	2.382526570618919e-07	1.913155891027271e-07	2.489325962042192e-07	2.665168509623909e-07	2.380302218394052e-07	2.441172827528712e-07	2.793681145030081e-07	2.266958375047479e-07	2.425874733300893e-07	2.741010004284913e-07	2.19174420689776e-07	2.703866838183809e-07	2.739414484991858e-07	2.458978900563639e-07	2.670921165888215e-07	2.542377109167834e-07	2.795048308567552e-07	2.306724696749092e-07	2.657197394844106e-07	3.207099323362806e-07	2.78967279069079e-07	2.913069659539216e-07	1.947098562641902e-07	2.025720982556981e-07	3.020579097557091e-07	2.697373242974598e-07	2.30605567650898e-07	2.457934036985541e-07	2.196661172082708e-07	2.674583099299562e-07	1.975249023723891e-07	1.475967685384419e-07	1.949934712585821e-07	2.238398948688983e-07	3.459731717412658e-07	3.003276997295006e-07	2.64521655342312e-07	2.908751719687314e-07	1.937007923836623e-07	2.429258667747993e-07	2.652386449904993e-07	2.066949046112763e-07	2.877435757280587e-07	2.412963167553431e-07	2.240021363596968e-07	2.077263836859077e-07	2.125894235223616e-07	2.385907906383315e-07	2.627833485203585e-07	3.146124701470065e-07	5.555644668695042e-07	1.586318737875949e-07	2.148680302765047e-07	4.321245294152835e-07	4.354878064807821e-07	3.606131419561989e-07	1.800953470239525e-07	2.602806860687128e-07	1.831189742213524e-07	2.525302587846189e-07	2.301524264851317e-07	3.149313609179277e-07	2.755186302338728e-07	2.522810358858824e-07	2.394747293414654e-07	3.466155003340716e-07	3.526922523526464e-07	2.161495960811878e-07	2.224207263472219e-07	4.621912751106117e-07	2.191126308390161e-07	2.082391784607888e-07	2.179298525303272e-07	2.516160118446697e-07	2.181799612558354e-07	2.087667002130433e-07	1.521393637590972e-07	2.060926483066274e-07	1.675188759392154e-07	2.529778576318424e-07	1.659120152523562e-07	2.625245657524935e-07	2.110249315566045e-07	1.88977905771492e-07	1.597939079130985e-07	2.000443901679508e-07	2.505965658941226e-07	2.641011175587674e-07	2.675482747801439e-07	2.487106710617316e-07	2.319686563423007e-07
2.057013161974099e-07	1.688000488299404e-07	3.109968448966518e-07	3.043907791935413e-07	2.961604194194044e-07	2.733312418563435e-07	1.838761032170148e-07	3.256339755518087e-07	2.463403011947199e-07	2.314827826112419e-07	1.887518211272533e-07	7.118078313484135e-08	3.724514573259802e-07	8.721447495238873e-08	2.618185550559061e-07	2.957547267449282e-07	3.15752332423261e-07	9.036898691791683e-08	3.382167974222307e-07	3.444763947730479e-07	2.729934715804665e-07	1.758907929988196e-07	1.282485523163101e-07	1.93795455356046e-07	1.97953575685141e-07	2.410226621619766e-07	2.301592794109923e-07	1.646413221773128e-07	4.859594428926684e-07	2.339488500954482e-07	3.1529414807487e-07	2.600932043088475e-07	1.500534452502963e-07	2.908074348684404e-07	2.471717771935641e-07	2.538070315111114e-07	2.336953243489616e-07	2.352198832953542e-07	2.58686004427015e-07	2.338478492127685e-07	1.78099116866358e-07	1.597065842343995e-07	3.089946067606077e-07	1.220417689533153e-07	3.868547166234414e-07	2.087968035165822e-07	1.723535536539196e-07	1.730345080922093e-07	2.178987851820278e-07	3.167069525062929e-07	2.45763304257632e-07	2.236111253841429e-07	2.102766290693655e-07	2.46907579788098e-07	3.34785548387885e-07	3.181780410346073e-07	2.911124529440564e-07	2.465109547137069e-07	1.800375264410694e-07	1.978979962783245e-07	2.896502902792512e-07	3.463522347848932e-07	2.525315335554368e-07	2.614258974253783e-07	3.408355142323389e-07	2.230576885851363e-07	2.403655363136315e-07	2.698090869954547e-07	2.425283646718192e-07	2.018494853886063e-07	3.534621065245585e-07	2.851691671018342e-07	1.357108403015689e-07	2.209756839800387e-07	4.483970761171813e-07	4.365193469281017e-07	1.969853186337195e-07	1.658146664738017e-07	3.515910892042991e-07	4.194726685281407e-07	1.590050496668407e-07	1.811717708631648e-07	1.461747261226182e-07	1.718521936194135e-07	2.79888291167653e-07	2.583249910695139e-07	2.060153514445027e-07	2.050944621986001e-07	2.239362290667904e-07	1.899701671619196e-07	1.841650628927265e-07	3.11367687433504e-07	4.048854205638828e-07	2.558049017786905e-07	2.210424805331539e-07	1.508374850967645e-07	1.767015560372972e-07	2.052064042650713e-07	2.654519390085935e-07	3.434858680194201e-07	3.621749013352046e-07	4.344763218125095e-07	1.376223196050963e-07	2.63945244450019e-07	2.20238749495741e-07	1.939813612755776e-07	1.734704953770472e-07	2.301152757300616e-07	4.295772767014376e-07	2.273678742339415e-07	1.53060627142349e-07	1.59691007159459e-07	1.34636711500468e-07	1.144811287675092e-07	1.51467988824905e-07	1.812296570032376e-07	1.576847799059798e-07	1.920781977567052e-07	2.726802427619125e-07	1.668068732511203e-07	1.976503096281002e-07	1.895317482525509e-07	1.958769217698782e-07	2.459169375851476e-07	2.608552441925112e-07	2.648238715186648e-07	2.523682461538621e-07	2.362667082243965e-07
1.503856882289175e-07	4.084309260158947e-07	3.255153001933007e-07	1.495445512891401e-07	2.399065555151287e-07	1.509142094332529e-07	1.917956087162365e-07	4.102914539712256e-07	2.255833572112463e-07	3.201135737109143e-07	1.67898079861059e-07	1.356618845313917e-07	2.570225039377504e-07	2.985674133307758e-07	9.685236625692288e-08	4.647982766041568e-07	2.386018306407352e-07	2.391722540479063e-07	3.036178220528502e-07	3.293461837096552e-07	2.770745538427582e-07	2.857375824847765e-07	1.929456381508068e-07	2.48409497577308e-07	5.283862031267074e-08	3.294291521806886e-07	4.173026142869875e-07	2.367999987947476e-07	8.09846857368144e-08	4.061908717175178e-07	2.60532697025669e-07	3.154437353113538e-07	1.793348112003282e-07	2.117446391994355e-07	2.502511186674815e-07	2.740697334043657e-07	2.412401752304965e-07	2.340996095288165e-07	2.594564197513031e-07	2.693506022213177e-07	2.206313827703246e-07	2.008954466293934e-07	3.251969307683443e-07	2.634404234036216e-07	2.330635957421357e-07	1.421936337030753e-07	2.954186068793473e-07	2.477195954946423e-07	2.202733865456745e-07	1.907974565134004e-07	2.486662184589e-07	2.873801341794641e-07	2.724030472219472e-07	2.459978287194407e-07	2.701861271008613e-07	2.597863425848043e-07	2.517649735518321e-07	2.717296303583346e-07	1.64393086928217e-07	3.082611362924585e-07	2.493409823028047e-07	2.556090598140776e-07	2.418132428134139e-07	2.686587271998587e-07	2.97952624766124e-07	1.63111759962002e-07	1.334352626973069e-07	2.311682716185206e-07	1.57497460805197e-07	1.005179995186309e-07	2.347593181802194e-07	6.150026624624013e-07	2.112814808736365e-07	1.466422126177655e-07	4.370189802656317e-07	2.551004014725424e-07	3.257947704926392e-07	3.696156879571031e-07	1.55124773797323e-07	4.784892613282229e-07	2.21651282578338e-07	2.184039053666324e-07	1.957355685593284e-07	1.758524637164654e-07	2.870607916969745e-07	1.742541336186696e-07	1.772182327419987e-07	1.897244575276951e-07	1.684530843459862e-07	2.175723040473343e-07	2.316305963701687e-07	2.301100683862258e-07	3.987951991715668e-07	6.761394565334274e-07	2.03216774997595e-07	1.734184959721764e-07	1.556228532899754e-07	2.092103820450109e-07	4.699225170992585e-07	2.07340605804968e-07	1.597687667845276e-07	1.927529142835549e-07	2.387541388761201e-07	3.28498236547391e-07	2.209904029102942e-07	1.807294962039332e-07	1.63412215643482e-07	1.967929206211073e-07	2.08902874942088e-07	2.962058959375556e-07	2.270427424400277e-07	3.265770530630819e-07	2.187942227878922e-07	1.886853937759209e-07	2.50930829343182e-07	2.762404380672594e-07	1.675417021801168e-07	1.158318802610544e-07	1.439359197713319e-07	1.963888149456358e-07	2.404477134847083e-07	2.205445885920033e-07	2.710219533718053e-07	2.360248092761727e-07	2.411843708262551e-07	2.681744682571857e-07	2.736508212459926e-07	2.362147601064923e-07
2.946825602604246e-07	1.164243032018505e-07	2.1013375548995e-07	1.406858233847385e-07	2.591401916108529e-07	4.177096770101611e-07	2.342526142154581e-07	1.521239323906436e-07	1.808264132277727e-07	1.921443648105874e-07	4.041068385948639e-07	2.973804859279417e-07	2.627560505495202e-07	2.321953517091636e-07	1.018361774579392e-07	2.935293264633863e-07	3.903888288582086e-07	2.973005211778961e-07	2.776063466834697e-07	2.628784726462627e-07	1.334431361050504e-07	3.343843719707336e-07	2.949177239853033e-07	2.334235397985701e-07	3.339861649401992e-07	2.71885642199401e-07	2.390084491629837e-07	1.325211754121829e-07	3.318099285809585e-07	2.367703933395884e-07	1.011837459764683e-07	3.266192663138601e-07	2.8680367715036e-07	2.023193435304303e-07	2.673554601413987e-07	2.585949352976203e-07	2.388475261120316e-07	2.201918357622787e-07	2.479268350755913e-07	2.210033552298671e-07	2.211636486742914e-07	1.644968090243876e-07	3.59324254776081e-07	2.590765778539284e-07	2.468599748608296e-07	1.687404638895681e-07	2.499211601047755e-07	2.670546828970754e-07	1.952354879093214e-07	1.484754605205077e-07	2.78194132660168e-07	3.028866429747855e-07	2.652294653745291e-07	2.817255776507833e-07	2.020617058138376e-07	1.898821441350014e-07	1.35842494159608e-07	1.769858060029627e-07	2.412611474153642e-07	2.29474276306593e-07	3.776691743263578e-07	3.040658848432617e-07	1.856824520713911e-07	1.348540569743395e-07	1.964947352999093e-07	3.37728331338867e-07	2.806049890809816e-07	2.388774562415865e-07	1.265415569385747e-07	1.833115136486549e-07	1.845690298358802e-07	2.786486578229704e-07	1.670396214457044e-07	1.82633741255492e-07	2.233658844140827e-07	2.857439560169824e-07	4.464292223515589e-07	2.287167094404055e-07	3.120959583903458e-07	1.838808541283062e-07	1.714975154898356e-07	1.845360398701003e-07	1.258589109960389e-07	1.355277338135173e-07	1.354207922262965e-07	1.44408276167825e-07	1.778586140394945e-07	1.897294528567901e-07	1.681699396251819e-07	2.42324440932749e-07	2.147836298476111e-07	2.570399493389473e-07	3.38479977779251e-07	2.412490112881668e-07	2.09353569462036e-07	1.731995068475884e-07	2.039941505426533e-07	2.379268598249504e-07	2.499305951899247e-07	2.260328435905154e-07	4.642501322338492e-07	5.129670067545986e-07	3.13148458147144e-07	1.948262286447637e-07	2.248545563248473e-07	1.829276311322889e-07	2.468039359099165e-07	6.523205655121515e-07	1.863034731827376e-07	1.507314176411703e-07	1.935123577377068e-07	2.013380989667057e-07	2.143017340753167e-07	1.29464658784333e-07	3.182561698614591e-07	2.607012191312817e-07	1.702361244542539e-07	1.671980627654033e-07	1.755040967807509e-07	3.42595756640151e-07	4.18470117341316e-07	3.976574289314553e-07	5.768294849737317e-07	3.697576809671973e-07	2.337384974599989e-07	2.565250649957066e-07	2.644083963381232e-07	2.35487811988588e-07
2.566169322919323e-07	2.926426803878049e-07	2.666522107865988e-07	2.226895954803366e-07	3.243488277065769e-07	2.411426445870706e-07	3.431221197146796e-07	1.372189108100609e-07	1.376069692442991e-07	4.265751559102594e-07	2.6302809732867e-07	2.914365873244923e-07	2.7733959716129e-07	2.506107900875512e-07	2.723449886589549e-07	2.124103763226157e-07	3.412133270756827e-07	3.171412883078859e-07	2.80244871314089e-07	2.481232615828701e-07	1.27661718367342e-07	3.106186614566909e-07	3.828648098198e-07	2.391375820198322e-07	3.098837095677286e-07	3.100796322181131e-07	2.501642840389793e-07	2.772048520296175e-07	2.757726714251035e-07	1.895249149616587e-07	2.815472949272667e-07	3.259072973163666e-07	2.363225431003921e-07	2.068065478614251e-07	2.80597301615316e-07	2.623576371908747e-07	2.229548769935666e-07	2.53421561995741e-07	2.589722503998794e-07	2.534311082384162e-07	2.65158414578258e-07	3.019481714193813e-07	2.23014078783818e-07	3.004627323042349e-07	1.998688539795237e-07	2.797747940760606e-07	2.511862133302035e-07	2.588647702995086e-07	2.961225892729679e-07	2.632034645276146e-07	2.061720468614363e-07	2.654431517701069e-07	2.933433835271111e-07	3.08228326582126e-07	2.453497845268135e-07	2.481154456851981e-07	3.012825147673831e-07	2.761169816475902e-07	2.661542079025117e-07	2.766124163207272e-07	2.483723663499115e-07	2.550977098724461e-07	2.747516613293678e-07	3.177368867488194e-07	2.98511845833694e-07	2.350699027157327e-07	2.974622154646567e-07	2.656366408646522e-07	2.16223153071952e-07	2.50467527778679e-07	2.179287414915407e-07	3.176321531835384e-07	3.546977620177718e-07	3.258752698932182e-07	2.350877885625331e-07	3.523875105614223e-07	3.675261742104792e-07	3.420677309237073e-07	3.22104642983369e-07	3.162849469283882e-07	2.532687484013328e-07	2.838681743735678e-07	3.158947534327486e-07	2.879155039105687e-07	4.100057927556173e-07	3.275999187169798e-07	3.492364953369899e-07	1.98696948185885e-07	2.334742949043773e-07	2.270640778181638e-07	4.006991633250529e-07	3.570573302916686e-07	2.792147563869353e-07	2.39483566042905e-07	2.769153639264769e-07	2.177555177230003e-07	2.182029477953313e-07	4.475808376048893e-07	2.942386732805903e-07	1.786875813760631e-07	3.715689976831719e-07	3.813060992256438e-07	3.58480277418168e-07	3.365167207421356e-07	3.571937097394001e-07	1.967507660606444e-07	3.22770656176351e-07	3.64035710403198e-07	3.300915714233868e-07	2.959194393447841e-07	3.282444730353854e-07	2.992616448703289e-07	2.443842453627411e-07	2.815189237927445e-07	3.057815103797365e-07	3.016745001953037e-07	3.736305467283903e-07	3.864892452697517e-07	2.389472737901698e-07	2.49402698334667e-07	3.150550211979244e-07	3.398702692709079e-07	4.184245165756594e-07	2.541155526582226e-07	2.443676240937427e-07	2.924631617342273e-07	2.778909714302537e-07	2.827608638706837e-07
2.840263043234397e-07	2.4907355757376e-07	2.456956660832478e-07	2.674183675759348e-07	2.700074638023013e-07	9.412561216398001e-08	1.630916252139018e-07	2.545013892294778e-07	1.252875252608254e-07	1.431684470099329e-07	4.50486856062475e-07	3.093426887210428e-07	2.538606437730599e-07	2.513637284659389e-07	1.264287998599717e-07	2.806914261818445e-07	1.576378252931571e-07	4.653070554378754e-07	2.234833959447086e-07	7.965555051947789e-08	1.596803006296337e-07	1.016029509426488e-07	8.579939565429776e-08	2.451891242410944e-07	5.98531254195257e-07	3.027861222368254e-07	1.915701189149752e-07	2.651760286470525e-07	6.624791426924897e-08	6.097943658372922e-08	1.31423343878066e-07	1.161328283188736e-07	4.136164090504237e-07	3.123937521924195e-07	2.637641430892334e-07	2.303078390841292e-07	2.537497278751014e-07	2.414637882292033e-07	2.344301657241676e-07	2.570963612469655e-07	2.308156804822249e-07	1.720995338143757e-07	1.34553902791555e-07	1.286238867545421e-07	2.523652330982174e-07	2.312091242625536e-07	3.064137665556314e-07	3.197123577019416e-07	2.454346906366148e-07	2.18256468534722e-07	3.026374610627041e-07	2.135996605654284e-07	2.610823016796931e-07	2.983185755134687e-07	2.611128632397896e-07	1.643362472353952e-07	2.10072535375159e-07	3.935481572922177e-07	2.919472683896591e-07	1.790380563348618e-07	2.895880583734648e-07	2.683045349016302e-07	2.368458705873449e-07	2.698822165232999e-07	3.522664563674789e-07	2.639239740925982e-07	2.62494441848332e-07	2.82870825487718e-07	1.454422492053298e-07	1.766610419087035e-07	2.806509531472011e-07	1.55765648544107e-07	2.444184025898399e-07	3.569917985309447e-07	3.104471927109833e-07	2.375685651058628e-07	3.891606260693992e-07	3.712687524070092e-07	2.529508275763925e-07	1.682640397284711e-07	1.565024813128305e-07	3.424378088770354e-07	2.880930958694591e-07	2.671282740076206e-07	1.502907932849395e-07	1.474915612661358e-07	1.420518766344864e-07	1.7597694351498e-07	2.824661501835729e-07	1.756912147035787e-07	1.437771968024959e-07	1.603372112443908e-07	1.970370349946195e-07	3.294806207976428e-07	1.798896583909182e-07	3.106490285984121e-07	3.768992450480089e-07	1.214348153848299e-07	1.177467513712564e-07	2.072423191616105e-07	2.330628631324948e-07	1.632451916966891e-07	1.240245966891927e-07	1.515822128395084e-07	2.538828631539536e-07	2.935239009889998e-07	2.647123764427858e-07	1.687133552942442e-07	1.510796696640369e-07	6.070824610483974e-07	4.66239088333064e-07	1.455226907739527e-07	1.326042566501659e-07	2.438231888011565e-07	2.831068508980139e-07	4.228227812593255e-07	1.938124690025279e-07	2.448804277741011e-07	1.84827950799589e-07	1.625471400291829e-07	1.709899250545331e-07	2.451456096103607e-07	2.318945481775873e-07	2.853609243492475e-07	3.022092507274864e-07	2.658887584727483e-07	2.537985465223844e-07	2.346714157527796e-07
2.900981763549472e-07	2.730794347597149e-07	2.032891213798969e-07	2.541721396715331e-07	3.212285998980254e-07	2.032710797408887e-07	2.088861307131235e-07	2.867713676488949e-07	1.922430812773515e-07	9.52617381096057e-08	2.652331147962812e-07	3.968487901175931e-07	2.709941903848296e-07	2.482916668443265e-07	2.501001110609877e-07	1.974349760410738e-07	1.147248235106311e-07	3.691603225678657e-07	3.445844205753277e-07	2.207128394560848e-07	2.80161382891925e-07	1.609747404286058e-07	3.658964814887938e-07	3.376031664623563e-07	2.667412988227873e-07	2.984176122555376e-07	2.485509537909707e-07	2.420472052644875e-07	2.732731571133932e-07	2.689589582057987e-07	1.847368928288646e-07	2.921208593213794e-07	2.144102750004563e-07	1.979309565234147e-07	2.570559845631507e-07	2.716455409773835e-07	2.076695787566365e-07	1.569435144626658e-07	2.223380810484558e-07	3.321616142555145e-07	2.130104463861917e-07	2.336133962093696e-07	1.987937267992914e-07	2.648475412048485e-07	2.104366122169115e-07	3.227809544490462e-07	2.271663197810596e-07	2.559474451043749e-07	2.727092920002615e-07	2.585094725418291e-07	2.062403752639725e-07	2.555436693607497e-07	2.255212198322751e-07	2.306963244448115e-07	2.591759419527657e-07	2.142070487855919e-07	2.371375559829345e-07	2.32879332936846e-07	3.562528288768064e-07	2.933386963489958e-07	2.241537503970183e-07	2.040363599308147e-07	2.20427579845322e-07	3.8710254629778e-07	3.17333566901264e-07	2.683280454694637e-07	1.276641682320075e-07	1.579800101107842e-07	1.969863453387072e-07	1.810795560387277e-07	1.452981648028621e-07	2.13649143904675e-07	2.250765431619078e-07	1.46458327168672e-07	2.440190968594338e-07	3.703996196503025e-07	3.571325779283194e-07	2.913072738903116e-07	2.800220121694156e-07	1.639056325285535e-07	1.518362142243279e-07	1.845949433805036e-07	2.510289383061695e-07	2.820035441046724e-07	2.757382938142608e-07	2.404207038152909e-07	2.821547579319818e-07	3.237319388440745e-07	2.175330054627687e-07	1.747933515889934e-07	2.37780230279938e-07	3.825295921971117e-07	3.73309313602303e-07	1.800776755523814e-07	1.748514528553593e-07	3.222800394738241e-07	6.044455423006863e-07	3.286512931647688e-07	1.020173294619221e-07	1.488720569471582e-07	1.809942285818174e-07	2.454092841677335e-07	2.206564159602165e-07	2.278727049368804e-07	1.90997016568507e-07	1.615470359173557e-07	3.568040967092203e-07	1.733410001852898e-07	1.738552679046865e-07	3.232704827520125e-07	3.370087036307434e-07	3.430837366775756e-07	3.274242679375897e-07	2.767774538095683e-07	2.197071914162914e-07	1.463585623233485e-07	2.242193912766649e-07	5.973341102784491e-07	2.792086278090078e-07	2.178915817236984e-07	2.479498289111411e-07	2.574459499498131e-07	2.324520797795145e-07	2.567937960402726e-07	2.567383773612303e-07	2.703268552112692e-07	2.747811216145149e-07	2.372444676348753e-07
2.639575483864547e-07	3.076228119456698e-07	2.654325766765457e-07	2.366134117671315e-07	3.053997359937497e-07	2.581915473177975e-07	1.472431362123454e-07	3.45741346068312e-07	1.480861372938779e-07	1.259925292092783e-07	1.741418735300871e-07	2.461173915141441e-07	3.911027369965991e-07	2.548196052227142e-07	2.12971422262004e-07	2.659410259003027e-07	3.280868217281044e-07	2.813760896978558e-07	2.510354452059473e-07	2.777701283926919e-07	2.606174651542168e-07	2.803465299145628e-07	1.155935673232914e-07	1.20679708683619e-07	4.55038843450316e-07	3.070616022742498e-07	2.555817886669664e-07	2.000183818819227e-07	3.410608999575379e-07	2.30075979827869e-07	2.827129417796632e-07	2.204213903238861e-07	2.452666409504883e-07	2.485431608544093e-07	2.309228260370682e-07	2.409457428706381e-07	2.434519296381714e-07	2.000357406961279e-07	2.939459963727437e-07	2.706893672640639e-07	2.048802122901585e-07	2.139022586043637e-07	1.826710508070281e-07	2.842211956551551e-07	2.392704913356053e-07	2.639402846355392e-07	1.814813730064878e-07	3.148075325068079e-07	2.681463933639082e-07	1.543874765489366e-07	2.917182894652403e-07	3.048751781560709e-07	1.505101379848573e-07	3.20274073376154e-07	2.680390206657418e-07	3.291778503357883e-07	3.043650765907099e-07	2.645855085814737e-07	2.801583893639541e-07	3.086768363631301e-07	2.104319424205718e-07	2.537681849599987e-07	2.23546789103299e-07	2.353353760722608e-07	1.571131774350495e-07	1.648446168463295e-07	1.764338946156825e-07	1.6992669473385e-07	1.095554414720851e-07	1.69448070168752e-07	2.198703764585224e-07	1.951076392652431e-07	2.309346837339757e-07	3.37774855806398e-07	2.204535010078842e-07	1.725181741947432e-07	1.7761702978724e-07	1.940207953736139e-07	2.064806967624391e-07	2.922597253286355e-07	2.218324471358252e-07	2.002645778839713e-07	1.424522807428801e-07	2.233413142017243e-07	2.217857943435825e-07	2.277498463644463e-07	1.464826392294782e-07	1.634619341731699e-07	2.565498607419643e-07	2.548954884744079e-07	3.526332637573799e-07	7.200719731498323e-07	2.293315922099875e-07	1.978872303071195e-07	1.829382473198003e-07	1.429610503492366e-07	3.743418395533651e-07	2.839052709447086e-07	1.020004075525877e-07	1.515892947327057e-07	2.676380940311396e-07	1.772358766387784e-07	1.672132352312407e-07	2.626131970342526e-07	3.119736699830598e-07	2.381076708457111e-07	1.438333169756556e-07	1.754561450763353e-07	1.481433661453362e-07	2.115085044556271e-07	3.952033189284222e-07	3.192822825811991e-07	1.870692792250146e-07	3.009567188179802e-07	2.405325319345686e-07	2.214193433873704e-07	3.004888135508018e-07	4.328127927827986e-07	1.785893048184271e-07	2.24336023418214e-07	3.169597327677491e-07	2.460462902892656e-07	1.87784611381442e-07	2.239141677312977e-07	2.448300039949742e-07	2.6535245194979e-07	2.581886967066454e-07	2.388425195169711e-07
2.930169204179622e-07	2.713286891316248e-07	2.166885319731948e-07	2.919171838627297e-07	2.76633372089474e-07	2.792495148947064e-07	3.026876417115667e-07	2.620988244877294e-07	1.90404193310404e-07	1.21173320308951e-07	1.904506322638927e-07	4.157484929106941e-07	2.853862836083693e-07	2.392600436011019e-07	2.352427334630203e-07	3.433345757595315e-07	2.472613199455786e-07	2.420793568278459e-07	2.649989698365667e-07	2.855524173292992e-07	1.576360474165088e-07	1.578433194005203e-07	4.166531531577874e-07	1.941562509048809e-07	3.554863880778456e-07	2.912930922929621e-07	2.630626235429621e-07	2.950895584993574e-07	2.52136142801683e-07	1.796430014499393e-07	1.742514907304623e-07	4.224719213263919e-07	1.835355069005205e-07	1.954303651854042e-07	1.899771675109856e-07	3.102959447638923e-07	2.170217805197065e-07	2.126779669295901e-07	2.186664116970321e-07	1.114546202726137e-07	2.85212478194125e-07	2.680661209993576e-07	1.739358748147649e-07	3.328823501054617e-07	2.340543704542992e-07	2.575246148220321e-07	2.122214262319157e-07	2.157926199092413e-07	3.091084947275549e-07	2.021029805560437e-07	1.783337036665088e-07	1.686941869513926e-07	3.330490561374387e-07	3.368768223074967e-07	2.454395993787179e-07	2.603611518859854e-07	2.787425971984856e-07	1.793291842261018e-07	1.50851449851102e-07	2.871899763772645e-07	2.785351344441249e-07	2.37837509989183e-07	2.877534983612758e-07	1.912682058467413e-07	3.128302879688341e-07	2.403111882231948e-07	3.018911209993573e-07	2.888608793569155e-07	2.103370376054624e-07	1.394415842987764e-07	2.14942588114183e-07	2.568161346258111e-07	2.305303243060435e-07	1.673288844441251e-07	1.616379051563348e-07	2.111492287391832e-07	4.525264816461592e-07	2.502218168569158e-07	2.473518813554622e-07	2.432013181287181e-07	5.396661800473216e-07	2.35321712387439e-07	2.8557562317959e-07	2.514540842987761e-07	2.771832948729038e-07	2.687789889136015e-07	2.662980205269737e-07	1.667294295022649e-07	3.157792160211597e-07	3.095351253598226e-07	5.600737972348216e-07	2.442018541025552e-07	2.205413708176715e-07	2.153592850618576e-07	1.576875417842414e-07	2.156045612246484e-07	2.014256368060437e-07	2.176342487246483e-07	1.736834856432531e-07	2.216190325182531e-07	2.006819594804623e-07	2.442124691098229e-07	3.293950545022643e-07	5.64616189131624e-07	2.422253233976132e-07	1.881808057740669e-07	1.542500372420903e-07	3.446712899673804e-07	1.741814643859857e-07	1.382965261592416e-07	2.616229342261016e-07	1.34530828484823e-07	1.794642905124391e-07	2.065984838263924e-07	2.868203724528459e-07	2.356551244513925e-07	1.638707358249392e-07	1.353539752871485e-07	1.838324818278462e-07	2.976429651127294e-07	2.847196366243574e-07	2.071216306287182e-07	1.714296429833694e-07	2.193470394223227e-07	2.742091306287179e-07	3.449405486883107e-07	2.945837717987759e-07	2.392030713990669e-07
