2.05964331358915e-08	1.212800337603101e-08	7.188237337604129e-09	6.230487320457091e-09	8.274819560529074e-09	1.113431964915445e-08	1.518684549702108e-08	1.85471841259845e-08	1.948097365847676e-08	1.904493046934083e-08	1.889923287260075e-08	1.761120372540035e-08	1.60111995289351e-08	1.161041667885001e-08	7.728533273252964e-09	7.15716482169605e-09	7.256585982847984e-09	6.669450639975726e-09	5.924272590954401e-09	6.907380426153974e-09	1.059986616106768e-08	1.443735859823323e-08	1.826939286129805e-08	1.885265169955826e-08	1.60366401844492e-08	9.670848746616356e-09	9.185005308778136e-09	1.05813840294103e-08	1.295508241663746e-08	1.45713987697464e-08	1.58077995475867e-08	1.523129681008397e-08	1.457716204846412e-08	1.429825824777534e-08	1.484743606417327e-08	1.501796289068249e-08	1.526266549630548e-08	1.671327457905879e-08	1.838932801961095e-08	1.938578770826646e-08	1.811868926042747e-08	1.58705898181268e-08	1.324512076224979e-08	1.001611786112832e-08	7.31523809752515e-09	5.972388734395803e-09	7.194643059040825e-09	9.699708582601266e-09	1.137549848805227e-08	1.380623513557717e-08	1.586047071740771e-08	1.602957419309152e-08	1.333295219606885e-08	1.041088651035676e-08	1.020539194519482e-08	1.218846388484229e-08	1.281468887030481e-08	1.283844510794905e-08	1.14299685033339e-08	1.070145616658478e-08	1.087922320420791e-08	1.037913803010923e-08	9.95555060026072e-09	1.141889674917054e-08	1.401481584796262e-08	1.608372225237005e-08	1.79273376169936e-08	1.939476941964766e-08	1.882642046025502e-08	1.735378720379634e-08	1.512770733010711e-08	1.290249612772859e-08	8.792239422696159e-09	5.437123978870046e-09	5.854509777024179e-09	8.686521860801401e-09	1.189636824653045e-08	1.35226907215196e-08	1.349000640033259e-08	1.360870798166645e-08	1.387874635228947e-08	1.301767622291012e-08	1.155349360486079e-08	1.242811650010798e-08	1.428366533952614e-08	1.576226132584722e-08	1.746733809821992e-08	1.804101917372329e-08	1.770956574890032e-08	1.692554598208588e-08	1.478369911331051e-08	1.128398734542625e-08	9.594647725232883e-09	1.046999839387528e-08	1.111891303159693e-08	1.282376158292065e-08	1.377408037007232e-08	1.419615603148841e-08	1.439171437101135e-08	1.413444018163401e-08	1.3499763097935e-08	1.301572796123936e-08	1.072102796497289e-08	1.046286086711742e-08	1.050623607170439e-08	1.122835040813684e-08	1.255379654725223e-08	1.304934260850021e-08	1.271502942006017e-08	1.079655420561157e-08	1.189551022668241e-08	1.40506484851514e-08	1.48481173655962e-08	1.609843624895109e-08	1.591581508451484e-08	1.339512800360818e-08	1.170475079625783e-08	1.144827640361129e-08	1.126799560794763e-08	1.17675201049187e-08	1.143828983677955e-08	1.284524768887821e-08	1.493246422408837e-08	1.588966999706825e-08	1.473639194811203e-08	1.290608979700115e-08	1.115331908007568e-08	1.287287378934265e-08
1.83167849099149e-08	1.220211772545039e-08	9.132494115078344e-09	7.752261053183077e-09	8.667017655273545e-09	1.067186321716195e-08	1.324075474789686e-08	1.584759222874813e-08	1.743817398047496e-08	1.786346343827662e-08	1.727610946491847e-08	1.643218731355843e-08	1.472988796632434e-08	1.375496642522959e-08	1.298094437236035e-08	1.180585737795884e-08	1.106095672951549e-08	1.037048328307146e-08	9.509499184027483e-09	1.028976496694413e-08	1.127928651188764e-08	1.232841903918686e-08	1.464530290983445e-08	1.58925858525411e-08	1.463809190435054e-08	1.291961399771427e-08	1.217142178310364e-08	1.156469118415378e-08	1.155295268857919e-08	1.183534563260974e-08	1.19600993803832e-08	1.185257944919574e-08	1.098550266020422e-08	1.079285961721705e-08	1.210512361213905e-08	1.379142039668168e-08	1.472084033630495e-08	1.519570518516729e-08	1.55183028036947e-08	1.599088790484015e-08	1.616133225892706e-08	1.5954651252033e-08	1.537126441568292e-08	1.403438584825884e-08	1.126546001540111e-08	9.026129607791068e-09	8.146483580329646e-09	1.051267446850381e-08	1.325841996574177e-08	1.487524305514347e-08	1.566508308058953e-08	1.532637476046951e-08	1.39347046377822e-08	1.269716236781149e-08	1.191559500256206e-08	1.166552322429383e-08	1.19470122000643e-08	1.193032178657243e-08	1.191721868409982e-08	1.168140599165493e-08	1.167548481949841e-08	1.205029933156163e-08	1.220232716685666e-08	1.281042664755926e-08	1.394996117172826e-08	1.53191051219897e-08	1.646514977422149e-08	1.738798447694577e-08	1.755944169374737e-08	1.660221323680816e-08	1.413898090488305e-08	1.092394304168406e-08	8.314769903148524e-09	7.593688916423833e-09	8.307914235011809e-09	1.023095889271001e-08	1.245741490017205e-08	1.400643442429989e-08	1.480238623834467e-08	1.47696358184667e-08	1.375711103585333e-08	1.221721839025331e-08	1.113040870209438e-08	1.162800258803511e-08	1.348349012439186e-08	1.548970686410649e-08	1.65903603951302e-08	1.66343816280992e-08	1.584788016360302e-08	1.460783987601912e-08	1.298950933492284e-08	1.114357782205494e-08	1.027683178142223e-08	1.136975964514971e-08	1.268719579306655e-08	1.36255090601884e-08	1.350564261671089e-08	1.225203020154363e-08	1.144868762655269e-08	1.094463608644715e-08	1.179587001656189e-08	1.241817007789453e-08	1.235885661044589e-08	1.207048521705485e-08	1.155301653510843e-08	1.148534279492594e-08	1.239550297046068e-08	1.368002782171828e-08	1.405655096586623e-08	1.367599113945851e-08	1.382081272812885e-08	1.517002026759279e-08	1.651676326950013e-08	1.7182258700226e-08	1.648774634813908e-08	1.413166484056938e-08	1.207552874360804e-08	1.130022198027757e-08	1.120251814365827e-08	1.072660705527212e-08	1.070258218973255e-08	1.211143517574662e-08	1.29922193225684e-08	1.326989383132204e-08	1.271857807943753e-08	1.179133796246819e-08	1.275171245247435e-08	1.56002214206357e-08
1.436584445821089e-08	1.109633500923775e-08	1.013302141877086e-08	9.893409560747586e-09	1.083170157818223e-08	1.159160882942072e-08	1.300441046512263e-08	1.544872724078141e-08	1.696464587066003e-08	1.747808276719874e-08	1.600968774525135e-08	1.489920776149267e-08	1.429872866955676e-08	1.375681206448786e-08	1.357632696476553e-08	1.330574943694948e-08	1.294612416942164e-08	1.249845485501307e-08	1.271805543989696e-08	1.337954458580766e-08	1.372945670236725e-08	1.339146330426141e-08	1.342246447669859e-08	1.329518741722204e-08	1.301036865915158e-08	1.309675477906015e-08	1.325327212970139e-08	1.332968325132711e-08	1.340202263330568e-08	1.249020150119079e-08	1.036844982359731e-08	8.395102615235197e-09	6.646068587004897e-09	5.876142261155906e-09	7.217264462196878e-09	9.764601291840375e-09	1.170807064860394e-08	1.319887499266785e-08	1.43881906456698e-08	1.504999322747339e-08	1.578801922991057e-08	1.630076047900093e-08	1.658842570869436e-08	1.582141545622318e-08	1.430163417726087e-08	1.127487438329172e-08	1.043757630142544e-08	1.156353757215426e-08	1.374762128491907e-08	1.533032163144442e-08	1.608538118332184e-08	1.563565546251264e-08	1.435833429852381e-08	1.300776726517643e-08	1.241372417151599e-08	1.257617511958935e-08	1.289159637434639e-08	1.403884742465678e-08	1.47354643626972e-08	1.460419264880937e-08	1.447472803554287e-08	1.457327597573325e-08	1.444711727583683e-08	1.394526450724813e-08	1.40482483093346e-08	1.452963141852276e-08	1.531384035032402e-08	1.609899083610316e-08	1.650775863883823e-08	1.63136854230218e-08	1.423421859587181e-08	1.019376363905659e-08	8.491957090119353e-09	8.676025698819204e-09	9.010799625122027e-09	9.7224204747666e-09	1.06598553283511e-08	1.099315723224308e-08	1.117477731373831e-08	1.112912418913835e-08	1.040343477951042e-08	1.043082664241263e-08	1.030593564743973e-08	1.10092797156305e-08	1.254072746956282e-08	1.422123915739661e-08	1.552265295590827e-08	1.621855578625055e-08	1.600710875072097e-08	1.451104784023845e-08	1.271095067051048e-08	1.181371137738572e-08	1.212101551220597e-08	1.287847064099983e-08	1.370887308064989e-08	1.453677355222757e-08	1.453238713048729e-08	1.346942492589198e-08	1.187596490037296e-08	1.035553708753189e-08	1.0869520220525e-08	1.2135604136901e-08	1.2871497814167e-08	1.360537137666405e-08	1.343214947495427e-08	1.355895953795325e-08	1.353337977332593e-08	1.418540698648605e-08	1.49872303931164e-08	1.541106330119424e-08	1.583436446816753e-08	1.625744288802386e-08	1.630345849876704e-08	1.604820848545155e-08	1.496403722967635e-08	1.305136282918593e-08	1.106498296777153e-08	1.036320551446449e-08	9.890447065348378e-09	1.017529152054099e-08	1.03130886260065e-08	1.053074652184684e-08	1.075346642108754e-08	1.128365880442908e-08	1.18202884238822e-08	1.296757609307697e-08	1.465086325776538e-08	1.830422927340478e-08
1.342428739444528e-08	9.396033349845307e-09	9.57732147753058e-09	1.080065287776365e-08	1.216155876107407e-08	1.381163982140092e-08	1.597791077166047e-08	1.730322939203934e-08	1.78636989350681e-08	1.713192190320569e-08	1.533483126279774e-08	1.315195046691838e-08	1.231887412791207e-08	1.1930950603863e-08	1.229046999922607e-08	1.249274267170398e-08	1.284002120418761e-08	1.325736450719059e-08	1.412242365381584e-08	1.543565652360655e-08	1.553793212154712e-08	1.427880309141997e-08	1.165867498066491e-08	9.790117887469967e-09	1.108742540078116e-08	1.238268061666515e-08	1.2544696846021e-08	1.119662193358168e-08	9.47028903873853e-09	8.572950846259458e-09	8.655753993573246e-09	8.813739310178193e-09	7.84019259846703e-09	7.319482092941844e-09	9.288572021232556e-09	1.103200410773407e-08	1.300257849788475e-08	1.482329612806925e-08	1.634344972300995e-08	1.733688381860911e-08	1.75774300554991e-08	1.766869301400886e-08	1.768621947902362e-08	1.657401824626028e-08	1.357782639036717e-08	1.224316737383813e-08	1.189119016841872e-08	1.274825317614447e-08	1.43617883317759e-08	1.560030134220717e-08	1.555859257557394e-08	1.468928311278646e-08	1.321867884996411e-08	1.288177698310154e-08	1.345225375696256e-08	1.432660084146312e-08	1.527847611249597e-08	1.608152862063124e-08	1.628309366810021e-08	1.62602838061867e-08	1.601302820836989e-08	1.546581312629931e-08	1.431681202092035e-08	1.309397655986561e-08	1.255155642373053e-08	1.261400878749941e-08	1.275317383066224e-08	1.296893068046439e-08	1.243136667676606e-08	1.129121891084977e-08	1.007639403169628e-08	9.013052998118352e-09	8.327351534736156e-09	8.848920804518778e-09	9.672380969802787e-09	1.042039305594936e-08	1.018756843277026e-08	9.652650569901966e-09	9.720684301664938e-09	9.938879929498651e-09	9.854444435919047e-09	9.542627102918836e-09	9.38041458895089e-09	9.895661060054198e-09	1.13899131585539e-08	1.325949475519588e-08	1.482529278411285e-08	1.578536780708286e-08	1.553603876566351e-08	1.528406473656562e-08	1.518011311368074e-08	1.50731103889058e-08	1.549089809539279e-08	1.567892163927553e-08	1.578784710918504e-08	1.574203570353403e-08	1.546584913235053e-08	1.50345199649695e-08	1.437241165287529e-08	1.385649920224314e-08	1.326027865536522e-08	1.296072819632508e-08	1.333482795727343e-08	1.40806447705624e-08	1.436820251643718e-08	1.442361849941879e-08	1.462388303801326e-08	1.481794421684592e-08	1.500562361334429e-08	1.526218148300547e-08	1.521027161981323e-08	1.515146740777109e-08	1.440669086919526e-08	1.290034904109742e-08	1.078315894388514e-08	9.111063308045288e-09	8.336529730720066e-09	8.685726185824088e-09	9.328735667894911e-09	9.360212135343134e-09	9.308081832692966e-09	1.01528878261501e-08	1.091386851047871e-08	1.166636001407457e-08	1.286288095109925e-08	1.472965222775594e-08	1.719116222755642e-08	2.002103715901288e-08
1.20302348814496e-08	9.06350331707538e-09	8.447911127803817e-09	1.063482617842785e-08	1.343544586767505e-08	1.586798381200118e-08	1.740331822674522e-08	1.84176011735501e-08	1.860812134595969e-08	1.744591331683973e-08	1.575989259792266e-08	1.422815347954655e-08	1.217100708696025e-08	1.056838246855893e-08	1.070199454390621e-08	1.121337591478234e-08	1.187562849483574e-08	1.306537705316289e-08	1.470667737889702e-08	1.627101520377858e-08	1.579664942088598e-08	1.396210393085353e-08	1.114419945291941e-08	9.002188584471061e-09	8.516443315933827e-09	8.781493087076303e-09	9.042770171405107e-09	9.30008903186881e-09	9.176119431304793e-09	9.500521491984142e-09	9.292542452518229e-09	9.231028080943985e-09	9.919415352037899e-09	1.120681588261237e-08	1.226344990822874e-08	1.346652155930822e-08	1.443890637602142e-08	1.570872142197479e-08	1.712518806980767e-08	1.800950103204667e-08	1.828635309580103e-08	1.795588866634221e-08	1.769718312280803e-08	1.592627462925071e-08	1.31713961974215e-08	1.169579933863386e-08	1.180143533339527e-08	1.228156447882784e-08	1.298554685205466e-08	1.308383498751322e-08	1.295384915306741e-08	1.267127518974588e-08	1.306615419229585e-08	1.413874529478019e-08	1.521039470143192e-08	1.650767074619884e-08	1.79554019490491e-08	1.887493572197559e-08	1.858761772470002e-08	1.747088154522654e-08	1.575128675614703e-08	1.395712816206185e-08	1.186234396416818e-08	1.09758714695045e-08	1.07698933064409e-08	1.1621803458773e-08	1.240028445576151e-08	1.189857232339377e-08	1.170098756433645e-08	1.158139577786798e-08	1.07856025028569e-08	9.540053223165466e-09	8.523786911229332e-09	9.471915383761541e-09	9.819733380268773e-09	9.190132141801568e-09	9.242728225241961e-09	9.298629285660896e-09	8.603484623137863e-09	8.062490350588989e-09	8.731687233505892e-09	9.554907988278089e-09	1.000400309972095e-08	1.000340468950472e-08	1.06090409260005e-08	1.182071837674426e-08	1.37136467431321e-08	1.485430164601764e-08	1.531782571394732e-08	1.563193674774919e-08	1.63243163182542e-08	1.694195298502611e-08	1.73335371393401e-08	1.749858981847074e-08	1.736115646583797e-08	1.722241617842812e-08	1.693089503380691e-08	1.580702995854915e-08	1.483078422091656e-08	1.437859472918034e-08	1.437424106247545e-08	1.489232482650472e-08	1.570565825126007e-08	1.605895795116882e-08	1.602667482221382e-08	1.53814671523803e-08	1.412224492321817e-08	1.307764916554606e-08	1.269909001575657e-08	1.215552498868787e-08	1.16719445785849e-08	1.162415053197104e-08	1.125635884981167e-08	1.003902968463439e-08	9.403872508357102e-09	1.010361813990283e-08	9.49635571867221e-09	9.239907149559657e-09	9.257021694195048e-09	1.007386157190491e-08	1.116042969116792e-08	1.198665933016865e-08	1.232415327593493e-08	1.292509823418373e-08	1.37118224524931e-08	1.483288540085622e-08	1.643677153182728e-08	1.852101909480964e-08
1.182696027455366e-08	9.275952760090912e-09	8.505422956046198e-09	1.011568704149142e-08	1.365109064946604e-08	1.631761090374756e-08	1.79615679493756e-08	1.910831150214713e-08	1.937808266882032e-08	1.816492739156655e-08	1.622083054212188e-08	1.384527257956565e-08	1.171501310305584e-08	1.073321870072335e-08	1.089793509472536e-08	1.06986046652898e-08	1.035977173598236e-08	1.161477536845917e-08	1.325507912528908e-08	1.399680108451238e-08	1.368767266308437e-08	1.232638087021172e-08	1.05906116435213e-08	9.610742643813077e-09	8.4804844255639e-09	8.933851750885531e-09	9.762967540222492e-09	1.03635083741854e-08	1.081013750487031e-08	1.125302237990317e-08	1.146522227476763e-08	1.14461666831155e-08	1.179882854465245e-08	1.274906649847429e-08	1.376844756953672e-08	1.432859566724857e-08	1.473097513820763e-08	1.557884334438633e-08	1.657028775404377e-08	1.725257444031919e-08	1.762562647154247e-08	1.716136616457075e-08	1.570893369166502e-08	1.402273041665942e-08	1.285719620243883e-08	1.221245682670068e-08	1.171149720984031e-08	1.158081507596948e-08	1.13680229896865e-08	1.152598245022764e-08	1.228127603652043e-08	1.303072493122824e-08	1.354834774419354e-08	1.421166363204041e-08	1.55490799305024e-08	1.741010451604204e-08	1.866360354646209e-08	1.930998093404818e-08	1.934965049062218e-08	1.810411839744511e-08	1.595098740765188e-08	1.394677953272065e-08	1.246910302510125e-08	1.046229979397661e-08	1.003898166507887e-08	1.127500960209527e-08	1.213405660970402e-08	1.18621831271248e-08	1.128957520186241e-08	1.109553620162737e-08	1.075239401353063e-08	9.657024813385463e-09	9.016727376425276e-09	9.586169410232689e-09	1.008324937494316e-08	1.013106155194531e-08	9.277238297217774e-09	8.050038756489071e-09	7.807476714131881e-09	8.700572088517274e-09	9.447043726766804e-09	9.820664148603822e-09	1.012321212453954e-08	1.020381492920943e-08	1.074134221895831e-08	1.135852763547752e-08	1.190436268338974e-08	1.237865963328499e-08	1.308291958718138e-08	1.431859021913619e-08	1.57081482451487e-08	1.702488297589559e-08	1.796658911148365e-08	1.830643480691039e-08	1.834556995409137e-08	1.800790348933824e-08	1.744358178366927e-08	1.695355154584512e-08	1.661238250883839e-08	1.672087571186079e-08	1.682540575369961e-08	1.722661983272767e-08	1.649007891740725e-08	1.582148884368168e-08	1.537038061921342e-08	1.49844589219778e-08	1.405872994915733e-08	1.334594067371795e-08	1.284439528562137e-08	1.217512841971057e-08	1.178886397915318e-08	1.085383157665386e-08	8.990770736888876e-09	8.762285640357025e-09	7.676727341545613e-09	7.16496316896065e-09	7.5262260548158e-09	7.400067113218743e-09	8.895937278978439e-09	1.118120566274539e-08	1.274420913243761e-08	1.358186684052499e-08	1.39927173149409e-08	1.442604630797666e-08	1.480296926618423e-08	1.511990972068693e-08	1.575033746092319e-08	1.736933143768261e-08
1.021610041015417e-08	8.531300360561082e-09	8.608381613157223e-09	9.99311869859268e-09	1.336286302887198e-08	1.667935437727104e-08	1.911134293484114e-08	2.058197822669904e-08	2.041097737861735e-08	1.874789038685541e-08	1.642122925101548e-08	1.403324656548337e-08	1.180906465228471e-08	1.095450577677404e-08	1.116673460210122e-08	1.063425743035086e-08	9.356063825913621e-09	9.141625856625734e-09	1.044262506096109e-08	1.197577641846261e-08	1.291044416098917e-08	1.249146574314708e-08	1.237763776182004e-08	1.219104700295362e-08	1.087490065724408e-08	1.121962880977476e-08	1.19422029962868e-08	1.206136858453207e-08	1.180286466511266e-08	1.161876758877935e-08	1.158400977443872e-08	1.177355422100088e-08	1.218695869437763e-08	1.342729045589674e-08	1.406089860848503e-08	1.325764023276504e-08	1.267675598173484e-08	1.292142177725205e-08	1.361418310531503e-08	1.40004346903358e-08	1.355190016941273e-08	1.317359219973578e-08	1.339337040032793e-08	1.428650553904317e-08	1.479676328643148e-08	1.424510453971135e-08	1.383838574674156e-08	1.319934565664664e-08	1.112095510237294e-08	9.866214327900244e-09	1.018943865603529e-08	1.22414783792504e-08	1.421188702627455e-08	1.579893309374737e-08	1.75306838000842e-08	1.918086818964225e-08	1.991974648214326e-08	1.997368050492896e-08	1.979534733854307e-08	1.900764779988844e-08	1.836501709104882e-08	1.658515176648065e-08	1.29138008149679e-08	9.312381470868689e-09	8.270361885148126e-09	9.259812821862143e-09	1.062128325283758e-08	1.144967595235252e-08	1.151881168413423e-08	1.113055833421589e-08	9.83243423166877e-09	8.982399230556927e-09	9.787542543395076e-09	1.066385508733164e-08	1.138515670307729e-08	1.021656333866378e-08	8.817764809788178e-09	8.395836279730624e-09	8.950886959077667e-09	1.040758515898644e-08	1.163450182848335e-08	1.195281087843611e-08	1.121172347683517e-08	1.099544815619945e-08	1.070056723935179e-08	1.055343824622369e-08	1.093127764772017e-08	1.153237451130208e-08	1.205500522940027e-08	1.257460803126338e-08	1.452443792793865e-08	1.662207302976445e-08	1.750964068246662e-08	1.74133878994137e-08	1.716302489891574e-08	1.728650369566478e-08	1.755740701702462e-08	1.752299292316214e-08	1.680593426475354e-08	1.59341035196817e-08	1.596339676346807e-08	1.583750601545567e-08	1.540532064561359e-08	1.474201112840231e-08	1.429989839219644e-08	1.355062208587574e-08	1.324819144421295e-08	1.271332257991583e-08	1.315258010699757e-08	1.388662367483611e-08	1.370803818386286e-08	1.133394335155204e-08	1.03847065269074e-08	9.803690055616382e-09	8.458788823828753e-09	7.85809144839439e-09	8.151821648497442e-09	8.96212308235391e-09	1.036371429219227e-08	1.160149202498595e-08	1.229749133985884e-08	1.328067044478282e-08	1.417298820518588e-08	1.467179930549932e-08	1.470072359858076e-08	1.493769072584515e-08	1.492906300486417e-08	1.535268629475462e-08
1.157294209209924e-08	8.57262978445239e-09	7.52526367981076e-09	8.351114617129395e-09	1.142321188329809e-08	1.47762438920238e-08	1.833091889788367e-08	2.042395018793335e-08	2.067458582121101e-08	1.960743104015156e-08	1.752092014058504e-08	1.53925348035587e-08	1.374727596533498e-08	1.28085316077975e-08	1.219633422400713e-08	1.062561828375781e-08	9.149925243788806e-09	9.95444036364156e-09	1.130184176029326e-08	1.311449209675968e-08	1.433420936926093e-08	1.352574502247661e-08	1.408180036744024e-08	1.328494141312724e-08	1.060545250415537e-08	1.071873616857179e-08	1.120939697489211e-08	1.094453022394253e-08	1.022458973926536e-08	1.040621027853362e-08	1.058306283344246e-08	1.052781942335462e-08	1.129563121055583e-08	1.258389928742118e-08	1.31848826833867e-08	1.317331261717936e-08	1.224681898782369e-08	1.09328889230302e-08	1.07397345696014e-08	1.098801850160611e-08	1.205455873059159e-08	1.326014487174108e-08	1.39256265839784e-08	1.510691749734836e-08	1.552149997149134e-08	1.494300021413896e-08	1.389944574667009e-08	1.322065276138348e-08	1.260495777492985e-08	1.152443596013364e-08	1.111077518165601e-08	1.317461797427627e-08	1.552858586823435e-08	1.719229580712478e-08	1.793974750516941e-08	1.837475618348173e-08	1.89502945483483e-08	1.906326982365197e-08	1.826148229926006e-08	1.81294993666875e-08	1.761167984443911e-08	1.602957382579672e-08	1.315735541508337e-08	1.035334622191006e-08	9.503922285315569e-09	1.06095900233575e-08	1.216215918594257e-08	1.303061689048986e-08	1.253656035819469e-08	1.098223997514266e-08	9.424251812007211e-09	8.919184764756066e-09	9.542962532932685e-09	1.023997119349564e-08	1.070893323648142e-08	1.072398975985258e-08	1.021013320576174e-08	9.695815367523917e-09	9.784899692747625e-09	1.08549187488911e-08	1.192554609326044e-08	1.224273009210614e-08	1.210847719830341e-08	1.167388876720877e-08	1.109002884706587e-08	1.096053218597777e-08	1.075746577705549e-08	1.055633278579759e-08	1.111150528635445e-08	1.249839096910167e-08	1.426430093104583e-08	1.588105768279684e-08	1.651868766826529e-08	1.670499013790089e-08	1.711857396454894e-08	1.730645940516549e-08	1.719277686577201e-08	1.624897898802047e-08	1.500253941414785e-08	1.413172981939946e-08	1.42393124317266e-08	1.419296652279343e-08	1.376551298505627e-08	1.408752233873562e-08	1.440360508584928e-08	1.38074156375921e-08	1.425905216212298e-08	1.492742520606648e-08	1.520765754229975e-08	1.366499109409239e-08	1.022240118733618e-08	9.404301560756725e-09	9.247589089218611e-09	9.071452042434406e-09	9.100192496379072e-09	9.40713325742965e-09	1.06689660859045e-08	1.182726269979508e-08	1.295500451427038e-08	1.382331429510848e-08	1.375058373253593e-08	1.394095780174044e-08	1.446693027932849e-08	1.555173734585587e-08	1.590978407683404e-08	1.448164837011026e-08	1.194277971082222e-08	1.145784739493692e-08
1.133093975134909e-08	7.727525879418086e-09	7.805754844809583e-09	9.525015006066399e-09	1.129743793620195e-08	1.349659741084253e-08	1.687337117656345e-08	1.938766658225124e-08	1.990473613735281e-08	1.932670122930984e-08	1.757514786320405e-08	1.555243597474939e-08	1.491539217317725e-08	1.460529515603202e-08	1.401614588842907e-08	1.352271088735636e-08	1.319812420657652e-08	1.326649566678707e-08	1.289594789466429e-08	1.321601639383817e-08	1.256523903928044e-08	1.229965315151901e-08	1.143690455789364e-08	8.768427013830781e-09	6.706627869376411e-09	8.19204875469954e-09	9.451598287807259e-09	9.805107018264987e-09	9.930319087249055e-09	1.125940969972405e-08	1.175461999782237e-08	1.186762424334179e-08	1.280452147779847e-08	1.403647664106364e-08	1.412950407223133e-08	1.353556241816849e-08	1.278211123942579e-08	1.156688826584879e-08	1.087008881785284e-08	1.091761724990969e-08	1.155826012656567e-08	1.279172950674278e-08	1.416518041591611e-08	1.537668918455662e-08	1.544546575788351e-08	1.467316300885631e-08	1.426669937277671e-08	1.415064018249187e-08	1.387241622340384e-08	1.207427625978818e-08	1.086851808031798e-08	1.342356467084195e-08	1.52134958392671e-08	1.616308983766901e-08	1.657432834395459e-08	1.659834898818071e-08	1.766870928655516e-08	1.78998462441079e-08	1.729209299577287e-08	1.690189111613992e-08	1.612612657566702e-08	1.481430916195532e-08	1.326857038505936e-08	1.088583040824786e-08	9.250633173120247e-09	9.796657626526387e-09	1.116648873092014e-08	1.2078147427051e-08	1.238117929725639e-08	1.230230192935585e-08	1.169105228054501e-08	1.130218050311268e-08	1.181499214591035e-08	1.232464497682958e-08	1.260519851236078e-08	1.258156654391184e-08	1.225407998897642e-08	1.147217963401941e-08	1.031158931049492e-08	1.096019015369674e-08	1.206038944744714e-08	1.270717639891267e-08	1.259899015219738e-08	1.18868475853696e-08	1.057086078263916e-08	9.405455589366722e-09	1.020110973394044e-08	1.099650726802233e-08	1.186703564076309e-08	1.213368660087198e-08	1.353132637587511e-08	1.522998000407853e-08	1.602244580998532e-08	1.605929955486277e-08	1.586823663821132e-08	1.597689473236676e-08	1.630937125467707e-08	1.543187073139649e-08	1.439989046421796e-08	1.343907605335199e-08	1.345392038566909e-08	1.346296969919493e-08	1.240926278781892e-08	1.285664655954388e-08	1.382344379834208e-08	1.387528828927189e-08	1.451970016016043e-08	1.394497429315947e-08	1.23760670741102e-08	9.886977727746578e-09	1.009706387594433e-08	1.089252778361233e-08	1.136643924503139e-08	1.144155821845611e-08	1.134228735243369e-08	1.174553999939715e-08	1.227203703814321e-08	1.374935640339054e-08	1.489278860885901e-08	1.52473017641025e-08	1.503666937153594e-08	1.471085790689545e-08	1.471971956212378e-08	1.415515917613103e-08	1.361766419748622e-08	1.265151074891246e-08	1.087628734472108e-08	1.100429496178647e-08
9.1799682330816e-09	7.792534459014221e-09	8.798855177834251e-09	9.554961224128173e-09	1.156594819696045e-08	1.437573478295645e-08	1.654771616869733e-08	1.815411853594728e-08	1.866381525424197e-08	1.814928545570856e-08	1.758835196018563e-08	1.64502572512458e-08	1.639197883768833e-08	1.726016909258776e-08	1.716658801598902e-08	1.663702892125033e-08	1.544304386964937e-08	1.403520740762753e-08	1.30905039504942e-08	1.207905946229019e-08	1.167806089687286e-08	1.045261152423919e-08	8.325741129593769e-09	5.296007801495525e-09	4.605767914359106e-09	5.801148855980309e-09	6.995098360338326e-09	8.337394706663816e-09	9.374417533036476e-09	1.033154146534626e-08	1.105704306786456e-08	1.207818930978081e-08	1.369601462405681e-08	1.485379280385658e-08	1.547552138948998e-08	1.556069872726766e-08	1.518432167805436e-08	1.434601321754001e-08	1.327176036135994e-08	1.241391187364854e-08	1.335639662529278e-08	1.481666343298023e-08	1.573851598755933e-08	1.589559099572616e-08	1.56650507261533e-08	1.512236006834452e-08	1.396584918704691e-08	1.257280198878741e-08	1.207488888456826e-08	1.07372818996233e-08	9.918021659159577e-09	1.172952841852099e-08	1.383358103597069e-08	1.532524890429106e-08	1.552592879307174e-08	1.519030342352919e-08	1.605372885221098e-08	1.638156398519437e-08	1.609875196826987e-08	1.520568175852141e-08	1.445710132015448e-08	1.430602457506769e-08	1.347046308271561e-08	1.195082591432749e-08	1.035100187418656e-08	9.425746883334079e-09	1.045785695883138e-08	1.193902354008265e-08	1.251179830891168e-08	1.285546725165639e-08	1.266864620205776e-08	1.2404284795071e-08	1.304335901299473e-08	1.398268737805924e-08	1.431732458138808e-08	1.404752005781778e-08	1.35506703154603e-08	1.335501148183214e-08	1.240461076715096e-08	1.251003236724483e-08	1.28415762197681e-08	1.234319744528701e-08	1.199555568008204e-08	1.149687040247069e-08	1.092248983247676e-08	1.095119380280929e-08	1.211084092600011e-08	1.326966522012532e-08	1.359758522504142e-08	1.324511719821348e-08	1.341880787741068e-08	1.396731045672866e-08	1.368312251170951e-08	1.173584973658658e-08	1.13685213057775e-08	1.341017292625906e-08	1.461627335500539e-08	1.453331203442901e-08	1.376379055567764e-08	1.291012960920517e-08	1.242379658504251e-08	1.222812801064324e-08	1.10394117721631e-08	1.096842312565222e-08	1.284344904882893e-08	1.417353948781001e-08	1.427808874729425e-08	1.338161254941731e-08	1.208570036331376e-08	1.114270795124659e-08	1.228554067271855e-08	1.339980772796268e-08	1.372883860226766e-08	1.34965055038236e-08	1.322830558500144e-08	1.322331327191529e-08	1.355417797297666e-08	1.421799189573114e-08	1.460824237642128e-08	1.509894572551419e-08	1.508333352857354e-08	1.440711638350391e-08	1.41228321505212e-08	1.354787654918293e-08	1.252755249119118e-08	1.143506778894597e-08	1.094522770167455e-08	1.06766016694361e-08
1.159338102289426e-08	9.347098438756498e-09	9.136712834771165e-09	9.98156499061686e-09	1.127816909618327e-08	1.189499207228178e-08	1.288811549015319e-08	1.569079424247911e-08	1.796452853600266e-08	1.865321248942665e-08	1.730421861654909e-08	1.535079371708023e-08	1.694184444261033e-08	1.853189979547657e-08	1.838592792101613e-08	1.733368661939278e-08	1.650667169175786e-08	1.567854571954452e-08	1.44720989011437e-08	1.266098923888025e-08	1.084865799669747e-08	9.789414183292161e-09	8.502558168984362e-09	4.046076493702014e-09	3.359945337625067e-09	4.558237064473891e-09	5.755021526488559e-09	7.855463038078629e-09	9.501671718744327e-09	1.046728089985932e-08	1.195918731164727e-08	1.412819426691781e-08	1.561640130662706e-08	1.657460633595222e-08	1.677642924116059e-08	1.629722734729439e-08	1.475974484716419e-08	1.389890461257384e-08	1.363918534936614e-08	1.352788759652354e-08	1.462101005011827e-08	1.533432155593334e-08	1.581859422008627e-08	1.577198680933174e-08	1.549613547945438e-08	1.416114750042132e-08	1.274756833831499e-08	1.125528462250333e-08	1.028766025302344e-08	9.014789909167824e-09	9.020686781116775e-09	1.098414015811693e-08	1.271740399120918e-08	1.429578054526849e-08	1.541739347445704e-08	1.608210327990868e-08	1.644063717185556e-08	1.63419787151883e-08	1.60122832871404e-08	1.499878728971521e-08	1.26978534990875e-08	1.288107428451e-08	1.283262378233051e-08	1.24768994175375e-08	1.105937949193865e-08	9.711414995385732e-09	9.639788276785642e-09	1.069344698581964e-08	1.189154942234425e-08	1.308303569791704e-08	1.411684211064837e-08	1.469103100732804e-08	1.518257634939326e-08	1.536496776293051e-08	1.591691159191805e-08	1.563123386539589e-08	1.496032781253159e-08	1.420571253363129e-08	1.276368242913342e-08	1.176553406497508e-08	1.166364441047036e-08	1.20051656462949e-08	1.233724578459566e-08	1.205615853111711e-08	1.161426412187726e-08	1.161478864387783e-08	1.34153044386473e-08	1.429988660758695e-08	1.396652763856018e-08	1.399909199731063e-08	1.462360876978279e-08	1.319957054969928e-08	1.055647795686672e-08	7.976437441920847e-09	6.364375661178381e-09	1.009522720826969e-08	1.320931967663241e-08	1.457481951238652e-08	1.411597927766317e-08	1.34920531082892e-08	1.307989451853231e-08	1.272830691292693e-08	1.251239409810044e-08	1.265812519904129e-08	1.324059441294232e-08	1.373141065476108e-08	1.397935323147053e-08	1.375776148761918e-08	1.253822961331632e-08	1.122561285989881e-08	1.208259245619934e-08	1.299661146419342e-08	1.441989973043814e-08	1.529598093283451e-08	1.554902933771066e-08	1.532951922881562e-08	1.486335476944593e-08	1.392382459386399e-08	1.326486780639898e-08	1.348954813973209e-08	1.369222295075742e-08	1.364615976109879e-08	1.297375063196163e-08	1.159912245939268e-08	1.155857824408859e-08	1.247449381330867e-08	1.261140854926752e-08	1.136538214621814e-08
1.490945471726578e-08	9.180043847711795e-09	7.359086676905004e-09	9.221311371359378e-09	1.061878049494662e-08	1.147700741104959e-08	1.25512496176142e-08	1.467215886887507e-08	1.648273021424883e-08	1.753113988128191e-08	1.72900902349514e-08	1.734442701091356e-08	1.829830275883917e-08	1.871908674757277e-08	1.815476779393893e-08	1.705851987174227e-08	1.610978728763473e-08	1.508275953213307e-08	1.375159259245974e-08	1.30219354278091e-08	1.146091814197457e-08	1.072847654468686e-08	8.335587617160315e-09	5.414080751821438e-09	5.132502278476154e-09	5.906961254706558e-09	6.983324135491987e-09	8.889825761200236e-09	1.057053796334824e-08	1.149755174370875e-08	1.310424396614276e-08	1.433460982538603e-08	1.533958116312986e-08	1.544028066933917e-08	1.471215868236805e-08	1.406042890624336e-08	1.333419272026561e-08	1.321231619569154e-08	1.369472967604319e-08	1.349894800711659e-08	1.405812906962949e-08	1.507040624800749e-08	1.540410974322493e-08	1.513451369777072e-08	1.426144093838215e-08	1.248295847676194e-08	1.138299474282674e-08	1.081045764905135e-08	1.068967655300914e-08	9.738007000106068e-09	9.916499581078344e-09	1.13757519676452e-08	1.283308484635895e-08	1.376015915185369e-08	1.43075416758451e-08	1.522927067613077e-08	1.599698018619138e-08	1.615773165288157e-08	1.488140427472179e-08	1.307287718100552e-08	1.216506922867488e-08	1.276110869091327e-08	1.357824316230475e-08	1.340915162965716e-08	1.30078214886848e-08	1.244932231219346e-08	1.331742308332868e-08	1.395218444779593e-08	1.442867295034892e-08	1.512369566924055e-08	1.565971012138194e-08	1.596091568346702e-08	1.580064393026415e-08	1.563114489331595e-08	1.447140620811551e-08	1.40560817550371e-08	1.363047358670636e-08	1.243988937781525e-08	1.138921427937948e-08	1.047811974106505e-08	9.932589986454337e-09	9.827747405479763e-09	1.054046354241499e-08	1.207044427174228e-08	1.305957475745313e-08	1.365845217357124e-08	1.439486055517037e-08	1.436333016211672e-08	1.401623514545085e-08	1.418313850668832e-08	1.403404629913745e-08	1.23618042114489e-08	1.014689007157205e-08	7.540012344232195e-09	6.804077905595218e-09	1.057918646115218e-08	1.30567298742918e-08	1.461379333291589e-08	1.381704027356955e-08	1.285403694277934e-08	1.247910443270686e-08	1.118353374873224e-08	1.085321553321755e-08	1.209166737186796e-08	1.399372929444873e-08	1.391925927550201e-08	1.292445779568505e-08	1.312164160995509e-08	1.300227105393115e-08	1.226479417209894e-08	1.324791340964336e-08	1.466947678183607e-08	1.607714673153256e-08	1.626426465533981e-08	1.628725373242278e-08	1.531669160985726e-08	1.486167409770168e-08	1.416827752950094e-08	1.301065642866721e-08	1.267169987546304e-08	1.277475989619506e-08	1.294322331747136e-08	1.317768770005099e-08	1.264900113572017e-08	1.218761969710708e-08	1.202055647657515e-08	1.17713822493648e-08	1.106370656986798e-08
1.690629156415375e-08	9.825198348095549e-09	7.087274625129086e-09	8.167060154504159e-09	9.295282544226631e-09	1.047431899201773e-08	1.163101022988068e-08	1.32955777171642e-08	1.57718397507934e-08	1.725133681751869e-08	1.826400149405977e-08	1.873619304137174e-08	1.859417954356688e-08	1.836762004683652e-08	1.813347550725743e-08	1.759144555072223e-08	1.696919082842792e-08	1.62679841812485e-08	1.496097212895751e-08	1.350187765884935e-08	1.249521633597035e-08	1.050868143880083e-08	7.015112776567214e-09	4.202939694429577e-09	4.864001263305631e-09	6.207873546046633e-09	8.235162312946274e-09	9.588576769740335e-09	1.117381386219341e-08	1.291585265379842e-08	1.473961173540624e-08	1.558929522717387e-08	1.554057600031874e-08	1.40655911376502e-08	1.229599526360716e-08	1.204230654620591e-08	1.202215569574818e-08	1.163204037769127e-08	1.238059294712724e-08	1.298530363536693e-08	1.359688528765961e-08	1.413970387786609e-08	1.423634516010641e-08	1.381109680768119e-08	1.286364495643615e-08	1.199712128954234e-08	1.166375420186862e-08	1.186313028920442e-08	1.282111154132318e-08	1.363200607322202e-08	1.452162145515948e-08	1.413160446934599e-08	1.397011101008818e-08	1.441374992007255e-08	1.417953931716263e-08	1.364405068241914e-08	1.318383937477364e-08	1.181761536226812e-08	9.846471822800508e-09	1.00608477161797e-08	1.140398494201852e-08	1.304542296916987e-08	1.460730570394091e-08	1.510829243789894e-08	1.469856579891777e-08	1.435809324040004e-08	1.499140809736697e-08	1.53908648304235e-08	1.570665322206155e-08	1.586266394547521e-08	1.585823048691593e-08	1.599443601390648e-08	1.596889443133045e-08	1.517749230378753e-08	1.437396175249826e-08	1.378400580755224e-08	1.325617022198071e-08	1.309163077310283e-08	1.374245475174857e-08	1.415203147693176e-08	1.38672555176045e-08	1.160526236975524e-08	9.326923085845201e-09	1.140706038503939e-08	1.286658191290331e-08	1.204557104298365e-08	1.120676901573015e-08	1.117968780022953e-08	1.098343652928668e-08	1.008977482946179e-08	1.015812077211679e-08	1.035857922242376e-08	1.016304054839382e-08	8.892572001816417e-09	8.583951481429758e-09	1.119857223546958e-08	1.304025056097896e-08	1.388286906073249e-08	1.350036585851107e-08	1.302456727943973e-08	1.21540925525371e-08	1.20208875738854e-08	1.360609047544569e-08	1.547698170659826e-08	1.589916725589675e-08	1.464702165625599e-08	1.375804023215712e-08	1.285586744865613e-08	1.163965540384642e-08	1.056298102192203e-08	1.354950970806497e-08	1.569708322915054e-08	1.693146621916896e-08	1.687676420338433e-08	1.636412638695587e-08	1.562130606132815e-08	1.457440252658652e-08	1.269699268896267e-08	1.13486194450138e-08	1.17380469255879e-08	1.281108068564741e-08	1.328731587188183e-08	1.36214503361787e-08	1.343849450059749e-08	1.191094833386675e-08	1.085164027697926e-08	1.124371645846663e-08	1.24862918587721e-08
1.79270597490188e-08	1.302806087567008e-08	8.472818355484985e-09	7.809460163505643e-09	7.796849516998559e-09	8.135708696739723e-09	1.048796518019028e-08	1.236651409304295e-08	1.415068008140882e-08	1.689860257872783e-08	1.850004988156254e-08	1.805165412682942e-08	1.804452969892215e-08	1.757512019398347e-08	1.792739426340115e-08	1.766956893162019e-08	1.672760435680695e-08	1.646064072200749e-08	1.573837725680056e-08	1.471282678139513e-08	1.323418140667351e-08	1.0699944262925e-08	7.488197365553235e-09	4.882168397951832e-09	4.466752115387973e-09	7.223291532320114e-09	9.305216727484417e-09	1.093938306962201e-08	1.288062550984036e-08	1.422414384852298e-08	1.497029641316131e-08	1.489307608324736e-08	1.459620288527352e-08	1.302376904307555e-08	1.108112341364747e-08	1.057878256617568e-08	1.061155002025825e-08	1.095309551929457e-08	1.220682697578548e-08	1.324110046753513e-08	1.39048840237661e-08	1.412253881243688e-08	1.404469108554205e-08	1.359562369127938e-08	1.307675834419959e-08	1.105447594625814e-08	1.092296813415267e-08	1.192746767348746e-08	1.301143805701282e-08	1.409897126204944e-08	1.511413388366436e-08	1.63581442423957e-08	1.850937422126973e-08	1.854985817917048e-08	1.617727438989391e-08	1.274885612118216e-08	9.3955171182002e-09	8.681424631668097e-09	1.007789800638093e-08	1.132124149277486e-08	1.195819362859992e-08	1.266701358866239e-08	1.344704172244281e-08	1.407131171596268e-08	1.431285759122607e-08	1.409558565151988e-08	1.3796016534997e-08	1.424328705169337e-08	1.453153545043793e-08	1.405664971769308e-08	1.432671071397042e-08	1.511480624962532e-08	1.551512367985605e-08	1.530078271627032e-08	1.469753210147673e-08	1.378027101296915e-08	1.368001176640935e-08	1.424539497425362e-08	1.449530170761961e-08	1.397668630785205e-08	1.321718854838956e-08	1.251817460551551e-08	1.187930384123332e-08	1.2280926560691e-08	1.244037852110819e-08	1.190481998859961e-08	1.09758025210502e-08	1.078470585927367e-08	1.072794792321433e-08	9.673947515230002e-09	1.018748918903926e-08	1.053360934772708e-08	1.025979208724124e-08	9.441620491993169e-09	9.437129013290898e-09	1.122723411524042e-08	1.307724943337245e-08	1.378059493974882e-08	1.371488953796196e-08	1.31069466548947e-08	1.323973694400295e-08	1.373672817323436e-08	1.376884792831116e-08	1.439297212813699e-08	1.493104426301648e-08	1.462964842278732e-08	1.333892662111204e-08	1.21914961197693e-08	1.239549039940473e-08	1.312237948058291e-08	1.452437392646866e-08	1.607485548872845e-08	1.702098926939697e-08	1.638372555789397e-08	1.589976877956424e-08	1.504286575934778e-08	1.366403445375335e-08	1.161439051716714e-08	1.025385022170203e-08	1.064069099481567e-08	1.172111195692862e-08	1.251685232854809e-08	1.31812840252674e-08	1.288723197881769e-08	1.201459254419158e-08	1.177316006595211e-08	1.261849257827551e-08	1.387473837126011e-08
1.920110463874741e-08	1.35957103888122e-08	1.034339321869586e-08	8.090554920868716e-09	6.841267789661914e-09	8.636192703993706e-09	1.031081652522691e-08	1.224592097304849e-08	1.361517681000017e-08	1.487450322360394e-08	1.632880439312352e-08	1.715131638117589e-08	1.726948608272368e-08	1.759127898295258e-08	1.728951980362515e-08	1.734734264318928e-08	1.746535635242402e-08	1.575990691332559e-08	1.374179360790605e-08	1.299712923141479e-08	1.111384976414329e-08	9.074352272755831e-09	8.162660285935535e-09	8.304855198721127e-09	8.974299517658479e-09	1.024773021423562e-08	1.190004067063562e-08	1.310254305862227e-08	1.340362663883349e-08	1.34076758435082e-08	1.417159243880542e-08	1.456457122530029e-08	1.398376458253425e-08	1.303320055174206e-08	1.141160391533873e-08	1.08543659038949e-08	1.113548892208324e-08	1.150085517282174e-08	1.240323549798297e-08	1.316380529545621e-08	1.363171830571543e-08	1.365606382828018e-08	1.323673942545108e-08	1.259988857190371e-08	1.076463722145024e-08	1.029550481341342e-08	1.073955715775836e-08	1.15683761420677e-08	1.285697781426864e-08	1.437859432838552e-08	1.598185181070051e-08	1.713816263035587e-08	1.769607853622257e-08	1.720237776507816e-08	1.588272334089964e-08	1.403818523718317e-08	1.227154813482104e-08	1.012948304300492e-08	1.077952325145823e-08	1.225960064546111e-08	1.290937219949881e-08	1.325609892625457e-08	1.3449856631247e-08	1.34144086165653e-08	1.322438354702986e-08	1.302984299150295e-08	1.335802423490718e-08	1.345377168256255e-08	1.316541580917883e-08	1.286934070016648e-08	1.309281137638065e-08	1.391049595644064e-08	1.47181630897573e-08	1.408181444370198e-08	1.350944000613977e-08	1.300035248652633e-08	1.353454669803349e-08	1.382899482491201e-08	1.365679140017506e-08	1.339454557620077e-08	1.319259812462655e-08	1.259784876109362e-08	1.28168103649474e-08	1.339646919245904e-08	1.365755350096805e-08	1.299627636090127e-08	1.216673417163256e-08	1.169677311996109e-08	1.030385563858977e-08	9.72290646664087e-09	9.953906834186463e-09	1.06197280322499e-08	1.119243917068282e-08	1.137048504432557e-08	1.160673410745081e-08	1.258043569022435e-08	1.316047613233392e-08	1.364908870653093e-08	1.397141491468386e-08	1.390181224565546e-08	1.374277225802965e-08	1.372144274243061e-08	1.35370199921256e-08	1.371858237302628e-08	1.411639183630849e-08	1.412820167628965e-08	1.292556428830564e-08	1.262210603811114e-08	1.344568639226821e-08	1.441731600087355e-08	1.478442532170096e-08	1.46997827029285e-08	1.43162763288913e-08	1.408865703210034e-08	1.401919034727834e-08	1.4110269431662e-08	1.376093722732125e-08	1.206862927317792e-08	1.046940319541473e-08	1.077662989524534e-08	1.163554859971085e-08	1.252132732663764e-08	1.321102010109832e-08	1.34818293342976e-08	1.303567336488291e-08	1.263071486652092e-08	1.257266236051751e-08	1.392173367753585e-08
1.686443153905003e-08	1.259526417870711e-08	9.312762670529448e-09	7.700661674279425e-09	7.914465072814678e-09	9.581449027258684e-09	1.195153514045506e-08	1.397272856627968e-08	1.542264687693592e-08	1.683308806398376e-08	1.767959229411185e-08	1.804101615542372e-08	1.739257484634285e-08	1.762324739644807e-08	1.813250120243938e-08	1.816878176169857e-08	1.682951572746042e-08	1.419263977610735e-08	1.1241168608199e-08	8.279061866668601e-09	6.666233437251391e-09	7.913333853955764e-09	9.381955268162048e-09	1.001769861855597e-08	1.019930657801647e-08	1.060714079666203e-08	1.146883441560539e-08	1.157863941828341e-08	1.184287723028371e-08	1.377124069168316e-08	1.510156397200498e-08	1.515571446944435e-08	1.423611543290596e-08	1.362574901717519e-08	1.302336749727383e-08	1.205219740646311e-08	1.139146840353878e-08	1.202206578658584e-08	1.311435203218368e-08	1.346143587926843e-08	1.336505173784311e-08	1.26742513364672e-08	1.063453666914391e-08	9.584180703430137e-09	9.673776645694135e-09	1.052581218740189e-08	1.161184783099611e-08	1.25542601616333e-08	1.403146555205401e-08	1.536400148522201e-08	1.692845134202664e-08	1.804526594048848e-08	1.83365975654792e-08	1.802804324045881e-08	1.674168691638054e-08	1.545741393454381e-08	1.394812224094988e-08	1.191125125359702e-08	1.108096643361655e-08	1.183358490407087e-08	1.228235785542482e-08	1.265270674093026e-08	1.324547986997333e-08	1.360716986768721e-08	1.3359702325681e-08	1.303022445276801e-08	1.239153693902121e-08	1.26497135810508e-08	1.357757227979359e-08	1.313750282497567e-08	1.223387836120519e-08	1.199739649404478e-08	1.242725137063342e-08	1.291918211384828e-08	1.264265114818399e-08	1.265302877088833e-08	1.294962909561024e-08	1.330549870312822e-08	1.349372485894607e-08	1.343830867674687e-08	1.230894752386441e-08	1.221735572939323e-08	1.255963857873803e-08	1.273195731788282e-08	1.311118791240272e-08	1.301817764081092e-08	1.252818944912852e-08	1.209372973534699e-08	1.15638957007583e-08	1.101416400068311e-08	1.119900412449148e-08	1.121339477238357e-08	1.15102290762249e-08	1.193900624703542e-08	1.272649033400101e-08	1.349605757580344e-08	1.387117988892415e-08	1.422977846423094e-08	1.464813606416643e-08	1.437285469892743e-08	1.393304019760086e-08	1.280181858494471e-08	1.218743613979834e-08	1.277021082600511e-08	1.334470437303374e-08	1.39125625509556e-08	1.38720769262167e-08	1.314971372893257e-08	1.370881799089157e-08	1.472177313566216e-08	1.521023092872022e-08	1.472403001989447e-08	1.394467943167018e-08	1.355383580223563e-08	1.347895589923689e-08	1.311960483737335e-08	1.262985505397607e-08	1.14095882813461e-08	1.134820593001502e-08	1.199678867885209e-08	1.177506039650096e-08	1.174314390363123e-08	1.228242164587837e-08	1.332184391143903e-08	1.358358134482578e-08	1.269520951800338e-08	1.284928317667475e-08	1.450354120937996e-08
1.603775267590964e-08	1.21787743203172e-08	8.321000774154853e-09	7.863729472647236e-09	9.001066328415152e-09	1.090760290925566e-08	1.336124390560198e-08	1.425385308201792e-08	1.517345002184526e-08	1.808507048314067e-08	2.035205556349657e-08	2.061998866125521e-08	1.745886723912737e-08	1.539790989368941e-08	1.602422270484057e-08	1.639866583699658e-08	1.320478425504655e-08	1.044318598496572e-08	8.795202218015069e-09	7.508766402450118e-09	6.963208822503132e-09	8.593824282409494e-09	9.913161271229127e-09	1.099843935719295e-08	1.124784459778147e-08	1.202075917284898e-08	1.263970625328591e-08	1.272883941757663e-08	1.327003614794985e-08	1.449071905258132e-08	1.526037817062892e-08	1.505188511808174e-08	1.409236593421214e-08	1.404211930701749e-08	1.377025627945742e-08	1.124057934116269e-08	9.39551938964838e-09	9.895028974727842e-09	1.070266330414892e-08	1.204495225894931e-08	1.377117623666781e-08	1.429727813152967e-08	1.415131361727015e-08	1.423844764004544e-08	1.395508080305973e-08	1.292385834999058e-08	1.295498431083861e-08	1.276577045018203e-08	1.212956698313365e-08	1.33090313421992e-08	1.4417846150983e-08	1.515378607711864e-08	1.634611024558705e-08	1.716446797364458e-08	1.738195313323929e-08	1.692249656432903e-08	1.570999870476613e-08	1.246137146219932e-08	9.288079254880068e-09	9.810265396290176e-09	1.093433393187322e-08	1.145254854934684e-08	1.189216520858713e-08	1.278042863453941e-08	1.343761418912022e-08	1.348573169221734e-08	1.262222299743291e-08	1.326019162520776e-08	1.389012073652692e-08	1.390771933615107e-08	1.308587963179285e-08	1.225359525955944e-08	1.193813304757108e-08	1.244047080827066e-08	1.194942372305109e-08	1.250101635761079e-08	1.424542128535875e-08	1.537152677144062e-08	1.497347156828806e-08	1.229629711237037e-08	1.043226791530149e-08	1.073868029552826e-08	1.110285887124102e-08	1.242957395472045e-08	1.388863587958363e-08	1.434816376764248e-08	1.418502956647048e-08	1.317267927160504e-08	1.274418728896414e-08	1.169246108694177e-08	1.10735224537808e-08	1.05101925828018e-08	1.060601654310243e-08	1.173830515145943e-08	1.285117684423071e-08	1.319056666078011e-08	1.336031973962803e-08	1.388892802792856e-08	1.39471370992297e-08	1.391274073245624e-08	1.340927224239557e-08	1.296557840898093e-08	1.311060156576007e-08	1.452425244634607e-08	1.502001075692055e-08	1.497625181259817e-08	1.416797700164607e-08	1.350182276890927e-08	1.260214162144669e-08	1.328101735721315e-08	1.395607379674772e-08	1.387484055327214e-08	1.417084652884108e-08	1.40918699454294e-08	1.371560303219779e-08	1.342160938466965e-08	1.275980089077458e-08	1.188370649770671e-08	1.132416978766791e-08	1.115956612047772e-08	1.116667548002447e-08	1.149960069970758e-08	1.155824438848122e-08	1.240223340155379e-08	1.335634414218306e-08	1.314203111196823e-08	1.342287719367356e-08	1.571175916959032e-08
1.942014042474716e-08	9.024502851423552e-09	6.192379855956444e-09	6.174347077633826e-09	9.124160571412523e-09	1.225351255793526e-08	1.360378551135695e-08	1.536519592232118e-08	1.776655629323477e-08	1.982962706042927e-08	2.034977367874745e-08	1.940466908512096e-08	1.827886002517413e-08	1.742702197214589e-08	1.715287599490941e-08	1.481809313547806e-08	1.087710012107986e-08	7.8209899869204e-09	5.802290316714468e-09	5.652366789096086e-09	6.165762609265731e-09	8.475433029949507e-09	1.084772799637302e-08	1.207697096337957e-08	1.337133662971581e-08	1.322326863714756e-08	1.299167495768438e-08	1.358278689209427e-08	1.326254388054193e-08	1.308791878153074e-08	1.351234181627524e-08	1.41593967870219e-08	1.397369256607753e-08	1.408739653393629e-08	1.374674303637781e-08	1.227334617289444e-08	1.095007753097723e-08	1.173867164645398e-08	1.380971489371996e-08	1.482504278689093e-08	1.531297450076255e-08	1.482112649033298e-08	1.342511495438084e-08	1.240747270348517e-08	1.207003397066372e-08	1.113045535898585e-08	1.056940498353988e-08	1.151838233621365e-08	1.261949277148319e-08	1.379720159423886e-08	1.490050446598184e-08	1.532575351486129e-08	1.643058044895166e-08	1.73095349050674e-08	1.728344261618182e-08	1.559766657560601e-08	1.293080950056661e-08	1.094210488810137e-08	9.480321392564966e-09	1.035551691345508e-08	1.002183972442107e-08	1.104365808353503e-08	1.259074479219361e-08	1.360655084981125e-08	1.378886253840659e-08	1.374067291163114e-08	1.489474812137309e-08	1.559100598313866e-08	1.499914017216156e-08	1.372210203728117e-08	1.304175144027215e-08	1.258037145819932e-08	1.248828633427031e-08	1.238777210059799e-08	1.182566828379588e-08	1.200838553098061e-08	1.218102439171971e-08	1.302195413514979e-08	1.347454185677399e-08	1.331194570002259e-08	1.313711623699804e-08	1.234605138739716e-08	1.139084942350446e-08	1.276036605477926e-08	1.43419310441383e-08	1.485267348689782e-08	1.42921335163685e-08	1.341421830560971e-08	1.282198279847535e-08	1.251502076550978e-08	1.128598575156004e-08	1.011516989289424e-08	1.00583237819814e-08	9.530995899139122e-09	9.890727999758184e-09	1.068464808412629e-08	1.145991307757234e-08	1.161284010292841e-08	1.235021926895739e-08	1.367191288543368e-08	1.437085684388844e-08	1.467328889331186e-08	1.555983453362374e-08	1.733224236772833e-08	1.802924934528579e-08	1.697202968811361e-08	1.393441067537402e-08	1.223571124412595e-08	1.315854936359074e-08	1.413840211649858e-08	1.411949592388887e-08	1.363024297999727e-08	1.380258692915993e-08	1.350547218917759e-08	1.364464341813309e-08	1.361719935048081e-08	1.342377569375739e-08	1.238615058891954e-08	1.09576872904883e-08	9.818114897595182e-09	9.647224572302415e-09	9.691604891658055e-09	1.108378561067217e-08	1.269331106527343e-08	1.338979317730311e-08	1.332530875566798e-08	1.385896582294388e-08	1.702885961713005e-08
1.378170995091078e-08	9.207079658867417e-09	8.718908311995822e-09	9.604683439551311e-09	1.156571457646498e-08	1.369973245190714e-08	1.487806561422343e-08	1.585782330112805e-08	1.686797506140031e-08	1.791109232567906e-08	1.793356416513298e-08	1.837104619034459e-08	1.824518338633344e-08	1.778449406558157e-08	1.495435873174723e-08	1.058660511552305e-08	8.756684799572099e-09	7.278857750912184e-09	6.833835226279694e-09	8.102249068976175e-09	9.2752962764229e-09	1.035453844046148e-08	1.292559793915661e-08	1.480227044696981e-08	1.515610997061704e-08	1.466730031158031e-08	1.394052028336165e-08	1.222254914530368e-08	1.004249485177445e-08	9.89071089366976e-09	1.124008407929494e-08	1.273365245869933e-08	1.407048303144525e-08	1.449697201800335e-08	1.378750191782196e-08	1.269705318840472e-08	1.213142000398098e-08	1.367525698872499e-08	1.514141237662891e-08	1.600225326392705e-08	1.557922566392513e-08	1.357090124021984e-08	1.208972512275043e-08	1.241830993393727e-08	1.267095046451988e-08	1.254603343870687e-08	1.234538316456287e-08	1.161643191368758e-08	1.156614300797564e-08	1.242078527888805e-08	1.327506431339693e-08	1.412887027003753e-08	1.475575342101165e-08	1.560814615611547e-08	1.52525724961524e-08	1.346248666696773e-08	1.182175488680924e-08	1.002833906761644e-08	9.666050876329274e-09	1.141345608587637e-08	1.164929849303051e-08	1.165557787791377e-08	1.278970789316222e-08	1.39951606314806e-08	1.4064519604119e-08	1.473231831490712e-08	1.53191527704275e-08	1.552277983748362e-08	1.541811859732773e-08	1.51555114833227e-08	1.398006993132885e-08	1.422973360343787e-08	1.386720138218078e-08	1.281647727265184e-08	1.258569648602844e-08	1.415494527783403e-08	1.488342508235987e-08	1.469512830650568e-08	1.389122311390075e-08	1.27728795084241e-08	1.209388101328203e-08	1.177823010482893e-08	1.159906505406981e-08	1.185757676816279e-08	1.300583487393944e-08	1.338373744788393e-08	1.344337540229201e-08	1.280706672797576e-08	1.207779914789065e-08	1.117966028024793e-08	1.003675448001731e-08	9.176684626287951e-09	9.051637989222039e-09	9.359472097008185e-09	9.345456306656124e-09	9.763584565906716e-09	1.068896019735318e-08	1.189497252337723e-08	1.27024281120939e-08	1.401629859340336e-08	1.470483941442124e-08	1.537134390078774e-08	1.699631363634634e-08	1.844810303069881e-08	1.84442320811151e-08	1.645660837646097e-08	1.37676192094085e-08	1.218773701025694e-08	1.164159896862881e-08	1.326084560750444e-08	1.380192813097026e-08	1.401940078816652e-08	1.512047468285913e-08	1.499326642058711e-08	1.341181819866217e-08	1.279044970181273e-08	1.237526028750799e-08	1.171414283069983e-08	1.178831089017552e-08	1.207033295126256e-08	1.188196475460598e-08	1.197828678737018e-08	1.137943336351925e-08	1.068973636027622e-08	1.126794097679317e-08	1.183262965200671e-08	1.404441742534564e-08	1.730093455518746e-08
1.448692816669065e-08	1.190071816463348e-08	1.112572604726021e-08	9.299425118217704e-09	1.072548201517638e-08	1.412523462626816e-08	1.610770664697255e-08	1.629919332811776e-08	1.470303664729593e-08	1.456615943261561e-08	1.581621771875296e-08	1.709834927514659e-08	1.728387675520143e-08	1.667727062892613e-08	1.407418413778135e-08	1.045777301399055e-08	6.358470651954689e-09	3.890736636447573e-09	4.640877293021835e-09	7.10225591356559e-09	9.164651609347106e-09	1.165970892204236e-08	1.504179750787523e-08	1.735126774216547e-08	1.836338076348892e-08	1.694808364509252e-08	1.506806933077137e-08	1.257375996546866e-08	1.022071112731173e-08	9.895919056408525e-09	1.24302061511121e-08	1.473169097701057e-08	1.56697245563447e-08	1.55468470553882e-08	1.421291349727851e-08	1.423336810233641e-08	1.530705234795761e-08	1.615208338852481e-08	1.654260258360271e-08	1.595094658976043e-08	1.44528700766423e-08	1.28784179016226e-08	1.175583641819441e-08	1.214136113789875e-08	1.154572587304877e-08	1.087418978413013e-08	1.095652695565779e-08	1.126463254214013e-08	1.111948570071639e-08	1.135072284864348e-08	1.090206229329481e-08	1.067849405975418e-08	1.188671076607164e-08	1.324401268639524e-08	1.286418617088277e-08	1.157664809430435e-08	1.134231178544009e-08	1.102922606152084e-08	1.131585581380487e-08	1.257890255798397e-08	1.41389559591388e-08	1.395875568154382e-08	1.339560186596064e-08	1.410851997620321e-08	1.511629575398619e-08	1.581487945096105e-08	1.575108273266283e-08	1.537693128629751e-08	1.552162150812247e-08	1.429868535001126e-08	1.351797198786295e-08	1.340519609806e-08	1.373346573596424e-08	1.420045967299622e-08	1.405125419229884e-08	1.328528602137435e-08	1.408962042714674e-08	1.435153862615424e-08	1.422138956124111e-08	1.407584550610578e-08	1.157593702014904e-08	9.964910970423507e-09	9.770376642427058e-09	1.084105426829805e-08	1.279938741803652e-08	1.375914914546806e-08	1.364458643684649e-08	1.343607173580906e-08	1.222813789822493e-08	9.945142207664804e-09	8.397359199755063e-09	8.339015617026081e-09	8.035026446593086e-09	8.01340539744932e-09	9.481130829863694e-09	1.108044049366266e-08	1.228341103097439e-08	1.384457036745004e-08	1.531154299196167e-08	1.615657783509823e-08	1.653090087695284e-08	1.734015226763625e-08	1.896199247324044e-08	1.958653315109477e-08	1.868635170665176e-08	1.60358376560174e-08	1.420055147899609e-08	1.34830780579738e-08	1.305455455641359e-08	1.223706840563483e-08	1.216323056229998e-08	1.22307300301302e-08	1.236538755052525e-08	1.302115766893499e-08	1.284164412284072e-08	1.19792442903577e-08	1.171797598589859e-08	1.122977219845537e-08	1.096906059434362e-08	1.086232428417507e-08	1.083614926822041e-08	1.126983682763045e-08	1.141126945383368e-08	1.111191916016482e-08	1.150576503551092e-08	1.251993852400938e-08	1.536408227809287e-08	1.921120984262948e-08
1.59019674934988e-08	1.359512951069313e-08	1.155211595810926e-08	1.030348478732402e-08	1.128490867965079e-08	1.298998914675515e-08	1.428940077472423e-08	1.382741265277197e-08	1.137972120962653e-08	1.124802951174085e-08	1.32078426281374e-08	1.499782627891921e-08	1.533721086277296e-08	1.513275418507301e-08	1.438590609991334e-08	1.392781661720285e-08	1.16475850574227e-08	1.011120238176783e-08	1.158283948063847e-08	1.304613546213155e-08	1.367226987389902e-08	1.391474391528662e-08	1.392524616219803e-08	1.566583594489835e-08	1.687414087852317e-08	1.574033208169661e-08	1.286843744605189e-08	1.037112284836991e-08	7.947071197053432e-09	6.728172055187711e-09	8.902348231670632e-09	1.13770130951551e-08	1.264366236277416e-08	1.315505123268769e-08	1.306214462167153e-08	1.394912527221333e-08	1.468446763656157e-08	1.511725739150304e-08	1.494566748807676e-08	1.349065485098736e-08	1.150640353984195e-08	1.012423585300582e-08	1.077717913529885e-08	1.240887063659417e-08	1.426465637689573e-08	1.528811257504395e-08	1.562974859338605e-08	1.544004793334835e-08	1.388881439343361e-08	1.278605652985649e-08	1.288567186544299e-08	1.350827348076015e-08	1.480424350020288e-08	1.609416376271661e-08	1.579338262949384e-08	1.473115922804345e-08	1.343500336493067e-08	1.107458662963267e-08	1.149654858770615e-08	1.25881560086573e-08	1.344363487123397e-08	1.338351652142247e-08	1.308616534641033e-08	1.338081977015834e-08	1.328628270755687e-08	1.333006580849512e-08	1.313446958716766e-08	1.28498513126032e-08	1.277745159979483e-08	1.299222100083006e-08	1.311651670430413e-08	1.322532504685765e-08	1.346908810430666e-08	1.369653028277275e-08	1.307748490981322e-08	1.266768793707411e-08	1.261768279888873e-08	1.254999754482375e-08	1.306784778434991e-08	1.266230132887377e-08	1.080511727338221e-08	8.929403562121762e-09	9.29809303831236e-09	1.062871216577189e-08	1.163883043541031e-08	1.217758803919206e-08	1.216960697399179e-08	1.093607741615766e-08	9.306941099315159e-09	7.357841551956511e-09	8.257313720501567e-09	1.110045568768206e-08	1.339828732105363e-08	1.484950484191431e-08	1.530373622531943e-08	1.445980284535329e-08	1.390246779879084e-08	1.483938614268748e-08	1.629066545681847e-08	1.720104922148232e-08	1.711883416661349e-08	1.747826805402827e-08	1.895932464430611e-08	2.035617974650373e-08	1.955786878383425e-08	1.671656092945338e-08	1.394582075173093e-08	1.268038318113269e-08	1.224288934336766e-08	1.218237509961651e-08	1.212340280008647e-08	1.206780336241596e-08	1.2168372971088e-08	1.197452439785214e-08	1.103576929669566e-08	9.128025228106594e-09	8.365799036877163e-09	9.430436006861065e-09	9.231635044421702e-09	9.657916820697799e-09	1.033486043584632e-08	1.088815690512937e-08	1.154709145388504e-08	1.26919350545162e-08	1.35715503679209e-08	1.471731533786253e-08	1.666072913240034e-08	1.880188819360357e-08
1.737314832767288e-08	1.507540054020616e-08	1.323331327227037e-08	1.15455110427225e-08	1.031405683244361e-08	1.03690180134271e-08	1.065454559947764e-08	1.071823201611459e-08	9.655021325819786e-09	9.728092810065262e-09	1.154101848748019e-08	1.396232904293968e-08	1.548334578534384e-08	1.640579820095518e-08	1.718225374551329e-08	1.653024247392476e-08	1.437422513501633e-08	1.290168491274805e-08	1.414920667691163e-08	1.479745923058936e-08	1.522340279037825e-08	1.663375791223898e-08	1.729325376764525e-08	1.569290140076209e-08	1.311478655249107e-08	1.212336956086821e-08	1.181307793337243e-08	1.06748393875373e-08	7.803043700447256e-09	6.365556182482075e-09	7.040868950226694e-09	9.225062775967219e-09	1.171072355819592e-08	1.321498868383274e-08	1.215324284903064e-08	1.191957283231922e-08	1.236260735983235e-08	1.159595938793696e-08	1.13541159305185e-08	1.110850481916487e-08	1.08585926896366e-08	1.150906123580522e-08	1.328567205590953e-08	1.460374182366183e-08	1.523641554542592e-08	1.571118711031452e-08	1.602750435301206e-08	1.565677003700494e-08	1.43721284333697e-08	1.405890760340204e-08	1.584808832446566e-08	1.709890290755782e-08	1.803712094500218e-08	1.888851823629726e-08	1.882278701336436e-08	1.685875757347712e-08	1.427832099502367e-08	1.153359290093048e-08	9.604745416441883e-09	1.06789236396248e-08	1.121022164357038e-08	1.165080544389276e-08	1.154763546275442e-08	1.240899956947768e-08	1.385732630255266e-08	1.362918585286763e-08	1.127160869987842e-08	1.176296919363633e-08	1.32170727129349e-08	1.427579195441862e-08	1.433537307823811e-08	1.294295625814741e-08	1.205962828898288e-08	1.160975537553795e-08	1.197034090246684e-08	1.185884490154965e-08	1.036993149674615e-08	9.766566890665942e-09	1.072761193687702e-08	1.136716741929486e-08	1.093089268835195e-08	1.002231180665311e-08	1.045194442392228e-08	1.184272932386027e-08	1.245981100293277e-08	1.200163765684034e-08	1.039300129748298e-08	9.142869710739462e-09	7.798939895041656e-09	8.096567022393686e-09	1.1846583905637e-08	1.467419248792639e-08	1.710791778477813e-08	1.794132410283769e-08	1.808020378433275e-08	1.692169559150577e-08	1.454190225995112e-08	1.426068332266043e-08	1.494728057080792e-08	1.539555217719453e-08	1.470114895018608e-08	1.512804737432529e-08	1.7733317453348e-08	1.950059163603234e-08	1.9978350563891e-08	1.826252188873703e-08	1.684366901713646e-08	1.45160970043267e-08	1.233722281463457e-08	1.091191435560825e-08	1.107140694852226e-08	1.123307741665113e-08	1.049328228830588e-08	9.834319646330343e-09	8.57898256667526e-09	8.313182916992867e-09	9.038764578644467e-09	8.720894105081321e-09	8.49308044084618e-09	9.26259846843105e-09	1.042809407109993e-08	1.153915630723456e-08	1.335240915154759e-08	1.549302579992238e-08	1.6982775031635e-08	1.646632735500912e-08	1.51532231021694e-08	1.515830222115625e-08
1.809418116801425e-08	1.484950011141884e-08	1.326934214899705e-08	1.063387254493886e-08	8.975775775703368e-09	9.196319962203955e-09	9.782959604631797e-09	9.67586629506851e-09	9.324018130699563e-09	1.083606847732889e-08	1.217184545570524e-08	1.310171987394098e-08	1.490486366617685e-08	1.727641132800656e-08	1.855376373413276e-08	1.835681368855466e-08	1.71353342549495e-08	1.677245784503644e-08	1.696379227500998e-08	1.680155555774512e-08	1.635871069500226e-08	1.638722411609171e-08	1.537609722158202e-08	1.294594247490336e-08	1.203659862768584e-08	1.234427966466964e-08	1.11513590544941e-08	8.983997465549781e-09	6.519304201403469e-09	5.86773177643655e-09	6.876756918136947e-09	8.865885467587361e-09	1.085295619712108e-08	1.208218484454449e-08	1.202416276836808e-08	1.241260206486113e-08	1.264279592064417e-08	1.271358437944309e-08	1.186952202277116e-08	9.506097274859373e-09	8.71517860254355e-09	1.017477378502452e-08	1.19981584608158e-08	1.312845221934748e-08	1.364035747276382e-08	1.345776219074671e-08	1.40133097468624e-08	1.485382013741968e-08	1.53752948819582e-08	1.565270127403743e-08	1.6138230819901e-08	1.758586283956634e-08	1.976896720164825e-08	2.087682254545687e-08	1.940049128976932e-08	1.737652561615022e-08	1.488020717184472e-08	1.236403240339971e-08	1.201554218644394e-08	1.209969142029783e-08	1.088147049856864e-08	1.107657215873686e-08	1.177983934423439e-08	1.223701656675632e-08	1.305170942775784e-08	1.309254605387917e-08	1.371753878410698e-08	1.507776517206642e-08	1.641910685781835e-08	1.706290392693181e-08	1.640595356571471e-08	1.414681387887004e-08	1.164363351927579e-08	1.070718947695032e-08	1.088522378518509e-08	9.764182392342305e-09	8.777712985990411e-09	8.755995453779648e-09	9.473130213823637e-09	9.345396653363803e-09	9.957355032497562e-09	9.649865537371781e-09	1.068641707886763e-08	1.201136075023632e-08	1.1437525052437e-08	9.644272418873738e-09	8.065316354661028e-09	7.908064388013922e-09	8.343175426080452e-09	1.125696682109433e-08	1.408508288215248e-08	1.629990818662528e-08	1.760012493598861e-08	1.791071161105499e-08	1.730750657306305e-08	1.548916133991733e-08	1.283322999940182e-08	1.198030400138511e-08	1.262899207727976e-08	1.334636019467239e-08	1.368011172851973e-08	1.430945622466314e-08	1.734684827162595e-08	2.052948698694016e-08	2.159454781259132e-08	2.061766784863952e-08	1.850424342561825e-08	1.63105132724909e-08	1.396116125147432e-08	1.15317109336773e-08	1.045548512059765e-08	1.005359200883873e-08	1.002428063201397e-08	9.160543595570354e-09	9.046433384958842e-09	1.028530831378444e-08	1.076482493378016e-08	1.04847801551015e-08	9.746668602158794e-09	9.078246214706589e-09	8.856353632366522e-09	1.013670044541643e-08	1.193820190092296e-08	1.463755499434542e-08	1.680096485081915e-08	1.631566919251054e-08	1.54440856213365e-08	1.52416162677161e-08
2.065051000137742e-08	1.541144981941712e-08	1.269531775655853e-08	1.022918552798527e-08	8.83325979015132e-09	8.79999536592155e-09	8.30995493153636e-09	7.807037980763767e-09	8.414340511863705e-09	9.520229118994953e-09	1.01361677907024e-08	1.198955095366166e-08	1.627999196852826e-08	1.930408581366182e-08	2.082869591878427e-08	2.114898287739494e-08	2.033404972929285e-08	1.928302854249779e-08	1.783919988364816e-08	1.697760521204634e-08	1.571220548379076e-08	1.305718838339631e-08	1.240219728794648e-08	1.072511434878051e-08	1.005818454495768e-08	7.907759631210136e-09	8.041506704132687e-09	8.267925255179102e-09	7.753543246337392e-09	8.456178962758973e-09	1.052339853405825e-08	1.176446637925992e-08	1.195013911680928e-08	1.122852525153683e-08	1.170921713557046e-08	1.30880536520602e-08	1.408038206780728e-08	1.39297549400347e-08	1.323771153588372e-08	1.215333235695305e-08	1.12030205587953e-08	1.076245239586402e-08	1.098113799131024e-08	1.102806661950503e-08	1.082670877523472e-08	1.014979134794015e-08	1.163669561131958e-08	1.340081774138864e-08	1.521523908003145e-08	1.69285858219647e-08	1.86158949469597e-08	1.98242595023642e-08	2.017630486017403e-08	1.884213916197989e-08	1.68778358212961e-08	1.481150761496704e-08	1.362395821094664e-08	1.42206326132455e-08	1.456508092848774e-08	1.337527184278863e-08	1.20848998533751e-08	1.129793354786797e-08	1.11657866989285e-08	1.266971000860429e-08	1.407533938761171e-08	1.530792491948784e-08	1.636819054755516e-08	1.695515462815173e-08	1.737134640426894e-08	1.648605536766632e-08	1.467729419433292e-08	1.239852853973497e-08	1.048041307932076e-08	8.244910978918621e-09	7.503347588181001e-09	6.747907095618249e-09	5.677731601034102e-09	7.23566340128773e-09	9.234949804512598e-09	1.06957835019507e-08	1.094007774219153e-08	1.079842302137627e-08	1.178029731157854e-08	1.169882874452885e-08	1.017755038789107e-08	7.594305311218225e-09	7.268858979997689e-09	1.018244128967636e-08	1.339360625262532e-08	1.546955172027423e-08	1.610893993634208e-08	1.58401531442087e-08	1.632302962741992e-08	1.642623671826168e-08	1.449031824594701e-08	1.323096887975945e-08	1.20446544305466e-08	1.221362641042997e-08	1.358677547451226e-08	1.495680251552388e-08	1.534261040816873e-08	1.647865661973596e-08	1.926950148938247e-08	2.099870704883122e-08	2.204255266491385e-08	2.096675234430365e-08	1.912798886009276e-08	1.652498159794161e-08	1.375979378769922e-08	1.150978294835037e-08	9.471505953971437e-09	7.944850994642435e-09	8.436513833518634e-09	8.605845003280517e-09	8.601390177967866e-09	9.552184914085992e-09	1.002230292988793e-08	1.008434485296033e-08	8.679207149205123e-09	8.217616249416539e-09	9.375105637447959e-09	1.139375189071677e-08	1.351543653283343e-08	1.483097174925669e-08	1.556249213163932e-08	1.540387931065117e-08	1.585924445830734e-08	1.692378172967571e-08
2.287051034003223e-08	1.494871654050944e-08	1.060435353837032e-08	8.465562887506846e-09	7.839840966843903e-09	7.808811891452854e-09	7.454526235789525e-09	7.820766002189103e-09	8.518460745306618e-09	9.083512107478827e-09	9.882008029236862e-09	1.459957309679246e-08	1.915240914403336e-08	2.156928090588814e-08	2.267042506641383e-08	2.282383649151925e-08	2.14926514649286e-08	1.972449803566756e-08	1.901996376675222e-08	1.77117066972045e-08	1.481163666408759e-08	1.068982435059347e-08	8.658630983829992e-09	8.48528723945478e-09	8.730373480878474e-09	8.181079348768338e-09	8.642294325101158e-09	8.147446421230811e-09	7.898520719729973e-09	9.248650769538465e-09	1.098645019767812e-08	1.152362284017267e-08	1.093170276468434e-08	1.071574266890223e-08	1.162669087124821e-08	1.358594981754847e-08	1.478014899214712e-08	1.4452235481959e-08	1.38066881869822e-08	1.299210921544618e-08	1.238361336503259e-08	1.137586081742221e-08	1.019349199850684e-08	9.363075760211021e-09	7.902661641906187e-09	7.923311733862438e-09	1.055560131441409e-08	1.338482056995795e-08	1.558055183739601e-08	1.782122811080709e-08	1.965389970730311e-08	1.972053299026711e-08	1.854910093340591e-08	1.712031065287261e-08	1.445367523554773e-08	1.266165592734065e-08	1.332877309520499e-08	1.487137289299499e-08	1.615850342107625e-08	1.447516182531505e-08	1.22360076764952e-08	1.238381822849261e-08	1.393881378473265e-08	1.584583902022598e-08	1.682348643409804e-08	1.792888175121716e-08	1.863505466764354e-08	1.856593865669943e-08	1.772266969220694e-08	1.610640453859319e-08	1.386918441998618e-08	1.10121883644618e-08	8.366382468697522e-09	5.631202051103613e-09	4.919992757291915e-09	5.404115276834409e-09	5.575990528324373e-09	6.869975818987286e-09	8.759079886288585e-09	1.079170292057053e-08	1.191271463859042e-08	1.219845408959104e-08	1.210237267469738e-08	1.200241738288002e-08	1.106949853964385e-08	1.036032058764744e-08	1.100693434811721e-08	1.300976971539467e-08	1.470958383875791e-08	1.588029190304123e-08	1.614482455247397e-08	1.512599155977683e-08	1.372887130738237e-08	1.300927853612385e-08	1.236331660664942e-08	1.156411752205866e-08	1.061096538043261e-08	1.108712091019575e-08	1.223719221556492e-08	1.270213458261961e-08	1.331034104335477e-08	1.624785034093604e-08	2.000419186302454e-08	2.19371710434047e-08	2.1893745521595e-08	2.062588256668702e-08	1.813098144704295e-08	1.576404850707362e-08	1.329572361652899e-08	1.147706557212553e-08	9.474753817544767e-09	9.472620306884582e-09	9.354442813735666e-09	1.02474439061561e-08	1.146813587999608e-08	1.180471024011825e-08	1.042225191091056e-08	8.59773904235595e-09	8.890250975288005e-09	8.502677037741485e-09	1.082327338943272e-08	1.343148297405569e-08	1.398186330314108e-08	1.442844304879979e-08	1.506534632734829e-08	1.460222131426335e-08	1.453946694520864e-08	1.517016860734215e-08
2.116223586143075e-08	1.424553233563445e-08	1.138833457720029e-08	8.878539144238281e-09	7.153474374682599e-09	7.179010238407929e-09	7.658453784903296e-09	7.974508705709238e-09	8.943618326747613e-09	1.100551675983671e-08	1.452496157017165e-08	1.745323954884795e-08	1.985426241227257e-08	2.103802719569621e-08	2.152192011180917e-08	2.129570275639805e-08	2.027411488410946e-08	1.973013288805428e-08	1.769342394808318e-08	1.506057786717119e-08	1.121986638211801e-08	7.445813050834427e-09	7.125490865681023e-09	8.667619615070304e-09	9.651486312169123e-09	7.65672324137051e-09	8.108546039935675e-09	8.888995104017978e-09	9.841744861420425e-09	1.14897003021023e-08	1.345085329211874e-08	1.413653480796828e-08	1.407054976973788e-08	1.37769879760514e-08	1.287499590528417e-08	1.317160638628292e-08	1.398475769249972e-08	1.372742212987942e-08	1.26986954910136e-08	1.149965336908032e-08	1.012812295905866e-08	8.883896158341886e-09	8.06698180108485e-09	7.977598109117899e-09	8.840730088719124e-09	1.042894671082e-08	1.191152325363607e-08	1.328769978227167e-08	1.52358034913502e-08	1.760454007309601e-08	1.911124595168149e-08	1.922775708768161e-08	1.802953132070425e-08	1.581846554959617e-08	1.229310258779909e-08	1.182907740417652e-08	1.27673318858182e-08	1.420326216169947e-08	1.53077955663204e-08	1.442216244092049e-08	1.320681656218118e-08	1.437837596889138e-08	1.635372656880653e-08	1.853046837947544e-08	1.985364195046367e-08	1.987181157224983e-08	1.903879794370603e-08	1.79593200815954e-08	1.655920217592832e-08	1.431167120330109e-08	1.091626486508422e-08	8.109265337735242e-09	7.249769991180668e-09	6.905762107198193e-09	6.474985929128236e-09	6.637549437637269e-09	7.545475502233027e-09	8.37008400732869e-09	9.338730764980259e-09	1.098044942438428e-08	1.208919746096811e-08	1.304299100953488e-08	1.27110600953709e-08	1.147124325082453e-08	1.053106447894504e-08	1.026815451328129e-08	1.121089897263635e-08	1.260516478329077e-08	1.384755865860699e-08	1.448541954994337e-08	1.429224615170956e-08	1.356942956884687e-08	1.216559006390099e-08	1.121157575319319e-08	1.115914365005198e-08	1.155464695330224e-08	1.186881309373679e-08	1.202478156402151e-08	1.322788196516711e-08	1.419387375036205e-08	1.537330170781688e-08	1.781996259955396e-08	2.07769758797895e-08	2.228025657898044e-08	2.179873464969464e-08	1.970630203853377e-08	1.788528557017976e-08	1.56529464746616e-08	1.360866059949155e-08	1.091824891148063e-08	8.859417492308801e-09	8.407828256906803e-09	8.954695483962513e-09	9.815479349667379e-09	1.000357321620524e-08	9.210951786507119e-09	8.562514096581402e-09	9.107374883595293e-09	9.857545629106668e-09	1.148424466291703e-08	1.352679261074572e-08	1.484521516999325e-08	1.512893664348771e-08	1.504764249868172e-08	1.496887589815877e-08	1.442998477155591e-08	1.37222504034514e-08	1.283478912629587e-08
1.568592574669365e-08	1.21033914931487e-08	1.133303997466749e-08	1.079601915797429e-08	1.010154999997356e-08	1.02171339275128e-08	9.696793205622384e-09	9.810647694465953e-09	1.107489543414658e-08	1.30255005576027e-08	1.519884206976937e-08	1.682996670633276e-08	1.783323771289129e-08	1.948124340755114e-08	2.018042722431603e-08	2.022348919932978e-08	1.975263258437313e-08	1.800520638076824e-08	1.527500982238113e-08	1.230880501780947e-08	9.250219267720467e-09	7.299309331286974e-09	8.787989555649642e-09	1.016456491606724e-08	9.160054234690696e-09	6.523189501140938e-09	7.453674976520029e-09	9.909746876781372e-09	1.260428218706147e-08	1.455218141215086e-08	1.605101735565558e-08	1.739863227491052e-08	1.730899481932572e-08	1.592959527137183e-08	1.363447775563474e-08	1.253293439696837e-08	1.262231063459301e-08	1.163712818913243e-08	9.801486548856451e-09	9.074705503585316e-09	8.926955188079543e-09	7.772515186051568e-09	7.64674096226614e-09	8.09581755239028e-09	8.515239316703727e-09	9.507633989968752e-09	1.092144434906852e-08	1.23035316131776e-08	1.357808400635688e-08	1.527291499529906e-08	1.693532022767526e-08	1.76601159864469e-08	1.593876215690299e-08	1.471350392946911e-08	1.421103473157437e-08	1.420554092722033e-08	1.484848048785955e-08	1.561248530973346e-08	1.589483472232575e-08	1.47911434012582e-08	1.298123079715167e-08	1.476586067277022e-08	1.795843692336518e-08	2.007067109160814e-08	2.065106212130169e-08	2.113401932441685e-08	2.144527802004071e-08	1.924754206828088e-08	1.499462557307454e-08	1.064905003710129e-08	8.324206462554682e-09	7.568686477364799e-09	7.780197143050134e-09	8.356424138321832e-09	8.845894942687145e-09	9.098842020053482e-09	8.89002062334072e-09	9.125662736067704e-09	1.003302884827405e-08	1.206562168154002e-08	1.364012764005864e-08	1.407837699747936e-08	1.330559675566209e-08	1.21521439365642e-08	1.107110273715372e-08	1.066632298372109e-08	1.09380626657837e-08	1.1735591336256e-08	1.28326182409118e-08	1.317293485228866e-08	1.237910902784074e-08	1.188400389738359e-08	1.093271306890915e-08	1.07314816816951e-08	1.029877150383658e-08	1.016157166050606e-08	1.084669062644133e-08	1.159835338085884e-08	1.30184213777307e-08	1.38226782930157e-08	1.400909537392797e-08	1.712087613850586e-08	1.991184703353102e-08	2.094604668199344e-08	2.044684885012859e-08	1.878825443990578e-08	1.709836499748155e-08	1.492088911013027e-08	1.330797270137079e-08	1.180278994062254e-08	1.107976321348259e-08	9.474543706531788e-09	9.018808813984767e-09	1.031067153138047e-08	1.115684255635375e-08	1.064611628760313e-08	1.035632476647728e-08	1.103518837006437e-08	1.20722635075215e-08	1.315850688651061e-08	1.40599634260944e-08	1.469319438619835e-08	1.504983538878971e-08	1.489484927663176e-08	1.444543467587864e-08	1.346579842169679e-08	1.232323939156789e-08	1.078118071434382e-08
1.786419962691083e-08	1.373750996945473e-08	1.158160249238765e-08	1.07793739420729e-08	1.048786293022697e-08	9.411937947362188e-09	8.067342162902447e-09	8.177206167917916e-09	8.749418335628178e-09	1.030098102920023e-08	1.297212742407549e-08	1.569652908827933e-08	1.846434078253707e-08	1.998370695775113e-08	2.077359215067485e-08	2.029724210239833e-08	1.914979350432281e-08	1.7474131037054e-08	1.511175065455287e-08	1.250797340970224e-08	1.101367884674085e-08	1.092398676944857e-08	1.10256400921642e-08	1.086004963990128e-08	9.818066674516096e-09	8.724112207549094e-09	9.911605230233865e-09	1.194250209945131e-08	1.420882801623569e-08	1.565027428123463e-08	1.656463276997519e-08	1.7476263296607e-08	1.777825581522065e-08	1.610959886642317e-08	1.307083470230353e-08	1.092231224573362e-08	1.071764820885423e-08	9.135447994994531e-09	6.852589884258914e-09	7.337257343128508e-09	8.400206136467545e-09	9.436522700985958e-09	8.860825480291705e-09	7.577270591272661e-09	6.791928429857126e-09	6.353205655765529e-09	8.221850858892299e-09	1.020983824141909e-08	1.209060017915298e-08	1.461836469355307e-08	1.673705162435788e-08	1.761701226727649e-08	1.725850298298883e-08	1.603906804816334e-08	1.51661431561742e-08	1.433856191457845e-08	1.408503569937362e-08	1.485892618116561e-08	1.492605698507092e-08	1.451363484437299e-08	1.460328191012356e-08	1.542232784417788e-08	1.81788092403193e-08	2.121427503890408e-08	2.279487670596873e-08	2.254462743778807e-08	2.091734995775132e-08	1.753709850111392e-08	1.406468404824634e-08	1.050134984756228e-08	9.56399773159994e-09	9.896026420143628e-09	9.461902132464251e-09	9.243469416125641e-09	9.468191615771294e-09	9.91088426555824e-09	9.74283815674099e-09	9.417688867079668e-09	1.067140993670709e-08	1.275055333691553e-08	1.429811899956454e-08	1.456050885921406e-08	1.444361078697459e-08	1.334451949242657e-08	1.171632154030291e-08	1.016286787665674e-08	1.034398765442844e-08	1.120372870223207e-08	1.138427243275456e-08	1.148897864287154e-08	1.197019717354955e-08	1.184686516530589e-08	1.134472712903259e-08	1.023675693074834e-08	9.42728710443967e-09	8.915255566104911e-09	9.001159655887161e-09	9.909874043233998e-09	1.14889036861979e-08	1.260489657417128e-08	1.295407820315221e-08	1.607964691727668e-08	1.933890488385104e-08	2.054153603368148e-08	1.998634569876524e-08	1.872624754290074e-08	1.743673092543077e-08	1.566150353569367e-08	1.43772764097057e-08	1.327809515693027e-08	1.19822940024112e-08	9.806183800215217e-09	9.611232970521841e-09	1.109034085688692e-08	1.144674638938448e-08	1.105165032109549e-08	1.072854645487693e-08	1.130060449437967e-08	1.238370235364983e-08	1.389512041582856e-08	1.522374911346157e-08	1.575812748335809e-08	1.571622193801579e-08	1.463671835865599e-08	1.341576173291458e-08	1.242107297716913e-08	1.141650705826463e-08	1.001465649423051e-08
1.679776356126479e-08	1.287918715229817e-08	1.194700934310033e-08	1.119849645128332e-08	1.047152952970881e-08	9.378066342773158e-09	9.416316916038754e-09	1.042529002524434e-08	1.088652744653794e-08	1.086606510166596e-08	1.148638171264824e-08	1.341769175261205e-08	1.672706937117505e-08	1.929430629113765e-08	1.990474306195568e-08	1.968252912209714e-08	1.779081874663655e-08	1.663678381669268e-08	1.561049835934065e-08	1.447951001765106e-08	1.323796397607281e-08	1.248377226480771e-08	1.206077681892749e-08	1.098330845789854e-08	8.643141785514045e-09	7.374281064375203e-09	9.360117029751265e-09	1.173014240404062e-08	1.402801629045734e-08	1.579763647416547e-08	1.711117883493682e-08	1.819191611010901e-08	1.835812117026927e-08	1.640023632362868e-08	1.344739940706989e-08	1.002547070829048e-08	7.641163136442943e-09	6.896159902260824e-09	8.166024038999332e-09	9.789751136702972e-09	1.1162600595678e-08	1.213260922702577e-08	1.164275431176003e-08	1.037117452942961e-08	8.241807205111506e-09	6.53656385904237e-09	6.763798428160493e-09	8.093509458957138e-09	1.022386619852432e-08	1.24759819785216e-08	1.379390824884235e-08	1.508311528967034e-08	1.475981805079033e-08	1.403142397516767e-08	1.335107948795879e-08	1.294570940916834e-08	1.213709550004135e-08	1.364166858280147e-08	1.497090640217284e-08	1.55976578025003e-08	1.695613676141523e-08	1.821755339157164e-08	1.953381530240179e-08	2.090599582165825e-08	2.158084759594728e-08	2.110688738237777e-08	1.842916943252797e-08	1.611364255804244e-08	1.506669037438517e-08	1.423338511793929e-08	1.323770857463001e-08	1.275972138429894e-08	1.212163534183871e-08	1.087194356783302e-08	9.690635191922581e-09	1.016288422404629e-08	1.100729088102682e-08	1.094240767761838e-08	1.117609024684613e-08	1.208634899144154e-08	1.284416784680049e-08	1.307306950576513e-08	1.307541461471497e-08	1.262543494096735e-08	1.149727278543506e-08	9.993020395283802e-09	1.045141508043098e-08	1.098672375345761e-08	1.152354129460409e-08	1.153373296118788e-08	1.237491509965995e-08	1.291521603905727e-08	1.224893207376726e-08	1.16578329048762e-08	1.053766275018805e-08	8.887491164564208e-09	8.818408156422121e-09	9.951979918762859e-09	1.160785943294435e-08	1.257747533992274e-08	1.361338276059211e-08	1.561881603005193e-08	1.685658572803343e-08	1.724887079863817e-08	1.634046612218053e-08	1.473204257754481e-08	1.332579053443528e-08	1.302367367047611e-08	1.284154665133699e-08	1.217220078864813e-08	1.161514366922425e-08	1.116615188933208e-08	1.232944660432178e-08	1.321440904308838e-08	1.381602833165092e-08	1.458162949812835e-08	1.505303653185635e-08	1.499809222917819e-08	1.380717179397779e-08	1.396318936186063e-08	1.530852791905693e-08	1.61011240940707e-08	1.550381897801935e-08	1.373522226658315e-08	1.206970629367156e-08	1.110239381983227e-08	1.037197679520951e-08	8.73788566391823e-09
1.356746131182664e-08	1.14249640596643e-08	1.142112715807121e-08	1.173945778925258e-08	1.192148516183229e-08	1.113175151850698e-08	1.132608166290496e-08	1.182025631430127e-08	1.223197647205193e-08	1.346151637234603e-08	1.490062373787731e-08	1.541317273459639e-08	1.605082317372017e-08	1.73373558155448e-08	1.768453348538317e-08	1.671124070870698e-08	1.584696139719123e-08	1.561611415252701e-08	1.511000414034152e-08	1.296747604695029e-08	1.235362490561517e-08	1.205845696074471e-08	1.177734071071864e-08	1.113034845695809e-08	9.435948394411868e-09	8.728404030132489e-09	9.608843458398405e-09	1.116982155948374e-08	1.197597295641029e-08	1.202532067554117e-08	1.410710437404079e-08	1.663544744933271e-08	1.80245874322246e-08	1.683974334810259e-08	1.323037899853349e-08	1.013716108044159e-08	8.237807811531797e-09	9.190793511290299e-09	1.15618529302484e-08	1.308703012714247e-08	1.399181810405621e-08	1.374744873124228e-08	1.288133129943248e-08	1.184552396062465e-08	1.086586087271068e-08	1.0092819560671e-08	9.375213007060941e-09	9.768887987754342e-09	1.089649542989817e-08	1.200357842280635e-08	1.376901077026993e-08	1.445780648224571e-08	1.354199962656512e-08	1.222868696083688e-08	1.195132410252575e-08	1.014535974993335e-08	8.998699215536831e-09	1.054842315969509e-08	1.177750632435493e-08	1.336528106638976e-08	1.470872103716418e-08	1.611005500555211e-08	1.772067335286536e-08	1.931482016334003e-08	2.051589563947259e-08	2.004210281351492e-08	1.887471707433354e-08	1.776872663364734e-08	1.740369988722221e-08	1.664877642252496e-08	1.55046313831577e-08	1.427368712621126e-08	1.30320650961851e-08	1.155414802375685e-08	1.029323288253474e-08	1.045696319611036e-08	1.121622928772992e-08	1.128930167017974e-08	1.097857476052092e-08	1.164251875400937e-08	1.245196954891732e-08	1.227600235298534e-08	1.254846099371461e-08	1.304359213934795e-08	1.278126320148017e-08	1.153566067080188e-08	1.111768329041803e-08	1.130144638511203e-08	1.155928535951396e-08	1.249501897970265e-08	1.403350532671809e-08	1.443998334563164e-08	1.348834237240512e-08	1.25365544409438e-08	1.113209409963471e-08	9.576727505072984e-09	8.47389935012327e-09	9.633950766530509e-09	1.071822773377623e-08	1.10475775008944e-08	1.122517056867445e-08	1.291019278014782e-08	1.383912900015232e-08	1.378512964543128e-08	1.32001769629954e-08	1.223442657919325e-08	1.201860067302991e-08	1.232549855068789e-08	1.322956508955428e-08	1.352275185415774e-08	1.395822167716936e-08	1.543990461291517e-08	1.653313840361382e-08	1.640663284381116e-08	1.573768768299057e-08	1.542979395807689e-08	1.472675489280727e-08	1.475813069529819e-08	1.439030783316793e-08	1.42999892100952e-08	1.418309441549032e-08	1.373541268124758e-08	1.318064551364787e-08	1.168626780929586e-08	1.060723243612073e-08	1.122291586203904e-08	1.141797302563475e-08	1.081191827070032e-08
1.488573846972106e-08	1.180808370680726e-08	1.169412811289399e-08	1.265617104100369e-08	1.303288088995028e-08	1.327517047451159e-08	1.323053409296366e-08	1.259565686856245e-08	1.280229011971639e-08	1.362267294024608e-08	1.445192713642374e-08	1.483610162259678e-08	1.50756518709531e-08	1.479217289946231e-08	1.39090539923491e-08	1.197256222945093e-08	1.033945807295695e-08	9.687637597367082e-09	9.41265107299101e-09	9.739883498545917e-09	1.044215769738099e-08	1.189582409209237e-08	1.296857820519007e-08	1.35842515165451e-08	1.351584961375587e-08	1.344164196676292e-08	1.313471964508246e-08	1.334887068797882e-08	1.498879352553902e-08	1.654530415448987e-08	1.696186721221183e-08	1.631351048064537e-08	1.671204455262298e-08	1.551690697575567e-08	1.385932238706777e-08	1.204076322699073e-08	1.134339005539398e-08	1.320026497265936e-08	1.421663706296661e-08	1.522214790791969e-08	1.568863659669917e-08	1.508796971724363e-08	1.394813113086446e-08	1.241995496018744e-08	1.095604009305932e-08	8.80204811634788e-09	7.391279768946644e-09	8.986842983858159e-09	9.364451653089426e-09	1.191877976876624e-08	1.468863112740738e-08	1.563739213647007e-08	1.37845566431064e-08	1.094073119605252e-08	8.162186517605162e-09	6.203466845103289e-09	7.780440571808956e-09	9.72505363281127e-09	1.188666491036942e-08	1.328485748932237e-08	1.407074908140324e-08	1.281132909277311e-08	1.29014372426907e-08	1.509569222012461e-08	1.682957521311086e-08	1.772618787772317e-08	1.710689456803179e-08	1.640524308526745e-08	1.607412647464719e-08	1.611382742099802e-08	1.607201726538908e-08	1.451570964277238e-08	1.408540812610347e-08	1.334811939567908e-08	1.320933185780655e-08	1.336756711678023e-08	1.352133985777938e-08	1.201132588895147e-08	1.162886032694863e-08	1.199699614525682e-08	1.228616513992595e-08	1.234570275832666e-08	1.308102238649026e-08	1.403969263320944e-08	1.363774150909522e-08	1.172444728402416e-08	1.161908396559414e-08	1.226567468502855e-08	1.283452901644695e-08	1.35520275890552e-08	1.449366023751165e-08	1.467880436886008e-08	1.448464571169357e-08	1.33831257085382e-08	1.280747258986663e-08	1.207870746708309e-08	1.081956508168738e-08	1.121754444615528e-08	1.206553858338332e-08	1.17792357089856e-08	1.224430600914829e-08	1.210268083865811e-08	1.127865498603144e-08	1.082801558186332e-08	1.082585959949438e-08	1.179985890033377e-08	1.231633751795953e-08	1.184680273213241e-08	1.220121011411862e-08	1.292642424068348e-08	1.341839922668893e-08	1.382739839142499e-08	1.437907778796755e-08	1.401665424526144e-08	1.522874784981605e-08	1.537434973605168e-08	1.550872243750078e-08	1.585729565494328e-08	1.52121848399058e-08	1.364785216039197e-08	1.229480035509001e-08	1.273609131687167e-08	1.323559240234391e-08	1.318864364283625e-08	1.274488149032508e-08	1.175214707608303e-08	1.118975125600206e-08	1.181064265267644e-08
1.508867211542389e-08	1.302101575308847e-08	1.323791449721944e-08	1.347442265181922e-08	1.335154772063379e-08	1.31692881686763e-08	1.285054129203427e-08	1.26954523870755e-08	1.255162778268003e-08	1.354913971328701e-08	1.410246707717873e-08	1.405942204205932e-08	1.266440221102083e-08	1.150035636185601e-08	9.585504555642885e-09	8.050310121314767e-09	8.176166875768116e-09	9.132346127403407e-09	1.121970263200471e-08	1.292870610900625e-08	1.440945235979647e-08	1.656644124580841e-08	1.65324720678124e-08	1.604193320342537e-08	1.501882113286288e-08	1.338718036612801e-08	1.197632272050021e-08	1.191734551519222e-08	1.381334460358202e-08	1.547636137675405e-08	1.562369904422812e-08	1.553749245286471e-08	1.536838906171561e-08	1.496533316537121e-08	1.36492593593256e-08	1.134461697989045e-08	1.016350486895862e-08	1.244435859411204e-08	1.479257979922358e-08	1.577491035469167e-08	1.591943098523018e-08	1.552794332755112e-08	1.460053350401278e-08	1.35899212918257e-08	1.196819272215168e-08	9.132019357592715e-09	7.948104464637031e-09	8.869247418402506e-09	1.091499803426736e-08	1.310492122435088e-08	1.44585956253028e-08	1.474996276750954e-08	1.375297516146745e-08	1.25239908459803e-08	1.10632853375587e-08	1.080440704488329e-08	1.189851394749627e-08	1.283719695288292e-08	1.324357552750131e-08	1.304251072901422e-08	1.253603888822033e-08	1.081923409987025e-08	1.060805031551952e-08	1.212908058584741e-08	1.281781547188035e-08	1.350431611239404e-08	1.298188895350684e-08	1.313666805809951e-08	1.321454961884196e-08	1.359294329306388e-08	1.351771920629595e-08	1.29890829336e-08	1.313874939806685e-08	1.381601976607426e-08	1.471930588720087e-08	1.509438870544966e-08	1.456420248259516e-08	1.388318396738965e-08	1.305139466981232e-08	1.289865562583289e-08	1.28969294550946e-08	1.251814996325301e-08	1.334640228573089e-08	1.372203267145335e-08	1.334318541327598e-08	1.236058082607537e-08	1.273534484908781e-08	1.356203431691882e-08	1.393516764471441e-08	1.468422970120782e-08	1.528083321670313e-08	1.512111333127237e-08	1.473268708881115e-08	1.388877571128803e-08	1.273972903865839e-08	1.188845921079591e-08	1.118347842901625e-08	1.220825437054035e-08	1.292531997222924e-08	1.295672584828699e-08	1.245251310592607e-08	1.171353670244925e-08	1.066341869404776e-08	1.073442321713157e-08	1.117113746317989e-08	1.182156730977067e-08	1.21564802445294e-08	1.164657926362684e-08	1.142207269068433e-08	1.185875107203184e-08	1.40112518331884e-08	1.584130519957098e-08	1.644209585621471e-08	1.62645667379876e-08	1.575958668283096e-08	1.417098819328353e-08	1.210035790508589e-08	1.052637951112943e-08	1.253983863450309e-08	1.338619430958983e-08	1.253518627251484e-08	1.187039228953667e-08	1.259638956503058e-08	1.290026669088812e-08	1.277946573937043e-08	1.268394991634881e-08	1.336533208081118e-08	1.399099701911147e-08
1.79908354815021e-08	1.387069294681486e-08	1.315114765796642e-08	1.341786409733343e-08	1.368978688192242e-08	1.381566005973293e-08	1.341793608127107e-08	1.302430134117021e-08	1.210636450000499e-08	1.096553256732797e-08	9.601484819041622e-09	1.035239942185116e-08	9.747967315466253e-09	8.240513926365505e-09	7.791077164761257e-09	8.550264771864582e-09	9.159994265947794e-09	9.846329891647228e-09	1.196687202460962e-08	1.431443924804906e-08	1.651164551861608e-08	1.803024419205283e-08	1.894547829410535e-08	1.88799894920374e-08	1.790903847382582e-08	1.588158919038238e-08	1.392900966788222e-08	1.469137689968504e-08	1.530201654066083e-08	1.621340397125543e-08	1.674649583263114e-08	1.62222555682874e-08	1.42633933701233e-08	1.177502161177503e-08	1.117095974053671e-08	1.154589054179331e-08	1.184363214246477e-08	1.146061817363502e-08	1.213177385358879e-08	1.415876301022689e-08	1.505215683601334e-08	1.405753686596865e-08	1.268354008615731e-08	1.047749563125347e-08	7.514781300710511e-09	6.737309966647524e-09	7.994160026157499e-09	9.625711267777866e-09	1.185822203735922e-08	1.378642680189697e-08	1.503310707014305e-08	1.529648079725261e-08	1.480281243912971e-08	1.438184773606539e-08	1.380724225111807e-08	1.38333075614337e-08	1.438456968834294e-08	1.448033377271597e-08	1.427143026628215e-08	1.375781874071894e-08	1.226054223815675e-08	1.03076033542155e-08	1.008657429235061e-08	1.106936345313555e-08	1.235070184214798e-08	1.234640258289962e-08	1.075467205401452e-08	1.006481070155753e-08	1.050306414104233e-08	1.214480440289282e-08	1.36321337415319e-08	1.353171533942671e-08	1.312587003982483e-08	1.392321928957699e-08	1.509389302781847e-08	1.610975631042174e-08	1.591462344393508e-08	1.473469901447743e-08	1.430488277965959e-08	1.40215816368579e-08	1.328119603110069e-08	1.291338571325513e-08	1.32197580618414e-08	1.344582243353766e-08	1.33651260296502e-08	1.252490308419344e-08	1.364065202975912e-08	1.520349992113371e-08	1.638348068400006e-08	1.589800903230923e-08	1.359601633475061e-08	1.241926175193031e-08	1.266926785110433e-08	1.291254098537445e-08	1.254536286399915e-08	1.164292017360676e-08	1.10347393618332e-08	1.109772550055247e-08	1.115268158223978e-08	1.074670416987534e-08	1.086014399270646e-08	1.081376845593749e-08	1.121072848174896e-08	1.1975246831112e-08	1.318240342884216e-08	1.385117422682984e-08	1.390574234121855e-08	1.319484207806006e-08	1.300045974564297e-08	1.460456735529835e-08	1.619628513108946e-08	1.68699391088138e-08	1.624788559479123e-08	1.470681605778495e-08	1.269884137122331e-08	1.180758230067861e-08	1.135359179699049e-08	1.133632183728536e-08	1.281129842518057e-08	1.313771290935881e-08	1.20132260443937e-08	1.139853266610441e-08	1.106669322669646e-08	1.041357482365674e-08	1.124894793248951e-08	1.364755815842388e-08	1.557195069520172e-08	1.604074232852186e-08
1.715298065486873e-08	1.374542616149552e-08	1.286216526580687e-08	1.284144655817362e-08	1.330399737468843e-08	1.341801605229801e-08	1.257808591646745e-08	1.13103944312689e-08	1.006577083350558e-08	9.445989795525936e-09	1.020376992561329e-08	1.09042855899854e-08	1.086713252470683e-08	1.129785214820302e-08	1.174248251699373e-08	1.235060845033108e-08	1.349818475988113e-08	1.488231410041397e-08	1.559668052433495e-08	1.496133357763191e-08	1.523834874936318e-08	1.703028766940823e-08	1.814867079673323e-08	1.844181938484395e-08	1.700375697893556e-08	1.383377910739773e-08	1.12697178108949e-08	1.089510292294962e-08	1.082349862123387e-08	1.128069593443826e-08	1.309601015982925e-08	1.445857203554922e-08	1.38592933525291e-08	1.175043664599347e-08	1.129996423726621e-08	1.250760251111422e-08	1.341180128240251e-08	1.325800457043194e-08	1.370560996559452e-08	1.392468861055791e-08	1.323621059561157e-08	1.148921872976439e-08	1.056952812396669e-08	9.571881226436093e-09	8.571699030128246e-09	8.851384735550886e-09	9.958355139630555e-09	1.159091548964267e-08	1.374912809188403e-08	1.545241489165516e-08	1.624825705648207e-08	1.651393369307235e-08	1.602325431901397e-08	1.507808317528914e-08	1.345224696868117e-08	1.340893553782882e-08	1.464655172612738e-08	1.475132020696815e-08	1.327077890777506e-08	1.216638783524413e-08	1.038220367753656e-08	8.823591878014923e-09	9.074829215225389e-09	1.045713519176417e-08	1.176367677992418e-08	1.239109273420907e-08	1.166057660444794e-08	1.168440729356662e-08	1.329245463432976e-08	1.459891186103973e-08	1.500035197943194e-08	1.510029121292261e-08	1.497418125774133e-08	1.484832327059506e-08	1.457182099006641e-08	1.467266999498592e-08	1.484905512198909e-08	1.412021907418942e-08	1.422103835794052e-08	1.35672174518965e-08	1.381813701772204e-08	1.429465839400242e-08	1.416673866673995e-08	1.290603949459321e-08	1.322789272078967e-08	1.400040378420327e-08	1.401620292682491e-08	1.327483961455937e-08	1.328452125418136e-08	1.215883317452015e-08	1.185850232444413e-08	1.193028627949632e-08	1.19963285289572e-08	1.198046213865923e-08	1.188190308895147e-08	1.177524877508918e-08	1.196134661590664e-08	1.251468222935695e-08	1.313250782461842e-08	1.275766543177599e-08	1.153989680989294e-08	1.06849718391171e-08	1.049337561338841e-08	1.04357419949702e-08	1.07369882518125e-08	1.071674236682622e-08	1.188217875807899e-08	1.400539396382049e-08	1.519884019701386e-08	1.561164149866425e-08	1.592089115537629e-08	1.612468933347756e-08	1.569301168769149e-08	1.424662334880154e-08	1.321664861515625e-08	1.275173223325248e-08	1.262325854782446e-08	1.343231086849922e-08	1.464835856250398e-08	1.528817104233053e-08	1.459473175339908e-08	1.22635418368728e-08	1.010218982116294e-08	9.088383010795297e-09	1.095408212377381e-08	1.31313511644818e-08	1.433454993055107e-08	1.403228713426016e-08
1.52064277873384e-08	1.351263934769197e-08	1.332685907033911e-08	1.381913928039525e-08	1.408411656848863e-08	1.381992667617621e-08	1.272472346095253e-08	1.06475484026742e-08	9.247901192817167e-09	1.093964837463559e-08	1.217730292269941e-08	1.115039916348099e-08	1.065002423087772e-08	1.18077079705998e-08	1.303933158032877e-08	1.336426939009037e-08	1.338604396423709e-08	1.340644914604917e-08	1.327467934759306e-08	1.314167948927897e-08	1.391275472285215e-08	1.619147907155184e-08	1.809207825814594e-08	1.855857148530351e-08	1.661042029232028e-08	1.42090600106417e-08	1.203353613007358e-08	9.178763480357645e-09	7.757063931951307e-09	9.654458466079782e-09	1.321152419064665e-08	1.458122471292427e-08	1.466893451872415e-08	1.415372479719169e-08	1.333749273066475e-08	1.387996713807193e-08	1.487608505771044e-08	1.481730255306945e-08	1.400551584350348e-08	1.304435961954136e-08	1.314094665759452e-08	1.346564032314187e-08	1.349054064726128e-08	1.261230845406317e-08	9.925859596407251e-09	7.392636627991784e-09	8.331907118662889e-09	1.00281277466777e-08	1.233053986899005e-08	1.403228632059446e-08	1.475628716620821e-08	1.495523909841261e-08	1.515726429437874e-08	1.521155927259241e-08	1.398665407442952e-08	1.33684695318031e-08	1.426225879579935e-08	1.470673038127849e-08	1.326862500138932e-08	1.085315626510936e-08	9.11987393841251e-09	8.973962259578255e-09	8.982103200359182e-09	9.823144058478031e-09	1.119525963596274e-08	1.18159516372882e-08	1.243945023318231e-08	1.374453194280227e-08	1.497668805732703e-08	1.583400039163927e-08	1.60899654117588e-08	1.597066890369214e-08	1.592848020914935e-08	1.437899999943688e-08	1.366042895078696e-08	1.362158754046168e-08	1.282887631116029e-08	1.286607335523302e-08	1.403453562675045e-08	1.490058801479523e-08	1.350248360786958e-08	1.315890226094127e-08	1.394478887558247e-08	1.35211383936691e-08	1.377327995998459e-08	1.439889671832403e-08	1.434129123832628e-08	1.359982621301462e-08	1.375796923592923e-08	1.300457862592226e-08	1.277218758976159e-08	1.313546531763363e-08	1.235860605643538e-08	1.26283926226785e-08	1.235982027818634e-08	1.042045916016565e-08	1.058112187370371e-08	1.186017595978285e-08	1.184268567565315e-08	1.173456002046221e-08	1.11575333976253e-08	1.011047642064869e-08	1.055353144824538e-08	1.150483346327138e-08	1.19070415282487e-08	1.221147432048095e-08	1.203962285180455e-08	1.274794170754544e-08	1.358066068343801e-08	1.431001107872334e-08	1.516079004014898e-08	1.560339909384477e-08	1.586254462629651e-08	1.638919190349641e-08	1.559751284483594e-08	1.378750823661146e-08	1.337131229259074e-08	1.374360837052435e-08	1.407272537352719e-08	1.39795526354944e-08	1.338666921095991e-08	1.199029789424636e-08	9.109434509323603e-09	9.494346476854671e-09	1.140783365796182e-08	1.296177230026394e-08	1.45310361685498e-08	1.437826280270578e-08
1.698717328629866e-08	1.303841976650822e-08	1.245351256884905e-08	1.29668018486686e-08	1.314251966747128e-08	1.297825872081779e-08	1.224539944197635e-08	1.116802378396371e-08	1.11772640557281e-08	1.151672378054296e-08	1.195813793987184e-08	1.325398159298464e-08	1.336571546464348e-08	1.289510813806561e-08	1.22177022923087e-08	1.103020267218767e-08	1.121700644042284e-08	1.164518273663485e-08	1.170991851676743e-08	1.208886738926997e-08	1.368605715188175e-08	1.567057667871634e-08	1.6909840243719e-08	1.695024151927427e-08	1.579084670854783e-08	1.433600316510267e-08	1.266033144240874e-08	1.076307413002547e-08	1.211354169302454e-08	1.505151459461216e-08	1.663442935211812e-08	1.573021405156869e-08	1.414881245457755e-08	1.264412442360662e-08	1.166835475814881e-08	1.257897235576077e-08	1.356521558318183e-08	1.372158349474823e-08	1.372674961443404e-08	1.380681376879439e-08	1.40370405982983e-08	1.411555268967054e-08	1.321245876237509e-08	1.208203347934691e-08	9.894443467810726e-09	8.233803483553315e-09	9.287733406291246e-09	1.071777285280772e-08	1.2750274561031e-08	1.395203965287055e-08	1.364423766151537e-08	1.295849558418335e-08	1.280014971506407e-08	1.286758823624447e-08	1.240660005389167e-08	1.209624944655999e-08	1.163495262742575e-08	1.132461217602795e-08	1.063734930434406e-08	1.017681355923885e-08	1.077296046753132e-08	1.084182293580502e-08	1.128878806437957e-08	1.226488811398785e-08	1.36948441795338e-08	1.497532426829276e-08	1.527668181124445e-08	1.57305705279464e-08	1.580906012250313e-08	1.49087707153066e-08	1.499109803275939e-08	1.492458264142017e-08	1.561449192440017e-08	1.638193577733216e-08	1.549191028212855e-08	1.452852914196158e-08	1.32654382944001e-08	1.298495658840732e-08	1.33852368593011e-08	1.386266014392808e-08	1.358726902957193e-08	1.376581757296836e-08	1.243675085930041e-08	1.178740354870157e-08	1.189288867726857e-08	1.222479703465995e-08	1.308446148755372e-08	1.364164386673174e-08	1.336779929053715e-08	1.407282092146457e-08	1.371936382131421e-08	1.24576475772878e-08	1.239914943433029e-08	1.165723331270888e-08	1.151347824623308e-08	1.113722288710829e-08	1.128188145364146e-08	1.224819556318436e-08	1.267727166063388e-08	1.271885158714697e-08	1.237173968379147e-08	1.223815162772892e-08	1.148696626515759e-08	1.072025596346041e-08	1.106806425627233e-08	1.056752153944921e-08	1.102743329272166e-08	1.252151942212351e-08	1.406732804203312e-08	1.468232452792253e-08	1.474172078567325e-08	1.431890235522717e-08	1.476956284232733e-08	1.526168972276996e-08	1.518948436970301e-08	1.372075002354292e-08	1.364407784796378e-08	1.465512540606008e-08	1.509162120037034e-08	1.51770702957335e-08	1.407878550253225e-08	1.277441772884118e-08	1.065737683882078e-08	9.459452762847776e-09	1.04597167890423e-08	1.244777339621062e-08	1.398681017286037e-08	1.371533632853355e-08
1.55667680647652e-08	1.270278565696221e-08	1.177219910141223e-08	1.224457496780767e-08	1.291064442308828e-08	1.33910029790303e-08	1.300458334487958e-08	1.235279022908251e-08	1.135818759636102e-08	1.182928917328492e-08	1.316075902695653e-08	1.40684164750252e-08	1.447511110398471e-08	1.30967997013987e-08	1.26475636564293e-08	1.274871253528233e-08	1.204096426192958e-08	1.112641089438899e-08	1.06826409359414e-08	1.101012767503791e-08	1.23339680666234e-08	1.570910204659316e-08	1.743811719007025e-08	1.729366827759891e-08	1.610455422736987e-08	1.409614556886187e-08	1.217277902800633e-08	1.040905510911207e-08	1.174615441256162e-08	1.452376593954837e-08	1.617640340977273e-08	1.632624114600567e-08	1.519897660187178e-08	1.249230321448221e-08	1.077048650556443e-08	1.101369455186398e-08	1.193908116262714e-08	1.241470627688958e-08	1.259106044035783e-08	1.22414922790509e-08	1.249721340931431e-08	1.38105506407538e-08	1.467254872058481e-08	1.342341029778852e-08	1.066641632040051e-08	8.211833942285373e-09	7.869954321627882e-09	9.866955148716156e-09	1.156250339029137e-08	1.265477269007626e-08	1.367174095069999e-08	1.41607476990565e-08	1.427262888803539e-08	1.393192996572146e-08	1.351582002742617e-08	1.309973993902876e-08	1.23819659475916e-08	1.196600426652485e-08	1.155014844094471e-08	1.173791931182935e-08	1.21521873272357e-08	1.21140866943309e-08	1.335867599324779e-08	1.482991810607039e-08	1.592438620968049e-08	1.679300265708133e-08	1.705864172174708e-08	1.626873858722976e-08	1.623377469030643e-08	1.536964732511502e-08	1.420442726024942e-08	1.303987072512666e-08	1.285663872444312e-08	1.335298429524987e-08	1.271844600928475e-08	1.208451483208494e-08	1.190375018894647e-08	1.210064873796449e-08	1.267512346792342e-08	1.324989203820425e-08	1.405113114738267e-08	1.424890400687077e-08	1.150454868082417e-08	9.740487327485913e-09	1.008801836694935e-08	1.043470482106573e-08	1.145917730953054e-08	1.248220473685163e-08	1.312626414822212e-08	1.376814971912688e-08	1.455831571625889e-08	1.421391429601036e-08	1.363967676802746e-08	1.328768536501085e-08	1.353454717818079e-08	1.385160722647661e-08	1.355929766272987e-08	1.303409730468738e-08	1.310504986663528e-08	1.248897078334139e-08	1.209024396088419e-08	1.205885332988716e-08	1.254473205169177e-08	1.241536526270734e-08	1.114166509270848e-08	9.326014708583359e-09	9.984662899498576e-09	1.100421732749441e-08	1.253427849812038e-08	1.479982185508554e-08	1.553640460420054e-08	1.534605322218952e-08	1.550964555134044e-08	1.542211762344703e-08	1.470464384053136e-08	1.373268101859215e-08	1.220270102367112e-08	1.313024730611594e-08	1.409946728490967e-08	1.435400610173979e-08	1.441983001504737e-08	1.369130333225243e-08	1.156271288663507e-08	1.052110392189919e-08	1.116756518358263e-08	1.251896780038091e-08	1.351666503173655e-08	1.310192598673785e-08
1.432327858017463e-08	1.18254170356253e-08	1.192911750861173e-08	1.244506892681782e-08	1.337163215269141e-08	1.342482657768055e-08	1.305573137264879e-08	1.27154783273685e-08	1.195003028557213e-08	1.264388755779238e-08	1.35133280537746e-08	1.417989929087486e-08	1.43406318832526e-08	1.42960840056127e-08	1.389424971997335e-08	1.298316838526635e-08	1.163722890451254e-08	1.128869462169668e-08	1.057877442872912e-08	1.033633542354307e-08	1.139028542473832e-08	1.389065656905722e-08	1.640338374643606e-08	1.764530993001264e-08	1.708766569400994e-08	1.571041883990271e-08	1.32866115320701e-08	1.124889143992744e-08	1.268951082267706e-08	1.428877482090569e-08	1.491463671347954e-08	1.418943097360404e-08	1.30179177325658e-08	1.170140551094279e-08	1.122014622376238e-08	1.142289296585329e-08	1.110233415073746e-08	1.040901432791279e-08	1.024785283447051e-08	1.024139641802222e-08	1.121917510812377e-08	1.310551978506077e-08	1.408977566904114e-08	1.41717489496019e-08	1.184256348812853e-08	1.034576939635974e-08	1.269862854779135e-08	1.497839384382313e-08	1.597799522863621e-08	1.471668198727023e-08	1.39854693750302e-08	1.272819723393351e-08	1.252894373363972e-08	1.218070055800473e-08	1.085364426377933e-08	1.043362204374968e-08	1.024169702157505e-08	9.900679393919585e-09	1.016491111076087e-08	1.14869989314497e-08	1.258454748076995e-08	1.353299555349551e-08	1.531300487429117e-08	1.762284261235626e-08	1.842577014132562e-08	1.877788558908367e-08	1.92826753778589e-08	1.865774728028393e-08	1.728027704880191e-08	1.567830641758485e-08	1.377639164586812e-08	1.119734281926733e-08	1.073223542504354e-08	1.10986442392584e-08	1.078783017274736e-08	1.093127141325161e-08	1.039738399096361e-08	1.0468494220058e-08	1.121995518464446e-08	1.20481912025097e-08	1.272678766785062e-08	1.280300970289212e-08	1.167323629677907e-08	1.024253058144273e-08	1.039659353735981e-08	1.04756598298062e-08	1.100756100837039e-08	1.259554307573872e-08	1.39569541647641e-08	1.501608084302276e-08	1.562175127715734e-08	1.539646420934438e-08	1.569769944972686e-08	1.546898898337587e-08	1.516253887040527e-08	1.462704681475702e-08	1.333400641137669e-08	1.286706301763734e-08	1.284851991444275e-08	1.237260341966892e-08	1.294742908443744e-08	1.366715731280294e-08	1.362591417903508e-08	1.13143100792365e-08	9.371847227015061e-09	8.40124429862203e-09	9.382357250234228e-09	1.171086699502274e-08	1.282110321719535e-08	1.316475703009391e-08	1.304260778699686e-08	1.35851778697111e-08	1.335815433694958e-08	1.341653663657033e-08	1.300483760425496e-08	1.287622493049024e-08	1.453816970390264e-08	1.595264740993668e-08	1.583593510167785e-08	1.524274662157692e-08	1.439795941225274e-08	1.397900952165038e-08	1.368262465910097e-08	1.320547898391316e-08	1.224419219012395e-08	1.177772451165665e-08	1.195519429110616e-08	1.051174092751568e-08
1.458345576820716e-08	1.088694038093007e-08	1.175926951113916e-08	1.327628473677405e-08	1.430496508933267e-08	1.446667999527043e-08	1.300566286709857e-08	1.105206213085563e-08	1.177281073761334e-08	1.245094488182961e-08	1.255715419772425e-08	1.352347600007699e-08	1.504697703451089e-08	1.561779825970656e-08	1.402785533345702e-08	1.261454534398024e-08	1.152768209837889e-08	9.483846067279223e-09	9.952058227666529e-09	1.187526780668891e-08	1.223514352569511e-08	1.336927325519404e-08	1.572939822048234e-08	1.697619175516768e-08	1.612818668218057e-08	1.476873558326293e-08	1.372686781995955e-08	1.375620442411562e-08	1.455430179725843e-08	1.612048208836911e-08	1.619104075629055e-08	1.506708943801354e-08	1.403041921492557e-08	1.127000709238641e-08	9.500955871253982e-09	1.045773459876925e-08	1.202764591439741e-08	1.089105234800737e-08	1.074379662453058e-08	9.246936700684245e-09	9.342003289436442e-09	1.148118868664254e-08	1.332560595770124e-08	1.336617093957524e-08	1.220599756442116e-08	1.173061166725474e-08	1.261859360250022e-08	1.411527248478814e-08	1.440990086288624e-08	1.304957585545396e-08	1.290054996194731e-08	1.343451064723753e-08	1.253902104423286e-08	1.104362260559818e-08	1.015504266616285e-08	1.040110308816082e-08	1.049919385232913e-08	9.996499356087267e-09	9.722608141609583e-09	1.111059681177355e-08	1.325506232185948e-08	1.494886784459683e-08	1.611640820207782e-08	1.743643399827201e-08	1.973857058911614e-08	2.226831124047968e-08	2.238527631482123e-08	2.129627678917404e-08	1.915203513916365e-08	1.640501571677987e-08	1.207441790834226e-08	1.000728503147717e-08	1.005260240377121e-08	1.092782880337551e-08	1.119955157606955e-08	1.026414174232483e-08	9.554714266793571e-09	8.995679916875456e-09	9.567536506755335e-09	1.127012183880239e-08	1.23682625653767e-08	1.248461081185822e-08	1.101550744289572e-08	9.771208360585978e-09	9.355001308899016e-09	1.029473108902515e-08	1.213757831289826e-08	1.450614956440121e-08	1.521260044904821e-08	1.508647846227103e-08	1.510819033526031e-08	1.490030035535601e-08	1.499058139351864e-08	1.50770080622948e-08	1.470667160631463e-08	1.440730511763861e-08	1.372597153129851e-08	1.220971873236095e-08	1.091428004198266e-08	1.006558694224298e-08	1.094564483290714e-08	1.219621478170979e-08	1.276078003910075e-08	1.135650006247649e-08	1.009509251820044e-08	1.123912535673639e-08	1.388287383363983e-08	1.568732615803815e-08	1.604845516980125e-08	1.42867764433653e-08	1.274018491076209e-08	1.253959123291101e-08	1.179847990344307e-08	1.255293363295248e-08	1.253921185078308e-08	1.296356068483771e-08	1.435328438701189e-08	1.610413441156704e-08	1.648030881835329e-08	1.502837340856372e-08	1.393509210250638e-08	1.267153749877229e-08	1.153853782211413e-08	1.128950105596091e-08	1.116910293795869e-08	1.20061235829996e-08	1.319604472078013e-08	1.292735426144832e-08
1.382541255047432e-08	1.134815760374424e-08	1.1673445520333e-08	1.268979150529369e-08	1.386980688712658e-08	1.332823264482386e-08	1.317782889049235e-08	1.28910907434592e-08	1.239308618864609e-08	1.289124231069482e-08	1.325446333373779e-08	1.386031902118828e-08	1.448286379834302e-08	1.466981266165845e-08	1.404428203388479e-08	1.336088116061672e-08	1.261983639532097e-08	1.197221248760357e-08	1.224795860076892e-08	1.284372743442279e-08	1.315614189173058e-08	1.33361462594017e-08	1.421357179211567e-08	1.435517023956708e-08	1.285571148827331e-08	1.190277604095744e-08	1.255239262318552e-08	1.269229236011099e-08	1.269953847566376e-08	1.31774753068696e-08	1.329615775130256e-08	1.328170869232622e-08	1.268131339240437e-08	1.322975218905047e-08	1.424786283075677e-08	1.452841746910287e-08	1.361851921773089e-08	1.106525224949743e-08	1.03383052504054e-08	1.098472642744385e-08	1.232524180009517e-08	1.420860638031903e-08	1.527659856586323e-08	1.462359196994718e-08	1.141938078912171e-08	1.034050434003333e-08	1.221630098443176e-08	1.37271685511713e-08	1.366567446853307e-08	1.308742651107599e-08	1.244454138082337e-08	1.203825567068052e-08	1.111370585330323e-08	1.019841559805573e-08	9.367290164321719e-09	9.147837689771237e-09	8.785163583671787e-09	8.957633114554256e-09	9.890995695240462e-09	1.113208035898616e-08	1.290662737259822e-08	1.566667855015269e-08	1.843100670044713e-08	2.127447305224203e-08	2.291410616029689e-08	2.312302427646983e-08	2.280587104242725e-08	2.158489439567985e-08	1.893147302027503e-08	1.529764279748878e-08	1.121087679469436e-08	8.933657095045798e-09	9.219768107956207e-09	9.956466233116685e-09	9.408187827153604e-09	8.177861249878803e-09	7.924511582449752e-09	7.968683829564876e-09	8.837891102687463e-09	1.128595955477248e-08	1.297388663660339e-08	1.329768520042365e-08	1.23322933805217e-08	1.181223093564028e-08	1.286854826329549e-08	1.346403519753e-08	1.405085070810208e-08	1.379877083197274e-08	1.225476050298916e-08	1.183233097712601e-08	1.22293464645737e-08	1.299281660912133e-08	1.374520228914929e-08	1.418441625619741e-08	1.363121344868299e-08	1.344311336300051e-08	1.279003766015903e-08	1.144540780758991e-08	1.152115196297196e-08	1.226268687702766e-08	1.329262586018078e-08	1.393186393384956e-08	1.433110428113908e-08	1.381128769429342e-08	1.320207989165386e-08	1.340860612753588e-08	1.412905591038982e-08	1.445816407450155e-08	1.469765271795926e-08	1.250904407999898e-08	1.241847800141604e-08	1.299275335905834e-08	1.340217841471484e-08	1.357144156196652e-08	1.274634593606401e-08	1.28129524347262e-08	1.437495754134437e-08	1.494325266415114e-08	1.497072910611788e-08	1.423139610472485e-08	1.159407630810445e-08	8.945029228973021e-09	1.02827312334995e-08	1.130783870833012e-08	1.232258295737298e-08	1.408184286257676e-08	1.454943819440932e-08	1.387684382377231e-08
1.517606392645911e-08	1.165353188795155e-08	1.18551022060645e-08	1.253710251255655e-08	1.279432334238266e-08	1.2551317487749e-08	1.188348494772487e-08	1.162055379826274e-08	1.221505481696078e-08	1.344058170338318e-08	1.439179151594698e-08	1.47668010292165e-08	1.516892738735653e-08	1.552255240404529e-08	1.529942816178607e-08	1.472563831506003e-08	1.304659228195575e-08	1.237421344227853e-08	1.278366105523227e-08	1.238876575044775e-08	1.073660740124237e-08	9.184690832214953e-09	9.165940010875544e-09	1.083086750998299e-08	1.267039967372377e-08	1.445784416612198e-08	1.468409856711104e-08	1.387679319165172e-08	1.324246055206998e-08	1.240348417069518e-08	1.135941042442907e-08	1.275000060588095e-08	1.46134661626596e-08	1.551605281588966e-08	1.621161218821449e-08	1.707681039986762e-08	1.637612226030279e-08	1.244944827518726e-08	1.118018544330913e-08	1.226604783968962e-08	1.419778062581677e-08	1.569242651522292e-08	1.539158599380521e-08	1.570860551793465e-08	1.317289102121631e-08	1.03486469057513e-08	1.078072785153552e-08	1.13002637309015e-08	1.152947686724898e-08	1.109058546869184e-08	9.907544281511558e-09	8.658655351893608e-09	8.77656846281435e-09	7.846743268289346e-09	8.131610848262784e-09	8.046413027491573e-09	8.495747360328167e-09	8.573769481535045e-09	9.33594625025259e-09	1.093252412950435e-08	1.306113994793364e-08	1.572117187810653e-08	1.853482438612412e-08	2.135060910164242e-08	2.281007922606825e-08	2.321436202682778e-08	2.248741281242947e-08	2.06286256942009e-08	1.809000929388335e-08	1.554988201809403e-08	1.353569722450485e-08	1.159425806317129e-08	1.153542524150893e-08	1.177448840055895e-08	1.140565947552228e-08	1.057924840335463e-08	1.027535839722831e-08	9.588224434320946e-09	1.032775199534096e-08	1.188993381978451e-08	1.291642153393778e-08	1.333127254958757e-08	1.381290512191678e-08	1.413452759527569e-08	1.369218421906008e-08	1.210823601773113e-08	1.119267263538415e-08	1.094505490312978e-08	1.008256065497213e-08	9.509997655210133e-09	9.981317356933993e-09	1.126982974335456e-08	1.201733365640666e-08	1.222347402030948e-08	1.21896515204706e-08	1.274532820279787e-08	1.177801542007177e-08	1.087155903329454e-08	1.183612735806262e-08	1.346450427336408e-08	1.492666709483807e-08	1.554348184923692e-08	1.342887273676381e-08	1.205267227828032e-08	1.345146687944774e-08	1.490945488538273e-08	1.650195243170594e-08	1.717277106606466e-08	1.707270486340985e-08	1.544734934691776e-08	1.403167936124934e-08	1.229764109851545e-08	1.115047018810281e-08	9.911289967896083e-09	1.16730007652197e-08	1.402176867430569e-08	1.559987570350129e-08	1.663376559114692e-08	1.569033691437374e-08	1.382587150377924e-08	1.021080174010034e-08	8.089080268288064e-09	7.460980182657331e-09	9.307458495704604e-09	1.204470903033855e-08	1.446612996828999e-08	1.559145417871551e-08	1.587371052135016e-08
1.563070836671409e-08	1.382468426795244e-08	1.288002169959004e-08	1.27974916653986e-08	1.304974604753764e-08	1.243044899742812e-08	1.139276511329912e-08	1.106870523550363e-08	1.213760213355101e-08	1.339284597657283e-08	1.37031972401619e-08	1.389866455906899e-08	1.345136384412879e-08	1.296487656808968e-08	1.296729039850479e-08	1.293054499304746e-08	1.270369952735885e-08	1.236206408592128e-08	1.183002589050702e-08	1.171083639489251e-08	1.102356115976685e-08	1.029591857169461e-08	1.111167101742286e-08	1.264061389252353e-08	1.375075861651542e-08	1.466790532313641e-08	1.456172262696846e-08	1.350706053027626e-08	1.263482203044739e-08	1.337761407773259e-08	1.452778196287959e-08	1.457589749467985e-08	1.450185750236515e-08	1.51346584398076e-08	1.692609272225162e-08	1.731052333051398e-08	1.583446899177053e-08	1.242159943345548e-08	1.106905453535769e-08	1.237937546875697e-08	1.529551244083825e-08	1.762887157283937e-08	1.832236802345644e-08	1.609259651345134e-08	1.282441026118133e-08	9.799169774674732e-09	1.003323102917784e-08	9.452045631742506e-09	9.864991632740821e-09	8.329032391053941e-09	8.237671032046481e-09	8.382869096188695e-09	8.386371936409563e-09	9.454060758669867e-09	1.143398700959559e-08	1.21374583883602e-08	1.088448789049738e-08	1.01633664981732e-08	1.080282121427938e-08	1.144397118259874e-08	1.208577673161777e-08	1.280264495327602e-08	1.41970415269723e-08	1.762579738114636e-08	2.037226672737221e-08	2.130395762013582e-08	2.057079323942558e-08	1.87753277943312e-08	1.73499232929083e-08	1.62936994170869e-08	1.379535975111984e-08	9.175160392262598e-09	9.674066322675466e-09	1.106694399418484e-08	1.139174268121409e-08	1.079862587165702e-08	1.041844695391044e-08	9.873393929357318e-09	1.021895802304676e-08	1.183175366688527e-08	1.342886429495248e-08	1.470807073761457e-08	1.574437228754782e-08	1.623563765747936e-08	1.572891164176848e-08	1.460107231940465e-08	1.277643663275648e-08	1.1009157807136e-08	9.827136091972892e-09	9.833760476537279e-09	1.178334524323843e-08	1.303568392212536e-08	1.336454995894788e-08	1.367530229390593e-08	1.336465996584975e-08	1.281006039810983e-08	1.133291443583007e-08	1.059318528149711e-08	1.217546826156538e-08	1.336462929368323e-08	1.287887050061262e-08	1.230299773807634e-08	1.261840960340053e-08	1.2090917418706e-08	1.207924589896943e-08	1.424393764794041e-08	1.639842667950891e-08	1.695970811121769e-08	1.592899536725993e-08	1.406193608207799e-08	1.324578887022843e-08	1.242593190189119e-08	1.130218205496572e-08	1.19129325512015e-08	1.433535636928262e-08	1.608192731085159e-08	1.6626524748163e-08	1.634834436525759e-08	1.540037384499477e-08	1.21252582312353e-08	8.788365542760832e-09	6.900814915650534e-09	6.087952290313349e-09	7.559364401159243e-09	1.086517294766626e-08	1.449951652667021e-08	1.710751299778729e-08	1.906939711954457e-08
1.75359934283654e-08	1.507819788178393e-08	1.418254439114976e-08	1.425048309715689e-08	1.385343598588158e-08	1.292041790673272e-08	1.175738531645433e-08	1.089637061868585e-08	1.154809693665546e-08	1.266001544950046e-08	1.287762124779284e-08	1.220402897249845e-08	1.117019166726258e-08	1.053316500968727e-08	1.074806638018329e-08	1.144003393082244e-08	1.140423103318109e-08	1.169868794598999e-08	1.119363806862248e-08	9.815229717027256e-09	8.620965625713945e-09	8.064701150339071e-09	8.977304419390794e-09	1.052991432020877e-08	1.211982130036799e-08	1.246525116582309e-08	1.209472631542508e-08	1.198923921421573e-08	1.39594321119794e-08	1.770363437956331e-08	1.96009060904553e-08	2.025454788278898e-08	2.019230732111514e-08	1.986638334424527e-08	1.972886576723661e-08	1.89493438088285e-08	1.647100129726808e-08	1.523498415008469e-08	1.591929532817922e-08	1.867380552892452e-08	2.025372557662784e-08	2.005441520170353e-08	1.762203070184319e-08	1.695332747593138e-08	1.374714032195598e-08	1.011422344246693e-08	7.486359803107721e-09	6.993540851167198e-09	7.050049230891116e-09	7.050780884265046e-09	8.050164986132362e-09	8.160630089399296e-09	7.229581929658531e-09	7.820063576873711e-09	7.21464414421192e-09	7.297415328438626e-09	6.708750227033236e-09	7.106417279786829e-09	8.337741251582171e-09	9.118523167511837e-09	1.005044692638629e-08	1.241412288231172e-08	1.469907980201909e-08	1.675269729049652e-08	1.819607410185904e-08	1.887664291204168e-08	1.803838917108528e-08	1.567968652552906e-08	1.421287245736977e-08	1.378727937512492e-08	1.23646741158181e-08	1.175406672415154e-08	1.150147551487898e-08	1.160559346974712e-08	1.214061741463143e-08	1.242646687182156e-08	1.238661948241407e-08	1.239724534587274e-08	1.283460114302247e-08	1.324524898833497e-08	1.430737228545415e-08	1.571859865907473e-08	1.679948483591839e-08	1.732330668813518e-08	1.668627808558942e-08	1.473734093926072e-08	1.358861094848652e-08	1.399449945000801e-08	1.504997764924709e-08	1.592558731340708e-08	1.54148348944667e-08	1.44235527636968e-08	1.280163138555603e-08	1.19832506604909e-08	1.174317704468997e-08	1.132829381005139e-08	1.126804679142539e-08	1.088509204778443e-08	1.063378698845678e-08	1.096866900884582e-08	1.098662896372454e-08	1.091627240175236e-08	1.113726830947759e-08	1.202948345089786e-08	1.352037649045383e-08	1.470782717016461e-08	1.544427689444544e-08	1.520520736582667e-08	1.369262546593049e-08	1.302268427342117e-08	1.25206687760771e-08	1.196470764672385e-08	1.211382307006905e-08	1.417988981155442e-08	1.635762717468513e-08	1.70683107769628e-08	1.722282862197741e-08	1.622362767774528e-08	1.33225492991017e-08	9.65758013736797e-09	5.989804963946569e-09	6.248858662820572e-09	6.293107611296405e-09	7.261658710913356e-09	1.0897390478507e-08	1.441737381242283e-08	1.783007669209644e-08	2.287927786791453e-08
2.004391010365601e-08	1.655887194696462e-08	1.638138167284554e-08	1.536761726878843e-08	1.3446979354379e-08	1.19064343893629e-08	1.173094863969229e-08	1.217022730599683e-08	1.239829087186136e-08	1.226783080240387e-08	1.21593445931543e-08	1.09443944653928e-08	9.229319851401283e-09	7.167625981518239e-09	7.628261315248869e-09	8.1995069594156e-09	7.600961427357219e-09	7.946597420339629e-09	9.08713792409635e-09	8.911801582556928e-09	7.497235832797933e-09	6.353171520788615e-09	6.838291921578935e-09	8.576101759487572e-09	1.005841279839675e-08	1.166275116457899e-08	1.338931087961034e-08	1.704857558763938e-08	2.015108432707817e-08	2.194224101909345e-08	2.347775467891025e-08	2.415363208245959e-08	2.434640981849683e-08	2.390445836293132e-08	2.312864293982948e-08	2.179167297473551e-08	2.087311349709078e-08	1.939111802344764e-08	1.847592663827883e-08	1.948399479759894e-08	2.03771158873287e-08	1.949417908753791e-08	1.939836229082963e-08	1.752319054594187e-08	1.303713114179653e-08	7.447079197794233e-09	4.749232929259656e-09	3.659288228016775e-09	3.42094298845549e-09	4.409382697826326e-09	5.113883427737849e-09	4.702608832133446e-09	4.606751441427309e-09	5.201395437435288e-09	5.503781593970201e-09	6.567889870376729e-09	7.863561969895625e-09	8.030857038241829e-09	8.500939419564133e-09	9.498025944101263e-09	1.132178700575151e-08	1.298952074468531e-08	1.480095004532254e-08	1.63014812316704e-08	1.696112471176008e-08	1.56464547558176e-08	1.32608415483819e-08	1.191467074990938e-08	1.236055681312076e-08	1.286182232803859e-08	1.243621050723908e-08	1.145937077614663e-08	1.136312371362946e-08	1.199523931420506e-08	1.18457473076268e-08	1.219587029383485e-08	1.206388027262992e-08	1.182598639963268e-08	1.306547003516248e-08	1.480093719431853e-08	1.582481038253196e-08	1.711725548525933e-08	1.852704454291373e-08	1.907330112459292e-08	1.845420656807378e-08	1.712244019111577e-08	1.658692466518943e-08	1.714977954838973e-08	1.745371611774843e-08	1.689596425892765e-08	1.608088794823148e-08	1.440606867723642e-08	1.232536223420156e-08	1.180151418608038e-08	1.230810716617693e-08	1.248913722242349e-08	1.249750565293232e-08	1.27126282427505e-08	1.125108363434828e-08	1.113294862823467e-08	1.16822071679751e-08	1.184589787958446e-08	1.215543063637113e-08	1.261441020013365e-08	1.224603105347292e-08	1.286483526403498e-08	1.341908858105179e-08	1.255557743331799e-08	1.110897087302642e-08	1.006507927110616e-08	9.881943987110108e-09	1.041440747223519e-08	1.083868337234276e-08	1.387672471705115e-08	1.689489268818661e-08	1.793876610827486e-08	1.686467240982703e-08	1.511338763007706e-08	1.269273940247864e-08	9.460008034274853e-09	6.253457475784375e-09	7.306262210094979e-09	8.55407901827506e-09	9.55379069091105e-09	1.091871934445416e-08	1.311167071211673e-08	1.78027702755831e-08	2.409771571509074e-08
2.0679098059731e-08	1.877165033650126e-08	1.668388252155939e-08	1.471982682368257e-08	1.371136883564686e-08	1.350955065806895e-08	1.313544521436328e-08	1.19871213236821e-08	1.104660877385524e-08	9.485325091691445e-09	8.888442781582746e-09	8.20074490469046e-09	7.573817046841329e-09	7.762571092068875e-09	7.937632859180369e-09	7.948397932679384e-09	7.87042554459005e-09	7.930007726989629e-09	8.353303410399066e-09	8.385686926616225e-09	6.593492431956147e-09	6.672517282829692e-09	8.546689853706681e-09	1.017851504318888e-08	1.058648064634843e-08	1.090115231938481e-08	1.202669110790837e-08	1.637586389887186e-08	2.093002264621551e-08	2.44054387209947e-08	2.664982668492103e-08	2.781256290147852e-08	2.743946909289825e-08	2.628325784623131e-08	2.479483573719013e-08	2.365135291581418e-08	2.164402579717851e-08	1.8997283650299e-08	1.812312334622242e-08	1.818978966650416e-08	1.806374662140529e-08	1.766751263111557e-08	1.684813892030333e-08	1.379307758781539e-08	1.023520454912292e-08	7.077590602781283e-09	4.242635528821112e-09	3.463169298662031e-09	4.058093249856153e-09	2.932384292762121e-09	3.629305614213031e-09	4.864282654664883e-09	5.729926050641911e-09	5.922341003835667e-09	6.344611920911862e-09	7.22093026664398e-09	8.322903933012092e-09	9.723911987293143e-09	1.036584285004419e-08	1.107650066744102e-08	1.200481767713736e-08	1.322433884807164e-08	1.435605081643311e-08	1.509643147132692e-08	1.529288921559008e-08	1.313332587306635e-08	1.072833490176013e-08	1.064119310999597e-08	1.17389368853037e-08	1.220976856675716e-08	1.114719678862212e-08	1.036048198642905e-08	1.12063683296993e-08	1.232603630437062e-08	1.251163897685262e-08	1.251674750009944e-08	1.309504391260195e-08	1.41705397495038e-08	1.506388541170035e-08	1.607651050948676e-08	1.690649193225774e-08	1.755377870488133e-08	1.824476114023099e-08	1.822531417959398e-08	1.772211300702729e-08	1.70374166063322e-08	1.662450702187012e-08	1.731399872766116e-08	1.752274583081864e-08	1.72519041477285e-08	1.52204033533421e-08	1.339105443634717e-08	1.259532076562793e-08	1.313680273007219e-08	1.456493678282052e-08	1.559956459379859e-08	1.518702801437374e-08	1.363169909615337e-08	1.289772451422544e-08	1.253553685018506e-08	1.088881966507438e-08	1.014866033354509e-08	1.039418497334452e-08	1.064865340997246e-08	1.136882017002829e-08	1.142753652222056e-08	1.067854652485593e-08	9.730186070088199e-09	9.417341711601038e-09	7.934922813900836e-09	8.456806227293581e-09	1.061167937655645e-08	1.297240125428513e-08	1.569623352252444e-08	1.750744255377756e-08	1.788492020778706e-08	1.743936330891696e-08	1.610283655342783e-08	1.365682209514241e-08	1.048657429353543e-08	5.393507350300944e-09	6.306977204135973e-09	8.634425198770313e-09	1.10273086052387e-08	1.281631298773959e-08	1.438853168101751e-08	1.68102947263287e-08	2.175173802397389e-08
2.308953860894839e-08	2.018900168783382e-08	1.781615912201753e-08	1.506602382460411e-08	1.337198552429722e-08	1.250775565640327e-08	1.141715571889895e-08	1.025086649476441e-08	9.008599837943701e-09	7.916276704562533e-09	7.87864023828742e-09	8.29164196072846e-09	9.23006110205587e-09	9.033585628977606e-09	7.625957387480351e-09	5.986929484347567e-09	6.529444318377279e-09	7.517442334411958e-09	8.497188682044555e-09	7.657049081171398e-09	7.032511318273458e-09	7.376604325295903e-09	8.159900940157678e-09	9.3055269125183e-09	1.066111828529615e-08	1.139534372204503e-08	1.331704964969495e-08	1.800873096168025e-08	2.297934601722674e-08	2.64921628669247e-08	2.854541771707959e-08	2.958992176981398e-08	2.91712330090282e-08	2.736292498960047e-08	2.529463497688798e-08	2.349249551612071e-08	2.037043611007888e-08	1.743520471537382e-08	1.694788382456775e-08	1.656800438262832e-08	1.47848724456347e-08	1.333149367381886e-08	1.265847284357814e-08	1.057618563343587e-08	8.515890878304841e-09	7.682545568774809e-09	7.319801366364495e-09	8.104584800404265e-09	9.356003025305591e-09	6.621424848539256e-09	5.631968507343589e-09	6.461143059494916e-09	8.050954392313887e-09	8.362778091458457e-09	7.847374691947737e-09	8.16249651826414e-09	8.929183116773354e-09	9.617640369774528e-09	9.622678310151175e-09	9.470674748146961e-09	1.112131824844149e-08	1.230998183003873e-08	1.250709500396432e-08	1.223923104650057e-08	1.09014931895892e-08	9.32230922215577e-09	8.254733167787143e-09	8.90449342423219e-09	1.006346346652993e-08	1.037271623176779e-08	1.043470839555629e-08	1.13045820497063e-08	1.207624573020696e-08	1.252260407269184e-08	1.324643068123166e-08	1.417166980601166e-08	1.484517932040754e-08	1.496477886048642e-08	1.55107783976406e-08	1.587944894171579e-08	1.622151197991081e-08	1.736670718314549e-08	1.742921773019749e-08	1.648464642499218e-08	1.679632361953702e-08	1.632789531825214e-08	1.583422102779188e-08	1.629658467673939e-08	1.688595091429251e-08	1.669797411603064e-08	1.60353970648318e-08	1.482391757440805e-08	1.472437276578064e-08	1.566272933727504e-08	1.801770289513738e-08	1.930161833181307e-08	1.913912615980285e-08	1.70041536479241e-08	1.486013447677679e-08	1.331282373803074e-08	1.13839955325104e-08	9.830588112935291e-09	9.93774577816416e-09	1.07277246304643e-08	9.940551039862385e-09	9.691653465275321e-09	9.75814539641581e-09	9.691009630267273e-09	8.664230923310161e-09	7.20980499728881e-09	6.689695920729599e-09	8.692358436317561e-09	1.201533855574152e-08	1.455115267374378e-08	1.555034195287847e-08	1.501799465088806e-08	1.41663592060626e-08	1.300092526521771e-08	1.167825741875312e-08	9.827082473887729e-09	7.981558243860054e-09	9.089977391269909e-09	1.172561531584259e-08	1.476370627171878e-08	1.66270955865478e-08	1.709668372139607e-08	1.655707848984053e-08	1.607203287261985e-08
2.112375157602933e-08	1.83543055316258e-08	1.587419678916664e-08	1.443823429637716e-08	1.427307353044513e-08	1.371938817341228e-08	1.277732030677075e-08	1.182408714099632e-08	1.085963312407272e-08	1.011011302456516e-08	9.726154364994378e-09	9.933730180060505e-09	9.827200800317873e-09	9.17975780151411e-09	8.443426654530921e-09	7.391238400775525e-09	6.701368439095143e-09	6.599308201168469e-09	6.556127584879777e-09	6.269133308100579e-09	5.888176721054832e-09	6.015656456259844e-09	7.027605591191938e-09	9.299999460652125e-09	1.056853141174998e-08	1.113363418961581e-08	1.212547634208401e-08	1.588114014034162e-08	2.126765087208898e-08	2.654851154886126e-08	2.923283544768629e-08	3.02242767388136e-08	2.959667010372484e-08	2.802729941376481e-08	2.589167973038267e-08	2.303725479264779e-08	1.923600999203991e-08	1.6673831809063e-08	1.542440721468904e-08	1.118617469604988e-08	8.785201597727272e-09	9.954708000751568e-09	1.1222887856577e-08	1.14564170511839e-08	1.261480659643544e-08	1.311212051555598e-08	1.181503636257727e-08	1.023046444238587e-08	7.753142049742052e-09	7.021524963274814e-09	8.788206413792951e-09	1.026034854310962e-08	1.128535949359589e-08	1.11071887300314e-08	9.799595718235984e-09	1.000115882026718e-08	1.035242823404032e-08	1.002203189176596e-08	9.762768867873199e-09	9.648560404701703e-09	9.074452562442203e-09	9.396845764033812e-09	1.03126148463068e-08	1.04625921430563e-08	9.619186705089536e-09	9.06356222087478e-09	9.775198367082741e-09	1.099862742983672e-08	1.069604727950276e-08	1.067690770226016e-08	1.199637474740345e-08	1.186249615747669e-08	1.155688470308365e-08	1.115426704291544e-08	1.103118745652326e-08	1.171514038597574e-08	1.260217716539208e-08	1.376734997028142e-08	1.513492887192562e-08	1.610122921661166e-08	1.60626596545637e-08	1.622616608928224e-08	1.553574140383757e-08	1.436874576374948e-08	1.385699377965329e-08	1.385001069541677e-08	1.442373612091291e-08	1.550335141125277e-08	1.610893177530944e-08	1.586415000849127e-08	1.544888946753195e-08	1.659924672043124e-08	1.750599589375669e-08	1.824591522078091e-08	1.912221850030634e-08	1.930672677205678e-08	1.917835764500814e-08	1.836181653964687e-08	1.685912515003493e-08	1.542679936445825e-08	1.391628072425188e-08	1.210372466929832e-08	1.172674964979169e-08	1.180746641939811e-08	1.046292198459505e-08	9.506640557250507e-09	9.620782739500163e-09	9.978972902979782e-09	9.226957542606828e-09	7.971964713194504e-09	9.009011841816983e-09	1.06826236132878e-08	1.156380797688071e-08	1.203419493324404e-08	1.217385766837625e-08	1.198762036599112e-08	1.140506085745838e-08	1.080855865073569e-08	1.00526418764681e-08	8.01137961307893e-09	7.40622800177378e-09	1.04307997562675e-08	1.392302334766109e-08	1.539994998571164e-08	1.599972338029602e-08	1.678526473841228e-08	1.746187949371257e-08	1.803683114755937e-08
2.09801829866088e-08	1.896192534093285e-08	1.590942179362951e-08	1.333432298802421e-08	1.289895982313944e-08	1.249372444646046e-08	1.174383301440356e-08	1.102867379660478e-08	1.118007076748357e-08	1.129467084426587e-08	1.092156426522092e-08	1.119381420991549e-08	1.158475327925436e-08	1.141668838644267e-08	9.710034456832519e-09	7.67267502272656e-09	7.568440219383399e-09	7.88926712808434e-09	7.579566616193791e-09	6.488837470139063e-09	5.220800095256882e-09	5.284270432206829e-09	5.849456437011722e-09	8.2740651376845e-09	9.842196948604148e-09	1.070437445967443e-08	1.108644924121382e-08	1.430700781775038e-08	2.066713609068078e-08	2.609259217185096e-08	2.907383517271507e-08	3.02134186876157e-08	2.958576770695711e-08	2.734066285846834e-08	2.475933497331575e-08	2.153880694513474e-08	1.730059862099217e-08	1.347660696305667e-08	1.127236339490496e-08	9.856596310253078e-09	9.227766938467805e-09	1.096842369411271e-08	1.243670681617372e-08	1.378181221135951e-08	1.447398277171691e-08	1.413429777831889e-08	1.374163757566024e-08	1.208723983513167e-08	1.090428704477965e-08	1.290659890975444e-08	1.198207912202971e-08	1.144800227080405e-08	1.213227909625523e-08	1.116649943140443e-08	1.005748680339927e-08	8.803368018597496e-09	7.704018270096003e-09	7.285629891718945e-09	8.376151220289566e-09	9.08788823809527e-09	9.117306467089953e-09	9.066119289749316e-09	9.083460782651777e-09	8.865889524608469e-09	8.336307892067682e-09	8.473751462802732e-09	9.502951524643085e-09	1.096977393774594e-08	1.136404767201805e-08	1.143871099747715e-08	1.232393893884103e-08	1.167995932243542e-08	1.086338672777754e-08	1.145721380519145e-08	1.232884797241524e-08	1.279838749667879e-08	1.361928100667483e-08	1.471527967644024e-08	1.548218125005278e-08	1.629653493259313e-08	1.715781422372595e-08	1.64060248054223e-08	1.494607138202009e-08	1.27777489978398e-08	1.17114087944126e-08	1.182251427395438e-08	1.2960346190328e-08	1.437083108646527e-08	1.560176575219623e-08	1.582390554510461e-08	1.556597444391502e-08	1.633749358591486e-08	1.730964269285308e-08	1.825723099059324e-08	1.925696080067712e-08	1.925416531976379e-08	1.832586405200831e-08	1.798250683375795e-08	1.754709504288469e-08	1.604106176045563e-08	1.474906741967793e-08	1.427703650250565e-08	1.425042113120329e-08	1.399312036375041e-08	1.184856851469699e-08	9.404101995223868e-09	8.473560955608217e-09	8.683371360821551e-09	9.433860206342069e-09	9.672954163859425e-09	1.023467006779509e-08	1.067084644948428e-08	1.128789380712962e-08	1.111005195210754e-08	1.097223103690434e-08	1.027630803515699e-08	9.782227553022468e-09	9.722129283767794e-09	9.121436328625132e-09	7.609300304320649e-09	8.209702154444358e-09	1.138208668039235e-08	1.456875602464701e-08	1.604206124012967e-08	1.611136696459605e-08	1.636870468735045e-08	1.697311460827735e-08	1.883826601607831e-08
1.991925968488175e-08	1.751017883833629e-08	1.509492204259268e-08	1.328103378142446e-08	1.192149246480094e-08	1.184972072771275e-08	1.208849248050083e-08	1.17358133159655e-08	1.087014521263445e-08	1.062584564247311e-08	1.100555505434639e-08	1.178542157728658e-08	1.281684529062875e-08	1.327213173616312e-08	1.277602178382783e-08	1.208461117255237e-08	1.165208853513536e-08	9.367687827564806e-09	6.137886389066355e-09	5.132058454255744e-09	4.767019171537137e-09	4.590962879717949e-09	6.339557919560061e-09	7.976581410160757e-09	9.426987417284271e-09	1.084190476167326e-08	1.252320601847587e-08	1.484807651667269e-08	1.857075860921202e-08	2.354015980617087e-08	2.756833101619951e-08	2.990048309060452e-08	3.00080300106513e-08	2.743772283284989e-08	2.347122493363889e-08	2.02198954132549e-08	1.602325484666246e-08	1.216270915572654e-08	8.863495793275724e-09	7.85947963748566e-09	8.998579609074944e-09	1.031820777901555e-08	1.219420139989031e-08	1.243754844025641e-08	1.232919596954353e-08	1.194308085484216e-08	1.127765962659663e-08	1.040678264045686e-08	1.015861361812158e-08	1.16630233760574e-08	1.280614633441143e-08	1.366170846877626e-08	1.35490642522357e-08	1.36734276038899e-08	1.312781807291843e-08	1.047720102912278e-08	8.888075398125021e-09	9.263887788049368e-09	9.566121055816199e-09	9.793011934057457e-09	9.037587973162336e-09	8.429638706368846e-09	8.570927862517561e-09	8.479106661637757e-09	9.585775738021496e-09	1.14366911077204e-08	1.297416414252166e-08	1.397033165220745e-08	1.389563412599922e-08	1.418187141037504e-08	1.377153856828279e-08	1.251240736908142e-08	1.191188088352606e-08	1.219503042581346e-08	1.283264498614188e-08	1.254123528427997e-08	1.169695955566697e-08	1.308997814639765e-08	1.498443258576214e-08	1.632346837558622e-08	1.672923904379998e-08	1.605029987315662e-08	1.360726141338518e-08	1.060671526729078e-08	9.160582440482257e-09	9.645890499984336e-09	1.115738795265584e-08	1.248820400259952e-08	1.378942379584623e-08	1.40053006331085e-08	1.381522713487245e-08	1.472851864526684e-08	1.584070995754239e-08	1.752987702057949e-08	1.926902442235013e-08	1.992782966005292e-08	1.965852354722222e-08	1.899067361759726e-08	1.732248709585874e-08	1.631539238756997e-08	1.47644594511157e-08	1.34262473163343e-08	1.418902254252846e-08	1.41133939948464e-08	1.312669242029516e-08	1.13827476063528e-08	1.03179831925197e-08	9.332278341656056e-09	7.901153309515829e-09	9.422961259537786e-09	1.095972495315436e-08	1.161043181307972e-08	1.183212248960398e-08	1.034705769435531e-08	9.574046152065375e-09	1.049886497250767e-08	1.169360800022548e-08	1.090082600507423e-08	9.785939146712244e-09	9.411137779672121e-09	1.000908134450487e-08	1.234073339589733e-08	1.407448305744345e-08	1.506660286512607e-08	1.494733108835384e-08	1.523305729949503e-08	1.653522942420659e-08	1.735339692873673e-08
1.811189406642883e-08	1.629938847865859e-08	1.467759706541489e-08	1.279981846197702e-08	1.165233543768967e-08	1.124049828589447e-08	1.172025575851787e-08	1.204032921398572e-08	1.243157452635996e-08	1.289828612496999e-08	1.314276706273462e-08	1.362142489660821e-08	1.388520561892856e-08	1.386199470028817e-08	1.325314177886469e-08	1.206151116187585e-08	1.051605189390144e-08	9.298108041771565e-09	8.108157788339701e-09	7.70256501676978e-09	8.007708079459262e-09	7.516504487369895e-09	7.06016873957206e-09	7.545165821459774e-09	8.142775027815503e-09	8.099536384672506e-09	8.849437287743603e-09	1.046847008022881e-08	1.378681869124426e-08	1.925733794616124e-08	2.439076684825497e-08	2.730118124582416e-08	2.806382992920366e-08	2.622578296655445e-08	2.374790393785055e-08	2.070505697127025e-08	1.551241702808459e-08	1.096027935645015e-08	1.10457923399248e-08	1.229793139364536e-08	1.350862607105962e-08	1.429949915769914e-08	1.474469652293498e-08	1.393762621375019e-08	1.172596982246079e-08	1.165365472070229e-08	1.032451654792534e-08	8.038646967827121e-09	9.697619440514525e-09	1.228227535745902e-08	1.398037071509617e-08	1.463919156213864e-08	1.508664363476536e-08	1.516994607140288e-08	1.375563653518907e-08	1.016284236512736e-08	8.236778622197592e-09	7.29654671482554e-09	8.245378906817433e-09	9.119975245468143e-09	9.692046986663351e-09	8.60178965996166e-09	7.657686277130361e-09	9.12085050551067e-09	1.102805843370113e-08	1.247220748393437e-08	1.360232153454054e-08	1.494464055513647e-08	1.521500915898221e-08	1.448715399939251e-08	1.336290329664272e-08	1.184066614830788e-08	1.082413873455882e-08	1.129252384506776e-08	1.150943899823217e-08	1.16244598662769e-08	1.020311290720337e-08	1.10160353599986e-08	1.300611816626381e-08	1.39848287456171e-08	1.432853377109636e-08	1.494175782979902e-08	1.506957197523884e-08	1.237303390395104e-08	1.077443870868392e-08	1.193316288285991e-08	1.366153330606501e-08	1.565789648127527e-08	1.648922149165569e-08	1.683481245111327e-08	1.707239189422885e-08	1.720267084457901e-08	1.760370447861593e-08	1.888002713984746e-08	1.861895013321146e-08	1.5539494825328e-08	1.409393606960173e-08	1.5868211156541e-08	1.543299695843262e-08	1.256419382274718e-08	1.0809664665912e-08	1.122813060202051e-08	1.269091628186218e-08	1.339065609821843e-08	1.370783136570769e-08	1.243902273616814e-08	1.026692781163538e-08	9.458626050239932e-09	1.001839612744798e-08	1.164903246620716e-08	1.307293487213548e-08	1.293733430568434e-08	1.192647952056733e-08	1.042315550783359e-08	1.001738970116385e-08	1.214862612478471e-08	1.282527672601926e-08	1.220497837373568e-08	1.15017607610047e-08	1.132648033644757e-08	1.002725423558404e-08	1.078036049260768e-08	1.223629644928938e-08	1.319675723422081e-08	1.291638110184448e-08	1.449733199129019e-08	1.704405901811039e-08	1.822809343755858e-08
1.570476330655603e-08	1.483650551345244e-08	1.441424604363922e-08	1.331480001187532e-08	1.297941885855544e-08	1.349117365206538e-08	1.432931174791764e-08	1.369034741919631e-08	1.248612584378219e-08	1.110012189398264e-08	1.127332260779146e-08	1.361487651993498e-08	1.458469761392684e-08	1.381067169152412e-08	1.167474075791522e-08	1.014269473499692e-08	9.067859926154616e-09	8.076981487522211e-09	8.456105899241904e-09	9.303399321961279e-09	9.943075447084271e-09	1.015170677691558e-08	9.856490525813711e-09	9.889605279326308e-09	9.725165487661358e-09	9.591409099371706e-09	8.509392271392486e-09	7.989313139699824e-09	1.052181685419791e-08	1.603255415178229e-08	2.173131736577642e-08	2.535575387174014e-08	2.690637845044671e-08	2.69115731603448e-08	2.567324291386178e-08	2.258790610784873e-08	1.682561622857423e-08	1.313846713834845e-08	1.318556796695647e-08	1.372260792997913e-08	1.376819258996586e-08	1.369862932445478e-08	1.290944676530197e-08	1.132410199923333e-08	1.075181766011296e-08	1.028604974402409e-08	9.246460838511534e-09	8.763062377275036e-09	1.004121451263145e-08	1.164597028413616e-08	1.30475292809583e-08	1.303710762262634e-08	1.236717097170402e-08	1.307252516423532e-08	1.228464788785122e-08	9.624330105367603e-09	8.182337876345758e-09	8.333744035199167e-09	8.643154958612316e-09	9.032988957208093e-09	8.82217098558515e-09	8.687450167719295e-09	9.230139885992372e-09	1.044807851992016e-08	1.241455105114656e-08	1.452394463974666e-08	1.601980012093759e-08	1.652286350178931e-08	1.671000756621846e-08	1.537227088118483e-08	1.446901254189903e-08	1.331941912063753e-08	1.275143876225089e-08	1.30650408400597e-08	1.27498261531663e-08	1.052177950599807e-08	9.698508966240475e-09	9.448785702129044e-09	1.127996475634786e-08	1.353123221141078e-08	1.559797433931162e-08	1.695112801540244e-08	1.60810960781304e-08	1.37414607748467e-08	1.144028879669356e-08	1.196818277531508e-08	1.38915284482387e-08	1.524881842953364e-08	1.558740478935429e-08	1.558632990095114e-08	1.524589125899179e-08	1.45665630845547e-08	1.475596330911464e-08	1.528689258073884e-08	1.593408684363037e-08	1.526552237301495e-08	1.456504470822465e-08	1.428692722576115e-08	1.345239682388244e-08	1.22898669352787e-08	1.15560281575171e-08	1.238498426247821e-08	1.251650560699451e-08	1.34623653940232e-08	1.341545070105403e-08	1.170043679218372e-08	1.043336442695132e-08	1.007097778370189e-08	1.061769144357216e-08	1.185190167063455e-08	1.279794715062535e-08	1.323481619149646e-08	1.362071778699329e-08	1.381069181396662e-08	1.448988117878278e-08	1.483505125665288e-08	1.42496022546096e-08	1.206183511265996e-08	9.86344429989491e-09	9.397342416243622e-09	1.037004974008582e-08	1.060257045425467e-08	1.085824222881947e-08	1.137272984829085e-08	1.260838187075626e-08	1.412271093347521e-08	1.668058138656403e-08	1.863333281191755e-08
1.400831995652532e-08	1.337409285221786e-08	1.339195131409869e-08	1.324105482221347e-08	1.315629525785872e-08	1.322134195903943e-08	1.344408269633393e-08	1.300227905320119e-08	1.37135848382185e-08	1.513227348759977e-08	1.568076979904316e-08	1.551618791083598e-08	1.479533097832059e-08	1.367469709561812e-08	1.178243983836031e-08	9.425335051678795e-09	8.720312584052783e-09	9.747274447809831e-09	9.643880091150054e-09	8.489486542915303e-09	8.852544009463099e-09	9.755797465060504e-09	1.037261022654682e-08	1.040414514576491e-08	1.023024063956795e-08	9.551585636993613e-09	8.521251313111616e-09	8.197307335597106e-09	9.637607136754105e-09	1.329631340210656e-08	1.728889774686396e-08	2.101302923644271e-08	2.341357406293221e-08	2.426499738722553e-08	2.20591877447778e-08	1.988939719037546e-08	1.851022223883103e-08	1.694109021983928e-08	1.638888801506487e-08	1.624991011035986e-08	1.58448707627443e-08	1.539956562597064e-08	1.423443637284841e-08	1.370654372849038e-08	1.321151552253048e-08	1.191855885610433e-08	9.6756866732718e-09	9.499080469414063e-09	1.040676606950307e-08	9.983411390640107e-09	1.01888315326836e-08	9.437314015102552e-09	9.386779571445718e-09	1.041268482256774e-08	1.115541787350297e-08	1.070792080529558e-08	9.898091517130515e-09	8.648562753100288e-09	8.767805027168155e-09	1.108360048750995e-08	1.257651678085615e-08	1.226384719726138e-08	1.104874648354439e-08	9.230879978338165e-09	1.065535751160219e-08	1.275531217965254e-08	1.439715189761321e-08	1.542795499628983e-08	1.569482044005211e-08	1.504487374855714e-08	1.460766883888024e-08	1.423040210642341e-08	1.315683383391319e-08	1.281839111636384e-08	1.245894064258711e-08	1.200132667429674e-08	1.20473769678322e-08	1.244464266719102e-08	1.243727433403552e-08	1.428691046821392e-08	1.633265844845468e-08	1.751720370258715e-08	1.663246508784865e-08	1.49598277075644e-08	1.332818172134789e-08	1.234023342924905e-08	1.327773184317715e-08	1.387711157669348e-08	1.360995255664791e-08	1.368298594490247e-08	1.349265251539843e-08	1.349164063326125e-08	1.360475603955004e-08	1.353066798954738e-08	1.311909044519068e-08	1.252165810507898e-08	1.211649727205439e-08	1.205562145007611e-08	1.286841769907652e-08	1.342490609486095e-08	1.28970570585131e-08	1.158858287367619e-08	1.168929414969245e-08	1.252269733240476e-08	1.258274708770355e-08	1.179690384749871e-08	1.160157478558459e-08	1.169841241127385e-08	1.26945473860774e-08	1.376410776703771e-08	1.445866622785087e-08	1.500898619715658e-08	1.594785250955329e-08	1.728029173176381e-08	1.780466259708428e-08	1.639505784751491e-08	1.351001123831556e-08	1.05890230265964e-08	8.921040080916995e-09	8.286630828460381e-09	7.561471609889674e-09	8.110930037443882e-09	9.56570788473096e-09	1.027445733330076e-08	1.243337057599843e-08	1.507072570351743e-08	1.759234017077871e-08	1.902722617723815e-08
1.591321421665639e-08	1.365938571406497e-08	1.295760067315006e-08	1.192653183028863e-08	1.147574608279148e-08	1.213743566951836e-08	1.278402570503365e-08	1.409819012468367e-08	1.5178277702787e-08	1.61785424021541e-08	1.59706601502603e-08	1.470852413462371e-08	1.390368331150995e-08	1.197467766613984e-08	9.753800619590319e-09	9.431011725375101e-09	1.078218741692657e-08	1.154629973286722e-08	9.839341504104226e-09	9.736523814872238e-09	9.12723574049598e-09	1.072856570662961e-08	1.122265714742666e-08	1.091239889023022e-08	1.06285913903296e-08	1.02966841568327e-08	9.087649315512288e-09	8.661692391458523e-09	1.030172370626066e-08	1.287661537074626e-08	1.51796914179346e-08	1.751286739457346e-08	2.085686822014451e-08	2.249599850121249e-08	2.197751526317608e-08	2.14133716213973e-08	1.989802622928504e-08	1.758193965650527e-08	1.672766860152688e-08	1.695746093526269e-08	1.646022002189851e-08	1.538608560982888e-08	1.418686609510455e-08	1.286169143457935e-08	1.216397746673911e-08	1.065946225474164e-08	8.347092139777435e-09	8.997511874022737e-09	8.913245008101748e-09	8.093085358609089e-09	8.874269488123356e-09	9.973110882582902e-09	1.086023654606236e-08	1.198689561776056e-08	1.22201709857488e-08	1.170951479891507e-08	1.045348589283653e-08	9.355844002325222e-09	9.848377945282854e-09	1.223133788614848e-08	1.386299749106268e-08	1.444011117234362e-08	1.252790505253597e-08	1.053879399232051e-08	1.156411277112931e-08	1.281126983138811e-08	1.36753015262323e-08	1.468278481608748e-08	1.545509426140874e-08	1.531188591037656e-08	1.493067194457571e-08	1.408377250930943e-08	1.209092949301246e-08	1.106301730990345e-08	1.092333278120132e-08	1.136890999737043e-08	1.096530312298416e-08	1.069203739594389e-08	1.303739193234269e-08	1.536011841656623e-08	1.675403448274262e-08	1.751998179031448e-08	1.629929742122035e-08	1.354382982497218e-08	1.174224743564315e-08	1.195002963591647e-08	1.295968461609052e-08	1.371467456117372e-08	1.398833459272205e-08	1.370496073612758e-08	1.331698864588962e-08	1.335238673532807e-08	1.32831338190221e-08	1.326022881263055e-08	1.245412299633924e-08	1.199669058094727e-08	1.188839494262359e-08	1.280873337686889e-08	1.400405903711344e-08	1.321214933513847e-08	1.224440340211888e-08	1.253517734883086e-08	1.280330104182489e-08	1.305013942749433e-08	1.350350522865598e-08	1.416505207426337e-08	1.435766762912013e-08	1.378156780642553e-08	1.424930646759491e-08	1.448076014105104e-08	1.425205945457618e-08	1.447102764401661e-08	1.559304787087183e-08	1.626323570230852e-08	1.5579494189972e-08	1.384686786596546e-08	1.129515027700557e-08	8.531497763835189e-09	8.200004106902012e-09	8.117114054034464e-09	5.873165077643333e-09	8.638947867695094e-09	1.136497913934753e-08	1.209482107826123e-08	1.324748071556997e-08	1.573347915939754e-08	1.782332923729677e-08	1.839124627890202e-08
1.704509951490545e-08	1.417463539473586e-08	1.276205079354903e-08	1.175251559391613e-08	1.137350172575498e-08	1.200325919113435e-08	1.334103230564532e-08	1.410532131876362e-08	1.429693587502687e-08	1.44446463095474e-08	1.409648440210891e-08	1.370562156763546e-08	1.319710466442994e-08	1.242046815595248e-08	1.167778132674064e-08	1.194995528176323e-08	1.210564778010925e-08	1.056083626303247e-08	1.093644875150147e-08	1.179919831986861e-08	1.126312323543763e-08	8.573724932366394e-09	6.220151364561079e-09	6.54062140623227e-09	7.498063656893369e-09	9.31840304275159e-09	1.079424500069782e-08	1.200053926433354e-08	1.323849094291716e-08	1.465838708758469e-08	1.656133874484527e-08	1.909754257694343e-08	2.196454248222147e-08	2.350201078234915e-08	2.280393157521762e-08	2.085012838399264e-08	1.831864942393654e-08	1.671729525146136e-08	1.627143908509248e-08	1.599946369653914e-08	1.529689938459712e-08	1.446447119106909e-08	1.304852954657788e-08	1.195323362346059e-08	1.080032627774089e-08	9.96588234788156e-09	1.005226511272211e-08	1.075660231628325e-08	1.049361273398786e-08	1.05445359873786e-08	1.022929091598355e-08	8.339743442935605e-09	8.495597255956171e-09	1.069566958042302e-08	1.214767861185706e-08	1.23223939803392e-08	1.167124266703218e-08	1.087196029969281e-08	1.203555385586714e-08	1.335041465576432e-08	1.375929355596565e-08	1.295930278635374e-08	1.245800854502371e-08	1.187711518227303e-08	1.151725887834534e-08	1.18299641013679e-08	1.22106845780148e-08	1.326185675468413e-08	1.422810979361207e-08	1.442953343849229e-08	1.378972523039632e-08	1.260948718227754e-08	1.164226267004156e-08	9.981956753509884e-09	1.011708664083729e-08	1.091532349027e-08	1.192329233314703e-08	1.29893986401208e-08	1.320773940010343e-08	1.378463701457709e-08	1.464406369815004e-08	1.55591691276099e-08	1.585054206228581e-08	1.506512766825216e-08	1.471123560051439e-08	1.509026956599012e-08	1.476868378144672e-08	1.412343235508604e-08	1.36823999323578e-08	1.344548804561399e-08	1.34126623300289e-08	1.328221414396167e-08	1.365772327215095e-08	1.378500813839535e-08	1.32116988335978e-08	1.261702454825223e-08	1.26048545431067e-08	1.332652471538395e-08	1.402822911086085e-08	1.403167746463807e-08	1.394105790433499e-08	1.330455210862831e-08	1.189673306458854e-08	1.137813809572439e-08	1.227786853324694e-08	1.301293584915759e-08	1.381088630854088e-08	1.437131612810341e-08	1.43939186920939e-08	1.388022660579856e-08	1.366165891146133e-08	1.396625689652199e-08	1.404151065983706e-08	1.419110741043208e-08	1.358731673432389e-08	1.230773889327299e-08	1.050552106615471e-08	9.088274673162544e-09	8.812856563037724e-09	8.852104821307325e-09	8.982457177320085e-09	1.139439414057391e-08	1.337524058590817e-08	1.372114719246992e-08	1.303883249720907e-08	1.38210197859491e-08	1.637294600666856e-08	1.775627284844725e-08
1.68275588134733e-08	1.516956808904915e-08	1.48215711683207e-08	1.435139749105743e-08	1.428809625424933e-08	1.395366603044401e-08	1.34998031218548e-08	1.383246839850427e-08	1.329274680827771e-08	1.195664735528013e-08	1.148423488383785e-08	1.074439883056959e-08	9.662042877893578e-09	8.991781683887657e-09	9.186416962449644e-09	9.189978509316614e-09	8.625342664456116e-09	8.24684452920109e-09	8.657883938126996e-09	9.481141755778845e-09	9.660321985522511e-09	8.667114528095367e-09	7.783592994298586e-09	9.272431001724143e-09	1.200167092682594e-08	1.416038774630267e-08	1.567261266191446e-08	1.600971842266071e-08	1.683064811202161e-08	1.858733960387011e-08	2.060016250889821e-08	2.309466652872574e-08	2.486309666979467e-08	2.499940138091148e-08	2.335184477038126e-08	2.09756188231426e-08	1.930305969749431e-08	1.742798766828218e-08	1.444419569757392e-08	1.087871735563452e-08	9.747919471193933e-09	9.994654313410998e-09	1.010914408295597e-08	1.099551486167668e-08	1.091764987739515e-08	1.002529464468924e-08	1.042949391131916e-08	1.016778921918297e-08	9.540765344497101e-09	8.09465002441654e-09	8.015893285692347e-09	8.322670168052113e-09	9.617291027406303e-09	1.091793115418555e-08	1.192168428987369e-08	1.225021397787645e-08	1.160062556408965e-08	1.253656509242351e-08	1.33218910536342e-08	1.342743522994641e-08	1.300295920834698e-08	1.310346143529456e-08	1.387873780960549e-08	1.381903303332253e-08	1.345136015693891e-08	1.292558073915132e-08	1.141092630601185e-08	1.184840865413452e-08	1.242666062497764e-08	1.171152167875829e-08	1.105996151926898e-08	1.107463444150653e-08	1.0170615195266e-08	9.780419613197151e-09	9.978773362875515e-09	1.106674997606102e-08	1.213850671229222e-08	1.289172775056979e-08	1.302414564850843e-08	1.359137420917085e-08	1.406494326182936e-08	1.429361196193291e-08	1.540859133309105e-08	1.620266356056135e-08	1.712824175303979e-08	1.743083977756419e-08	1.703495050533932e-08	1.586513221674728e-08	1.475123114333157e-08	1.452316271038267e-08	1.412503707568227e-08	1.393430340401924e-08	1.402674551421732e-08	1.440278893384472e-08	1.362967181694985e-08	1.268863459756852e-08	1.263643520361872e-08	1.332295502877783e-08	1.414555136618368e-08	1.404905930071933e-08	1.371341017140473e-08	1.35923220559995e-08	1.217829541803061e-08	1.18865492221232e-08	1.234130300768156e-08	1.346861600098013e-08	1.421399308704092e-08	1.405108778475069e-08	1.320800930157041e-08	1.274275947996187e-08	1.273279339027358e-08	1.287850165615855e-08	1.272951750928394e-08	1.1458413519191e-08	1.117984586781103e-08	1.016140136900456e-08	9.914494450158476e-09	1.036652557940683e-08	1.053979864519068e-08	1.043739920208297e-08	1.066602109236552e-08	1.130444252618933e-08	1.303505378598383e-08	1.359841157408555e-08	1.352630501978595e-08	1.485936165120857e-08	1.631920582253049e-08	1.768369374648091e-08
1.928113843975293e-08	1.61325722115583e-08	1.513916248448142e-08	1.501868228714236e-08	1.456428079742554e-08	1.400231567053786e-08	1.325734814726051e-08	1.225388462402426e-08	1.061463778985187e-08	1.030075487482382e-08	1.018049510539064e-08	9.650113656679494e-09	8.86016816842799e-09	8.187474719501779e-09	7.480758639987292e-09	6.965876514400102e-09	6.265161831352844e-09	7.037653232020666e-09	9.659953481419074e-09	1.156665963079726e-08	1.207820783621064e-08	1.089217362919718e-08	1.012001973211025e-08	1.225035094980366e-08	1.479302667908601e-08	1.623853153941725e-08	1.658602210540895e-08	1.756963342275794e-08	1.911303281709952e-08	2.068725222206527e-08	2.206504007420818e-08	2.332086266651165e-08	2.362394463563262e-08	2.312414666895061e-08	2.136783072110308e-08	1.81276469630519e-08	1.6419937301257e-08	1.443318593803233e-08	1.133651989395933e-08	7.506015523820543e-09	7.994712360623113e-09	9.708655265032709e-09	1.121345281729275e-08	1.137644769618418e-08	1.230868514405741e-08	1.310380482658715e-08	1.202565875638812e-08	9.752019974613562e-09	8.544798308906414e-09	9.30807461538505e-09	9.626790724470446e-09	1.002786028814889e-08	1.126450818438314e-08	1.22040903546558e-08	1.178940656516036e-08	1.092457811385055e-08	1.134352337182506e-08	1.251712191703013e-08	1.353909224130888e-08	1.289968794148545e-08	1.248375694237959e-08	1.319550971010176e-08	1.473221544313734e-08	1.520702815514738e-08	1.250681900302661e-08	1.055328713416656e-08	1.123141024681172e-08	1.114573861547851e-08	1.029542767075061e-08	9.735752674397365e-09	1.022027909833396e-08	1.122020827428905e-08	1.167872928873003e-08	1.182146163577072e-08	1.081796989229008e-08	1.070438788680545e-08	1.095209615478469e-08	1.088164502468734e-08	1.207667770400485e-08	1.325434795113968e-08	1.388620402771213e-08	1.502797564762655e-08	1.66039133814825e-08	1.808570549735804e-08	1.86433494226018e-08	1.835211396360807e-08	1.713644990134273e-08	1.492086145313576e-08	1.366665408801353e-08	1.352474811898544e-08	1.351459554382746e-08	1.318375258970637e-08	1.381484193295483e-08	1.442749618307447e-08	1.396597580635178e-08	1.348678704947378e-08	1.321671618151419e-08	1.360892160542461e-08	1.473945477841083e-08	1.547747596988386e-08	1.574830723921729e-08	1.449668732743271e-08	1.330765560950611e-08	1.293654095736254e-08	1.300722287681853e-08	1.276648340250712e-08	1.236640437179442e-08	1.256262856172197e-08	1.260217952655042e-08	1.308999500864985e-08	1.387674677604353e-08	1.3832536813492e-08	1.228016470469254e-08	9.070564039929896e-09	8.6562966932325e-09	9.379776487771735e-09	9.885250151408297e-09	1.009945437404223e-08	1.040183156556402e-08	1.109648583037217e-08	1.128065850875794e-08	1.140952137122921e-08	1.208921710575348e-08	1.286989980500109e-08	1.405617761925288e-08	1.595276356849278e-08	1.750664592136796e-08	1.743861536082175e-08
2.108744724233109e-08	1.791827001360336e-08	1.566570838679368e-08	1.470341338749464e-08	1.449991186172756e-08	1.444839063894015e-08	1.326321466631335e-08	1.056406171317527e-08	9.214407616831031e-09	8.23062976069069e-09	7.458978998489387e-09	5.916007030611516e-09	5.33401251618662e-09	7.369942637289452e-09	8.928418309599588e-09	9.177192785011512e-09	8.717364623516869e-09	9.658811314785763e-09	1.086777943468488e-08	1.181407097393976e-08	1.211843158072487e-08	1.17788542905284e-08	1.13214482018753e-08	1.376174845144921e-08	1.600511860938798e-08	1.706917014815963e-08	1.755571563101112e-08	1.821750125071728e-08	1.897754969317979e-08	2.013611957113269e-08	2.184265861259122e-08	2.319058157859201e-08	2.274531420962428e-08	2.141082385045131e-08	1.963852101431027e-08	1.689921257136089e-08	1.492680764421467e-08	1.213612216889529e-08	1.011029211845735e-08	1.005532452577032e-08	1.038617431842662e-08	1.057393064740391e-08	1.280538664562057e-08	1.466583774363862e-08	1.479670929772493e-08	1.304642526557429e-08	1.084758204445728e-08	7.218889169154466e-09	7.364764051540636e-09	7.814624882125979e-09	7.8890174270219e-09	1.015222392023037e-08	1.234071083793094e-08	1.324706168896656e-08	1.151301471601773e-08	1.030643481982241e-08	1.098476757872016e-08	1.211438211225098e-08	1.226166665183499e-08	1.24823838948855e-08	1.262535191930987e-08	1.359549437519769e-08	1.373295645346301e-08	1.356551186420623e-08	1.196137364293132e-08	1.216399704931504e-08	1.281530669179444e-08	1.23309282352205e-08	1.116323859254647e-08	9.613747922160751e-09	1.002071476543377e-08	1.110151555353643e-08	1.172439588196092e-08	1.151194951109341e-08	1.114285715022049e-08	9.636223075870736e-09	9.858332651592451e-09	1.090371042709049e-08	1.201774152103001e-08	1.267210524261798e-08	1.3168254092176e-08	1.478828243686331e-08	1.707926312901846e-08	1.906020693986508e-08	1.952380134351824e-08	1.877141532968124e-08	1.763244226724477e-08	1.422059114363702e-08	1.313696173754085e-08	1.324956441539168e-08	1.342638281358035e-08	1.396863843458346e-08	1.442317264429663e-08	1.501571126816475e-08	1.453868164265679e-08	1.359491851079512e-08	1.339070172332941e-08	1.332183307364488e-08	1.519799789713253e-08	1.690621909073336e-08	1.754043936200797e-08	1.725064968829339e-08	1.550788163888556e-08	1.200942659217868e-08	1.067689217261072e-08	1.120747475424216e-08	1.171418492315254e-08	1.181868326468644e-08	1.167062322705248e-08	1.224938990532957e-08	1.151691084768413e-08	1.037702389999799e-08	1.056329425734277e-08	1.003747472878111e-08	8.873438527852672e-09	9.785223219005338e-09	1.065895892501493e-08	1.104028155060414e-08	1.130454575432466e-08	1.144986264973098e-08	1.237949429322788e-08	1.235640470685439e-08	1.213284212735323e-08	1.336620143663707e-08	1.4922705076289e-08	1.597023883480861e-08	1.688357106475142e-08	1.62269490845039e-08
2.312288137119819e-08	1.939475831400882e-08	1.707593412681921e-08	1.548085552353977e-08	1.520658427113833e-08	1.428560591457199e-08	1.142953359103049e-08	9.348246898321061e-09	6.602902533727992e-09	3.791605219778959e-09	4.379189785956697e-09	5.267835887150917e-09	6.377316365797517e-09	7.325851355801336e-09	7.58097487697337e-09	8.345407674724986e-09	9.91682681126526e-09	1.048090128548921e-08	1.063739176762846e-08	1.128796556944007e-08	1.280640753480256e-08	1.428426598445373e-08	1.503955028497679e-08	1.529564282222905e-08	1.708651613719492e-08	1.912714573051015e-08	2.005721387670516e-08	1.979893708490808e-08	1.917988731429049e-08	1.804711210668103e-08	1.903888377980012e-08	2.06446709323851e-08	2.082601752914179e-08	2.041111682327106e-08	1.924762008140043e-08	1.740959393600378e-08	1.504664676327201e-08	1.238392516926697e-08	1.289038275002331e-08	1.256699888959273e-08	1.133746842158222e-08	1.108688670762557e-08	1.204086352474014e-08	1.269008449733879e-08	1.310944996561507e-08	1.284588995573192e-08	1.152184109910841e-08	8.231762685440714e-09	8.331288021601705e-09	9.783476118161978e-09	1.123035896869706e-08	1.244554836079065e-08	1.244835600864847e-08	1.086162101380106e-08	9.495842488231727e-09	8.803728495874445e-09	8.785413188467185e-09	9.441063616555522e-09	1.001652567423042e-08	1.08137618846808e-08	1.198388702008182e-08	1.314998931704046e-08	1.423691255830747e-08	1.396255147609868e-08	1.081850394209014e-08	1.076444297601689e-08	1.161305702451211e-08	1.147877251112227e-08	1.134254216327582e-08	1.097834857478999e-08	1.11408172621315e-08	1.167933679703003e-08	1.138718518434892e-08	1.116979862218701e-08	1.125367098479271e-08	1.111091525457634e-08	1.096796109109632e-08	1.20318564796379e-08	1.347286205170255e-08	1.483836930369348e-08	1.560028675821989e-08	1.598482204580869e-08	1.682160828277509e-08	1.773325925797789e-08	1.743710613553966e-08	1.555563524039958e-08	1.367257530244996e-08	1.344701758914973e-08	1.397318549672174e-08	1.472239814782975e-08	1.576937204015721e-08	1.643438655801209e-08	1.611306605403849e-08	1.570964236406135e-08	1.544933472313346e-08	1.570813184724714e-08	1.59566976615055e-08	1.468493273213485e-08	1.392807400113542e-08	1.511776329464656e-08	1.568746637272777e-08	1.457922836785068e-08	1.292258575832749e-08	1.237499166334932e-08	1.202897510933392e-08	1.105236441103601e-08	1.064959506538331e-08	1.119517418024913e-08	1.132845631090667e-08	1.044299673285645e-08	9.365463415254637e-09	1.050650361535032e-08	1.114702054603556e-08	1.067993505959426e-08	1.076105224213967e-08	1.078295465127094e-08	1.134501129274167e-08	1.206575753650685e-08	1.203550192772642e-08	1.124958870160995e-08	1.136274481098676e-08	1.116297316396272e-08	1.147482762927935e-08	1.319809811478569e-08	1.481845026691881e-08	1.648091488050505e-08	1.712335232753247e-08	1.673950066755338e-08
2.102204638604191e-08	1.687722342300941e-08	1.587192944781089e-08	1.61935825136819e-08	1.489815086979245e-08	1.273799492832034e-08	1.106902854665437e-08	9.28592568858899e-09	7.99039120028181e-09	7.557893283572631e-09	6.478090806877334e-09	6.937025813677176e-09	8.405142422491048e-09	9.372291574142288e-09	9.233605887308475e-09	8.591238377097973e-09	9.706971281908761e-09	1.107089066724206e-08	1.222922839277503e-08	1.36334905060875e-08	1.475457939113097e-08	1.491257786579613e-08	1.501175392917948e-08	1.407054677307883e-08	1.382310358664132e-08	1.690883675897434e-08	1.963065718355995e-08	2.002652355341749e-08	1.83220511879628e-08	1.617615999360177e-08	1.615302758674866e-08	1.659250411420569e-08	1.689056454508589e-08	1.840452782252208e-08	1.894629641333858e-08	1.753476322098247e-08	1.530103073723285e-08	1.428144867794434e-08	1.349498966969288e-08	1.113086432189203e-08	9.074622977299811e-09	8.457486019672628e-09	9.279167105067036e-09	1.086048198869911e-08	1.282400273079482e-08	1.320817984505948e-08	1.178648318291833e-08	1.052001076037605e-08	1.265226661032672e-08	1.524108892454355e-08	1.624954364500054e-08	1.567744877800617e-08	1.382636665095584e-08	1.062068692706718e-08	7.34263135264655e-09	7.23573269223178e-09	9.168288682705888e-09	9.820977105413662e-09	9.721658619500591e-09	1.098232363967393e-08	1.247124737314888e-08	1.381104619116393e-08	1.477519569785749e-08	1.415650342015331e-08	9.767107309770036e-09	7.716985904649704e-09	8.156731598201814e-09	8.973866794252209e-09	1.054525081997448e-08	1.173902055839386e-08	1.232851068292868e-08	1.140811602242606e-08	1.131591287853539e-08	1.197602846709692e-08	1.293538588197496e-08	1.374087786777548e-08	1.461828080913049e-08	1.503898720401666e-08	1.522870524859752e-08	1.511136658125038e-08	1.498804027185034e-08	1.644215197347961e-08	1.811511939250626e-08	1.902549317282526e-08	1.902156572271758e-08	1.780071401301891e-08	1.611635894539514e-08	1.404295760909474e-08	1.278644308235726e-08	1.279834658088245e-08	1.309688047256534e-08	1.337911829547115e-08	1.349294788085364e-08	1.313532963859814e-08	1.245577549236428e-08	1.250895770644504e-08	1.284078565524488e-08	1.322341057054648e-08	1.403239931422836e-08	1.466259674330068e-08	1.526313045717184e-08	1.477609789197631e-08	1.274700612198288e-08	1.105977660686155e-08	1.024042604075377e-08	9.683370016707209e-09	9.461862828083852e-09	9.649080483295276e-09	1.061985942437866e-08	1.19946042710238e-08	1.256385126844101e-08	1.255131841361943e-08	1.323672868662835e-08	1.416471154938722e-08	1.420089220565766e-08	1.379494172730185e-08	1.286839404032666e-08	1.10409495893182e-08	1.011983062612485e-08	1.183672808761825e-08	1.354800201163092e-08	1.298708844988751e-08	1.135733518982099e-08	1.242677960688262e-08	1.498464175239003e-08	1.593416007534304e-08	1.527130349778016e-08	1.336910796768968e-08
1.867923138919223e-08	1.553744514802683e-08	1.630884018470476e-08	1.556356302017772e-08	1.398193756616051e-08	1.277227205628159e-08	1.050258770976608e-08	1.034238486666115e-08	1.033152194119813e-08	9.339585636610673e-09	8.272852749031053e-09	8.188414751580473e-09	8.408302378458889e-09	9.008843349249059e-09	9.68913749442263e-09	1.082714845095341e-08	1.189556846297385e-08	1.266878018567146e-08	1.314742256877765e-08	1.355839179419819e-08	1.443027726778545e-08	1.516009652827811e-08	1.537112715948068e-08	1.581812837759369e-08	1.499276453247106e-08	1.289535875233163e-08	1.390142593877121e-08	1.589902590800006e-08	1.677617898465248e-08	1.359108134385973e-08	1.275583825799843e-08	1.510032431428129e-08	1.692827511037e-08	1.831514414758383e-08	1.933635106144894e-08	1.908662685548817e-08	1.794306646310001e-08	1.658447398134787e-08	1.433179241747526e-08	1.14111562507846e-08	7.14345107086915e-09	6.884339496271928e-09	8.823127637333619e-09	1.084735596070994e-08	1.212693636397632e-08	1.220893246355876e-08	1.064038526165643e-08	9.910281195395202e-09	1.243215090879335e-08	1.511274629219581e-08	1.659380661749981e-08	1.672401409679409e-08	1.527659889958187e-08	1.323173601081877e-08	1.111697497742805e-08	8.630065575222579e-09	8.410711453616549e-09	9.930331687784897e-09	1.130250301569248e-08	1.267753821209747e-08	1.413030551021665e-08	1.498131405208119e-08	1.492824063829148e-08	1.359332034079799e-08	1.157943819851427e-08	9.791214667673052e-09	8.378915801474017e-09	9.755856353379001e-09	1.128120046300564e-08	1.137020197922889e-08	1.092747142650223e-08	1.032957477682342e-08	1.093373547019741e-08	1.190956307831895e-08	1.250210586645155e-08	1.271076721833253e-08	1.336474162794518e-08	1.385996401290076e-08	1.396955195146769e-08	1.422098189091033e-08	1.506630448956157e-08	1.642953522960356e-08	1.763122030055681e-08	1.791648291590182e-08	1.720937479212585e-08	1.558483170736207e-08	1.417389508871944e-08	1.32778365963728e-08	1.304707454846802e-08	1.348117485875235e-08	1.367450143278882e-08	1.332491818841916e-08	1.235661472268606e-08	1.099554230360541e-08	1.157985610719552e-08	1.237424171549517e-08	1.307667500653196e-08	1.368689727982877e-08	1.428011103160915e-08	1.462980562172004e-08	1.398145304883714e-08	1.278751513335283e-08	1.225483413015676e-08	1.291136763757579e-08	1.377640393944666e-08	1.454817951285343e-08	1.469865931605838e-08	1.362440783441601e-08	1.170268077598603e-08	1.210186730856265e-08	1.346429074556834e-08	1.450774778632289e-08	1.425181461609879e-08	1.307393860173436e-08	1.157791341713993e-08	9.914964493653973e-09	8.613535553231239e-09	7.749503950515462e-09	9.737278613709734e-09	1.261608116360324e-08	1.389713461242387e-08	1.305302108814249e-08	1.189485804281122e-08	1.178120218695421e-08	1.309000504820693e-08	1.604839950450426e-08	1.703638306877199e-08	1.492336337445288e-08
1.577117923423214e-08	1.520551181970095e-08	1.489275617538994e-08	1.400694337588109e-08	1.360783920741118e-08	1.324636889991644e-08	1.285049564899067e-08	1.249891762187751e-08	1.21193299093218e-08	1.050777099014582e-08	8.119721902906698e-09	7.74902390158833e-09	7.738725751273486e-09	8.996545931731506e-09	1.031790144905569e-08	1.193135754873658e-08	1.323557825983112e-08	1.393085437550426e-08	1.364193035073834e-08	1.342670755358302e-08	1.419211029659873e-08	1.533625703072499e-08	1.618172854238868e-08	1.65790505550545e-08	1.713300106006713e-08	1.769391140223657e-08	1.796114888138836e-08	1.642702816279861e-08	1.19609495825853e-08	1.067399124301283e-08	1.166168594814418e-08	1.288795759530418e-08	1.480600594229485e-08	1.66619911228735e-08	1.7928301843861e-08	1.822812249941752e-08	1.718456523117704e-08	1.562763296293035e-08	1.250138434923651e-08	8.635688650921055e-09	5.614702091369171e-09	5.173389591810404e-09	7.009910369629004e-09	8.861055160923346e-09	9.745955717012578e-09	1.011695708113756e-08	1.065265889061241e-08	1.044747624584321e-08	1.244296577694177e-08	1.467736153171573e-08	1.564146598814069e-08	1.593822341389337e-08	1.541618997738751e-08	1.45273668907406e-08	1.304480665778374e-08	1.164675137945321e-08	1.191663492220774e-08	1.332568292078163e-08	1.436444075872605e-08	1.51830026317836e-08	1.585600747104813e-08	1.64580761655242e-08	1.638489824326977e-08	1.548475985193804e-08	1.436028614376138e-08	1.150191138658733e-08	9.398120517767154e-09	9.330432576801508e-09	9.336656411934564e-09	1.001939201747577e-08	1.084971504927817e-08	1.152500996770507e-08	1.219527736847221e-08	1.308596088035721e-08	1.298924825078476e-08	1.265865095061688e-08	1.292312998902982e-08	1.325383205324102e-08	1.380083813875003e-08	1.441251001391517e-08	1.5389842929787e-08	1.643037703054333e-08	1.640189435948169e-08	1.402133651471153e-08	1.298439049920137e-08	1.208349879664475e-08	1.214788652090641e-08	1.317703152705809e-08	1.403892636322992e-08	1.450682690085116e-08	1.427859879922698e-08	1.320302483638053e-08	1.150611223989549e-08	1.1450666046449e-08	1.175409726374946e-08	1.151104785431816e-08	1.223013936573035e-08	1.308156668811096e-08	1.30847167926588e-08	1.27677420911798e-08	1.265886152167195e-08	1.23057070129019e-08	1.201033189807962e-08	1.282921308327575e-08	1.370672115845784e-08	1.434165462328903e-08	1.443289151412961e-08	1.458461222215362e-08	1.487303563307592e-08	1.499729140385261e-08	1.480746751008997e-08	1.41537423061788e-08	1.318812691027812e-08	1.26662075892993e-08	1.145779114065009e-08	1.001691955116656e-08	8.873171082698144e-09	9.914058360932694e-09	1.216066751188325e-08	1.410614700869592e-08	1.499810576047457e-08	1.355621936029096e-08	1.076332925684202e-08	1.212849654711577e-08	1.32034737496184e-08	1.519776318010656e-08	1.50966270274528e-08	1.290285471965845e-08
1.601690794732187e-08	1.373524518298236e-08	1.312385116785583e-08	1.207015860751449e-08	1.276140752962547e-08	1.361309432447813e-08	1.432312020615271e-08	1.383504458437734e-08	1.222396125174858e-08	1.016845283842067e-08	8.799720537502666e-09	8.947233397322673e-09	1.008263739712547e-08	1.137584603873585e-08	1.260026082993817e-08	1.420820617229836e-08	1.514331262473766e-08	1.442465287418679e-08	1.258000759795711e-08	1.126869002671286e-08	1.275350039916046e-08	1.45448369516739e-08	1.588811040815433e-08	1.693395821815253e-08	1.707867319943393e-08	1.654833950863281e-08	1.647426752907434e-08	1.421602034767483e-08	1.007513340722596e-08	8.351205098057771e-09	1.092991698968168e-08	1.343584590324855e-08	1.53407610002055e-08	1.679535134202861e-08	1.742226485763734e-08	1.767393915162403e-08	1.694672498439396e-08	1.516502224281964e-08	1.263040966563796e-08	8.286638431873576e-09	5.980741488273167e-09	7.145833131249376e-09	8.538057216312483e-09	9.930962514195724e-09	1.079636016230472e-08	1.128497920223866e-08	9.812544680939206e-09	8.491101382567078e-09	1.094139709207574e-08	1.32406759318977e-08	1.463445588373452e-08	1.512260688970548e-08	1.493130530703667e-08	1.451303374174133e-08	1.333962001603448e-08	1.216528862626174e-08	1.136708938546426e-08	1.23781632857497e-08	1.414229478731673e-08	1.552783338466724e-08	1.661008936069404e-08	1.769067791652045e-08	1.824142824719786e-08	1.826221434993543e-08	1.699855893737281e-08	1.467663951651792e-08	1.250328822242725e-08	1.070468024420417e-08	1.041221001221993e-08	1.064508886612912e-08	1.042252640451566e-08	1.049873656383009e-08	1.109988582782168e-08	1.147148273636906e-08	1.108533858542643e-08	1.069565801868669e-08	1.143381821156236e-08	1.262075213475917e-08	1.365282474149682e-08	1.437900807189748e-08	1.502544603252463e-08	1.536566863450555e-08	1.52486372062032e-08	1.429700401033002e-08	1.288776778146943e-08	1.245401377632259e-08	1.284468671243243e-08	1.37578566305545e-08	1.398636818692145e-08	1.360545705703008e-08	1.336926933618906e-08	1.297585512794189e-08	1.242499935229665e-08	1.164104630869811e-08	1.167986037597411e-08	1.223946905934256e-08	1.248984841964972e-08	1.220444871917468e-08	1.160932414702673e-08	1.108139243625912e-08	1.167648007654089e-08	1.263996536116386e-08	1.30663494118386e-08	1.340795709520728e-08	1.373993061126665e-08	1.451457986846487e-08	1.542985650525741e-08	1.573109394035424e-08	1.541796807266571e-08	1.486732184427519e-08	1.422968464098634e-08	1.305209685529555e-08	1.216398607361267e-08	1.224390088125077e-08	1.178276423428279e-08	9.422359971612193e-09	8.934046221999951e-09	1.077002917388394e-08	1.274227839633381e-08	1.447319486708694e-08	1.498168907369693e-08	1.351296644277187e-08	1.30085396641691e-08	1.497664484304561e-08	1.526787830160806e-08	1.456066893847776e-08	1.255277889346659e-08	1.007348489722277e-08
1.581486691137715e-08	1.116439061411463e-08	1.171929966785131e-08	1.159546957452331e-08	1.222599998462073e-08	1.263009196539862e-08	1.333567006872061e-08	1.351284952615723e-08	1.308611701743052e-08	1.258345981461062e-08	1.20048392224708e-08	1.270806618450774e-08	1.378791793662339e-08	1.418831877556974e-08	1.451278061082737e-08	1.461048048455305e-08	1.410430520305103e-08	1.299433102238507e-08	1.233673838813293e-08	1.235793483432534e-08	1.328433983148353e-08	1.466346855182408e-08	1.574110639244664e-08	1.614022371508814e-08	1.608728026102714e-08	1.505439342901435e-08	1.356977882715088e-08	1.148274328011088e-08	9.170644947886754e-09	7.991502903118602e-09	8.548990138316427e-09	1.016438743934862e-08	1.208354350418726e-08	1.400491957437905e-08	1.570241341681685e-08	1.634644308894457e-08	1.578634211164442e-08	1.462579377585802e-08	1.271412931223351e-08	9.598937468455054e-09	7.694336035670269e-09	9.112698827021741e-09	1.076137641092172e-08	1.188620077769326e-08	1.271365361750073e-08	1.324390470656339e-08	1.302450599721049e-08	1.115039087036037e-08	1.177063234033842e-08	1.322579451096366e-08	1.363012583450806e-08	1.290830482599968e-08	1.339891974883528e-08	1.404596869835538e-08	1.379343629069648e-08	1.241507851082856e-08	1.194768799372539e-08	1.239129519077181e-08	1.382134913820875e-08	1.548349605991321e-08	1.7377714756852e-08	1.874961477672885e-08	1.952370169515474e-08	1.93981557184281e-08	1.822200620672237e-08	1.629687114313225e-08	1.452782649443633e-08	1.366905492216053e-08	1.304144911465028e-08	1.083435125611648e-08	9.612311231453139e-09	9.75223616839632e-09	9.518824744145223e-09	9.364364523914072e-09	8.685023885322098e-09	8.91368849067936e-09	1.020081815723528e-08	1.164075127208301e-08	1.300671028989619e-08	1.392101538985084e-08	1.438312910709606e-08	1.469422053109224e-08	1.447650885424937e-08	1.380478843653112e-08	1.305555794965092e-08	1.230353919641886e-08	1.184972174221242e-08	1.214592711331443e-08	1.160719147928593e-08	1.106243309980092e-08	1.209488038601053e-08	1.251596790452548e-08	1.255101006950832e-08	1.242527866262126e-08	1.251487219378887e-08	1.274323472054493e-08	1.273202520879507e-08	1.255546732671254e-08	1.243860848065142e-08	1.253101390520126e-08	1.290676591566667e-08	1.341359305226368e-08	1.382373944088251e-08	1.421113931627537e-08	1.517772143696074e-08	1.642014230901225e-08	1.703152565510477e-08	1.701016274982633e-08	1.65051611307415e-08	1.543926858016289e-08	1.411235281076368e-08	1.214530996007457e-08	1.195007633347765e-08	1.307199859606483e-08	1.218983302511737e-08	8.169893390073769e-09	6.667588507648026e-09	9.792819076907566e-09	1.188561389982253e-08	1.324530898751936e-08	1.386943731900637e-08	1.269937755223702e-08	1.267450190407791e-08	1.507454634216699e-08	1.582329218445413e-08	1.476707701109936e-08	1.303456702199586e-08	1.130175004399253e-08
1.505634227997829e-08	1.208234552691463e-08	1.114893149519791e-08	1.097252983278632e-08	1.094856345110416e-08	1.115144670497834e-08	1.233458357257467e-08	1.366731421108565e-08	1.401730905707445e-08	1.398731346823497e-08	1.387839944150447e-08	1.467061949684089e-08	1.523190785391966e-08	1.443026012803514e-08	1.369852335085186e-08	1.401699198467663e-08	1.448014007370371e-08	1.425793083163363e-08	1.39536457961584e-08	1.379344170949918e-08	1.340004353591785e-08	1.337687877862718e-08	1.349763436032859e-08	1.368691050698945e-08	1.417108903606265e-08	1.41959356160156e-08	1.413877946223174e-08	1.339633000098179e-08	1.18179410780507e-08	1.113887516736487e-08	1.068050346485622e-08	1.006596601749702e-08	9.295604957377569e-09	9.275008060634097e-09	1.121152649425212e-08	1.276708523478045e-08	1.371581030888871e-08	1.473706610703787e-08	1.349283074805267e-08	1.096423880695366e-08	1.032005368276926e-08	1.133447177199279e-08	1.280104238105032e-08	1.426767215149423e-08	1.543314280680684e-08	1.576993406162852e-08	1.422248158512769e-08	1.101761648033598e-08	8.645219167925562e-09	8.9916855087642e-09	9.719042385053954e-09	1.014888010331362e-08	1.163952584502327e-08	1.2984503543922e-08	1.358080433989214e-08	1.320257959647083e-08	1.283092467634417e-08	1.314517603845123e-08	1.36931238223627e-08	1.507862659832408e-08	1.745290846435985e-08	1.960933657651024e-08	2.071842557402493e-08	2.055414092172433e-08	1.964476719821893e-08	1.806594540958017e-08	1.619502171069269e-08	1.433387031448272e-08	1.361411232155392e-08	1.245166635546761e-08	1.054480461218501e-08	9.77937168970295e-09	9.627244465351533e-09	9.183076737554251e-09	8.144953109605441e-09	8.24765319829721e-09	9.641767215058307e-09	1.089369414589054e-08	1.215391220525301e-08	1.327110066245794e-08	1.432018340059863e-08	1.514971677163587e-08	1.523101766805128e-08	1.509142773147423e-08	1.473017539564446e-08	1.376924417463149e-08	1.24340265466122e-08	1.155332213380696e-08	1.059802447473429e-08	9.944170828395424e-09	1.09483754083525e-08	1.172346453073437e-08	1.226805847580282e-08	1.235438815192381e-08	1.167916338378691e-08	1.076879174204122e-08	1.135655199393988e-08	1.24599694679121e-08	1.33227813450229e-08	1.364124000133416e-08	1.371498129612425e-08	1.316462683141701e-08	1.304396364788319e-08	1.335058561810374e-08	1.370480711378052e-08	1.463205710608025e-08	1.507352055889759e-08	1.525266866617272e-08	1.561916627384543e-08	1.579277930180857e-08	1.53177234652607e-08	1.411527277949221e-08	1.353984849780418e-08	1.321074501749708e-08	1.221908892607278e-08	1.010849288501206e-08	9.364410596384366e-09	1.035998635529585e-08	1.173322850053366e-08	1.363071492259206e-08	1.476562413208576e-08	1.42281747390848e-08	1.329606493245006e-08	1.437837990178679e-08	1.513165579433506e-08	1.40420719013855e-08	1.193414992104832e-08	9.78313556808262e-09
1.351795444118385e-08	1.194152882963923e-08	1.180915298926287e-08	1.229351838555036e-08	1.256728293847653e-08	1.074697999419988e-08	1.196456884790222e-08	1.411020924071035e-08	1.394250047485371e-08	1.402850612438013e-08	1.384241737613205e-08	1.40653508455055e-08	1.379425130289716e-08	1.371016367733944e-08	1.366431105365535e-08	1.380962021426997e-08	1.444985126061379e-08	1.483263647654427e-08	1.443187597843974e-08	1.39283931487277e-08	1.324862295788949e-08	1.314874783112137e-08	1.32533859703392e-08	1.273450657114005e-08	1.264991623087925e-08	1.330303178340071e-08	1.371483464973245e-08	1.343431186717246e-08	1.306650119796686e-08	1.299009493858933e-08	1.282939427043686e-08	1.190691931436611e-08	1.029949961836329e-08	9.140014103797282e-09	9.712170145407402e-09	1.156462694744966e-08	1.205838494853415e-08	1.232615482849979e-08	1.297255915202874e-08	1.377239188176727e-08	1.450040370357027e-08	1.478043164790493e-08	1.446257409024573e-08	1.528276167187709e-08	1.603491356451673e-08	1.619181979880013e-08	1.432100485699366e-08	1.200735021804532e-08	7.81828975594272e-09	6.657756182960143e-09	8.149182441536624e-09	9.049423166494586e-09	1.003790928747238e-08	1.051162902283941e-08	1.107448439605677e-08	1.172684966596498e-08	1.186557105647122e-08	1.277332327290945e-08	1.422403179535461e-08	1.531265820386741e-08	1.626564120757995e-08	1.723393550811681e-08	1.791583625857396e-08	1.82358942804801e-08	1.819404568520054e-08	1.673408579149973e-08	1.483650607503452e-08	1.363261754450061e-08	1.357476487576187e-08	1.375741065426253e-08	1.380301145825456e-08	1.257962166807725e-08	1.08411200908005e-08	1.024655398607088e-08	1.041817168427556e-08	1.135534404876076e-08	1.252934355581949e-08	1.356225951165288e-08	1.430243283619884e-08	1.459815063039402e-08	1.535373666384351e-08	1.634193453440066e-08	1.635477750613758e-08	1.576838007984666e-08	1.458162631504576e-08	1.369856548007242e-08	1.289166531994728e-08	1.170703243576036e-08	9.464412014357867e-09	9.556985644101491e-09	1.009742433099468e-08	1.025443277626553e-08	1.123340480989454e-08	1.182575492594627e-08	1.135088512377937e-08	1.12403207747073e-08	1.156769786117109e-08	1.157680808541739e-08	1.141660484444266e-08	1.168859263483044e-08	1.133464526647294e-08	1.110701808277241e-08	1.221051671577889e-08	1.336052970435413e-08	1.402673555194802e-08	1.465940761871034e-08	1.435092717278767e-08	1.370231517739165e-08	1.293735566694551e-08	1.273238107232877e-08	1.316018119258158e-08	1.331282765388359e-08	1.33384201010644e-08	1.346043022344958e-08	1.382683137626435e-08	1.413292303961234e-08	1.46019862520037e-08	1.470288741963437e-08	1.511138945375512e-08	1.597514525510129e-08	1.585760668559711e-08	1.460455635542397e-08	1.274062691957453e-08	1.31288719986552e-08	1.289921511541989e-08	1.159543527175179e-08	1.03453810827925e-08	9.447048774096933e-09
1.409413760978041e-08	1.218026483477323e-08	1.126383328360094e-08	1.119636586532366e-08	1.160304533645197e-08	1.188271406309683e-08	1.407440584050093e-08	1.53138402410272e-08	1.47734473573374e-08	1.434128305181669e-08	1.364231514537702e-08	1.290495523698843e-08	1.311192857411247e-08	1.290743659504564e-08	1.259521456057535e-08	1.338418077471359e-08	1.467277439774879e-08	1.518048102052004e-08	1.498457888839076e-08	1.378513241814154e-08	1.309260853022693e-08	1.336134435354413e-08	1.323519644616671e-08	1.203689734416806e-08	1.097501619003717e-08	1.155982235785477e-08	1.266131810392014e-08	1.284772500729144e-08	1.279940546446718e-08	1.259320050243826e-08	1.238134502811241e-08	1.133537683248145e-08	9.607447760453575e-09	7.726843039870225e-09	7.957812018205204e-09	1.015063994692586e-08	1.204338796020949e-08	1.386343113973187e-08	1.531005611115287e-08	1.562989586040763e-08	1.655889660738004e-08	1.809795453612193e-08	1.768312996144542e-08	1.931328864220852e-08	2.049983717696535e-08	1.965935807199466e-08	1.724513531557415e-08	1.355953757002338e-08	7.924232338296151e-09	5.921950923725715e-09	6.346223825674969e-09	7.915100320290442e-09	8.516797681236069e-09	8.151668053366298e-09	9.158503377300827e-09	1.078321125337839e-08	1.174360654462154e-08	1.15118070592942e-08	1.152119417931762e-08	1.275249088988843e-08	1.460223572950468e-08	1.578800320181491e-08	1.646058505373374e-08	1.722333433375058e-08	1.694454858397286e-08	1.54731315513744e-08	1.378946305822825e-08	1.181778219415023e-08	1.287685527260397e-08	1.409972371706583e-08	1.480699483289418e-08	1.477183532422241e-08	1.331475040640932e-08	1.118945992172964e-08	1.065833315566568e-08	1.104172040470185e-08	1.165991984999784e-08	1.236122269852981e-08	1.337104283695716e-08	1.536735164791428e-08	1.751936636447837e-08	1.831733542787733e-08	1.760928471146332e-08	1.448883576689757e-08	1.242478926793022e-08	1.171761935838877e-08	1.17625250385765e-08	1.180378046883863e-08	1.214169559797824e-08	1.224673957186582e-08	1.106128071215579e-08	1.129938436450852e-08	1.258222273385329e-08	1.204155507967131e-08	1.133518751331592e-08	1.174369424095764e-08	1.122845021421097e-08	1.069274038603874e-08	1.15678377403702e-08	1.136233485989576e-08	1.135651921066195e-08	1.245344492643229e-08	1.329305621729704e-08	1.379763467647913e-08	1.321048763480219e-08	1.213269438466405e-08	1.25985409963285e-08	1.347398177743663e-08	1.445469690466252e-08	1.448195604888916e-08	1.415653986989048e-08	1.400373353322387e-08	1.432245636409706e-08	1.397830074325227e-08	1.319462887235601e-08	1.302452715715781e-08	1.376666983266614e-08	1.458814345459047e-08	1.458053741947383e-08	1.374059943068385e-08	1.312110536884588e-08	1.256780742974473e-08	1.230357002344842e-08	1.285293448231662e-08	1.315624246961023e-08	1.336073274488127e-08	1.240661919359098e-08	1.074275253835813e-08
1.401372479709097e-08	1.227403917820089e-08	1.198057213701368e-08	1.260817084079281e-08	1.242466571253064e-08	1.362045419968759e-08	1.55947810426974e-08	1.571008890349264e-08	1.404442686353545e-08	1.301427524021892e-08	1.141517639678841e-08	1.173893508118755e-08	1.25546780448642e-08	1.220517178281875e-08	1.129617940738678e-08	1.231928546464008e-08	1.369252674430804e-08	1.428649561538404e-08	1.455586592535867e-08	1.374829608408916e-08	1.292183131657328e-08	1.222924180096033e-08	1.1747808351218e-08	1.155475755838325e-08	1.195356704009628e-08	1.196526444487747e-08	1.211952454247632e-08	1.249335790329854e-08	1.248480582309051e-08	1.164272600560612e-08	1.140179889497321e-08	1.123534000158035e-08	1.001313096373494e-08	9.395997071145317e-09	1.029035980737386e-08	1.194301628724679e-08	1.405332085992865e-08	1.579252949219046e-08	1.776511126320088e-08	1.944395661082047e-08	1.954755268941896e-08	1.830303508123286e-08	1.857771369559906e-08	1.984426852473436e-08	2.051923640923522e-08	1.856649155831945e-08	1.594791383129103e-08	1.198510406018684e-08	7.357442006391783e-09	6.138832909571321e-09	7.122676348494917e-09	8.649709793208706e-09	1.079562526225143e-08	1.129757648611636e-08	1.143811321740669e-08	1.174538323187243e-08	1.123878187410342e-08	1.052178936444495e-08	9.669789370141469e-09	1.056855577083603e-08	1.186010411819112e-08	1.256357432179536e-08	1.275414622354733e-08	1.303499430577348e-08	1.333032691207131e-08	1.258364611785205e-08	1.192602009139797e-08	1.203585628601481e-08	1.223368087744154e-08	1.30469306917746e-08	1.470125220974472e-08	1.493288508371917e-08	1.359020052744958e-08	1.308631172803083e-08	1.251513970996428e-08	1.157403623763061e-08	1.1242699389674e-08	1.250077772570358e-08	1.519634456127844e-08	1.698980729703414e-08	1.727653032115595e-08	1.650791960921357e-08	1.423011140358811e-08	1.270485489937911e-08	1.200623381230834e-08	1.220828303593621e-08	1.278150829563761e-08	1.395071721026063e-08	1.488457807983661e-08	1.452540556824719e-08	1.272068660245782e-08	1.256156713801705e-08	1.359369737342006e-08	1.385397829904163e-08	1.341600932890136e-08	1.235334192594899e-08	1.11920900140235e-08	1.181615071466149e-08	1.226218569843498e-08	1.313160087409797e-08	1.32153133354818e-08	1.296376393911866e-08	1.26010410378105e-08	1.227575067602135e-08	1.266449711011938e-08	1.255796116295449e-08	1.165199731420718e-08	1.311242562831279e-08	1.399477996558527e-08	1.339129391662104e-08	1.258177099769137e-08	1.269509805946153e-08	1.37285896702587e-08	1.319015722863242e-08	1.220854843593435e-08	1.20633348929134e-08	1.199729561671779e-08	1.261099456437714e-08	1.367516414980472e-08	1.375353006019841e-08	1.329564856295648e-08	1.267559518510435e-08	1.256914007111219e-08	1.304852742030453e-08	1.441226116952714e-08	1.514835861843289e-08	1.374479181598927e-08	1.072623410941171e-08
1.548826459670021e-08	1.266041012931442e-08	1.157676618774014e-08	1.171295516205955e-08	1.156384333866198e-08	1.475378129877054e-08	1.698634056499777e-08	1.607717681523615e-08	1.376447219511249e-08	1.156000835325412e-08	9.994816912928615e-09	1.065592694692257e-08	1.256548339179963e-08	1.361401408964658e-08	1.403044329164318e-08	1.487339158828536e-08	1.49383397026343e-08	1.430307704802786e-08	1.312074187487038e-08	1.229873777096229e-08	1.116024799616585e-08	9.556418011425645e-09	8.620707033240303e-09	9.335623018027092e-09	1.049597721335398e-08	1.112280690352657e-08	1.16703372889096e-08	1.251728141614993e-08	1.283531537910783e-08	1.202234536060316e-08	1.030598907860373e-08	8.96988196170559e-09	7.864321375515193e-09	9.178020342785629e-09	1.110156400857623e-08	1.280612422665494e-08	1.512237605982812e-08	1.873005749359715e-08	2.091426312112468e-08	2.23546000290352e-08	2.29762608326819e-08	2.308155050132619e-08	2.312358220876835e-08	2.302736285912845e-08	2.181261882919369e-08	1.925336817258953e-08	1.489726592899401e-08	9.574306220025518e-09	6.15117380371455e-09	7.192758409168899e-09	8.701046255875155e-09	1.022341832173041e-08	1.085459348659248e-08	1.082076568230898e-08	1.095155952678156e-08	1.094502509176427e-08	1.049916472804314e-08	1.014171967404947e-08	1.062669063578237e-08	1.044498201319082e-08	9.068110241318721e-09	9.890171914883307e-09	1.004411249221242e-08	9.378498751152311e-09	9.703169260706943e-09	8.30182073791443e-09	8.417481586587164e-09	1.027574146751493e-08	1.146192758222845e-08	1.220155947596799e-08	1.339903864305675e-08	1.482720824055761e-08	1.505191904718679e-08	1.309160166748515e-08	1.241532541437904e-08	1.279581347494142e-08	1.377945641396138e-08	1.476174824114154e-08	1.581707301971108e-08	1.70952254463483e-08	1.716184067312057e-08	1.526144694478814e-08	1.305247285711703e-08	1.136354104184472e-08	1.215478058741776e-08	1.429346502011669e-08	1.581706494135992e-08	1.672434604399918e-08	1.603340301385169e-08	1.502536787084534e-08	1.505679441196709e-08	1.499486738350362e-08	1.483828609289431e-08	1.420856433895423e-08	1.33306871287709e-08	1.227876114934338e-08	1.105145083477937e-08	1.198590111188241e-08	1.319488870288668e-08	1.377184187428409e-08	1.326279607088825e-08	1.302422590343925e-08	1.20741181838699e-08	1.207068651170825e-08	1.233365871378597e-08	1.240906969810915e-08	1.267274290004634e-08	1.334963559154322e-08	1.315600891962885e-08	1.156248054371969e-08	1.113251232706518e-08	1.18647822891818e-08	1.307906197244911e-08	1.341621745516521e-08	1.219604133915107e-08	1.009616925008094e-08	9.378386012962162e-09	1.102209460780959e-08	1.306474599158531e-08	1.36946773310604e-08	1.33632945318357e-08	1.350267733098964e-08	1.471513901073509e-08	1.48873510579343e-08	1.416905775050102e-08	1.384155135833171e-08	1.360201120726304e-08	1.277046555839273e-08
1.498602890235973e-08	1.180391306546418e-08	1.156417566732449e-08	1.019793191213951e-08	1.200944167616956e-08	1.466453564306856e-08	1.64323824109936e-08	1.663810072696845e-08	1.45312355842735e-08	1.260490251419113e-08	1.161707592217274e-08	1.26273374591768e-08	1.413034587380132e-08	1.477150087089628e-08	1.410129556249371e-08	1.355597408116286e-08	1.426991691941741e-08	1.443541594427302e-08	1.322529912212536e-08	1.26788087818046e-08	1.196853940932683e-08	1.011610150650612e-08	9.235830828558136e-09	1.008412209925902e-08	9.419204025502639e-09	8.67617243310079e-09	8.988278602950481e-09	9.150184718724375e-09	9.08797826689919e-09	9.029388350712111e-09	9.277482437249934e-09	9.154577508980516e-09	8.13376778539117e-09	8.780893744025681e-09	1.056886959038593e-08	1.229160689997766e-08	1.545859396419734e-08	2.029683983034048e-08	2.401586996585864e-08	2.563557163293683e-08	2.606163085214942e-08	2.619965795843362e-08	2.559735853605445e-08	2.357606114024328e-08	2.058855018126082e-08	1.701210696764531e-08	1.337481677815164e-08	8.318824309441603e-09	5.314055404201957e-09	7.905810549736576e-09	1.088886545291148e-08	1.16227310709113e-08	1.237014219914365e-08	1.154659310032541e-08	1.103753966573393e-08	1.144599291379895e-08	1.141360541234246e-08	1.131699084103165e-08	1.062749900593669e-08	9.193613669452167e-09	9.504006084059628e-09	9.068596433538545e-09	8.490106535633149e-09	7.616873990344249e-09	6.070899468434505e-09	4.530244541350125e-09	6.162299619425452e-09	9.306585609660535e-09	1.12465085323157e-08	1.266002962478128e-08	1.445139497714367e-08	1.533721570916771e-08	1.569365764103311e-08	1.438817092890087e-08	1.360733543949064e-08	1.38781490862481e-08	1.482238028027524e-08	1.523200489398613e-08	1.555856495729424e-08	1.512207356388679e-08	1.467580862155377e-08	1.399239302917021e-08	1.397597810217559e-08	1.424832374955636e-08	1.563815717003295e-08	1.693746743348477e-08	1.701368890642934e-08	1.646927435265187e-08	1.545408027261268e-08	1.426884924609406e-08	1.472304281626343e-08	1.538243498826567e-08	1.428477608783534e-08	1.308872264859969e-08	1.262317112723738e-08	1.190660410915147e-08	1.01084036256656e-08	1.115039136617674e-08	1.276874773713472e-08	1.300142842773538e-08	1.328100353924101e-08	1.239985516316513e-08	1.16397629724163e-08	1.092471836958987e-08	1.10839780207307e-08	1.219249457373139e-08	1.334461340542175e-08	1.393647045149025e-08	1.359055906185651e-08	1.336269277645129e-08	1.325265044805702e-08	1.363744418051299e-08	1.406436037196316e-08	1.423161732821145e-08	1.285684136011158e-08	1.069447085874576e-08	1.000771282594747e-08	1.041961680602667e-08	1.110069336539065e-08	1.220218203074901e-08	1.259300157437899e-08	1.27262839810213e-08	1.313067527456152e-08	1.358055183198666e-08	1.407667799674022e-08	1.461990282581125e-08	1.445681145783241e-08	1.411647348441773e-08
1.158678325828231e-08	9.527924544856266e-09	8.708299063810036e-09	1.011586604903273e-08	1.390855170879109e-08	1.586880532487221e-08	1.690841971822586e-08	1.718460066971693e-08	1.692975615948216e-08	1.67532402272949e-08	1.530286993797391e-08	1.469625292337823e-08	1.463685680315985e-08	1.46016293986692e-08	1.474622302645324e-08	1.401912178851354e-08	1.370709276076113e-08	1.38143070380174e-08	1.434473929822031e-08	1.41706456340987e-08	1.21640930090953e-08	9.384579471272227e-09	7.721206822560418e-09	7.780502746593238e-09	7.453158423814204e-09	5.836654990639803e-09	6.101799240639595e-09	6.666825933765617e-09	7.232205771480438e-09	8.629778932272633e-09	9.428181279082472e-09	9.025685222907162e-09	8.630859070440224e-09	1.013104485574598e-08	1.17925638979862e-08	1.301312885614043e-08	1.507619791422084e-08	1.964227734223859e-08	2.346847135008933e-08	2.497133544167232e-08	2.573558114152176e-08	2.5007320686267e-08	2.331495326722914e-08	2.141307791623683e-08	2.00561919870002e-08	1.811281844536905e-08	1.558291167879609e-08	9.901543487196531e-09	8.159385497688403e-09	9.978955518244544e-09	1.27950749714041e-08	1.419335921646147e-08	1.326805216781402e-08	1.084833510118557e-08	9.196590080858554e-09	9.368176708516178e-09	9.929039846633378e-09	1.065203091521503e-08	1.138538572347002e-08	1.084576724734415e-08	1.016371681797483e-08	9.564515383258567e-09	7.764706718516538e-09	6.045593993940759e-09	5.160406198586337e-09	5.560606946594926e-09	7.094157904427037e-09	1.006161319264322e-08	1.114263010605542e-08	1.222187409209486e-08	1.593835420025517e-08	1.806648625758789e-08	1.687004322606149e-08	1.483716509161726e-08	1.362621388047963e-08	1.368860203224673e-08	1.419336098954739e-08	1.347975516668954e-08	1.297990840882293e-08	1.382423019936495e-08	1.397488724641798e-08	1.478865683688857e-08	1.596278185279785e-08	1.734541571447885e-08	1.818127548295914e-08	1.892208680315832e-08	1.820918538202174e-08	1.589092279798405e-08	1.415419595689201e-08	1.33755227580143e-08	1.317713649582265e-08	1.272872972035708e-08	1.255789918042339e-08	1.20607926807183e-08	1.267038499957613e-08	1.257602774285421e-08	1.215477688592796e-08	1.140660457667471e-08	1.108592859139618e-08	1.11929148957854e-08	1.097348128872479e-08	1.050343718305919e-08	9.707831545553135e-09	9.718787515238949e-09	1.00844090439753e-08	1.103183616449452e-08	1.210941765965202e-08	1.346911062663265e-08	1.413147787549179e-08	1.402243803477808e-08	1.34452238163404e-08	1.40610413629678e-08	1.632428205137294e-08	1.691773429517603e-08	1.50136966824574e-08	1.280202699854771e-08	1.141665294617912e-08	1.161449127655853e-08	1.294566583760856e-08	1.352720605534121e-08	1.404110844716225e-08	1.328367207131443e-08	1.284247552745653e-08	1.166505670226539e-08	1.1716545473856e-08	1.269921356566679e-08	1.273139367753301e-08	1.468402767738108e-08
9.486258415498426e-09	9.851795497128876e-09	1.115893632231198e-08	1.183524224471362e-08	1.362701078365072e-08	1.511186720755971e-08	1.622487402214091e-08	1.63726608564655e-08	1.556495651474726e-08	1.35848096204322e-08	1.27042568049441e-08	1.36862710778264e-08	1.427606698355715e-08	1.531134622666753e-08	1.596989550046721e-08	1.6334384567507e-08	1.626084668710181e-08	1.590673023396952e-08	1.573090493787839e-08	1.551301241945334e-08	1.359912188840752e-08	1.21067551189608e-08	1.126726362886645e-08	1.093453600189055e-08	8.246517449069475e-09	6.677422545351227e-09	4.873353456283655e-09	3.290590942124116e-09	2.460594352229672e-09	4.951319272386733e-09	7.144802863021937e-09	8.440246704127194e-09	9.971627114499322e-09	1.174116933400616e-08	1.352457441293341e-08	1.49464605057737e-08	1.563123921915711e-08	1.791878380059693e-08	2.158398158822388e-08	2.34595649797254e-08	2.332005189503931e-08	2.207131071660221e-08	2.13733912582891e-08	2.024595356868778e-08	1.748219590327823e-08	1.391191258832838e-08	1.096823423185102e-08	1.015958858425952e-08	1.020317472063435e-08	1.207911790785834e-08	1.495698292061714e-08	1.627121533518802e-08	1.47385499347522e-08	1.118780254459978e-08	9.842272192184944e-09	1.16060275281693e-08	1.27060820915202e-08	1.306569155887777e-08	1.29852176019711e-08	1.057734228645063e-08	8.63166423842288e-09	7.750114957210563e-09	6.799575379849889e-09	6.231024502968937e-09	6.118234214753191e-09	6.912126076009094e-09	8.686427018395269e-09	1.083593536750354e-08	1.200109202836466e-08	1.399060954045987e-08	1.650102452745515e-08	1.794648953240637e-08	1.84007463689299e-08	1.574994459962733e-08	1.414137383959425e-08	1.31962572538164e-08	1.246042599117231e-08	1.185693574893065e-08	1.259129366209692e-08	1.345514689012179e-08	1.459804156362912e-08	1.571698772466492e-08	1.673538105361894e-08	1.802931427129728e-08	1.891888229573738e-08	1.879971429397952e-08	1.752015519242261e-08	1.538127191647133e-08	1.291055446775907e-08	1.18425778676359e-08	1.232791139357658e-08	1.346117019781917e-08	1.267754111387943e-08	1.163672311924444e-08	1.192313548894787e-08	1.263200230268565e-08	1.195349482143735e-08	1.049188010934475e-08	1.005856640709336e-08	9.221441177204545e-09	8.434461025312772e-09	9.057002235972083e-09	8.676893655523272e-09	8.955668562469533e-09	9.518331521652761e-09	9.462065706733381e-09	1.052451141378581e-08	1.248223399830701e-08	1.40559507645636e-08	1.539989399191232e-08	1.493354490049987e-08	1.545187927638101e-08	1.809056937983686e-08	1.930858801935753e-08	1.767736966403513e-08	1.471060227876891e-08	1.395901291421324e-08	1.580535521065372e-08	1.625745477138845e-08	1.509520124967019e-08	1.338119780168053e-08	1.119771570192854e-08	9.758882098863803e-09	8.01610881815077e-09	7.636812175663129e-09	1.028875726803297e-08	1.371744139693399e-08	1.76300345317752e-08
1.098133293524121e-08	1.017087730112781e-08	1.045602236086616e-08	1.154678987748706e-08	1.292647510682091e-08	1.422882873754351e-08	1.561523883122201e-08	1.558712092154559e-08	1.543659287801875e-08	1.19292813235621e-08	1.065633288691626e-08	1.207893585578072e-08	1.507377439080731e-08	1.678216508665477e-08	1.811682259366461e-08	1.870771765971049e-08	1.735469412438558e-08	1.62518386202709e-08	1.510355301922701e-08	1.444370348396278e-08	1.3900620892116e-08	1.310232815529055e-08	1.265720259223503e-08	1.234354129878198e-08	1.148674308789335e-08	8.959315158998459e-09	6.801762366129324e-09	3.886049339362538e-09	1.346931052353445e-09	3.487180141373241e-09	6.236030290979462e-09	8.766181241162597e-09	1.145705899486015e-08	1.333003064647958e-08	1.446233278376761e-08	1.447837707431565e-08	1.488824361328783e-08	1.682463596850991e-08	1.953418676697508e-08	2.120724995973919e-08	2.131639416964874e-08	1.978662376512076e-08	1.707082058362226e-08	1.513040630484893e-08	1.275837576328262e-08	1.010540686602617e-08	7.774646612441708e-09	8.707594117028729e-09	1.109321218944994e-08	1.342208263135745e-08	1.486358817643832e-08	1.511504905146925e-08	1.530695029535369e-08	1.491011120865328e-08	1.482852924273192e-08	1.573981547797783e-08	1.583214966889296e-08	1.525495510778596e-08	1.408215883228634e-08	1.140697764498281e-08	7.906716623575963e-09	6.219951060924188e-09	7.023910319017213e-09	8.129263848614497e-09	8.855360998796758e-09	9.426757253170777e-09	1.067148068264068e-08	1.138081171978908e-08	1.313713329327828e-08	1.533522392384122e-08	1.676640053059346e-08	1.803244683290231e-08	1.800017247506877e-08	1.696969196961316e-08	1.433594468822278e-08	1.092718820947953e-08	1.104175145002169e-08	1.128365332092204e-08	1.248134795140128e-08	1.425640745996916e-08	1.487265851547922e-08	1.508337676768879e-08	1.549106662164022e-08	1.647203285285701e-08	1.787464706011502e-08	1.84158739016475e-08	1.703910873903155e-08	1.404571011865052e-08	1.147218171173943e-08	1.105343252189945e-08	1.158255665947877e-08	1.238085250142487e-08	1.209086849435635e-08	1.131663671885719e-08	1.202019912568162e-08	1.269377074002842e-08	1.243323925452587e-08	1.018382115715343e-08	8.285515945235419e-09	7.26809405900718e-09	8.71763560833423e-09	9.769778089712095e-09	9.295397495216531e-09	8.654965523257435e-09	8.153108703260647e-09	9.075361526829327e-09	1.082164105970011e-08	1.25658248021968e-08	1.423641306240868e-08	1.561131497582912e-08	1.661959539125967e-08	1.877474756883868e-08	1.95925058428992e-08	1.930457210991069e-08	1.829383065700183e-08	1.762240021028958e-08	1.744750446724287e-08	1.702147876602046e-08	1.612504278349932e-08	1.438839171733785e-08	1.09140276846056e-08	8.199389206484889e-09	7.007274195978826e-09	8.17628792664776e-09	8.245616561733235e-09	8.808980537056174e-09	1.372354422711496e-08	1.907706041358796e-08
1.192613711766618e-08	1.102449051133715e-08	1.095916195933344e-08	1.068806305168827e-08	1.037555293095131e-08	1.124157655401782e-08	1.231796573415178e-08	1.308867440605473e-08	1.447044269981945e-08	1.571996809123606e-08	1.684783550443608e-08	1.703438954503116e-08	1.583670373649136e-08	1.613055600178055e-08	1.694410689001541e-08	1.745596581608347e-08	1.707063448489738e-08	1.587112558635684e-08	1.49207113820277e-08	1.430162066757233e-08	1.326591725114527e-08	1.242312489361267e-08	1.223153459583241e-08	1.292277791462488e-08	1.254052392520347e-08	1.078767535250943e-08	7.593110912633646e-09	4.243219495053429e-09	3.23103842446162e-09	4.861684394506389e-09	8.459322704169525e-09	1.221630551959569e-08	1.477731638117881e-08	1.652177449408204e-08	1.692361620339369e-08	1.530565390565573e-08	1.340437625979138e-08	1.189994406670305e-08	1.350903585919127e-08	1.536591580376361e-08	1.505724640207679e-08	1.235710310630614e-08	9.453287851682821e-09	7.100149665384179e-09	6.504469390186254e-09	7.665896863460837e-09	1.05839201535539e-08	1.314569241393261e-08	1.452061768967073e-08	1.531122939584407e-08	1.596906255066924e-08	1.694553225389923e-08	1.808846162380303e-08	1.917013554626925e-08	2.056622453219328e-08	2.046469608434984e-08	1.931649126186102e-08	1.779878658848477e-08	1.500456112332889e-08	1.123370183420305e-08	8.370187238439541e-09	7.090998769765821e-09	8.073090014682818e-09	8.674252700346352e-09	8.439884017017598e-09	8.197774338475986e-09	1.013355064627363e-08	1.175588056851804e-08	1.321368100172176e-08	1.458046453181639e-08	1.600521791254847e-08	1.725980011074201e-08	1.804069089297772e-08	1.74409538167139e-08	1.560981579151461e-08	1.307375996188755e-08	1.201892999780397e-08	1.244395070358874e-08	1.359320241672353e-08	1.448487475695058e-08	1.519337091679256e-08	1.466169946155831e-08	1.432236529825278e-08	1.485367071760007e-08	1.550080827688127e-08	1.581087541530412e-08	1.51048374451242e-08	1.270384108418214e-08	1.087118993753941e-08	9.833639294243623e-09	1.011989117583156e-08	1.029755108219292e-08	1.066945401462199e-08	1.063344595097364e-08	1.079457373174091e-08	1.092834696834396e-08	9.603571142534327e-09	7.199758142172237e-09	6.736920226896612e-09	8.670559662466163e-09	9.835586332889153e-09	1.038635109156466e-08	1.070381691158865e-08	1.101839198515841e-08	1.088189271469375e-08	1.15060387613395e-08	1.282049430355498e-08	1.452896716520903e-08	1.626008729397585e-08	1.771828523973047e-08	1.891010568708635e-08	1.976704055479949e-08	2.044727758244759e-08	2.020418288841798e-08	1.942305580184413e-08	1.818787120402698e-08	1.733737865653035e-08	1.627749420118639e-08	1.396196443404904e-08	1.123086155389674e-08	7.71775451253839e-09	5.319729875440361e-09	5.330868134457541e-09	6.858115940971695e-09	8.40543061297805e-09	1.096662572500389e-08	1.561145774568938e-08	2.001562191738566e-08
1.069888934173391e-08	8.747164872054411e-09	7.646801918904998e-09	8.994908482407041e-09	1.121983655285537e-08	1.327750784616051e-08	1.404794145321828e-08	1.535266408807734e-08	1.72023097595201e-08	1.892815366568981e-08	2.00873409262926e-08	1.925593379883452e-08	1.576392600638147e-08	1.369330868956756e-08	1.516435867049417e-08	1.641302371986856e-08	1.578704637851802e-08	1.419858236474234e-08	1.338920241155942e-08	1.298793323768505e-08	1.224627187529277e-08	1.116971956464095e-08	1.262997135254086e-08	1.451967854413126e-08	1.412768992559495e-08	1.206168266202571e-08	8.853592943558132e-09	6.242019988278074e-09	6.945928962300491e-09	8.17724440609321e-09	1.031588954326556e-08	1.283630143942402e-08	1.453374424709956e-08	1.518388847936631e-08	1.448672833436142e-08	1.259463515677938e-08	1.003693046623299e-08	8.549679635314078e-09	1.017047932239679e-08	1.165627154766071e-08	1.164968191904733e-08	1.067902771476272e-08	8.668969179106999e-09	7.203569229225659e-09	5.829983884672985e-09	7.263489085686519e-09	9.693113253244897e-09	1.153405378249249e-08	1.301182126221604e-08	1.472898152865683e-08	1.59301575027563e-08	1.797204976317302e-08	2.047625686756321e-08	2.200819892235792e-08	2.301909277678897e-08	2.343203837285999e-08	2.166137112400797e-08	1.876159797539527e-08	1.548543837488914e-08	1.19820921389981e-08	9.004208401640583e-09	8.209633913214104e-09	9.59662928228324e-09	1.029691619181632e-08	1.045961970473448e-08	1.091278966802422e-08	1.233362319968248e-08	1.44186871756616e-08	1.611023147479687e-08	1.657685276515043e-08	1.657133356106312e-08	1.692194922282488e-08	1.770269044361979e-08	1.725261562818786e-08	1.541956630341721e-08	1.295669476771401e-08	1.12961670110804e-08	1.11159047689265e-08	1.211328844214838e-08	1.217537958407306e-08	1.062263631105078e-08	1.062284311748949e-08	1.074239289449662e-08	1.143370966856083e-08	1.262133495152308e-08	1.385280593136267e-08	1.414779344641677e-08	1.411029158384838e-08	1.321296381305104e-08	1.21356377465416e-08	1.140748224791402e-08	1.080353508120915e-08	9.797321318267142e-09	9.446737774770731e-09	9.67839914364986e-09	8.98590586101783e-09	7.748994570905398e-09	6.045929637656442e-09	6.746348448237307e-09	8.420374405427316e-09	9.789293204677213e-09	1.138513210772723e-08	1.230696069702065e-08	1.271025574487965e-08	1.267538348388397e-08	1.371630877220602e-08	1.463167519832475e-08	1.565374114131726e-08	1.701512182467097e-08	1.909966750706957e-08	2.063203026549694e-08	2.15442041351216e-08	2.184400737967481e-08	2.108704519496254e-08	1.98854188742001e-08	1.764468226626683e-08	1.543038191558997e-08	1.400675373696568e-08	1.202628979866281e-08	9.273453733015333e-09	5.834903223367212e-09	3.834504331832471e-09	5.622898282399167e-09	8.044445428669255e-09	9.52812842567325e-09	1.121908612449747e-08	1.577166078852076e-08	2.018307603246373e-08
6.442775420938666e-09	7.263314266154062e-09	8.341157258441606e-09	1.089510345668736e-08	1.41067723215817e-08	1.557322123525425e-08	1.560675078213107e-08	1.557534075260431e-08	1.737461195882594e-08	1.86754250185712e-08	1.910956198963622e-08	1.778037677794987e-08	1.469606836104951e-08	1.310817466125648e-08	1.475917132953914e-08	1.513007052937645e-08	1.437851098207728e-08	1.318983718377679e-08	1.202275605880538e-08	1.216543491245646e-08	1.286897656839021e-08	1.436482872908339e-08	1.635609008778207e-08	1.696142676530427e-08	1.57324816704897e-08	1.350301158670174e-08	1.057845306721368e-08	9.149851362525775e-09	8.239718987661893e-09	8.831626598584766e-09	1.077737296717471e-08	1.294786228429816e-08	1.436463716671688e-08	1.419988585187338e-08	1.22290597175255e-08	1.04150166135056e-08	8.759100078716967e-09	7.564198160167185e-09	6.454094903912437e-09	6.033048740958191e-09	6.075358382645607e-09	4.846454528161989e-09	4.458795903380833e-09	5.742292774017145e-09	6.886483165863164e-09	8.796428903628657e-09	1.094379482793698e-08	1.242294674809282e-08	1.330878961141658e-08	1.458133964388779e-08	1.661703046209798e-08	1.949046048460234e-08	2.184287431458053e-08	2.382413704614501e-08	2.520686510558555e-08	2.508469322958816e-08	2.255119714729469e-08	2.039621842802718e-08	1.741149615362811e-08	1.404830317386678e-08	1.18894079222333e-08	1.191407536546633e-08	1.20087174116651e-08	1.18701786242794e-08	1.232682792962044e-08	1.239659870012278e-08	1.471831984732592e-08	1.725386706108163e-08	1.78897083069778e-08	1.69262678077967e-08	1.54183620471849e-08	1.502433685615487e-08	1.51395425504889e-08	1.538569791219751e-08	1.425306640975562e-08	1.091090469228628e-08	8.224871950010731e-09	8.381803968819585e-09	9.419707834543827e-09	9.45213215967021e-09	8.704920739950405e-09	8.837304261911302e-09	8.717544465709752e-09	9.175349750839594e-09	1.096513590909312e-08	1.318189718237224e-08	1.476991454030612e-08	1.512624330816902e-08	1.470420079479858e-08	1.327836724212374e-08	1.175503431934855e-08	1.058807618076369e-08	1.015613193123933e-08	1.046087260444408e-08	1.022178770793065e-08	9.139244042169507e-09	7.517317624625877e-09	6.640976155253098e-09	7.418255236728628e-09	8.796129432265225e-09	1.017444119292783e-08	1.208482353969322e-08	1.355048036327875e-08	1.419837513489261e-08	1.403293293859416e-08	1.426583326163686e-08	1.475122534843848e-08	1.579617669476514e-08	1.770806991766644e-08	1.913503875914555e-08	2.053598777145826e-08	2.169124272522499e-08	2.185342791249916e-08	2.087899915367667e-08	1.930368604642249e-08	1.728640840247325e-08	1.528819892969704e-08	1.28652495606126e-08	1.093197027142295e-08	8.592724002852682e-09	4.197924612915752e-09	3.94364024384492e-09	6.331979363703887e-09	8.356772400784988e-09	9.954247132749684e-09	1.226802963615667e-08	1.598958029013124e-08	1.962319472589356e-08
7.026062915777227e-09	8.550099305229456e-09	1.093948082195819e-08	1.405406956625869e-08	1.53394349328927e-08	1.420209267335244e-08	1.185864070962725e-08	1.276903108494436e-08	1.558436938882492e-08	1.722041360278132e-08	1.7987163703997e-08	1.668558906817166e-08	1.264438085339455e-08	1.213193752423229e-08	1.394827543272974e-08	1.493179369279829e-08	1.463625345904595e-08	1.336947244114538e-08	1.279681125901689e-08	1.375356279477147e-08	1.526430241091983e-08	1.680594549667091e-08	1.755340284856568e-08	1.728480724222667e-08	1.540086365056688e-08	1.213181603210561e-08	1.034789455241728e-08	9.977127499702026e-09	9.740353452092549e-09	9.565148932236125e-09	1.149105497904387e-08	1.333303852184504e-08	1.426369230891662e-08	1.37571500715507e-08	1.211713782509585e-08	1.017523957444064e-08	9.140033127780375e-09	7.805999015427362e-09	7.155064714499509e-09	6.660292918031019e-09	5.040237998438853e-09	4.483314961502861e-09	6.272572228202377e-09	7.089379903826867e-09	7.462161763887021e-09	8.673563956358423e-09	1.019566908291678e-08	1.210392385351937e-08	1.379474908804792e-08	1.526794155876582e-08	1.705124485822659e-08	1.914426456334134e-08	2.154651953642004e-08	2.320135708923889e-08	2.38818352586307e-08	2.290833280812761e-08	1.975203558314377e-08	1.720321470697346e-08	1.503468795494511e-08	1.347183816698593e-08	1.168391808683936e-08	1.110319866634631e-08	1.165322228041435e-08	1.242772413634222e-08	1.327477433284387e-08	1.411786829482373e-08	1.60120234534097e-08	1.797551289405487e-08	1.872487752384505e-08	1.833450318466404e-08	1.740684097968614e-08	1.639349770815142e-08	1.634959232883202e-08	1.553918444570924e-08	1.343333809952946e-08	1.055925758157075e-08	8.651163463976192e-09	7.406591193714324e-09	6.975753801302512e-09	6.603716848307943e-09	6.89345597364602e-09	7.014765812390605e-09	7.41992786692223e-09	8.335015346145787e-09	1.164577544108095e-08	1.463652575315798e-08	1.579865938517217e-08	1.603761172959992e-08	1.588176938740872e-08	1.4350950277983e-08	1.280359732239655e-08	1.191938219979792e-08	1.192551643188525e-08	1.176697170939854e-08	1.159584260084288e-08	1.065917095857339e-08	9.863743681660043e-09	8.155216039140094e-09	7.798571381981321e-09	8.418757787944362e-09	8.660265174748066e-09	9.355403496067704e-09	1.088408176862815e-08	1.181598301970492e-08	1.192797237483884e-08	1.356193395443513e-08	1.536366730205924e-08	1.665812644670058e-08	1.873182174523012e-08	2.060846277251981e-08	2.168919113844908e-08	2.212976168066316e-08	2.185989268278181e-08	2.065870685059122e-08	1.838104239651857e-08	1.503289401582391e-08	1.30344704328986e-08	1.239235685825176e-08	1.03223456398523e-08	7.208811462366617e-09	5.096016186376299e-09	5.500498200321091e-09	7.600637043150449e-09	9.217315030214195e-09	1.066111093653523e-08	1.360078010673516e-08	1.600911174959602e-08	1.812230413729806e-08
7.55712837913034e-09	1.016416311503339e-08	1.392218956599783e-08	1.537187198388864e-08	1.376919798207125e-08	1.221700936171112e-08	1.170563784876221e-08	1.209356581198377e-08	1.376700246823153e-08	1.530140221824364e-08	1.685604709718905e-08	1.511990316135508e-08	1.093056597062659e-08	1.153731722691011e-08	1.408085293129584e-08	1.555071554492669e-08	1.542552589813073e-08	1.386254690519827e-08	1.343269482381478e-08	1.444357091245647e-08	1.607099225669038e-08	1.733965248719128e-08	1.795291238947517e-08	1.693497394352601e-08	1.489393696222012e-08	1.251310302266957e-08	1.040011037211477e-08	9.237809050383573e-09	1.068948655376649e-08	1.24201592758457e-08	1.413138185300036e-08	1.514733044605062e-08	1.60743789455489e-08	1.480304611645018e-08	1.246736988947551e-08	9.899464830631654e-09	7.176916830537561e-09	6.187579959414774e-09	4.670212204075783e-09	2.852765246562e-09	3.829564749027697e-09	5.640634683046005e-09	6.703026241981265e-09	7.470394046280213e-09	8.019079425116343e-09	8.727030917839951e-09	1.042467939643743e-08	1.273537188859136e-08	1.528233745812237e-08	1.708521178603183e-08	1.81441783216517e-08	1.906279802611236e-08	2.082170922409332e-08	2.176123045233467e-08	2.188116355988485e-08	2.042687698974479e-08	1.807692736315062e-08	1.626414900647491e-08	1.498804239529563e-08	1.387086992655458e-08	1.208222587859163e-08	1.173361886169319e-08	1.237171787993015e-08	1.263792853644909e-08	1.313493010502973e-08	1.476710935314502e-08	1.693012425673823e-08	1.856699977238137e-08	1.922422360943367e-08	1.950436156906699e-08	1.8878445988335e-08	1.787359732445559e-08	1.588541259888001e-08	1.359189214400027e-08	1.204822396762571e-08	1.042373714291017e-08	8.03865328435155e-09	6.40083802379125e-09	5.584923425792417e-09	5.514708922223089e-09	6.114036434715569e-09	6.77875000985052e-09	8.111707078590294e-09	1.018777722519742e-08	1.27047173096936e-08	1.520948164446058e-08	1.626844141285792e-08	1.557957119936431e-08	1.450049938274453e-08	1.303111098456069e-08	1.109594860375556e-08	1.012835356780216e-08	1.058111416020654e-08	1.139842525569192e-08	1.205263979619842e-08	1.194079337192585e-08	1.098808966864246e-08	9.34616526529416e-09	9.128100893437931e-09	9.731453094636846e-09	1.062935623787613e-08	1.182313785858855e-08	1.278623291484748e-08	1.367114966780872e-08	1.440425404618698e-08	1.468577466043143e-08	1.587568417044219e-08	1.77499969716565e-08	1.865164431750787e-08	1.926223204068257e-08	1.928290318506444e-08	1.932021937345113e-08	1.877398430576458e-08	1.76476900726256e-08	1.571873657397214e-08	1.321735202050927e-08	1.195812376000969e-08	1.111564025955855e-08	9.412112689836564e-09	7.833041888393756e-09	7.21330164129368e-09	8.237143697289154e-09	9.627761482599316e-09	1.056121684761722e-08	1.18734059473514e-08	1.394788273963648e-08	1.528259797061843e-08	1.678970227500217e-08
9.998684915168305e-09	1.167850536564066e-08	1.412714430272941e-08	1.486592530766988e-08	1.33017219382285e-08	1.065152730832189e-08	8.358322584803489e-09	9.675217758198122e-09	1.15939054833095e-08	1.434948253482467e-08	1.681891613843576e-08	1.591756817146789e-08	1.451988048150931e-08	1.572631540540923e-08	1.607420553029291e-08	1.624953601543166e-08	1.565562532780729e-08	1.437444128355448e-08	1.36192160065712e-08	1.415031442530541e-08	1.469110276954148e-08	1.547340074881698e-08	1.506921391223523e-08	1.461510131415652e-08	1.426673260330264e-08	1.267084727752616e-08	1.058614191636865e-08	9.978054165121843e-09	1.085049509464036e-08	1.290542502621784e-08	1.463763751564802e-08	1.589955582780057e-08	1.609079627098258e-08	1.491252337211546e-08	1.289549988948684e-08	9.589650147112308e-09	6.430596725877514e-09	4.70291863547504e-09	3.805149702907814e-09	3.965445155347876e-09	5.260930550056043e-09	6.863355866726216e-09	7.944320790945474e-09	8.505064943512332e-09	8.999297243489314e-09	9.277109783980883e-09	1.160238463155879e-08	1.431625391212669e-08	1.666494790974429e-08	1.842262442967995e-08	1.93633280531797e-08	1.99399102585027e-08	2.052968351326536e-08	2.075551042092754e-08	2.008928878768611e-08	1.845543668936833e-08	1.6532637321759e-08	1.394340233496226e-08	1.204517347040188e-08	1.174271062447513e-08	1.228113561604737e-08	1.267920284890338e-08	1.278539470349066e-08	1.229727046683892e-08	1.196843183258653e-08	1.338222237231631e-08	1.608520011193465e-08	1.871866797755636e-08	2.015020424138952e-08	1.969997231792085e-08	1.804594604737579e-08	1.64695637880629e-08	1.579964229215177e-08	1.497911531074289e-08	1.310178468945196e-08	1.077015597671956e-08	8.360436812314413e-09	6.475151885943843e-09	6.094017679297643e-09	6.461765583843124e-09	7.200328050551254e-09	8.610583440223503e-09	9.861919357853881e-09	1.216050956033704e-08	1.384604007102423e-08	1.476694695369732e-08	1.446997964693068e-08	1.340716646411773e-08	1.150255319854065e-08	9.660908839963405e-09	9.541425045967551e-09	1.03140134476231e-08	1.137497223234748e-08	1.189438045281631e-08	1.224936868941489e-08	1.2364552492883e-08	1.201377723464203e-08	1.180077844439666e-08	1.157505030692143e-08	1.073359051238772e-08	1.123830705578928e-08	1.271274435149735e-08	1.372448378742907e-08	1.465168041618918e-08	1.542001596458253e-08	1.610618390050714e-08	1.686245901257344e-08	1.723778655659036e-08	1.783735808044127e-08	1.768238916288811e-08	1.730296126713831e-08	1.722932529177285e-08	1.655864017581641e-08	1.476541883189646e-08	1.275762353798678e-08	1.1066229271769e-08	1.090131910237589e-08	1.083294644192096e-08	1.048745733219803e-08	1.032118991601716e-08	1.003634293399117e-08	1.039142165769509e-08	1.078732079089496e-08	1.190755599826512e-08	1.270086637348398e-08	1.385123156350897e-08	1.430786391182306e-08	1.498153074513405e-08
9.48264754966739e-09	1.157474585940653e-08	1.498289946074728e-08	1.57188861683425e-08	1.26607168614867e-08	7.92981492832702e-09	5.533189464817401e-09	7.214511470432307e-09	1.230324791338683e-08	1.703575041686492e-08	1.991114827657725e-08	2.055982682213997e-08	1.936625631986949e-08	1.799704152527709e-08	1.781678971959767e-08	1.58146219596456e-08	1.275116309861231e-08	1.066918917289589e-08	1.13094954386302e-08	1.264088805467347e-08	1.308455128804179e-08	1.219296717468683e-08	1.170601045098119e-08	1.16283299118576e-08	1.241696915441862e-08	1.25674490189081e-08	1.231008941515315e-08	1.255392273808471e-08	1.330256190426651e-08	1.425768495853103e-08	1.632774033031481e-08	1.725271786694765e-08	1.680917174292729e-08	1.432086784674891e-08	1.144988495764803e-08	9.4809569700053e-09	8.642561579574938e-09	7.805184240421264e-09	5.235672879837828e-09	4.933786619746348e-09	5.995857316231552e-09	6.537416548408412e-09	6.710601957589774e-09	7.648070662806596e-09	8.822776539354642e-09	1.031102601654566e-08	1.301878741363542e-08	1.581516305594533e-08	1.756913991018888e-08	1.843198967838231e-08	1.885661726750651e-08	1.914495463816036e-08	1.92216598156388e-08	1.901129633414407e-08	1.760855181473073e-08	1.591846903376536e-08	1.280926233520711e-08	1.122256118958163e-08	1.123338938645535e-08	1.155887029077078e-08	1.182128264059797e-08	1.224632450407124e-08	1.275789680319251e-08	1.275180232490967e-08	1.260445097745171e-08	1.329568869312393e-08	1.535271084382799e-08	1.741680038587435e-08	1.865725376601697e-08	1.914856036566455e-08	1.888975097054213e-08	1.825701226904426e-08	1.709847037603821e-08	1.616746103505792e-08	1.463317700513358e-08	1.302263934581762e-08	1.065590974987287e-08	9.116107207289772e-09	9.23201001312493e-09	9.569358858171483e-09	1.095696425095936e-08	1.233778271346924e-08	1.288110247060089e-08	1.288776827337544e-08	1.175343911061487e-08	1.083512443982644e-08	9.453130491199773e-09	8.889122310615942e-09	8.086329847077932e-09	8.401960537135738e-09	9.609145608883533e-09	1.034955458031252e-08	1.092449643605359e-08	1.171078766390648e-08	1.263271104935141e-08	1.308658479491042e-08	1.329859766819961e-08	1.289154714674132e-08	1.246897972844104e-08	1.218192907639981e-08	1.218153051726686e-08	1.261902521474255e-08	1.289141380166533e-08	1.337646679877184e-08	1.339598232637628e-08	1.393145222697155e-08	1.490840428963415e-08	1.542271158595206e-08	1.600364826777606e-08	1.559649157505814e-08	1.548514882471875e-08	1.536953876878542e-08	1.532690717557804e-08	1.60381361656366e-08	1.561947611127632e-08	1.49784386541454e-08	1.464552860478014e-08	1.424620273711671e-08	1.272717912441876e-08	1.197732391157832e-08	1.049111094072282e-08	1.045952101403008e-08	1.052828086963608e-08	1.024853554949347e-08	1.173642376398999e-08	1.288392719270606e-08	1.339367898924704e-08	1.379831225090537e-08
1.028602312495159e-08	1.123614348504434e-08	1.340884617029124e-08	1.311411324503748e-08	9.830022291214483e-09	7.485144614850586e-09	8.046567930137001e-09	1.136902853724777e-08	1.632643942056746e-08	2.020841210166135e-08	2.279375184902616e-08	2.378566812337822e-08	2.281177686375689e-08	1.995214815261914e-08	1.626735388093407e-08	1.093193797690487e-08	6.43943742784364e-09	6.113027779601225e-09	7.090065387500279e-09	8.24277038730824e-09	8.744962952649973e-09	9.279026447376785e-09	9.772858087421296e-09	1.128574758044123e-08	1.253836692140822e-08	1.308104495265887e-08	1.34446397582817e-08	1.431075535466216e-08	1.538021816446197e-08	1.620286489828017e-08	1.791255108601341e-08	1.88519202227457e-08	1.743893811223299e-08	1.435451172311332e-08	1.12600955546028e-08	8.685512406633366e-09	8.744617615054555e-09	9.779412493681728e-09	1.065984470647178e-08	1.168903120332563e-08	1.151042328638528e-08	9.295425466244056e-09	7.383624643006369e-09	7.661909793593447e-09	9.150552525314974e-09	1.124691669006171e-08	1.425350604940034e-08	1.658686955743663e-08	1.771957075844212e-08	1.795388491053231e-08	1.781832083863705e-08	1.761501289575426e-08	1.666537270763689e-08	1.527140286657829e-08	1.388591362195789e-08	1.228273957078634e-08	1.174435851391607e-08	1.076209565607212e-08	9.637664194594248e-09	8.899031468566145e-09	8.923245974210757e-09	9.106654055435678e-09	9.675343489335287e-09	1.032731479774493e-08	1.151487945375168e-08	1.301139613910694e-08	1.504279884245396e-08	1.670346300845717e-08	1.776664912330428e-08	1.823189467595983e-08	1.885306182325991e-08	1.910159321419159e-08	1.92032607378201e-08	1.862946672655958e-08	1.692703183783429e-08	1.469885304402288e-08	1.27741203230038e-08	1.213288389011711e-08	1.254822550971863e-08	1.356691648512411e-08	1.458485499885436e-08	1.477163334459676e-08	1.374945570058318e-08	1.242292601125095e-08	1.086686875738103e-08	9.6841622167502e-09	8.798779883968736e-09	8.361013406282872e-09	8.973780032103006e-09	9.127833056292146e-09	9.426127138199519e-09	9.264678205532856e-09	9.171052418851784e-09	9.446537483122083e-09	1.061875525866844e-08	1.155578769373758e-08	1.20309709514164e-08	1.294920285816003e-08	1.295236775352263e-08	1.264370180819092e-08	1.277735401068881e-08	1.282512242478999e-08	1.30886379915864e-08	1.364327605760897e-08	1.335750295708984e-08	1.389093616757134e-08	1.44138928060961e-08	1.545457967653285e-08	1.580625833587338e-08	1.516747427529232e-08	1.474553963938352e-08	1.49180488338732e-08	1.561005608243111e-08	1.629407771277424e-08	1.681988003832737e-08	1.598121561563604e-08	1.423148747956788e-08	1.270309572557494e-08	1.222678409195583e-08	1.167207105484363e-08	1.058747900926557e-08	1.025662731322919e-08	1.120887778715199e-08	1.20123761336991e-08	1.229145638955106e-08	1.272664321150723e-08	1.294247264662374e-08	1.33179357177156e-08
9.449409061510575e-09	9.85198924422468e-09	1.073464767914547e-08	9.986452024278789e-09	9.11733671107499e-09	9.637220340639911e-09	1.245252524561082e-08	1.613117123990769e-08	1.969367261698176e-08	2.261313814482409e-08	2.398548546541662e-08	2.418901228085619e-08	2.36020004279558e-08	2.04150993031464e-08	1.553460437669057e-08	1.039484061758436e-08	5.374026351591909e-09	2.585370259493928e-09	2.859669206431833e-09	3.708561775092499e-09	5.359332592046439e-09	7.209464778100358e-09	8.958165755430235e-09	1.098354251329786e-08	1.245672524951904e-08	1.315230866487133e-08	1.435357260780181e-08	1.523159947063828e-08	1.669246194582029e-08	1.843525590938478e-08	1.993275611981581e-08	1.990337083406173e-08	1.781984288537632e-08	1.360750946176095e-08	1.073713932077948e-08	8.455122207980335e-09	9.628714482633425e-09	1.146752745331995e-08	1.246355235396955e-08	1.231572528472771e-08	1.11001416114063e-08	9.571796177058846e-09	9.466323513555646e-09	1.093520599577751e-08	1.179142329520808e-08	1.271447111071415e-08	1.430839405203133e-08	1.529134433537367e-08	1.528667878168244e-08	1.482295881163455e-08	1.48059050616599e-08	1.493426124197623e-08	1.430327456473058e-08	1.276252671355709e-08	1.242463492141795e-08	1.276197344640704e-08	1.241711486615732e-08	1.184305696780608e-08	1.104017111875506e-08	1.061229301966185e-08	1.078606699560745e-08	1.095833566625513e-08	1.082766575298352e-08	1.077152334460321e-08	1.079018313438282e-08	1.118564390233221e-08	1.3165108943344e-08	1.537097357168802e-08	1.689822728168441e-08	1.76716290134205e-08	1.852114220190102e-08	1.974866874336613e-08	2.037369844888377e-08	1.918939979734106e-08	1.747828187955102e-08	1.508957157789738e-08	1.360748583529086e-08	1.295665421380529e-08	1.343886535150981e-08	1.42998009287868e-08	1.463425631304e-08	1.436679625754411e-08	1.372370951746222e-08	1.179974281616358e-08	1.017898343903003e-08	9.313976629666948e-09	8.978335909761653e-09	8.794788453083316e-09	8.914090567766269e-09	9.034371987477491e-09	9.080051353699967e-09	9.201836210741234e-09	9.022372459325916e-09	9.44668565100312e-09	1.017282419648188e-08	1.112512538933027e-08	1.200160507613466e-08	1.182134732665849e-08	1.194190659451556e-08	1.289103543823089e-08	1.331059375826676e-08	1.350199633668718e-08	1.361577153276784e-08	1.387786644042971e-08	1.436334172082274e-08	1.424202105591826e-08	1.517306857989054e-08	1.594910003007065e-08	1.634337050317746e-08	1.454498260951132e-08	1.281651552858418e-08	1.319422691805576e-08	1.477239095964432e-08	1.656983041151652e-08	1.730361144087133e-08	1.659600448521455e-08	1.527622446393387e-08	1.356998947390881e-08	1.18538713259354e-08	1.080616564801828e-08	1.050167123067968e-08	1.056256013025162e-08	1.106359831358364e-08	1.253214565305175e-08	1.300618881004376e-08	1.240957437018197e-08	1.277831400075644e-08	1.282926054753738e-08
1.28990152590912e-08	1.124558216116809e-08	1.139096761506457e-08	9.709782069637307e-09	7.404636444889585e-09	8.092218017022067e-09	1.154217854226083e-08	1.631735876939669e-08	2.075444176120846e-08	2.319025567447032e-08	2.414938794764121e-08	2.423200140248177e-08	2.207708539981348e-08	1.805877111003999e-08	1.398458891416329e-08	9.021973097718903e-09	5.129583366554556e-09	2.078588891065918e-09	1.745776459428397e-11	0	2.325793956129554e-09	6.766489117822835e-09	1.022731703510537e-08	1.263102316381697e-08	1.291980661368839e-08	1.267620036472163e-08	1.514241318093088e-08	1.752595170548059e-08	1.809051316757949e-08	1.985230065300252e-08	2.122607400811263e-08	2.077755586836516e-08	1.948648090013878e-08	1.629592522396244e-08	1.316645265958633e-08	1.145522974476656e-08	1.236863367769742e-08	1.409571787721228e-08	1.542909219916372e-08	1.546318033743945e-08	1.268899679184536e-08	9.595682788326695e-09	9.577666676744028e-09	1.007007162156874e-08	1.024308874191025e-08	1.032305924182405e-08	1.113986170304429e-08	1.141124775346809e-08	1.211807282495186e-08	1.31097163345208e-08	1.378299478922604e-08	1.323302951201021e-08	1.161107523383911e-08	1.140691363169149e-08	1.292274769764466e-08	1.35188488150406e-08	1.27431380576985e-08	1.119965799537276e-08	1.009595998648599e-08	9.960705875303685e-09	1.071910066365854e-08	1.131571485782466e-08	1.152492338549881e-08	1.097024750954193e-08	1.085935869081869e-08	1.232450501466437e-08	1.400858707593564e-08	1.530886292468241e-08	1.615064052130554e-08	1.728901557070559e-08	1.834755773218352e-08	1.932700931985513e-08	1.970006227053426e-08	1.886396608616505e-08	1.772466158837815e-08	1.60565516411166e-08	1.438837512175884e-08	1.33242890514264e-08	1.301582083357521e-08	1.316186587157793e-08	1.315955529458971e-08	1.361295465796285e-08	1.286304907031503e-08	1.166471416789179e-08	1.069735694547588e-08	9.357952507703616e-09	9.231054177161807e-09	9.260947646906682e-09	9.297096142702352e-09	1.001870298646159e-08	1.03699173730134e-08	1.004918877435867e-08	1.011274499038573e-08	1.048523297977926e-08	1.094037218144392e-08	1.132725729451146e-08	1.202296622077311e-08	1.265016176185423e-08	1.320861504892134e-08	1.369802788955618e-08	1.457064071018813e-08	1.454361360356945e-08	1.406903643687243e-08	1.473044603613866e-08	1.569737625920561e-08	1.613927734582072e-08	1.499920837279916e-08	1.378493187484583e-08	1.355150929647342e-08	1.263824698533612e-08	1.157197232901727e-08	1.291616126432855e-08	1.380286553487248e-08	1.513578691390175e-08	1.668699630269708e-08	1.664432102329952e-08	1.493048481832432e-08	1.214701471056065e-08	1.002684894540356e-08	1.007650363388771e-08	1.025692798803829e-08	1.116917637806637e-08	1.23580882970118e-08	1.351924684459179e-08	1.329201547851735e-08	1.303128833915662e-08	1.326204032246128e-08	1.367932469754903e-08
1.621408168310885e-08	1.332450839636839e-08	1.059629811796887e-08	7.49215553679308e-09	7.774874827601583e-09	8.795557847184119e-09	1.190364749016305e-08	1.633668418778343e-08	1.891856157560696e-08	2.016976176324371e-08	2.083733872809843e-08	2.046164817094055e-08	1.828156404986418e-08	1.655361684677994e-08	1.346109436236378e-08	9.526017202354938e-09	6.251303687267586e-09	4.234889383111075e-09	2.415372444234461e-09	1.768327150526425e-09	5.457169899959137e-09	1.083703935383752e-08	1.41317656778404e-08	1.578975527033564e-08	1.610875350642724e-08	1.644280148848195e-08	1.671287514371645e-08	1.714188735371524e-08	1.697228791828389e-08	1.846411730921541e-08	1.942693219453085e-08	1.782133962537856e-08	1.537987551909249e-08	1.413698805293853e-08	1.303445611200253e-08	1.214574820538126e-08	1.184623275488556e-08	1.258686881687601e-08	1.331006582954977e-08	1.197772487619249e-08	8.89037695167014e-09	6.988919063256243e-09	7.328506866395386e-09	8.399635061689537e-09	9.598145769672926e-09	1.084804914436481e-08	1.237521409510516e-08	1.334953319626624e-08	1.399710008747871e-08	1.416693932920143e-08	1.468883326153125e-08	1.465765593936567e-08	1.445077118232783e-08	1.421932737619534e-08	1.449173379029342e-08	1.458952032478193e-08	1.368342415289859e-08	1.19249114173439e-08	1.104965354767474e-08	1.105838076233399e-08	1.195188419816831e-08	1.214687565771498e-08	1.171969082155183e-08	1.119932426629247e-08	1.19446006195547e-08	1.388111881997286e-08	1.489776756832547e-08	1.590086983928435e-08	1.674068584202794e-08	1.689032439177656e-08	1.665269966031878e-08	1.670791673542268e-08	1.607652104327272e-08	1.589124693981126e-08	1.600243615862651e-08	1.50534687493548e-08	1.410164156073896e-08	1.307271658023282e-08	1.166613746796155e-08	1.109003168623926e-08	1.149641454301488e-08	1.220749023855767e-08	1.254543334527561e-08	1.190781974611782e-08	1.082371327681771e-08	1.019931106873764e-08	9.35662802544746e-09	8.749154656083501e-09	8.830327147484876e-09	9.600912923604547e-09	1.015639620492031e-08	1.019567497552772e-08	1.092627751710027e-08	1.144347569435249e-08	1.182311805910672e-08	1.199009992242976e-08	1.232183967202638e-08	1.349740454821681e-08	1.453619512051522e-08	1.59662134458386e-08	1.612774129982802e-08	1.622748468859762e-08	1.618964175520643e-08	1.69943853423092e-08	1.713241133176097e-08	1.690473261495009e-08	1.525440270311076e-08	1.414174475179774e-08	1.386737408836656e-08	1.337393431280085e-08	1.047239834439775e-08	9.536439828473494e-09	1.079065133251465e-08	1.325250734196166e-08	1.518497046931939e-08	1.583149358367491e-08	1.315296407070964e-08	1.069228964384723e-08	1.003088881435252e-08	1.033607645074255e-08	1.062411128729574e-08	1.134432794528643e-08	1.211608119299723e-08	1.35391831293783e-08	1.432736701092678e-08	1.425025024747044e-08	1.383159006986178e-08	1.412297425181415e-08
1.820171843215147e-08	1.480213670797647e-08	1.099651186217806e-08	8.961512597987395e-09	9.51631670277503e-09	1.076477532341341e-08	1.231977124811928e-08	1.50014739397986e-08	1.593405626675342e-08	1.329809816351521e-08	1.319517180764368e-08	1.591865701586434e-08	1.67080870353962e-08	1.563113588641522e-08	1.343468563417712e-08	1.079047109751307e-08	8.06876993631599e-09	5.262962847311204e-09	4.177145384074644e-09	4.42806533743891e-09	8.951876937742936e-09	1.412214401219197e-08	1.706703548650602e-08	1.853585269221287e-08	1.890096674705421e-08	1.913846950873818e-08	1.947033785030213e-08	1.913812374759919e-08	1.911861147830838e-08	1.895554059789827e-08	1.751395173095475e-08	1.539410355362464e-08	1.304559168998671e-08	1.054103879953869e-08	1.014088166792373e-08	1.010769201722976e-08	1.006206059995559e-08	1.052998212407327e-08	1.067979887869093e-08	9.604591904372165e-09	8.35892270487121e-09	7.922082035221075e-09	7.840254177096051e-09	8.489563812971762e-09	9.869110409771348e-09	1.145009336049339e-08	1.285472272139865e-08	1.423338973262932e-08	1.475596098528881e-08	1.502569540388487e-08	1.549510335926735e-08	1.518354599813259e-08	1.484550276688263e-08	1.478295009143039e-08	1.446818135640297e-08	1.412793829202739e-08	1.323470514120988e-08	1.193996993813844e-08	1.145139502890226e-08	1.214693596786329e-08	1.31222264427181e-08	1.339753439067534e-08	1.312471811463341e-08	1.260656582925096e-08	1.259853112742529e-08	1.280002714737132e-08	1.358942806779082e-08	1.481710349151789e-08	1.512649820815634e-08	1.51223997179391e-08	1.480614164082499e-08	1.455625467025138e-08	1.414780611920489e-08	1.494001174023989e-08	1.572730299760126e-08	1.575672448280084e-08	1.495423432695368e-08	1.369839428826526e-08	1.214144951466827e-08	1.07373691727257e-08	1.129793245552518e-08	1.291923090894338e-08	1.333949465610672e-08	1.346519089580007e-08	1.276948084973977e-08	1.125352642016734e-08	8.993875114911538e-09	8.028331650840298e-09	8.81050565911656e-09	9.757196610260208e-09	1.034122628386591e-08	1.094056391023168e-08	1.170679560814635e-08	1.196163920166811e-08	1.223368593186001e-08	1.214621419073622e-08	1.290654155784719e-08	1.406231272210181e-08	1.455758548966154e-08	1.537305292880876e-08	1.605602612934422e-08	1.60028253729059e-08	1.611834657399656e-08	1.57986543642305e-08	1.609924961619328e-08	1.62650522028389e-08	1.493735711366755e-08	1.31712318703016e-08	1.307768080184862e-08	1.269405661318273e-08	1.149081458719441e-08	1.089955321369365e-08	1.212539286921447e-08	1.297869879297892e-08	1.375901055985468e-08	1.378502483975254e-08	1.275242162208694e-08	1.141277495296241e-08	1.036658731881935e-08	1.074220038362007e-08	1.125382312723755e-08	1.287850045214741e-08	1.342478453514302e-08	1.288861892130206e-08	1.277441828662357e-08	1.337940173884159e-08	1.409532828390302e-08	1.484175810457028e-08
2.073834393914784e-08	1.761041520192567e-08	1.444549500966546e-08	1.108220028175943e-08	8.03838705839012e-09	6.888321339537103e-09	8.67853851630119e-09	1.121217699010463e-08	1.191550579837089e-08	1.168510794404541e-08	1.277569444792866e-08	1.465117193918563e-08	1.541790425233483e-08	1.423862972807837e-08	1.238854753958287e-08	1.046421625753814e-08	8.609854580880156e-09	6.441901850947918e-09	6.519026110296258e-09	8.910795772797408e-09	1.278181132891371e-08	1.654257102227892e-08	1.898099223012083e-08	2.092197822267525e-08	2.190827134925325e-08	2.163371463522999e-08	2.122564327075076e-08	2.052921822993105e-08	1.93143827054207e-08	1.757759789326879e-08	1.561727361536354e-08	1.26004978590399e-08	9.203259240334554e-09	7.157832247434487e-09	8.649292375842403e-09	9.300051661504737e-09	9.032502045502788e-09	9.202478884969586e-09	9.657289409865196e-09	9.565493886832863e-09	8.472991945479953e-09	7.88715428365021e-09	8.259416070057534e-09	8.909837458442563e-09	1.044102088840286e-08	1.172070448802649e-08	1.252198453714698e-08	1.41267914687747e-08	1.555413273031404e-08	1.635118535510199e-08	1.674416163898938e-08	1.665764900479838e-08	1.548830040819586e-08	1.497136196337326e-08	1.435282504628143e-08	1.355769413687687e-08	1.258650195428709e-08	1.21942205123835e-08	1.245699065938916e-08	1.269668259203536e-08	1.374394304810845e-08	1.386469795110091e-08	1.336168628114838e-08	1.268857928978749e-08	1.222367090582938e-08	1.174182792466667e-08	1.199862171354582e-08	1.314618764289149e-08	1.405430516733027e-08	1.374365942267984e-08	1.364888841849567e-08	1.339421557443904e-08	1.388628250838135e-08	1.452304760146294e-08	1.485335275750682e-08	1.510496435030835e-08	1.422325738425156e-08	1.311491839069701e-08	1.215858420960677e-08	1.218549326168383e-08	1.266903981727144e-08	1.421412635132505e-08	1.561519200018747e-08	1.544034426686111e-08	1.346462061799711e-08	1.082085416047692e-08	9.396188776577654e-09	9.493588013880335e-09	9.530090437001704e-09	9.808557902973531e-09	1.017918445115072e-08	1.177449811676676e-08	1.225694808831046e-08	1.192913966129498e-08	1.222512872372394e-08	1.23912749421587e-08	1.333342509123896e-08	1.399602602318364e-08	1.422865229347065e-08	1.463513162085191e-08	1.529114453524427e-08	1.483899929632843e-08	1.531547092691068e-08	1.506090169190939e-08	1.520661132283229e-08	1.492248417515298e-08	1.481154223298204e-08	1.366623334927579e-08	1.322083522505654e-08	1.302186729608097e-08	1.306831319609505e-08	1.260465545886643e-08	1.23084876565899e-08	1.172571812737043e-08	1.22125326550448e-08	1.233385173484124e-08	1.148420874047539e-08	1.162275173770571e-08	1.267170074999333e-08	1.213916805609235e-08	1.160656841452699e-08	1.212707632925155e-08	1.294322569754104e-08	1.307104151526366e-08	1.280873652801134e-08	1.305779131212364e-08	1.404055392257845e-08	1.530023546129048e-08
2.238974997715425e-08	1.933421660545462e-08	1.487429016656564e-08	1.013096694414134e-08	6.527322279684052e-09	6.09024596781684e-09	8.583905377608286e-09	1.022734471087095e-08	1.070994021603802e-08	1.024942825534617e-08	1.011994586253288e-08	1.25765908674013e-08	1.436800241834681e-08	1.46570368459332e-08	1.396467208361606e-08	1.273673681775791e-08	1.194738609946765e-08	1.16658304946155e-08	1.128263642496425e-08	1.132016264627399e-08	1.260276983145038e-08	1.497441982884341e-08	1.692149557024531e-08	1.89673736859693e-08	2.005153708475829e-08	2.016979702744729e-08	1.984624292667846e-08	1.968062720075724e-08	1.838704904467655e-08	1.641483220762049e-08	1.383633865570501e-08	1.117674934624196e-08	9.414059406445064e-09	8.621242337587005e-09	9.625816384820836e-09	9.559171521531127e-09	8.570284446643412e-09	8.39244773463998e-09	8.496077253043245e-09	7.974583694662427e-09	8.561769921964185e-09	9.502242464148835e-09	1.071967896980423e-08	1.115725219449654e-08	1.088980669544123e-08	1.20290746599089e-08	1.366952245644276e-08	1.490574797922969e-08	1.641661196377995e-08	1.707065572926075e-08	1.671719336044213e-08	1.633717699468609e-08	1.517665994327149e-08	1.459397963132244e-08	1.360908458215909e-08	1.237354208651797e-08	1.239683854368297e-08	1.337810236624363e-08	1.373414453779242e-08	1.376772606557875e-08	1.408341702224114e-08	1.407889064168098e-08	1.330274947231757e-08	1.145452055579456e-08	1.110031255478377e-08	1.156257154622067e-08	1.306900417779927e-08	1.335799541030545e-08	1.326079770280267e-08	1.308064359254051e-08	1.334709141507691e-08	1.375992972500151e-08	1.334004258292517e-08	1.284332646671761e-08	1.400633490879739e-08	1.441668999320818e-08	1.332157670322908e-08	1.162773810008095e-08	1.099624985193298e-08	1.173033389664351e-08	1.285078867460773e-08	1.35292503361546e-08	1.444601889480178e-08	1.462178113201409e-08	1.360522234601638e-08	1.154845658464115e-08	9.735067203025995e-09	9.599446338478821e-09	1.01619982483688e-08	1.08956665462138e-08	1.255571497594463e-08	1.32570997752466e-08	1.337774337347101e-08	1.306917278366783e-08	1.278456016028292e-08	1.373132830271415e-08	1.425026323521945e-08	1.479422295897008e-08	1.423181497781706e-08	1.482610505034432e-08	1.559632760411221e-08	1.458093253861235e-08	1.419346924802827e-08	1.375451143992168e-08	1.40177555624353e-08	1.437891897975932e-08	1.453530634195304e-08	1.388232433051798e-08	1.362565835306908e-08	1.361299544809323e-08	1.361641538406256e-08	1.250260024258279e-08	1.13256668169058e-08	1.144128543709487e-08	1.179101319963309e-08	1.176882120351056e-08	1.144739489135531e-08	1.203073955298921e-08	1.261046817604456e-08	1.144819254507747e-08	1.125597221018742e-08	1.165280425156136e-08	1.21820206238446e-08	1.246215344313026e-08	1.309215081536449e-08	1.421810598636204e-08	1.49297720873794e-08	1.559904399221085e-08
2.438804918510636e-08	1.965395318442579e-08	1.463388051415989e-08	9.091089262610486e-09	4.976812072569427e-09	4.921549643079591e-09	7.859832173814355e-09	9.558259328662599e-09	9.480084747208701e-09	8.371288896794573e-09	9.392099469237086e-09	1.117696098439261e-08	1.236063262324756e-08	1.384123443676005e-08	1.568740471064713e-08	1.736459971240293e-08	1.773508827589186e-08	1.754730317261563e-08	1.747452428862429e-08	1.736052266769347e-08	1.62949901500595e-08	1.359418966085358e-08	1.294987777248422e-08	1.526296914577685e-08	1.713483003173496e-08	1.765642772887892e-08	1.73522344098566e-08	1.674695567734629e-08	1.538486944480856e-08	1.145264525037206e-08	1.007719479700433e-08	9.596486683331037e-09	9.027611348249429e-09	9.500041684212319e-09	1.093648523959039e-08	1.024243750386662e-08	7.944461256692077e-09	8.039311044195823e-09	8.715416104159651e-09	8.312244227798937e-09	9.016613997295407e-09	1.120506030976903e-08	1.223686809560572e-08	1.294148155922953e-08	1.414848627318175e-08	1.412281192189931e-08	1.361887551379632e-08	1.527709553272463e-08	1.638212132497188e-08	1.602915782730857e-08	1.58783106929974e-08	1.653369827758916e-08	1.543126470755066e-08	1.408053966245356e-08	1.331222454864555e-08	1.229753138000298e-08	1.194275479889664e-08	1.39086109569444e-08	1.442455765999185e-08	1.371817072040774e-08	1.314860648429589e-08	1.339615511668983e-08	1.340614442816338e-08	1.212394070468128e-08	1.09843000788659e-08	1.119570116549233e-08	1.200533340082462e-08	1.333931852216564e-08	1.452030923204302e-08	1.494639927007696e-08	1.461916337656503e-08	1.429452198535861e-08	1.367229450905759e-08	1.313120016886078e-08	1.327624225430965e-08	1.350543667919084e-08	1.268872205340428e-08	1.165731105422967e-08	1.131780865737951e-08	1.174698607189309e-08	1.256895059543787e-08	1.370949074031901e-08	1.320845424796585e-08	1.257563151757999e-08	1.196290672566529e-08	1.099403800617895e-08	1.102770365937324e-08	1.176291930001631e-08	1.169164276683517e-08	1.141791108934006e-08	1.177195871887751e-08	1.20752058679665e-08	1.217699955671541e-08	1.268091335984025e-08	1.381321617913379e-08	1.497025650320913e-08	1.403954150481863e-08	1.350997101091804e-08	1.375811226865619e-08	1.342536980067615e-08	1.409495334648913e-08	1.433250316987984e-08	1.421218789199694e-08	1.47886536969552e-08	1.500418169662236e-08	1.447977951845243e-08	1.487300686462815e-08	1.512556168573238e-08	1.402806660615652e-08	1.323746567435853e-08	1.37315714028002e-08	1.347057267415052e-08	1.230030784508403e-08	1.097160362703315e-08	1.083852945421511e-08	1.1369035281552e-08	1.187995241452105e-08	1.236677368930611e-08	1.199494697455853e-08	1.136292138023886e-08	1.144605108422783e-08	1.201245377994552e-08	1.230192074821943e-08	1.238374241642694e-08	1.293039778066358e-08	1.453863350306204e-08	1.516466665557062e-08	1.465028255304336e-08
2.302572945823173e-08	1.877706007562473e-08	1.350393117706117e-08	8.70774021555637e-09	7.323416751013417e-09	9.117879936637784e-09	1.05391641997075e-08	1.022317398296407e-08	8.314764046391461e-09	7.523826014251977e-09	8.523745861500673e-09	1.032857497354685e-08	1.149998680157318e-08	1.28629346006871e-08	1.531803064886714e-08	1.720131514105965e-08	1.805600468531284e-08	1.795357260455556e-08	1.666395913009257e-08	1.599405386904811e-08	1.382832231623137e-08	1.227578749048427e-08	1.306848742109612e-08	1.560015952917486e-08	1.685080136255873e-08	1.749690577034032e-08	1.81397039848391e-08	1.757015516539758e-08	1.495655875754111e-08	1.27110823394129e-08	1.053038813363939e-08	9.318251611747565e-09	8.997940713111354e-09	9.191127121279451e-09	9.142446998886837e-09	9.75624323853179e-09	1.012654876131472e-08	1.070535457983934e-08	1.194477461271665e-08	1.256203522836135e-08	1.233056803728451e-08	1.177826546458063e-08	1.113138578099814e-08	1.129520459583365e-08	1.264704977971936e-08	1.367846627912716e-08	1.461609450421963e-08	1.576209492678751e-08	1.515565719091295e-08	1.249561871738677e-08	1.291221319984266e-08	1.376593191902734e-08	1.46049466785473e-08	1.399683331997413e-08	1.34511903272618e-08	1.296896642144466e-08	1.31546378656557e-08	1.416011349619746e-08	1.462863975361237e-08	1.380697798770149e-08	1.192257551728568e-08	1.244661304350732e-08	1.274005372532339e-08	1.144627427443674e-08	1.158389796415588e-08	1.285241489600324e-08	1.351805414230888e-08	1.418553224234445e-08	1.447890660914558e-08	1.530462294281326e-08	1.553236863733617e-08	1.516334084359183e-08	1.397241128385074e-08	1.233790763638718e-08	1.222226502837388e-08	1.287222373886284e-08	1.255383123309578e-08	1.232419065863829e-08	1.195796371078569e-08	1.183324277515683e-08	1.134741057977333e-08	1.110475255421958e-08	1.155862164414704e-08	1.172903817991995e-08	1.161660739820035e-08	1.205164512271799e-08	1.273286214564167e-08	1.305714561219016e-08	1.287390535110171e-08	1.165528406812946e-08	1.166442540904253e-08	1.169436025492519e-08	1.219758619286e-08	1.32493168431574e-08	1.432117248598402e-08	1.496009133769071e-08	1.516550061057362e-08	1.478583186879461e-08	1.374482197985939e-08	1.26449893368037e-08	1.314480491795444e-08	1.426237042304401e-08	1.524194611964479e-08	1.555394663222248e-08	1.489493673118916e-08	1.409284777165625e-08	1.374914250793833e-08	1.303185001634077e-08	1.367361935371854e-08	1.49930017731828e-08	1.47242321087118e-08	1.271354221714356e-08	1.08437217130874e-08	1.024301675473725e-08	1.053077529150894e-08	1.057179339450945e-08	1.096566783226358e-08	1.291526604764295e-08	1.34743135359974e-08	1.301545999422823e-08	1.319352864801778e-08	1.241940879238582e-08	1.08387651540894e-08	1.070920895138408e-08	1.262854097599657e-08	1.432778651591195e-08	1.542359955534876e-08	1.545694715613022e-08
2.196301714925854e-08	1.567592390198619e-08	1.127134009211026e-08	9.271941189651103e-09	9.974304541997217e-09	1.133672445235132e-08	1.154400061495702e-08	1.202483687517484e-08	1.202051392569725e-08	1.07725024710674e-08	9.106595959064162e-09	8.904861796122626e-09	1.008823577608087e-08	1.18234795408572e-08	1.327752771627795e-08	1.505075053517978e-08	1.631041837443957e-08	1.486613340352764e-08	1.373267588923998e-08	1.449171602564733e-08	1.374636298385083e-08	1.345576392379499e-08	1.490029625734983e-08	1.679568788918204e-08	1.959281189723853e-08	2.064983966209457e-08	1.860747060157906e-08	1.51993700645848e-08	1.412064011335571e-08	1.348431070373679e-08	1.268592620647268e-08	1.074397081050357e-08	9.468137391324652e-09	9.008655911042265e-09	9.666731312184164e-09	1.053670913756195e-08	1.056216288266518e-08	9.818286510480414e-09	1.154863750772629e-08	1.288662181984637e-08	1.217269069715722e-08	9.784122884817812e-09	8.738501650374078e-09	1.01676081296732e-08	1.173328178430137e-08	1.320961100247481e-08	1.399357290677791e-08	1.310502994857492e-08	1.160064823495304e-08	1.189497863585928e-08	1.270630475102396e-08	1.395991802357702e-08	1.467593281849441e-08	1.493059442469149e-08	1.487561994559376e-08	1.458732478526496e-08	1.482096978423468e-08	1.512488146036976e-08	1.497197441540965e-08	1.277909222553719e-08	1.239441869196907e-08	1.298917718039067e-08	1.335742530143974e-08	1.372649280451677e-08	1.364479665623111e-08	1.356597377178658e-08	1.42453971762599e-08	1.613669216587936e-08	1.735498644061263e-08	1.729778929737596e-08	1.649411811616225e-08	1.494492376333727e-08	1.265113256504231e-08	1.2102999688279e-08	1.262247667469972e-08	1.292799987583402e-08	1.279405823861559e-08	1.146705376281999e-08	1.038096004457419e-08	8.932955838837758e-09	8.02886919847009e-09	8.574472985809872e-09	9.06155973455451e-09	1.009404149266901e-08	1.001271327658348e-08	1.010026840137629e-08	1.126215269295433e-08	1.259329505377399e-08	1.364115568150099e-08	1.440572266342204e-08	1.367993737974066e-08	1.342492423820249e-08	1.364040358687693e-08	1.4250564662109e-08	1.548123745363891e-08	1.499335724163222e-08	1.369146035999585e-08	1.308345389583281e-08	1.226321011818926e-08	1.349275707894555e-08	1.563942549690715e-08	1.60617217057564e-08	1.596521309251911e-08	1.587642144347876e-08	1.53410793220217e-08	1.443282774588098e-08	1.360234267326458e-08	1.322472127241727e-08	1.261882281219113e-08	1.314010247626322e-08	1.297558922177566e-08	1.212259594709374e-08	1.140806038237658e-08	1.07535354387312e-08	1.128736731858955e-08	1.240272499859683e-08	1.296455769028886e-08	1.266742240905276e-08	1.22617857309633e-08	1.234705952092841e-08	1.22400717149767e-08	1.163463410578423e-08	1.120501937021924e-08	1.117269163506272e-08	1.228695877526103e-08	1.378822254651381e-08	1.521841647908416e-08	1.634556741806867e-08
2.540477375312109e-08	1.414098564476295e-08	9.505718996404867e-09	8.552415459253488e-09	9.164477585402812e-09	9.828960755145161e-09	1.076809607883091e-08	1.182710597063912e-08	1.270050640073797e-08	1.270579882259553e-08	1.221673329140641e-08	1.130547457927816e-08	1.110043023951605e-08	1.144776101796882e-08	1.211833880903001e-08	1.258143858294904e-08	1.290995612526619e-08	1.227170404371588e-08	1.164507080706073e-08	1.35927126724023e-08	1.547239590217127e-08	1.64524538890336e-08	1.796439457047578e-08	1.917679427004367e-08	2.031443716930916e-08	2.122504636891529e-08	2.03231902203293e-08	1.768311663538452e-08	1.473700995944964e-08	1.291715708661531e-08	1.048767227548199e-08	6.844292324967716e-09	6.361561425266215e-09	7.303875288765093e-09	8.765503220810118e-09	9.463624343175131e-09	9.397895874913254e-09	9.62414505966781e-09	1.150001571399175e-08	1.321495282656907e-08	1.243042654290706e-08	1.06551623952857e-08	1.090665171410339e-08	1.175177944042476e-08	1.281358016805444e-08	1.446949501670639e-08	1.48339665560748e-08	1.413366903578357e-08	1.440576525855561e-08	1.504723547559306e-08	1.522879620884475e-08	1.50264231528662e-08	1.323373169444841e-08	1.241612262984172e-08	1.264966976073762e-08	1.182285720057065e-08	1.159594574144188e-08	1.212051615394151e-08	1.264294671001743e-08	1.195702059756065e-08	1.225111077136341e-08	1.3375112928092e-08	1.367022819158035e-08	1.328810258479669e-08	1.313473336159673e-08	1.396524544675987e-08	1.495062249703432e-08	1.624249583168759e-08	1.738900538526837e-08	1.741023185148369e-08	1.532623915192614e-08	1.355164896218213e-08	1.329409949892906e-08	1.364902195997154e-08	1.431529956307548e-08	1.476547904014569e-08	1.38685924562538e-08	1.207777086948056e-08	1.044958571681078e-08	8.758169550328379e-09	7.758264751200818e-09	8.808045348706457e-09	1.077627689016412e-08	1.08720991262266e-08	1.022721710709585e-08	1.148197653972703e-08	1.297686170865979e-08	1.358033603081722e-08	1.374492990322448e-08	1.347049133092053e-08	1.373744904538471e-08	1.416832291588238e-08	1.431011695960791e-08	1.423779686455348e-08	1.410167675439498e-08	1.352393584509479e-08	1.242840113019527e-08	1.247381049924517e-08	1.230140141661344e-08	1.349427728841273e-08	1.461803527504724e-08	1.536969135873751e-08	1.567245678355651e-08	1.48459495496076e-08	1.281315236902633e-08	1.243889643410586e-08	1.243896341772099e-08	1.288684151540177e-08	1.212088531526287e-08	1.194933162351088e-08	1.214353760184205e-08	1.247472431900138e-08	1.278940889466028e-08	1.316027169743528e-08	1.426332870533182e-08	1.526574707951475e-08	1.390127730818556e-08	1.167526903208976e-08	1.167705156414549e-08	1.239425653956684e-08	1.269152857894615e-08	1.211226259455614e-08	1.18592565839267e-08	1.207904677048239e-08	1.269169028883575e-08	1.346619732866498e-08	1.334161273717456e-08	1.510398646561168e-08
1.920201217215778e-08	1.261230092677121e-08	1.027975443677232e-08	1.091488646479527e-08	1.126715971941323e-08	1.178261065712256e-08	1.253035230005922e-08	1.34288751397868e-08	1.296364695825255e-08	1.301495203421407e-08	1.154068663286613e-08	1.057247048621505e-08	1.138779906937905e-08	1.179437739285298e-08	1.1259699425502e-08	1.098647889006643e-08	1.202676865098462e-08	1.256629450665828e-08	1.282772945002094e-08	1.544786468060927e-08	1.7330619498632e-08	1.84729383809024e-08	1.864564433997052e-08	1.980735639801833e-08	2.157838207972604e-08	2.139158326191882e-08	1.886760505514383e-08	1.528682616604239e-08	1.170347828517278e-08	1.08315181819143e-08	9.802858248235168e-09	7.861737762501011e-09	7.420809388820753e-09	7.573720262231e-09	7.866860437140332e-09	7.922183357984379e-09	8.34242225028895e-09	9.428689941625545e-09	1.102960449469178e-08	1.186236946140009e-08	1.132321092363998e-08	1.031715883019911e-08	1.042825714256896e-08	1.165650795205963e-08	1.294591260015465e-08	1.452295409826439e-08	1.51809309199913e-08	1.393952393360876e-08	1.268501903838113e-08	1.315290074026245e-08	1.383501067345356e-08	1.367586099470458e-08	1.380763636993562e-08	1.392930711680248e-08	1.336271570404265e-08	1.248583852152951e-08	1.243104140506913e-08	1.267115364523192e-08	1.275446997397329e-08	1.290822673912989e-08	1.37368574292165e-08	1.539220281923169e-08	1.568763035848079e-08	1.507674348528589e-08	1.476750101480887e-08	1.55152520141489e-08	1.626490056915667e-08	1.724373874560424e-08	1.784926081458283e-08	1.755437964356589e-08	1.605829254605556e-08	1.396539251022067e-08	1.35396144816763e-08	1.380115258564197e-08	1.467538384609399e-08	1.427720197803081e-08	1.268276583591686e-08	1.049622912635558e-08	9.076041311877489e-09	8.347326782196685e-09	8.838627057397852e-09	9.796020175759294e-09	1.039007730138212e-08	1.062107911525307e-08	1.04892259610501e-08	1.180507488590453e-08	1.268277642942645e-08	1.244334888427319e-08	1.176554414579583e-08	1.178062280370326e-08	1.180929825917722e-08	1.253000474018324e-08	1.371584141858576e-08	1.498891869292761e-08	1.483969822595237e-08	1.296547536435796e-08	1.110016047571762e-08	1.082665811973647e-08	1.199272665264114e-08	1.38424997806671e-08	1.486561219313899e-08	1.48339417656576e-08	1.442443003075518e-08	1.265428607844378e-08	1.18596958709255e-08	1.249079924818416e-08	1.205559491136605e-08	1.25880065241635e-08	1.393415863557426e-08	1.412954769197298e-08	1.430231629767964e-08	1.46751910868174e-08	1.524439395195034e-08	1.585507283958851e-08	1.514520673356881e-08	1.401561388693258e-08	1.314059077661565e-08	1.236442741167885e-08	1.258727942821175e-08	1.252145650260664e-08	1.193512542101123e-08	1.172774087483375e-08	1.159155452371633e-08	1.174661698215536e-08	1.218642301944878e-08	1.237616708449305e-08	1.283687518412047e-08	1.484366040789595e-08
1.497480491450877e-08	1.207357109856423e-08	1.231465988060771e-08	1.237066916898881e-08	1.238451341605991e-08	1.370636699975321e-08	1.308516006050167e-08	1.194708516648338e-08	1.058709315054254e-08	9.375848982281023e-09	9.438642261158079e-09	1.039233059806769e-08	1.170316559571292e-08	1.389374872069739e-08	1.545018908954453e-08	1.591493569432929e-08	1.656568789577826e-08	1.6869942884439e-08	1.68989124190376e-08	1.679947245331259e-08	1.528545705900822e-08	1.356027624706397e-08	1.441169032374078e-08	1.708222121481648e-08	1.892871866252686e-08	1.911867288433051e-08	1.787585903731806e-08	1.527337135777182e-08	1.357210484538141e-08	1.111051088359832e-08	8.263961522649125e-09	6.464088781519951e-09	6.237468246099978e-09	6.677568696015572e-09	7.255188409854641e-09	7.592145008567264e-09	8.743666381698664e-09	1.048272374411654e-08	1.167720191254459e-08	1.179859539422046e-08	1.046939306787138e-08	9.650689759646697e-09	8.663467675596605e-09	8.639259601853055e-09	1.131318304418933e-08	1.268739068594988e-08	1.268675232400261e-08	1.432906427900669e-08	1.580436371636818e-08	1.73395135789529e-08	1.833166553553027e-08	1.87060859611479e-08	1.778462513083307e-08	1.556810814582548e-08	1.522568672607615e-08	1.396719266493745e-08	1.217077438612406e-08	1.187419086670613e-08	1.149435285302178e-08	1.193755725197339e-08	1.335577480876361e-08	1.363794402988863e-08	1.323780965402701e-08	1.351434646674973e-08	1.363891708653929e-08	1.489506505668749e-08	1.698219219818164e-08	1.816642372381332e-08	1.814713530138523e-08	1.669911708498775e-08	1.389887388324914e-08	1.321745738496744e-08	1.33734753176413e-08	1.444332583876642e-08	1.484379037599645e-08	1.329334004065049e-08	1.152779258263681e-08	1.052855468919746e-08	9.391091178609517e-09	8.870367550666767e-09	9.268663476539595e-09	1.103904823773376e-08	1.244688905352549e-08	1.34170338480098e-08	1.334618968581859e-08	1.359227456462001e-08	1.347635455143795e-08	1.239482030444295e-08	1.117721305332676e-08	1.125643400957006e-08	1.233025269387784e-08	1.266304215857143e-08	1.24803514297866e-08	1.223389426804203e-08	1.207349879507342e-08	1.154536228309263e-08	1.064813691859558e-08	9.606619645763158e-09	1.068218847168534e-08	1.183625292429105e-08	1.238787811879476e-08	1.210855911382265e-08	1.197656645865435e-08	1.25173700079327e-08	1.35773287650646e-08	1.439912094218803e-08	1.407434929084718e-08	1.380658773206654e-08	1.487462990035289e-08	1.599225725456382e-08	1.662737646596484e-08	1.700201442405448e-08	1.696078743026583e-08	1.64235065286416e-08	1.621495810721735e-08	1.429314619676634e-08	1.170865675381256e-08	1.132225674604891e-08	1.124203944784191e-08	1.115996399395309e-08	1.17483699522316e-08	1.134082994720837e-08	1.158977372654308e-08	1.241233453936127e-08	1.297099984592083e-08	1.257882697313702e-08	1.25853144739481e-08	1.373617023818463e-08
1.401997774547461e-08	1.232024446587189e-08	1.295411618030345e-08	1.281957172194133e-08	1.228492958582568e-08	1.37555766152539e-08	1.450763257340671e-08	1.385427500188126e-08	1.156159779879696e-08	9.734482287415538e-09	9.723754711414233e-09	1.001399943400046e-08	1.127770228047954e-08	1.26789276003953e-08	1.270309857816739e-08	1.277787454696864e-08	1.350139299672376e-08	1.45668292350475e-08	1.529043648131556e-08	1.536589112316035e-08	1.584494313539178e-08	1.566739830456249e-08	1.784678738366001e-08	2.011641409362606e-08	2.051154384491576e-08	1.978332018510903e-08	1.875853261903363e-08	1.69063452951542e-08	1.437503818247546e-08	1.025699554036466e-08	5.228927528587946e-09	4.418396979771309e-09	4.655289964547096e-09	6.465984115150736e-09	7.887668900887683e-09	9.597924024843284e-09	1.061491605288988e-08	1.146566540271475e-08	1.230016470535913e-08	1.236332814130652e-08	1.082477175112035e-08	1.09277361283122e-08	1.093687463742785e-08	8.815221485906853e-09	8.862471203624528e-09	1.039971523672926e-08	1.222010485707737e-08	1.500276760984458e-08	1.784278953809116e-08	1.960904087239101e-08	2.007569655803519e-08	1.962049075354528e-08	1.726340013807104e-08	1.383491090041792e-08	1.235318872483465e-08	1.131035368748931e-08	1.078271435701972e-08	1.084662637263908e-08	1.022065618466678e-08	1.094254912638804e-08	1.248528990608757e-08	1.311492829667834e-08	1.366232655786209e-08	1.420401176897764e-08	1.398673548993926e-08	1.444487064198067e-08	1.610756900292867e-08	1.769353527258318e-08	1.777059297891263e-08	1.573633489697448e-08	1.423203949652672e-08	1.416395208376079e-08	1.47787145705228e-08	1.607728192192501e-08	1.625012503061045e-08	1.484549770578044e-08	1.231682106342467e-08	1.055072362039197e-08	9.39702351895585e-09	9.68612540755856e-09	9.75900266537655e-09	1.044590569074686e-08	1.159634412573214e-08	1.222995167948383e-08	1.347844795484477e-08	1.436127013149822e-08	1.284165843903021e-08	1.095623455363925e-08	1.157128898512621e-08	1.212166629822004e-08	1.16262198628276e-08	1.197020248952095e-08	1.202132692157067e-08	1.140151325710663e-08	1.03360135559142e-08	9.653406554513961e-09	9.578631514975538e-09	1.0562768535555e-08	1.275498788678316e-08	1.381492815643841e-08	1.366509937554818e-08	1.343478697548598e-08	1.425308563678516e-08	1.453323205512041e-08	1.434783279660112e-08	1.490081363385976e-08	1.528370693304201e-08	1.526674337212616e-08	1.552515181842776e-08	1.514979725700576e-08	1.428740240069892e-08	1.406510735106358e-08	1.402567247263872e-08	1.416421956984887e-08	1.357039562753501e-08	1.193706860886625e-08	1.204967895709305e-08	1.277077427545644e-08	1.258545158692371e-08	1.246788410664934e-08	1.256217357482376e-08	1.240865013417763e-08	1.267887329031882e-08	1.20827894070057e-08	1.234743999457352e-08	1.308737274338416e-08	1.301159710517164e-08	1.309185128206955e-08
1.569533528653233e-08	1.307286640022981e-08	1.336336071165842e-08	1.376393253205825e-08	1.433861829999683e-08	1.500096856316813e-08	1.506143180100635e-08	1.360452384285791e-08	1.092208804413558e-08	8.136114163074043e-09	6.519817020919099e-09	6.969585270399935e-09	8.647144568643635e-09	1.078999302403764e-08	1.180617469399391e-08	1.123558514009484e-08	1.118323160424725e-08	1.232116928664063e-08	1.358675527664415e-08	1.497373970351027e-08	1.74568248296965e-08	1.989882197852308e-08	2.03330416020438e-08	1.905612464831617e-08	1.953325735856424e-08	2.145814043361365e-08	2.165820383105464e-08	2.00539701898934e-08	1.581186121679317e-08	1.005985378263618e-08	4.906818366146277e-09	4.272298796910271e-09	5.965825717971876e-09	7.495409902199756e-09	8.48145813228307e-09	8.921761102937703e-09	1.002127316392787e-08	1.162731462671457e-08	1.313478656161898e-08	1.288268451215274e-08	1.207671545784593e-08	1.214906506675407e-08	1.26462103269565e-08	1.243587456028573e-08	1.159289792333173e-08	1.139923155490536e-08	1.306153580309472e-08	1.537268769433849e-08	1.720113186756306e-08	1.937675107518645e-08	2.039106224450993e-08	1.964091795327105e-08	1.607066960255825e-08	1.134043383822248e-08	1.07313073480399e-08	1.001966158853474e-08	8.678271407225327e-09	7.085212186848363e-09	6.97646431767191e-09	7.598719583736753e-09	8.575907367701334e-09	1.111614966457161e-08	1.325934681824228e-08	1.42524048091747e-08	1.402118402286891e-08	1.339679855975225e-08	1.486996092405899e-08	1.62544316233985e-08	1.604290216027329e-08	1.506656037065852e-08	1.370398756822557e-08	1.36161589370631e-08	1.533251594660877e-08	1.689312952456383e-08	1.746957680315437e-08	1.668601977932046e-08	1.469463451632125e-08	1.353343626574794e-08	1.244930025820694e-08	1.129253328715637e-08	1.07431730187946e-08	1.102858621911633e-08	1.290411860521722e-08	1.493742704365937e-08	1.614870059289164e-08	1.585978454242986e-08	1.392047972274539e-08	1.21418026814195e-08	1.15803178815089e-08	1.110486582031841e-08	1.041395934252947e-08	9.130557137964421e-09	8.159888863598985e-09	9.161403912034803e-09	1.024896747289089e-08	1.081869814533063e-08	1.162439713966725e-08	1.311797123371158e-08	1.439333616225333e-08	1.477054690149853e-08	1.492731762865745e-08	1.425878897445168e-08	1.412122949866734e-08	1.541810810508675e-08	1.52055107525796e-08	1.431107507086967e-08	1.341136169263456e-08	1.27301081844027e-08	1.249083351886682e-08	1.140813113951521e-08	1.113833130245052e-08	1.175339197535698e-08	1.226893836395463e-08	1.275643857542875e-08	1.313623689962745e-08	1.44599438769327e-08	1.528954784692656e-08	1.531829169465228e-08	1.469175151080333e-08	1.340435030605437e-08	1.258174807893207e-08	1.184060906832236e-08	1.215512795831534e-08	1.283962186000444e-08	1.290635543349898e-08	1.295141138892839e-08	1.26653278472323e-08	1.256809873288162e-08
1.270902685910343e-08	1.051438526148842e-08	1.327612437404469e-08	1.547986611457721e-08	1.659019936441353e-08	1.66754429611173e-08	1.58041613982826e-08	1.374342074189465e-08	9.883349709115369e-09	9.649115403248143e-09	1.099804475531564e-08	1.143508069215728e-08	1.13319206515877e-08	1.098504560380094e-08	1.00122357511647e-08	7.805176985997212e-09	6.77316435158407e-09	8.194170197316598e-09	1.025352890393679e-08	1.257003626496187e-08	1.6045075511328e-08	1.893999062895373e-08	2.011978981975639e-08	2.08635829339784e-08	2.199804554573299e-08	2.367110992350652e-08	2.437130545924472e-08	2.1908410505121e-08	1.63554156179866e-08	1.087830528785575e-08	4.267983710812725e-09	2.632704313889638e-09	4.386490113812165e-09	6.283934181255817e-09	7.946299022270385e-09	8.693240437259167e-09	8.598894411888878e-09	9.774269170424262e-09	1.116222257288392e-08	1.20074707384818e-08	1.215832439512092e-08	1.259473039131187e-08	1.369326158384296e-08	1.439732737514956e-08	1.432935136220667e-08	1.41679427401642e-08	1.474267178557471e-08	1.560079996063009e-08	1.696858745377081e-08	1.854432844634693e-08	1.919660702897953e-08	1.832212430903629e-08	1.682635024740032e-08	1.440785784229884e-08	1.197224099476234e-08	9.519929125586428e-09	7.730319445232965e-09	7.584597816049506e-09	8.479858531655603e-09	1.034128196583574e-08	1.181168940606774e-08	1.259002586483966e-08	1.395940159156895e-08	1.433642001117381e-08	1.289205645579833e-08	1.287079667997061e-08	1.344364714623565e-08	1.332901375687989e-08	1.313118466524882e-08	1.277553456785903e-08	1.271548170359143e-08	1.347987366176882e-08	1.431515254053381e-08	1.469405216260856e-08	1.401385399165554e-08	1.378399983531153e-08	1.377890021689252e-08	1.301858621216177e-08	1.240893247721392e-08	1.195055637816218e-08	1.149316466548167e-08	1.201794552734438e-08	1.329907804415597e-08	1.450720875461625e-08	1.526553854662873e-08	1.557438373608663e-08	1.452877627939217e-08	1.363760228861522e-08	1.350445578218924e-08	1.209262857258149e-08	1.121252105539926e-08	1.071313917341242e-08	1.089601228201259e-08	1.266605939042358e-08	1.375983258754757e-08	1.387509685652256e-08	1.24832096375427e-08	1.13939088016001e-08	1.256769221330564e-08	1.366514566946062e-08	1.378000314674681e-08	1.494784401748607e-08	1.550780441810522e-08	1.372345598086114e-08	1.170542478213171e-08	1.028180379371332e-08	1.043141504443873e-08	1.200140983269692e-08	1.250030399309436e-08	1.275560309000339e-08	1.268943551855919e-08	1.237463939556938e-08	1.286454428799911e-08	1.332643528851698e-08	1.405895131408679e-08	1.468163993949598e-08	1.481386901755745e-08	1.49800434617361e-08	1.419567964654457e-08	1.343741403098453e-08	1.24747270175262e-08	1.205755565514231e-08	1.203041341869513e-08	1.253934720812933e-08	1.312671283170001e-08	1.333465157203267e-08	1.278052137319226e-08	1.259015900230081e-08
1.27850893230082e-08	8.881831665001446e-09	1.107936923513527e-08	1.446643627732649e-08	1.601790140660339e-08	1.62543349465544e-08	1.592286269342975e-08	1.448846097964238e-08	1.413201068960652e-08	1.499788499514898e-08	1.572199088083343e-08	1.471416121070081e-08	1.181772206571811e-08	8.234053835969664e-09	4.8630161758746e-09	1.473158554962084e-09	1.75586503169271e-09	6.30989036462122e-09	1.037830453448079e-08	1.569179239075019e-08	2.028491748886834e-08	2.196613072708167e-08	2.216495425399991e-08	2.133043931229003e-08	2.277835014623216e-08	2.371438870519988e-08	2.292856631243837e-08	1.943736883684825e-08	1.512397973427521e-08	1.021217294534592e-08	5.831100882616206e-09	4.467900901753729e-09	3.480276791691782e-09	4.450441634523156e-09	6.245088970803958e-09	7.429310678418776e-09	8.077034418312268e-09	9.544714618397492e-09	1.13030563459409e-08	1.15404918870283e-08	1.093492959997887e-08	1.227657479096984e-08	1.45085565831821e-08	1.57443262287976e-08	1.537983477129793e-08	1.477244467907157e-08	1.565678985477323e-08	1.622214896629276e-08	1.654376549128442e-08	1.72250128889509e-08	1.819042988011062e-08	1.79313660521144e-08	1.674968533326796e-08	1.441927546077508e-08	1.086495961434481e-08	6.388797724949768e-09	6.497926086222322e-09	8.099938592871751e-09	8.328784221586762e-09	9.372606642431544e-09	1.138284527586705e-08	1.330401703464185e-08	1.49104589319487e-08	1.688175928189921e-08	1.710643619291756e-08	1.55097771791373e-08	1.412927036087561e-08	1.402176339116024e-08	1.541432971034577e-08	1.627099866375584e-08	1.561189403024742e-08	1.426758070995985e-08	1.367210000438208e-08	1.390165435500379e-08	1.420264886863941e-08	1.367060295103597e-08	1.283428259018004e-08	1.259960574464796e-08	1.206202191983222e-08	1.046781972195621e-08	9.401739574514496e-09	1.075022340278185e-08	1.270335291064074e-08	1.435638402955318e-08	1.510626263176037e-08	1.517966605560738e-08	1.35962527900524e-08	1.194041132808066e-08	1.043863349767328e-08	8.78929620369827e-09	9.255494794049532e-09	1.055479982050926e-08	1.095209040488703e-08	1.127695255101763e-08	1.130279269229633e-08	1.23870607329686e-08	1.362405843324069e-08	1.395711707157788e-08	1.47433854318525e-08	1.507685259289664e-08	1.495661634878321e-08	1.453252881374259e-08	1.433149773092082e-08	1.389965164416317e-08	1.346190723546309e-08	1.422370568786132e-08	1.407121074570702e-08	1.270088854262071e-08	1.282646461409317e-08	1.338976517107261e-08	1.318159584509595e-08	1.235043891745363e-08	1.270418968208938e-08	1.341035450586083e-08	1.431518935710409e-08	1.398238454428428e-08	1.301220324456002e-08	1.268364667556711e-08	1.254052850922013e-08	1.22019123174439e-08	1.226732836820624e-08	1.258176352659344e-08	1.238652750942689e-08	1.23559954934196e-08	1.331520834110165e-08	1.390138206876324e-08	1.365674121259388e-08	1.234959948774098e-08
1.461513683927695e-08	1.121497407849282e-08	9.076934338872069e-09	1.000442025535008e-08	1.383974948620754e-08	1.582392438113037e-08	1.527165977051155e-08	1.39118083373518e-08	1.50575715847181e-08	1.659103636358941e-08	1.76014562003353e-08	1.665024161447466e-08	1.32796577645245e-08	7.786515848591147e-09	3.786961508201475e-09	2.332537168272955e-09	2.966269358112426e-09	7.268112819088343e-09	1.304644789874257e-08	1.743091433361261e-08	1.996524503205426e-08	2.147573682513359e-08	2.203450056781929e-08	2.186467835169842e-08	2.164218028455899e-08	2.068523975400742e-08	1.951920183129957e-08	1.73117279935422e-08	1.375866904024923e-08	8.933191548075073e-09	6.680351870203276e-09	5.036840823377457e-09	5.283186747911717e-09	6.663298280793388e-09	8.270337272239737e-09	9.197585456997334e-09	9.368226612916304e-09	1.006338850295742e-08	1.052756200183576e-08	1.015621422914384e-08	1.06079666283329e-08	1.225914398507329e-08	1.420377099027051e-08	1.546052966934729e-08	1.550080132425122e-08	1.485214352960377e-08	1.411763099187545e-08	1.299519640856101e-08	1.321959414271864e-08	1.365911826678121e-08	1.310669612881219e-08	1.344815718946964e-08	1.39291654702596e-08	1.243761203696004e-08	1.048232513598313e-08	9.572184158594591e-09	1.061263577079619e-08	1.194437906866053e-08	1.341685506499421e-08	1.359714624911423e-08	1.256107015310398e-08	1.415622753907815e-08	1.642174708621326e-08	1.754765123095187e-08	1.738355381285086e-08	1.774039685416436e-08	1.869412946992042e-08	2.01698405679113e-08	2.050848938301905e-08	1.940886915175454e-08	1.634346753829979e-08	1.304781998419763e-08	1.125745464711915e-08	1.04448373396316e-08	1.045959498717104e-08	1.054785648721746e-08	1.033290497615233e-08	9.96604450055756e-09	8.919635713966059e-09	1.021145547180846e-08	1.097531162672737e-08	1.204129146757833e-08	1.288160965495847e-08	1.327017597533757e-08	1.313172179579151e-08	1.186288113974349e-08	9.916323386954615e-09	9.328795215531042e-09	8.06348810431905e-09	8.307890851499189e-09	9.533761156573343e-09	1.030756348278034e-08	1.085525746092643e-08	1.253424907341076e-08	1.391076440187705e-08	1.47579040597357e-08	1.507498405133887e-08	1.516296738913835e-08	1.517185033185201e-08	1.532696410990484e-08	1.562723127187865e-08	1.531711686853708e-08	1.447076115281552e-08	1.459545657597043e-08	1.478445658937296e-08	1.473437437318973e-08	1.421713402040808e-08	1.390975269540949e-08	1.350846084344589e-08	1.293565961992135e-08	1.203817723684185e-08	1.156792122967269e-08	1.197491415408867e-08	1.295467982414048e-08	1.40517203084041e-08	1.435777227643023e-08	1.394506959045134e-08	1.288568416455687e-08	1.200587306912548e-08	1.198085444414208e-08	1.19769730876644e-08	1.214105380551333e-08	1.216713194559749e-08	1.205080050234636e-08	1.2466381950434e-08	1.363539899567144e-08	1.427048038003981e-08	1.308405852753909e-08
1.241950164030928e-08	1.025607768779845e-08	1.129751625552228e-08	1.222398062000509e-08	1.371369184781704e-08	1.403094924409134e-08	1.287331816430163e-08	1.01646691985508e-08	9.826930929206588e-09	1.314180521699412e-08	1.648771562730218e-08	1.722374170378407e-08	1.42930994520452e-08	1.056162806858813e-08	1.010212804226915e-08	1.110346611554095e-08	1.122646417906217e-08	1.371413870772333e-08	1.826405926006573e-08	2.110378358297793e-08	2.208175275156262e-08	2.112184367503513e-08	1.890228463455303e-08	1.655391511720417e-08	1.498127037928713e-08	1.425910106373295e-08	1.544281455005859e-08	1.558976143157528e-08	1.319055946413945e-08	9.904099861964704e-09	8.068190561503346e-09	4.966492157238198e-09	5.04899672317928e-09	7.862419200759943e-09	9.558898532224007e-09	1.028863301705878e-08	1.03526926013277e-08	8.694317845392374e-09	6.972412898114914e-09	6.468708327606406e-09	8.087761171781636e-09	1.032020852709012e-08	1.271278008958534e-08	1.428416206850562e-08	1.450565294066981e-08	1.375377382588166e-08	1.202787261707739e-08	1.113774060098709e-08	1.010207420605095e-08	9.146532922479726e-09	8.873953757251762e-09	1.109413688022547e-08	1.211012585609019e-08	1.252476473333133e-08	1.286546495457102e-08	1.365964046126486e-08	1.460492214869867e-08	1.479546307896815e-08	1.45323798309325e-08	1.487114222591948e-08	1.52076516457485e-08	1.825695465663179e-08	2.145364688758533e-08	2.298667741231268e-08	2.308174472016715e-08	2.219085546730796e-08	2.212385033937932e-08	2.310643699054173e-08	2.332757976917767e-08	2.150429160926058e-08	1.582554332292788e-08	1.074141852378049e-08	1.055113407540047e-08	1.125605429461128e-08	1.119603363600046e-08	1.074767652590759e-08	9.985850734589647e-09	9.513473022332668e-09	9.556288540307992e-09	9.661130664559913e-09	9.827446858685053e-09	9.828383237112434e-09	9.965135157074409e-09	1.001085651117896e-08	9.889575265238744e-09	8.544667696701868e-09	5.673864690463603e-09	4.972959117510983e-09	4.857294226058439e-09	6.910489755963724e-09	9.623332495528508e-09	1.133574344357632e-08	1.242439443011386e-08	1.349226686748735e-08	1.401082082638799e-08	1.360239100681431e-08	1.354888787145905e-08	1.407613574716619e-08	1.465561309205157e-08	1.498510824989928e-08	1.461154423000779e-08	1.406250456986951e-08	1.34884024111761e-08	1.432205174148871e-08	1.512973946700429e-08	1.50812379536243e-08	1.485502572720912e-08	1.414893073745924e-08	1.356600676201077e-08	1.416192313214019e-08	1.518191315907071e-08	1.473968967180186e-08	1.524876896586022e-08	1.633157576454243e-08	1.617727424401925e-08	1.486091046612105e-08	1.336275672505189e-08	1.205961051511187e-08	1.155458017680959e-08	1.214903956842575e-08	1.293740746686836e-08	1.308954353863516e-08	1.230335871521795e-08	1.140829567679029e-08	1.123380309063822e-08	1.147780984959047e-08	1.25171664219723e-08	1.269198295306192e-08
1.434140537637295e-08	1.166230131315041e-08	1.116013559458228e-08	1.071958170239108e-08	1.192173230688316e-08	1.18971117923544e-08	9.586784123545237e-09	8.005402842589651e-09	9.865976301501943e-09	1.282745762395549e-08	1.575585257173757e-08	1.729095188875911e-08	1.652524516102984e-08	1.428631510976642e-08	1.29859658558097e-08	1.292390363938616e-08	1.417361154634882e-08	1.741213347643571e-08	2.120441056687208e-08	2.283306516062895e-08	2.244732715691249e-08	1.997019516405832e-08	1.660713595506448e-08	1.34882518657428e-08	1.144197400499473e-08	1.28055019269107e-08	1.395673164345059e-08	1.361210995272225e-08	1.041271107915013e-08	8.883604323363835e-09	9.023814963355508e-09	7.362413385162848e-09	7.443985981254816e-09	9.795771322396629e-09	1.155048325964291e-08	1.165132803280929e-08	1.017308715589858e-08	8.699291060509665e-09	6.248724544890415e-09	5.838274856959132e-09	7.618340140118041e-09	9.702613401511501e-09	9.450476805134173e-09	8.521148672019881e-09	9.780844633135942e-09	9.155790154788983e-09	9.361398765099968e-09	9.341362846878357e-09	9.62354085437747e-09	9.830598899321642e-09	1.094306074785537e-08	1.280994940657062e-08	1.392248033278231e-08	1.382798153976097e-08	1.426141778155714e-08	1.529820116447993e-08	1.656115038606319e-08	1.744679427019105e-08	1.772885057293131e-08	1.83125748966523e-08	1.965062292574952e-08	2.15921786910629e-08	2.36846931591439e-08	2.479670733424794e-08	2.50791620387171e-08	2.528648079840606e-08	2.587134756568343e-08	2.487252357616674e-08	2.259181907820367e-08	1.653994307808399e-08	1.048870820973429e-08	8.81340004679723e-09	8.722964898745678e-09	9.161344572293882e-09	8.997033444699601e-09	9.135258352429543e-09	9.349704689912226e-09	7.905339511530611e-09	6.235383261102607e-09	5.697600816492414e-09	7.347994699885985e-09	9.074271393110555e-09	8.990417146707463e-09	8.303228410014581e-09	7.842297713352345e-09	6.249570741325454e-09	5.335233549578573e-09	6.079653067990723e-09	8.557940419234653e-09	1.209081939976046e-08	1.373592376966392e-08	1.454890511914112e-08	1.475558777612577e-08	1.397827234141434e-08	1.39513960104652e-08	1.384455758931863e-08	1.418513868266177e-08	1.421807517157225e-08	1.394260204804267e-08	1.418768684182289e-08	1.412267120644686e-08	1.336945080789903e-08	1.343573972600506e-08	1.447136149904318e-08	1.481563717159519e-08	1.424109099533622e-08	1.342540342274431e-08	1.312162388424288e-08	1.347925367362717e-08	1.464772475389732e-08	1.54940022095518e-08	1.586563424353623e-08	1.568552990024481e-08	1.57063079796368e-08	1.509637367740557e-08	1.355209847364439e-08	1.3032824750804e-08	1.293302070133012e-08	1.24962004328954e-08	1.277623374878219e-08	1.346907224663511e-08	1.381796834086127e-08	1.276434374361374e-08	1.143714462416576e-08	1.111609351978746e-08	1.089320103005655e-08	1.182169216734756e-08	1.254077158931885e-08
1.20704927205157e-08	1.031559815553123e-08	9.805876678569134e-09	9.030138482953695e-09	8.740349783758931e-09	1.006575448213524e-08	1.104285969266182e-08	1.129240711799393e-08	1.209480612087135e-08	1.480599560501146e-08	1.738742954246165e-08	1.900761329410499e-08	1.875970570711968e-08	1.769826359466944e-08	1.642531802123901e-08	1.788146932374055e-08	1.889715906551981e-08	1.841508895565902e-08	1.854630962482666e-08	1.981781023222237e-08	1.906033496747868e-08	1.770623702410582e-08	1.560380217774593e-08	1.365747369899673e-08	1.262088950501252e-08	1.256883479837968e-08	1.236919470599258e-08	9.53208218863682e-09	7.300731148168612e-09	7.636034410210877e-09	7.746529251506299e-09	7.10385545295411e-09	7.669058479902358e-09	9.215614143234089e-09	1.106443286249175e-08	1.23101628461692e-08	1.13685777847283e-08	7.862451222006822e-09	3.903950493492602e-09	2.585933661358206e-09	4.134759771105287e-09	7.192682789839259e-09	9.044154786560765e-09	9.387576657113577e-09	8.298549680227985e-09	7.512269455794985e-09	7.481556811210248e-09	8.28207646894058e-09	9.235159793682429e-09	9.66215335164546e-09	1.099659844438419e-08	1.30124764195847e-08	1.472942733863031e-08	1.539340369831002e-08	1.673972007293366e-08	1.876868810026846e-08	2.072627020324693e-08	2.155668793268332e-08	2.216547160938936e-08	2.255292628465945e-08	2.287022051612046e-08	2.485265041428918e-08	2.699179419537596e-08	2.770378247309929e-08	2.781865306322641e-08	2.763838188991683e-08	2.61070954080318e-08	2.40547759490904e-08	1.982202659892317e-08	1.582291892585912e-08	1.288736193797193e-08	1.078914547993782e-08	9.151158900602002e-09	7.143648854279282e-09	5.898139051152497e-09	4.660240513917058e-09	3.731616707171085e-09	3.413890797299333e-09	3.027987966499558e-09	2.800009784189566e-09	3.785797170732444e-09	5.532441736913805e-09	6.455459072516222e-09	7.007059038134436e-09	6.583306563236039e-09	5.485431071710128e-09	6.579395690850023e-09	9.110220829607505e-09	1.111590392899164e-08	1.282199491630826e-08	1.415223743635378e-08	1.503030708584824e-08	1.560611459372735e-08	1.535058318931008e-08	1.524326319027221e-08	1.581101861283132e-08	1.599649937748959e-08	1.61001064384236e-08	1.461171752740351e-08	1.35665740157146e-08	1.168068900513733e-08	1.091369505613459e-08	1.164099874065541e-08	1.340812920141795e-08	1.432725573664356e-08	1.432089314601312e-08	1.383950382812658e-08	1.386149579836978e-08	1.44599546780908e-08	1.502894687489166e-08	1.609395889989396e-08	1.667166849064939e-08	1.721190974052951e-08	1.695744422163639e-08	1.477374459822699e-08	1.405227116378531e-08	1.358282830775381e-08	1.30603214857381e-08	1.308475523737421e-08	1.357709506722111e-08	1.35529603002033e-08	1.225414791160145e-08	1.201516260230133e-08	1.162493005219789e-08	1.040028786171009e-08	1.014729497732925e-08	1.11631718399807e-08	1.291521389016515e-08
9.008093117830426e-09	7.231832811693351e-09	7.147097845229917e-09	7.469451662046425e-09	7.744333280816896e-09	9.855756550832587e-09	1.282128958894812e-08	1.505510457654714e-08	1.655559250236651e-08	1.852818606450569e-08	2.021708556919623e-08	2.11683087277674e-08	2.145599399178866e-08	2.130522345507873e-08	2.222354683854734e-08	2.315379190169003e-08	2.198276369813793e-08	1.923756040131423e-08	1.672774050260246e-08	1.565944463052348e-08	1.429690704506273e-08	1.271486222130932e-08	1.257223785974866e-08	1.130365389007524e-08	7.550744542106417e-09	4.78303911729742e-09	4.282500126288244e-09	4.238300811921676e-09	5.253582274298724e-09	6.045653557423712e-09	6.916002312436005e-09	7.185501129512408e-09	8.287242930390946e-09	1.067370192128175e-08	1.260977089931859e-08	1.296385642851605e-08	1.105700690420385e-08	8.397916971000911e-09	5.816393638151711e-09	5.650971022350502e-09	7.675415596810935e-09	9.249594472267286e-09	1.014731703475467e-08	1.04441516023615e-08	9.763073056530615e-09	9.990122963874781e-09	1.037112922968892e-08	1.098171676118183e-08	1.144490971978633e-08	1.24398307767085e-08	1.426843325695469e-08	1.572397349992435e-08	1.688210603536746e-08	1.766761572741088e-08	1.732637056828473e-08	1.744272201670418e-08	1.869579584249716e-08	2.033144492033078e-08	2.144464332283588e-08	2.263905568443998e-08	2.270789299185364e-08	2.285827378871816e-08	2.399556039922491e-08	2.52900910721419e-08	2.60630545070714e-08	2.654083856858378e-08	2.604458715953577e-08	2.419715926005379e-08	2.107399720853462e-08	1.720312487436262e-08	1.145296431466185e-08	7.293443440767653e-09	4.573573289507852e-09	3.368633957142308e-09	4.206477934505419e-09	3.843165247792745e-09	3.259077370289854e-09	3.13281214659251e-09	2.106175720067081e-09	2.969855145180239e-09	5.497086416762796e-09	7.273438238284916e-09	7.543997955795915e-09	7.062499622358303e-09	6.130010763082955e-09	5.801891414112783e-09	7.661487132914873e-09	1.012380951805865e-08	1.235815719729745e-08	1.39863737837192e-08	1.515828110260578e-08	1.594819693101685e-08	1.627949811636617e-08	1.592461874913854e-08	1.495765866045708e-08	1.420699191965023e-08	1.450091446555285e-08	1.508350614224983e-08	1.474615468391742e-08	1.356256013279803e-08	1.288873301191737e-08	1.325081098183664e-08	1.396788174266189e-08	1.420807196474378e-08	1.329028567796166e-08	1.234377363555618e-08	1.332747578300599e-08	1.51073966153808e-08	1.61722652991569e-08	1.689658546918317e-08	1.750388693957472e-08	1.61808475228897e-08	1.533840069660108e-08	1.482257890306836e-08	1.417756334650335e-08	1.400351314023679e-08	1.384438196347039e-08	1.422466269581766e-08	1.363198342435691e-08	1.236429337757089e-08	1.124746517765649e-08	1.073007236354301e-08	9.676426697343376e-09	1.034528991041848e-08	1.15252819492072e-08	1.245750196330774e-08	1.321270174890339e-08	1.280540756793909e-08
6.809568558078286e-09	5.92616579403874e-09	7.651547235786225e-09	8.814117859021656e-09	9.637009823000586e-09	1.13241577613096e-08	1.364637407264284e-08	1.52430861606768e-08	1.611169024405173e-08	1.692863289240545e-08	1.867223277897344e-08	2.058593124207342e-08	2.244134093266221e-08	2.416106756693559e-08	2.544153167892869e-08	2.499861510240798e-08	2.283070961842797e-08	2.104849957419728e-08	1.89716803871817e-08	1.260091018942117e-08	1.030829811229437e-08	1.005601495905842e-08	7.845016292018401e-09	6.163765519696717e-09	4.030803773447799e-09	4.085642020078254e-09	3.989161913010751e-09	3.589942959046195e-09	5.3014348123796e-09	6.935624154454991e-09	7.96414121102771e-09	9.593691829614235e-09	1.122060695814474e-08	1.261845623837757e-08	1.371173986678334e-08	1.344435980572839e-08	1.121288283547397e-08	6.866537577484371e-09	5.685925091081937e-09	6.539712396521499e-09	7.919433829627785e-09	9.599059256219322e-09	1.089998485015947e-08	1.136994560393927e-08	1.100931751441036e-08	1.087459503922618e-08	1.156968703731812e-08	1.211438798007906e-08	1.288634208619502e-08	1.411233926212088e-08	1.564200696296391e-08	1.709867732407476e-08	1.720046869708199e-08	1.685311989300572e-08	1.733954590616759e-08	1.903743901709129e-08	1.998599978712019e-08	2.033660227608077e-08	2.084408998275876e-08	2.083002640638356e-08	1.923878282791907e-08	1.840928804045287e-08	2.03787077195651e-08	2.303525368541455e-08	2.464428417454336e-08	2.520613183773487e-08	2.532457495119718e-08	2.477356841118111e-08	2.17428902158717e-08	1.774141700790205e-08	1.337275806573075e-08	8.25981727280858e-09	4.137627360692785e-09	2.892035524673693e-09	3.31599311899315e-09	2.090208383993758e-09	2.005564370863296e-09	2.68460430552438e-09	2.693710127907684e-09	4.144637817898768e-09	6.056229654184266e-09	6.768332970091652e-09	6.959199342562157e-09	7.457865045352208e-09	7.584576881226048e-09	8.394496533353474e-09	9.358555206386882e-09	1.047563216573479e-08	1.151820121945406e-08	1.323928860782374e-08	1.526028851068813e-08	1.614639512490673e-08	1.642400185332695e-08	1.594047143313587e-08	1.49956587712927e-08	1.547343377996136e-08	1.684362053031278e-08	1.721808503381589e-08	1.621726432292752e-08	1.444211809540875e-08	1.241803497965114e-08	1.074569966626773e-08	1.070457036453449e-08	1.312135001357402e-08	1.301409446160928e-08	1.264247385577135e-08	1.313447865568823e-08	1.50144620357843e-08	1.714704615060613e-08	1.809495013267965e-08	1.72505129279426e-08	1.559004086046912e-08	1.461771389779507e-08	1.530949191624377e-08	1.652897558726043e-08	1.638523437526921e-08	1.396780980623871e-08	1.251498476493833e-08	1.096505445438493e-08	9.538517425631288e-09	9.587202492790676e-09	9.52077283269791e-09	9.408261310856295e-09	1.037458707161274e-08	1.286554631620889e-08	1.498823813497395e-08	1.424606777588982e-08	1.251745724124604e-08
7.259553517506922e-09	6.478307862353909e-09	6.77399966069965e-09	7.314981757243849e-09	7.94861374266291e-09	9.95561056541072e-09	1.340981370714678e-08	1.559405311614704e-08	1.703494960901764e-08	1.886268604612314e-08	2.122686926499736e-08	2.337196320486937e-08	2.507055300573912e-08	2.632160286219553e-08	2.727501903965949e-08	2.642120664536994e-08	2.338216470200807e-08	1.830800378494924e-08	1.278216474234696e-08	9.067066224101425e-09	9.425187264969704e-09	9.028170265638242e-09	6.065116318084316e-09	3.854764791926011e-09	3.83003136963624e-09	3.727564817529147e-09	2.641893683632417e-09	3.967391479595548e-09	6.119763091655336e-09	7.514756424367437e-09	8.906647149381174e-09	1.014452944773426e-08	1.137927494650402e-08	1.313896584333303e-08	1.383953619014085e-08	1.227412675018183e-08	8.367433609846034e-09	7.022894010266313e-09	6.731991242318872e-09	7.042323077028063e-09	8.783904998375716e-09	1.044828567488831e-08	1.158312246639442e-08	1.188695884470995e-08	1.226531322200541e-08	1.377458626320801e-08	1.558531249456264e-08	1.618911924028225e-08	1.664243202102233e-08	1.769994056688397e-08	1.823046075082454e-08	1.823433482470711e-08	1.771190367756086e-08	1.688981006839043e-08	1.70507822921187e-08	1.630926921804048e-08	1.632515817881162e-08	1.702331925091993e-08	1.712164870406157e-08	1.563976815435776e-08	1.597251555838704e-08	1.600795119101797e-08	1.56708611299554e-08	1.948754716694031e-08	2.247946975365199e-08	2.343981560101725e-08	2.433001531646226e-08	2.507472273852554e-08	2.333550784481793e-08	2.009304882888668e-08	1.504559186796164e-08	9.324611142438123e-09	4.589586256562174e-09	3.782350850231264e-09	4.187065688350464e-09	4.219371603962353e-09	4.935088651464196e-09	5.126935657787542e-09	5.398021216429944e-09	7.030315945715682e-09	7.835722581391254e-09	7.13478762035707e-09	6.360179824184604e-09	5.96385106969509e-09	6.850300448034995e-09	7.736345440103752e-09	8.998307748161055e-09	1.010721952539667e-08	1.181643801642175e-08	1.382315694926367e-08	1.507014482231675e-08	1.502813889513493e-08	1.565715466649798e-08	1.597516004660011e-08	1.530178075552394e-08	1.499330463888233e-08	1.542527757253871e-08	1.523815099157516e-08	1.49581625594749e-08	1.360275680213415e-08	1.282951115603579e-08	1.18065503570039e-08	1.256843335464345e-08	1.34533016724042e-08	1.295006523918772e-08	1.369645832923791e-08	1.486009716422214e-08	1.523131520342268e-08	1.639143348806871e-08	1.758317503009133e-08	1.661588353220755e-08	1.491967008579345e-08	1.520692456287843e-08	1.475859386792625e-08	1.50798669383464e-08	1.526188805041676e-08	1.409393640563341e-08	1.277908615019332e-08	1.055897130516555e-08	9.466192247797578e-09	1.009995074996948e-08	1.049452223645433e-08	1.079622721208314e-08	1.167929319515545e-08	1.291258675913362e-08	1.358591676545186e-08	1.346786340845028e-08	1.277947112333469e-08
9.642008499041879e-09	1.013005111969719e-08	1.072806165158009e-08	9.925748276587165e-09	8.85309497927057e-09	9.319049307583072e-09	1.094498948392468e-08	1.259798960226086e-08	1.223994868826655e-08	1.394304990292447e-08	1.687624180627634e-08	2.013308099091424e-08	2.325977662939929e-08	2.49727937222816e-08	2.557277399905999e-08	2.430430819165262e-08	2.12418115563651e-08	1.630886733847697e-08	1.108866724006834e-08	1.161510759168682e-08	1.245599209689439e-08	1.142286655831004e-08	8.213187071488322e-09	7.35228630486974e-09	7.02898465524936e-09	4.753218476825431e-09	4.145194122372601e-09	6.863836318516352e-09	9.664820222637591e-09	1.134059557232895e-08	1.332386628695537e-08	1.523692144172617e-08	1.549511486925558e-08	1.417339638537176e-08	1.059238922501266e-08	8.674278054708341e-09	8.192341860580992e-09	8.240965607287001e-09	7.688249731294007e-09	8.344281583256589e-09	9.378940589963942e-09	9.811254209441128e-09	1.024440334463365e-08	1.030092967101991e-08	9.452520400596852e-09	1.109350037395472e-08	1.333775462342733e-08	1.460092154799923e-08	1.601431381426521e-08	1.712511943878562e-08	1.717879687692127e-08	1.723125570722667e-08	1.698058352592912e-08	1.574770081919779e-08	1.428680143096996e-08	1.395556613582063e-08	1.362232458758408e-08	1.343780719486203e-08	1.377905353146869e-08	1.44196259093006e-08	1.513308897989711e-08	1.448604803660186e-08	1.451512153977101e-08	1.725692779468603e-08	2.029741592562618e-08	2.454167562088245e-08	2.71230412118731e-08	2.743789517290081e-08	2.54860960984644e-08	2.254989335896124e-08	1.651695291233432e-08	1.146060834848522e-08	8.135043235858134e-09	5.634861480982745e-09	5.544014474691012e-09	6.806216578914519e-09	7.987995919360654e-09	8.485654420206245e-09	7.393741160400518e-09	6.522453707757556e-09	6.324144363736664e-09	6.496799765002538e-09	6.285780268419715e-09	7.048610960294713e-09	8.634098226006265e-09	9.985809351565858e-09	1.042446761245245e-08	1.047773703759825e-08	1.150304630710797e-08	1.282105586330497e-08	1.337522827027435e-08	1.361770373583112e-08	1.324624765569906e-08	1.309012613547908e-08	1.337509891381891e-08	1.342167831427511e-08	1.4134485200413e-08	1.445680059957915e-08	1.438796703699313e-08	1.362555672962605e-08	1.201798107947782e-08	1.160123630382842e-08	1.244997462587677e-08	1.350728903872545e-08	1.431971871906617e-08	1.503724819560694e-08	1.558352092194202e-08	1.610844876982892e-08	1.638473076448347e-08	1.648676774028166e-08	1.588544085948769e-08	1.473050670108942e-08	1.566103772862444e-08	1.565843561131306e-08	1.555124721432964e-08	1.481014503145871e-08	1.343380270706277e-08	1.111910860895213e-08	9.97682694591085e-09	1.045810401247672e-08	1.044924670766975e-08	1.153283119717352e-08	1.17459368841681e-08	1.214299528807769e-08	1.34766468307675e-08	1.393468838072257e-08	1.276095502027295e-08	1.183945535099556e-08
1.339562120813405e-08	1.252297307896943e-08	1.275697527605278e-08	1.206249987127149e-08	8.932408954915816e-09	8.874970032267352e-09	1.083554701851723e-08	1.127009390282295e-08	1.08588753073215e-08	9.678623762475315e-09	1.059711788385418e-08	1.436990459333984e-08	1.979116996781828e-08	2.301482449231468e-08	2.374017824001542e-08	2.189279923044596e-08	1.709646879088921e-08	1.22186298414508e-08	1.389843301445956e-08	1.580015537543833e-08	1.618956877850947e-08	1.438849306214879e-08	1.273610819727663e-08	1.14593713460373e-08	9.050192872916448e-09	8.073936254055121e-09	8.908309323904842e-09	1.079945577361938e-08	1.178652083732286e-08	1.262427484788285e-08	1.27096210536726e-08	1.377791401191954e-08	1.409446116021025e-08	1.162279583084747e-08	9.757742106022629e-09	9.85734519820493e-09	1.003591132428489e-08	1.059533234418017e-08	1.025333379416393e-08	9.23631284708071e-09	9.958254540029995e-09	1.075962302102172e-08	1.126325113344027e-08	1.124281534432941e-08	1.167892724278464e-08	1.302412803510495e-08	1.437310368964477e-08	1.421703621863921e-08	1.300839625942852e-08	1.293463865244252e-08	1.16570936878559e-08	1.1438609397133e-08	1.182635204170043e-08	1.063246255719743e-08	1.004429667935631e-08	9.759835757524553e-09	8.647258686189484e-09	8.214955135902618e-09	9.971299398731763e-09	1.172833347573164e-08	1.333483193211582e-08	1.546934177140035e-08	1.979105328409626e-08	2.433826248548036e-08	2.662120907581085e-08	2.701665461710929e-08	2.854157811114546e-08	2.840445067598516e-08	2.539787159227859e-08	2.193531550549261e-08	1.658306280630069e-08	1.379132235526054e-08	9.93874720702441e-09	7.665095637655492e-09	7.347070767034876e-09	8.078977003111653e-09	9.181421865144603e-09	9.748706399262091e-09	9.026001189579309e-09	8.596963668714492e-09	7.933070663842946e-09	7.86363162762077e-09	7.181211942221598e-09	8.676437991074938e-09	1.038753161884827e-08	1.095619971591112e-08	1.091003087915192e-08	1.017313936571386e-08	1.063095767421934e-08	1.107608865769105e-08	1.067831875447559e-08	1.124767035290144e-08	1.202938379591636e-08	1.151435942089627e-08	1.113547595299312e-08	1.164670864674711e-08	1.259508464750436e-08	1.307503427324276e-08	1.293535262124695e-08	1.217571987538484e-08	1.200279280449971e-08	1.294432914927888e-08	1.349135738811409e-08	1.432254050944155e-08	1.498503436991979e-08	1.517688435524687e-08	1.527507149956092e-08	1.460050698059214e-08	1.458630513402024e-08	1.591125213650243e-08	1.714197577153332e-08	1.752404317309459e-08	1.698196156606381e-08	1.611917900662428e-08	1.478481909398335e-08	1.35823827936141e-08	1.198387282412454e-08	1.089458623848162e-08	1.121984913573012e-08	1.160196577715334e-08	1.211653697962165e-08	1.268832471902814e-08	1.316668792483912e-08	1.294840794979603e-08	1.218465017659001e-08	1.163009464998847e-08	1.143597595097833e-08	1.273422007414949e-08
1.316093203168437e-08	1.299461990463014e-08	1.357682198698717e-08	1.272513867285214e-08	1.195330506133842e-08	1.119073991056761e-08	1.142277527653075e-08	1.152238698304493e-08	1.06641190981896e-08	1.073800841074295e-08	1.303044479185521e-08	1.482959650258072e-08	1.651630802709412e-08	1.696256451395667e-08	1.647346163154369e-08	1.376980614628445e-08	1.089139718577193e-08	1.214093822468464e-08	1.44283528985644e-08	1.594581897400679e-08	1.571516076771602e-08	1.373872199869267e-08	1.273437477739556e-08	1.232702318074178e-08	1.1839702999251e-08	1.240576599691565e-08	1.372517532701549e-08	1.549777430471332e-08	1.59900231222686e-08	1.618392957073108e-08	1.615616918504769e-08	1.492721787968393e-08	1.257353620849367e-08	1.060474737933173e-08	9.474283211285477e-09	9.258302365853541e-09	1.018373846984185e-08	1.081786155986941e-08	1.146285826264561e-08	1.181734786048488e-08	1.210791084733516e-08	1.195756586055847e-08	1.174360339938455e-08	1.199410813568249e-08	1.270904617059087e-08	1.328483272428033e-08	1.341955552955803e-08	1.28112373592055e-08	1.221392952786592e-08	1.177814344483304e-08	1.188063895351381e-08	1.048420018037597e-08	8.568962177049259e-09	7.265881606848654e-09	5.367382702005349e-09	4.532378743343169e-09	4.609301447402636e-09	6.05002544287736e-09	8.174864769261547e-09	1.075671175772855e-08	1.537887074958432e-08	1.864590596742663e-08	2.033063010634415e-08	2.194084104913067e-08	2.438083793179898e-08	2.629185269637038e-08	2.767293543357649e-08	2.769334055665732e-08	2.589949041153134e-08	2.30447636162581e-08	2.025971220938494e-08	1.588379211990352e-08	1.210365067561702e-08	8.767454907431764e-09	8.58991302903367e-09	8.628116062789772e-09	8.956571809939175e-09	9.649805428832576e-09	1.002801163742088e-08	1.016575853999204e-08	9.911334667234623e-09	9.565667207416959e-09	9.278844317158732e-09	1.033251378574323e-08	1.061378253052452e-08	1.034828345559533e-08	1.066691216700077e-08	1.111647292996933e-08	1.056490206251715e-08	1.036954295330036e-08	1.045452599015567e-08	1.074403733269554e-08	1.063427627722158e-08	9.596938433761989e-09	9.291399985941234e-09	1.084905848578691e-08	1.245941386510207e-08	1.299095377816753e-08	1.244376667049641e-08	1.172323936031355e-08	1.120679375376958e-08	1.217715561753606e-08	1.357864999462059e-08	1.435569062666151e-08	1.496148378066498e-08	1.554758969351036e-08	1.603936036999679e-08	1.613594232674768e-08	1.598919482338952e-08	1.688260809373159e-08	1.783672865329721e-08	1.802308377576035e-08	1.714135950755843e-08	1.526853330351319e-08	1.406583763700166e-08	1.368592552405402e-08	1.254656810483368e-08	1.049892966148953e-08	9.959096174184802e-09	1.055218922094698e-08	1.167716056238719e-08	1.212961961489675e-08	1.213858265637551e-08	1.178233943316236e-08	1.144106622878937e-08	1.141965333717869e-08	1.300379856452936e-08	1.521630264513254e-08
1.40046966376201e-08	1.369088049674623e-08	1.483640772257083e-08	1.503067811464087e-08	1.405059144205315e-08	1.182380264950607e-08	1.0239164824574e-08	9.827588483351372e-09	8.027036993071189e-09	8.762780115965461e-09	1.158474788074834e-08	1.37797137664564e-08	1.421848413154677e-08	1.365764009833896e-08	1.255192265078349e-08	1.143140957304542e-08	1.01471665759636e-08	1.058691091402423e-08	1.335587067100553e-08	1.528742964117926e-08	1.608141376164918e-08	1.589017104769407e-08	1.584661863963483e-08	1.602749800888635e-08	1.613229211310738e-08	1.729366836347479e-08	1.936181834346086e-08	2.113076463913352e-08	2.162075842743943e-08	2.038002136064569e-08	1.816366272149003e-08	1.451975935852448e-08	1.133480489864676e-08	9.212828816178054e-09	7.777138317305135e-09	8.612287119478742e-09	9.153837733818121e-09	9.930128330581605e-09	1.026247632096995e-08	1.045279659510877e-08	9.822291782241852e-09	9.427115867704802e-09	9.418148965843949e-09	8.43751855475884e-09	8.748184825807757e-09	8.841307045604487e-09	9.772789771789733e-09	1.018457094755986e-08	1.052898660147296e-08	1.06548507827924e-08	1.018463250007041e-08	8.816197605589955e-09	6.699985733948621e-09	5.042492403066356e-09	5.276485086503808e-09	5.817297553247719e-09	6.513499729942246e-09	8.194289043914254e-09	1.070818068336708e-08	1.435627529394647e-08	1.762920902236765e-08	2.052629756652203e-08	2.259422643567028e-08	2.458662380943378e-08	2.710623123112048e-08	2.894533408448523e-08	2.949968499413688e-08	2.79387198978556e-08	2.599665671770855e-08	2.420074432084448e-08	2.18712641873688e-08	1.780044756549399e-08	1.191204833053046e-08	7.524396277010468e-09	6.824295538066794e-09	7.774189033501369e-09	8.864568548583338e-09	9.340281564348661e-09	9.049662817192886e-09	9.500626724728821e-09	1.054152667143099e-08	9.455936026811857e-09	8.581590281600324e-09	9.049279221863045e-09	1.01793681637472e-08	1.068876048762133e-08	1.035047049706683e-08	9.767319924328307e-09	9.768459165056079e-09	9.297187430216554e-09	9.786187554181175e-09	9.877073872689049e-09	1.00219321933606e-08	1.029570489346651e-08	1.099967302093589e-08	1.205797752909888e-08	1.218783534900432e-08	1.161520300639344e-08	1.08678174233092e-08	1.122780791082182e-08	1.254408126679707e-08	1.353406366033832e-08	1.38204487614856e-08	1.483642005879034e-08	1.537498433283579e-08	1.505898581462645e-08	1.494458828659656e-08	1.473017974724589e-08	1.51702958115468e-08	1.649148524184567e-08	1.741165591189761e-08	1.800660853212298e-08	1.706981142252657e-08	1.535610950866242e-08	1.422389501496014e-08	1.276857707521894e-08	1.212238148655543e-08	1.198433988676458e-08	1.19026873426023e-08	1.293443520877712e-08	1.334557470975311e-08	1.268457153127253e-08	1.22349778130813e-08	1.17717264887146e-08	1.137157425277151e-08	1.028157741666576e-08	1.182237209570663e-08	1.418509927169707e-08
1.293680309838497e-08	1.317907190499759e-08	1.533438138895536e-08	1.616250502434102e-08	1.483700924198458e-08	1.181372954883738e-08	9.434252892602623e-09	7.927861723727676e-09	8.051762821858475e-09	1.08647840649125e-08	1.32767081662215e-08	1.393220882907509e-08	1.434237849034314e-08	1.413232184105174e-08	1.330420938212959e-08	1.306706495146334e-08	1.244219021902342e-08	1.203491932544193e-08	1.305396510967003e-08	1.30116229544035e-08	1.258836264446763e-08	1.276629824093393e-08	1.384853430877653e-08	1.447851214452953e-08	1.571350463143189e-08	1.747917062626932e-08	1.924847237814675e-08	1.891015164786198e-08	1.865266586244956e-08	1.847677539049986e-08	1.694989601507274e-08	1.444980819328518e-08	1.316465898780906e-08	1.196338031673925e-08	1.099722918772988e-08	1.041739370908479e-08	1.007325480468912e-08	1.071934901177273e-08	1.129970846331014e-08	9.702213360934419e-09	9.698618887463819e-09	9.478428908873888e-09	8.588922886824206e-09	7.935157810156109e-09	8.799314422549505e-09	9.974167096639475e-09	1.130853331017003e-08	1.242487965708453e-08	1.249301861659868e-08	1.12862012426809e-08	1.008633974524994e-08	8.591172201866099e-09	7.403621275902725e-09	6.824835281778024e-09	7.306800441302673e-09	9.226037652752899e-09	1.099772806882791e-08	1.133876665239626e-08	1.10027703532509e-08	1.315725531031509e-08	1.54629580982705e-08	1.754190801907544e-08	1.939329289648815e-08	2.169520122413185e-08	2.391874774345162e-08	2.553503624147847e-08	2.646777180717683e-08	2.596173695081812e-08	2.492128021386878e-08	2.289291593482333e-08	1.995120253424301e-08	1.564265368827056e-08	9.890960909827979e-09	6.240702808203356e-09	5.74710763507838e-09	6.297139728751038e-09	7.437344910697631e-09	8.26167090110477e-09	9.37278065804961e-09	1.10716130095989e-08	1.21504237190408e-08	1.291018958204766e-08	1.372734432948298e-08	1.339420936778394e-08	1.258900820097321e-08	1.221629717104187e-08	1.15965260900478e-08	1.050278663343783e-08	9.613424596394837e-09	9.07877579664513e-09	9.501823709797299e-09	9.826019884874794e-09	1.012638287905363e-08	1.010079910632797e-08	1.027698563527355e-08	1.171075190397975e-08	1.206337883618271e-08	1.156099004995117e-08	1.178759292291858e-08	1.244137319569143e-08	1.276796293203767e-08	1.284283837079217e-08	1.29678414242217e-08	1.35203115012395e-08	1.427417195162854e-08	1.500341243067258e-08	1.563296093893698e-08	1.54089001582088e-08	1.538782616966833e-08	1.6777279194271e-08	1.799377841272245e-08	1.820827144163245e-08	1.719526615672913e-08	1.540826767849895e-08	1.352716997883452e-08	1.283543308324079e-08	1.152376734939362e-08	1.087580983825003e-08	1.074202299704934e-08	1.135013789020992e-08	1.17210199938526e-08	1.185628769740593e-08	1.236113896439573e-08	1.248304185626106e-08	1.222391797981725e-08	1.158579387733754e-08	1.253211436573309e-08	1.476338143612045e-08
1.730091949021815e-08	1.57452786667155e-08	1.622118529813109e-08	1.669326664448703e-08	1.41454200487444e-08	1.061561858813594e-08	8.896114308097216e-09	8.007336293772706e-09	8.252040617507267e-09	9.782045630158928e-09	1.086322703584483e-08	1.164727191902532e-08	1.145601811540899e-08	9.762111235796778e-09	9.809888584883103e-09	1.009121936325628e-08	1.007857010216458e-08	1.120566168736074e-08	1.241680248474933e-08	1.371233720504657e-08	1.426277187024278e-08	1.406834632472123e-08	1.501512631324423e-08	1.589629122760929e-08	1.731541394585798e-08	1.866905998661399e-08	1.973092496606074e-08	2.035009570137776e-08	1.977213604346975e-08	2.003366563334235e-08	1.962581667420976e-08	1.802033849999474e-08	1.536785867876561e-08	1.136635852061522e-08	9.334667321311235e-09	1.040396451339545e-08	1.095298914537141e-08	1.158481264456053e-08	1.177095129305028e-08	1.128463357638832e-08	1.110602215328511e-08	1.070655322651872e-08	1.076459981203678e-08	1.075155132642744e-08	1.096856136874663e-08	1.081154279526397e-08	1.201487636755559e-08	1.261660774117799e-08	1.148455203416832e-08	9.749561175738412e-09	8.391603493746122e-09	8.164329980557099e-09	7.633764205365988e-09	7.402666666130066e-09	8.67727008088203e-09	9.042917675802431e-09	9.479524540393491e-09	1.089156645696787e-08	1.267481519196116e-08	1.339525530320976e-08	1.259952675935301e-08	1.330428304650946e-08	1.339659631613614e-08	1.317746411919342e-08	1.626703137584761e-08	2.168391101060421e-08	2.41469254888782e-08	2.380623012126522e-08	2.292417200131403e-08	2.23298437808738e-08	1.900516325756534e-08	1.279859451338854e-08	9.668856562814972e-09	7.427699440025621e-09	7.884949235714282e-09	8.852393678079734e-09	9.575107351025193e-09	1.020340763517015e-08	1.149111581128739e-08	1.373946762232338e-08	1.551471867299417e-08	1.674098296959487e-08	1.741783831959546e-08	1.633793173123643e-08	1.55376489278876e-08	1.433774639086352e-08	1.386945592792365e-08	1.269925285306204e-08	1.12040904467242e-08	9.836395030553074e-09	9.501242558100696e-09	9.745918635432213e-09	9.43883532840409e-09	1.001323981075658e-08	1.048850211077039e-08	1.124186913835057e-08	1.212258965148991e-08	1.237648052212977e-08	1.200375903071294e-08	1.175904418618691e-08	1.156722190903282e-08	1.150410205511013e-08	1.255077027707568e-08	1.327444696215592e-08	1.352480620508962e-08	1.383049669499772e-08	1.404131206083788e-08	1.378080251625719e-08	1.433215253313598e-08	1.501729956279337e-08	1.553542203438057e-08	1.566120045831794e-08	1.539568885458101e-08	1.44382706937129e-08	1.316731592066828e-08	1.241387711239185e-08	1.331082068953836e-08	1.412455596252782e-08	1.42530943210548e-08	1.377344022924148e-08	1.185745640866736e-08	1.076992302787781e-08	1.043721512419146e-08	1.055948543966809e-08	1.196849671566136e-08	1.293130535988275e-08	1.360093096076017e-08	1.526200706602515e-08
1.930191007448971e-08	1.854210135476469e-08	1.807113166030125e-08	1.615198491009653e-08	1.187745207527616e-08	8.036663335335953e-09	6.060939549513717e-09	4.967701597666629e-09	6.640924269044665e-09	9.041981488404987e-09	1.103748987993567e-08	1.247474392025752e-08	1.229583968374346e-08	1.163051216118527e-08	1.168395384268815e-08	1.154919824642406e-08	1.077191185830691e-08	1.093453036782628e-08	1.339320714265957e-08	1.527975545802587e-08	1.546101787273401e-08	1.506691170703418e-08	1.552911773379563e-08	1.631802865311857e-08	1.599883994917682e-08	1.577699753373382e-08	1.678253589590464e-08	1.810876679333409e-08	1.952794130015485e-08	1.990711376887389e-08	1.932032344519752e-08	1.784163370062595e-08	1.463991148161377e-08	1.122253473651979e-08	8.795165619510273e-09	1.014762694295968e-08	1.135604632073294e-08	1.181571846788058e-08	1.145000829625871e-08	1.16155716630891e-08	1.21603883582956e-08	1.187637252821466e-08	1.279917086052681e-08	1.289096243138057e-08	1.207526313558158e-08	1.20106206230279e-08	1.269603696119755e-08	1.254640378814999e-08	1.005207360250194e-08	9.738229139475027e-09	1.032157996952242e-08	8.255810141844525e-09	7.085524996809954e-09	8.469479821962848e-09	9.691223164209982e-09	1.120260234284223e-08	1.232396546232287e-08	1.267742753983807e-08	1.233774071244044e-08	1.266207993146689e-08	1.327264089573404e-08	1.454599693707161e-08	1.535004749493424e-08	1.515619973122659e-08	1.456741400815502e-08	1.463928849981298e-08	1.537135820820876e-08	1.668775076596686e-08	1.768283599377169e-08	1.760188170306868e-08	1.350256711653445e-08	1.17965462506042e-08	1.150286599489288e-08	1.073538086723431e-08	1.054994087376374e-08	1.034285330513946e-08	1.09437200552092e-08	1.205064587905496e-08	1.373893957468589e-08	1.517871816149047e-08	1.712426376577042e-08	1.821770606666123e-08	1.808185961479878e-08	1.716935382289605e-08	1.631002273975365e-08	1.580568449942041e-08	1.444948571621272e-08	1.344852439893827e-08	1.189774680125965e-08	1.100431055248473e-08	1.069300732005386e-08	1.036061344981655e-08	1.08372014725732e-08	1.106699782070451e-08	1.112578509269585e-08	1.124024644815643e-08	1.141079043597164e-08	1.058176549760502e-08	1.03377777188977e-08	1.143367843841416e-08	1.221042820932846e-08	1.198967433465684e-08	1.250701699480896e-08	1.278242566481773e-08	1.281655686613863e-08	1.291183877823555e-08	1.299355585016611e-08	1.313789427843316e-08	1.364737715998653e-08	1.407020888724208e-08	1.448267116734926e-08	1.465933752549353e-08	1.467655383688929e-08	1.453526315493206e-08	1.438731097248337e-08	1.423370510416407e-08	1.482983643491465e-08	1.474351190733136e-08	1.390040216518293e-08	1.207534056943807e-08	1.062732954238297e-08	9.783878717382919e-09	1.037601128299993e-08	1.119803718689591e-08	1.338278637490679e-08	1.43668045585733e-08	1.400059269947186e-08	1.417143183736666e-08
1.882321472384785e-08	1.71864626368997e-08	1.550702168646002e-08	1.212034952328944e-08	8.681172256268692e-09	7.598691066316994e-09	8.189392899902825e-09	9.241840764592554e-09	1.052537326661603e-08	1.218662263246688e-08	1.444777294706978e-08	1.504176676769837e-08	1.539797801832179e-08	1.634241235826546e-08	1.63626993916874e-08	1.387114274656027e-08	1.059929596577724e-08	8.429688687937803e-09	9.018649831372691e-09	9.722813125230271e-09	1.061457559938017e-08	1.116295365691544e-08	1.211945788242643e-08	1.287786460177773e-08	1.381270101523145e-08	1.605293848975575e-08	1.816284863152731e-08	1.938570906875397e-08	1.95683668522668e-08	1.885949669368668e-08	1.763416436601627e-08	1.536229934624912e-08	1.196652424465214e-08	9.934334775464231e-09	1.009373517969907e-08	1.153780162573712e-08	1.268077142204136e-08	1.306848277128964e-08	1.375554849581599e-08	1.428795232667955e-08	1.368370306223894e-08	1.269588464713386e-08	1.283199892317783e-08	1.348743202670989e-08	1.232262811403623e-08	1.039267149779327e-08	1.048771391056584e-08	1.072099335758275e-08	1.131798744419604e-08	1.14481395566662e-08	1.126160377871919e-08	1.143663302143043e-08	1.204805166583354e-08	1.234094885522922e-08	1.261655330345877e-08	1.249722550438049e-08	1.235972221529366e-08	1.242997426197257e-08	1.263221488511665e-08	1.191006270780931e-08	1.207370795147391e-08	1.417902829180918e-08	1.551018514785846e-08	1.455833571008923e-08	1.245489742381758e-08	1.244350106495021e-08	1.346800959268031e-08	1.341622393231059e-08	1.289163413706722e-08	1.196971051474412e-08	1.10276876779938e-08	1.187608881118497e-08	1.255370538936486e-08	1.268348447704654e-08	1.249187147910204e-08	1.288424364963722e-08	1.355903219318424e-08	1.474272696469276e-08	1.628465427456354e-08	1.735523512681538e-08	1.765294454008469e-08	1.672539451508392e-08	1.540259851802573e-08	1.360935336524985e-08	1.300546457291251e-08	1.313855705049788e-08	1.295277463838342e-08	1.259921986197219e-08	1.222899152016044e-08	1.24457934649205e-08	1.242005670249415e-08	1.222742452651552e-08	1.232070559375364e-08	1.224747645843821e-08	1.208334605568355e-08	1.152673350652285e-08	1.16338728178985e-08	1.157510400930593e-08	1.202944900390021e-08	1.224264297170565e-08	1.213931430031506e-08	1.232298304962283e-08	1.301996864857578e-08	1.332503780849035e-08	1.293640922304318e-08	1.245749223957096e-08	1.249166466410427e-08	1.30387907829684e-08	1.311804454680831e-08	1.325726481199533e-08	1.307903206282911e-08	1.28093679491032e-08	1.312686363255503e-08	1.327680188805911e-08	1.378681750745854e-08	1.4958194671466e-08	1.543259937570647e-08	1.475686972626559e-08	1.376018966513112e-08	1.266821107138586e-08	1.125392232422421e-08	1.079895816536796e-08	1.152880631298413e-08	1.283911107884374e-08	1.352197698547945e-08	1.402901884516827e-08	1.360482815728262e-08	1.262545824141452e-08
2.112739365028334e-08	1.703347365515284e-08	1.323031851630113e-08	1.10686899351764e-08	9.410194380080828e-09	8.625338198170023e-09	9.16025882925544e-09	1.025432612789022e-08	1.167514585112004e-08	1.288877130541858e-08	1.343687585988901e-08	1.225783470148292e-08	1.206195521770736e-08	1.261775442051453e-08	1.165717683849447e-08	1.01560455492816e-08	1.112709855578236e-08	1.222735072279015e-08	1.292442116293222e-08	1.389305004603031e-08	1.437486894663734e-08	1.519580025219555e-08	1.589952234814835e-08	1.640703805154947e-08	1.573427593314877e-08	1.538666499625837e-08	1.619085964529824e-08	1.701234100788218e-08	1.671672558499294e-08	1.522585325145859e-08	1.329147933602096e-08	1.226896670140429e-08	1.170336125427653e-08	9.706564458451291e-09	1.102888137053404e-08	1.272635759550829e-08	1.336385313450633e-08	1.339221489801051e-08	1.363957286551469e-08	1.372720119104335e-08	1.372908663676064e-08	1.33421402199061e-08	1.339489553812033e-08	1.237749352142405e-08	1.006256227350908e-08	9.541960776055379e-09	1.043762125847889e-08	1.11645980646737e-08	1.209933716945308e-08	1.241140114709507e-08	1.292999847121736e-08	1.357918891645559e-08	1.292527047610723e-08	1.285374996140525e-08	1.208192558783209e-08	1.18165132782349e-08	1.160471592752961e-08	1.204988259429258e-08	1.307649949799705e-08	1.393018726150624e-08	1.415835385740804e-08	1.466628260849089e-08	1.469972726457247e-08	1.37307855985337e-08	1.311746783992756e-08	1.248281131867505e-08	1.243053965665656e-08	1.258374860252343e-08	1.362164973601497e-08	1.350781500337093e-08	1.284606280387984e-08	1.29191438246902e-08	1.297307633420596e-08	1.285737031953618e-08	1.211980407928925e-08	1.136425244061527e-08	1.15717685144251e-08	1.221470458434306e-08	1.306715064859934e-08	1.428036671666507e-08	1.532668929376272e-08	1.48486585150769e-08	1.4204462932903e-08	1.241378813165305e-08	1.241892346410252e-08	1.339038377143952e-08	1.404604900798893e-08	1.423529762067987e-08	1.448639346668936e-08	1.464865208138663e-08	1.457135340810131e-08	1.448091431132449e-08	1.377392495293649e-08	1.312932755066557e-08	1.269797232118259e-08	1.232891988501896e-08	1.164487356320199e-08	1.170174781086362e-08	1.295191899791036e-08	1.290573597312647e-08	1.261893196284642e-08	1.269456394394257e-08	1.320757483217714e-08	1.295044018327906e-08	1.260143770938582e-08	1.253702795142941e-08	1.222837108849731e-08	1.129741493830812e-08	1.057298295768781e-08	1.178903126849661e-08	1.192701683950124e-08	1.181549090101243e-08	1.243377853443923e-08	1.423306042750798e-08	1.502418860079016e-08	1.488096216940104e-08	1.463142350266087e-08	1.412284922133088e-08	1.380588357708065e-08	1.292409439558309e-08	1.207876215982217e-08	1.217278649460419e-08	1.252480705551065e-08	1.350942766634807e-08	1.346437634183532e-08	1.30657356703107e-08	1.336662864854331e-08	1.24780735419953e-08
1.920539514892048e-08	1.545490410345623e-08	1.326517736536458e-08	1.240319458557097e-08	1.210808351334943e-08	1.094024729072981e-08	9.874199074995007e-09	9.507462438132095e-09	1.028687393194724e-08	1.137705467863281e-08	1.216910885629001e-08	1.197888088505336e-08	1.193282918332172e-08	1.2780407000342e-08	1.376253400677589e-08	1.306420402224014e-08	1.211428050406932e-08	1.098395564736802e-08	1.140414995336623e-08	1.26920167084628e-08	1.461747144429744e-08	1.657340374488377e-08	1.704762927030866e-08	1.747007492064531e-08	1.685688739458952e-08	1.807154008590413e-08	1.703761774385879e-08	1.465755243029606e-08	1.402152391908237e-08	1.248677641392897e-08	1.012634201494356e-08	9.50273295889631e-09	7.596388228757489e-09	7.724409510763671e-09	1.003574177526478e-08	1.158660573355637e-08	1.237529957189952e-08	1.421067054208765e-08	1.558252868250698e-08	1.611231241518281e-08	1.564786529877062e-08	1.486691386437994e-08	1.407010415199911e-08	1.257751868005315e-08	1.144433579719234e-08	1.217843116457593e-08	1.27423172890568e-08	1.305989987821029e-08	1.335690405190938e-08	1.35573913118826e-08	1.411354253996219e-08	1.449695431794276e-08	1.357581160097993e-08	1.240598212352099e-08	1.10627415280476e-08	1.150730282514795e-08	1.268353527700261e-08	1.308275364088968e-08	1.330850741269109e-08	1.336091628048458e-08	1.293840774380142e-08	1.166401967874132e-08	1.18764947439036e-08	1.236916828932334e-08	1.223715352038452e-08	1.178255955021038e-08	1.206187847750413e-08	1.292467138155805e-08	1.286269561666048e-08	1.26307848135844e-08	1.260661938732159e-08	1.294159404805641e-08	1.325907498729028e-08	1.272983233467366e-08	1.188247886009596e-08	1.14719415642517e-08	1.187597864819839e-08	1.347235218675537e-08	1.497925434007895e-08	1.564292132645987e-08	1.531306587915574e-08	1.414113443251546e-08	1.348552517436892e-08	1.259244306648682e-08	1.229221490021065e-08	1.311341034560305e-08	1.369870321716406e-08	1.34450957714792e-08	1.265478621819272e-08	1.298777644754846e-08	1.353924661771627e-08	1.363064956072252e-08	1.265883807685792e-08	1.235911396161607e-08	1.288260259302083e-08	1.272081528017498e-08	1.277913958959831e-08	1.335943458225383e-08	1.461263854108775e-08	1.540724056159661e-08	1.49888491456329e-08	1.448889068692846e-08	1.42843799788287e-08	1.369617740041645e-08	1.287486267274344e-08	1.242355699081283e-08	1.204008945172074e-08	1.119590994462152e-08	1.08710927986759e-08	1.068780212835984e-08	1.094703569797931e-08	1.187427178294439e-08	1.294055108518602e-08	1.339051951483734e-08	1.390199678404054e-08	1.424748713124725e-08	1.367135199461708e-08	1.353003430966549e-08	1.284138771759843e-08	1.220729678336782e-08	1.139975266582982e-08	1.222738257781764e-08	1.340586350720181e-08	1.349988673110425e-08	1.295990168041248e-08	1.321689269277092e-08	1.396671446617353e-08	1.384900494892905e-08
2.118091244463627e-08	1.770240570539154e-08	1.354142936012122e-08	1.034909163752315e-08	8.494364487328938e-09	1.000604708500087e-08	1.246252283943512e-08	1.268807343907513e-08	1.135441354772396e-08	1.049133041104499e-08	8.432531622247952e-09	9.094153174681422e-09	1.126297816689753e-08	1.214188074048183e-08	1.247940615485727e-08	1.257170931095256e-08	1.248885630680124e-08	1.23765610472817e-08	1.245618163729167e-08	1.264754150421383e-08	1.392675676563931e-08	1.58368758358679e-08	1.837375217262283e-08	1.957211893769294e-08	1.912646798890436e-08	1.899452670642725e-08	1.487309326794757e-08	1.158678408673053e-08	1.139559681284413e-08	1.082663445238528e-08	1.123500934048031e-08	1.027967841645598e-08	1.007042546430849e-08	1.181196866182254e-08	1.361634040363827e-08	1.38974611307985e-08	1.408679767302042e-08	1.516334715135571e-08	1.637123745095679e-08	1.620037931809197e-08	1.510212470241771e-08	1.428230228388664e-08	1.268381170025703e-08	1.098467780977253e-08	1.06173913804951e-08	1.060063320953101e-08	1.131102322328603e-08	1.146571470497448e-08	1.174327328659107e-08	1.327497225925235e-08	1.485369196313117e-08	1.497066264245419e-08	1.324872686736669e-08	1.104581636023956e-08	1.039885763086055e-08	1.138354147465174e-08	1.22651894741272e-08	1.349680826157182e-08	1.455081363826843e-08	1.444707234666255e-08	1.205463868010284e-08	1.016524379966276e-08	1.059001360810942e-08	1.159467330226228e-08	1.189760163567345e-08	1.248026861119998e-08	1.228743378810607e-08	1.199889538231784e-08	1.184187008949031e-08	1.211903485717299e-08	1.305765316970056e-08	1.375348068338419e-08	1.450924829807581e-08	1.47979120885183e-08	1.386613013065276e-08	1.337448578974881e-08	1.302225097336498e-08	1.318760941947926e-08	1.394699738582221e-08	1.43207495016348e-08	1.453614678509072e-08	1.436784184535521e-08	1.343959549232518e-08	1.250666905021101e-08	1.247516504686932e-08	1.266701736171999e-08	1.308303924316865e-08	1.296965367308989e-08	1.315737643839143e-08	1.379776089993982e-08	1.421252427745093e-08	1.410050490893009e-08	1.346222358970442e-08	1.327879545287137e-08	1.332430979236576e-08	1.374996259310806e-08	1.327361162477945e-08	1.332870081278444e-08	1.323641316636208e-08	1.292132912085761e-08	1.24588126060472e-08	1.298022808901086e-08	1.358009974750087e-08	1.403176981221334e-08	1.350499903955523e-08	1.328162505391634e-08	1.260663076305443e-08	1.238445840420844e-08	1.24633439881746e-08	1.186161885490471e-08	1.140793296163752e-08	1.095015427283223e-08	1.176928688587468e-08	1.295858482545352e-08	1.406377533169116e-08	1.41778346036179e-08	1.322338011275392e-08	1.323506291669049e-08	1.277737004578438e-08	1.207420457796208e-08	1.172648611148592e-08	1.225953683327874e-08	1.268981188340713e-08	1.293881748078694e-08	1.315419182908315e-08	1.325709118503388e-08	1.407371206374877e-08	1.477049579106812e-08
2.036907581910772e-08	1.558254765643705e-08	1.189903998289976e-08	1.13477962657041e-08	1.105501773316466e-08	1.123997580465213e-08	1.166956123687538e-08	1.218632619381053e-08	1.089803963824058e-08	1.013705329988083e-08	9.822013601855066e-09	1.009808524658991e-08	1.095977263604483e-08	1.119482580466779e-08	1.132620422185614e-08	1.300859304976182e-08	1.306903055704166e-08	1.361520206477218e-08	1.403932089837628e-08	1.426183240665059e-08	1.61646766813946e-08	1.876344178328507e-08	2.001780173221285e-08	1.932086998489433e-08	1.780093634237614e-08	1.605841201672444e-08	1.10729891021567e-08	1.106434293187875e-08	1.263530736411226e-08	1.314322035225853e-08	1.190688150210201e-08	1.096089930416481e-08	1.105762995513896e-08	1.15917389946829e-08	1.195802897090858e-08	1.200404645616921e-08	1.127572819658128e-08	1.226110513105203e-08	1.33748390470473e-08	1.333345241174314e-08	1.281489625407957e-08	1.242180039387497e-08	1.177624948306497e-08	1.102848077947233e-08	1.070601072946231e-08	1.14873264964554e-08	1.208970113590074e-08	1.281463783086942e-08	1.36619902294527e-08	1.478256946054955e-08	1.56483552292469e-08	1.550510283260745e-08	1.374951512131602e-08	1.234316092314883e-08	1.188984891854809e-08	1.23145398188342e-08	1.278790800300237e-08	1.33859093997762e-08	1.365651214985511e-08	1.329860878412688e-08	1.306723356430499e-08	1.251050754961854e-08	1.185551164129028e-08	1.185741316519185e-08	1.236619653409082e-08	1.293014037172189e-08	1.256950904129993e-08	1.203960096070681e-08	1.209573904817191e-08	1.258804676351107e-08	1.359297061118891e-08	1.465892628984043e-08	1.556064592462558e-08	1.577112937917587e-08	1.529142654209019e-08	1.374541336817347e-08	1.279371030190651e-08	1.251279636958655e-08	1.267740179067254e-08	1.313767993943151e-08	1.314028854860221e-08	1.328969780801469e-08	1.275709005228911e-08	1.161884313016377e-08	1.138457247442413e-08	1.152711530232701e-08	1.151927376836203e-08	1.196533746731387e-08	1.286607387994344e-08	1.369416011806728e-08	1.437483531933669e-08	1.422980658019332e-08	1.3561381783781e-08	1.357703123674226e-08	1.420176779004953e-08	1.437988374650956e-08	1.38099537969589e-08	1.286939665706009e-08	1.246360164995671e-08	1.229091915195407e-08	1.18987480414399e-08	1.189049325608866e-08	1.317121194238279e-08	1.430738325159484e-08	1.431800203396482e-08	1.380610134176298e-08	1.262026244183741e-08	1.234396829322548e-08	1.207123720616161e-08	1.165032686110465e-08	1.168373099967597e-08	1.164229976205722e-08	1.182654778561021e-08	1.276317046268227e-08	1.422438492770312e-08	1.485075147741503e-08	1.486683221090882e-08	1.464792169187154e-08	1.389025804396658e-08	1.289341556217892e-08	1.180595086233772e-08	1.228497076316925e-08	1.236654529560548e-08	1.14444179670687e-08	1.230674891423307e-08	1.336630101737643e-08	1.3639150164665e-08	1.4177947971782e-08
1.794945667121576e-08	1.37574426927087e-08	1.067353489597725e-08	1.102791337124725e-08	1.171971282896411e-08	1.213769913617187e-08	1.257612903104829e-08	1.272604489158217e-08	1.303310156163116e-08	1.318886111959909e-08	1.326231454206922e-08	1.219117647248123e-08	1.095015334658833e-08	1.202289386497507e-08	1.359348567566227e-08	1.331820393269695e-08	1.164464952989277e-08	1.158543978991443e-08	1.268339998445737e-08	1.410439640556354e-08	1.569342297511317e-08	1.691850633835136e-08	1.717244193196365e-08	1.547104961901908e-08	1.407405213927665e-08	1.199765630451602e-08	1.112478823551707e-08	1.228246639820554e-08	1.388396648061298e-08	1.404099876035128e-08	1.290219063451206e-08	1.121981644248497e-08	1.065153353403371e-08	1.217624198383109e-08	1.285037311487886e-08	1.282334538518714e-08	1.284820345261047e-08	1.36026985390824e-08	1.402971309100921e-08	1.443009385058535e-08	1.435046619133743e-08	1.296040524034162e-08	1.101374313741478e-08	1.054682467005726e-08	1.118218547202307e-08	1.193898917422763e-08	1.243998412252307e-08	1.321323944577398e-08	1.388169960796765e-08	1.384209574699785e-08	1.430168798799804e-08	1.420476837120289e-08	1.309918876083911e-08	1.143809691320118e-08	1.035362716573582e-08	1.180776639683416e-08	1.278385070843687e-08	1.34335471248375e-08	1.375770706196121e-08	1.428527766614795e-08	1.373481098727199e-08	1.240903726662362e-08	1.204399068013542e-08	1.241442775351843e-08	1.321969956731204e-08	1.370657233768513e-08	1.349900886350293e-08	1.320164481096924e-08	1.326825875301146e-08	1.354915769594021e-08	1.419639358065771e-08	1.521114880931748e-08	1.576481660955906e-08	1.502878248157497e-08	1.375855618659372e-08	1.308680673212351e-08	1.278835197820402e-08	1.226081019275673e-08	1.15806866610769e-08	1.165423964562574e-08	1.218072977571639e-08	1.255763654872216e-08	1.271043977714377e-08	1.211195973627768e-08	1.144192420684054e-08	1.17571787309208e-08	1.192689062267327e-08	1.240429752690855e-08	1.266191142978788e-08	1.37563063511472e-08	1.455636148892521e-08	1.362913342421348e-08	1.316247478812937e-08	1.383544643169563e-08	1.413939779007496e-08	1.369710511631031e-08	1.273472195384275e-08	1.283612552943718e-08	1.256767946447738e-08	1.268324836224712e-08	1.31822265479162e-08	1.285692359519995e-08	1.329061804737416e-08	1.410514485786253e-08	1.416785210801178e-08	1.347747321214115e-08	1.218346706521084e-08	1.18684098147384e-08	1.237971843836037e-08	1.167877648705823e-08	1.12722538348638e-08	1.115795390288049e-08	1.178612091847426e-08	1.322965017122527e-08	1.442973332302082e-08	1.545890588381321e-08	1.571060176373002e-08	1.548328526155748e-08	1.409457056270905e-08	1.26723145939746e-08	1.241960662977257e-08	1.250258262769367e-08	1.125738194627621e-08	1.109342171572031e-08	1.193054297907647e-08	1.316031795143691e-08	1.409865619629435e-08	1.375949531462664e-08
1.511493919747946e-08	1.112504072259018e-08	1.128784873596225e-08	1.310813314336892e-08	1.40154372574931e-08	1.377799629707088e-08	1.435186404521989e-08	1.3544365068155e-08	1.270846700424502e-08	1.297102462354349e-08	1.213993937459383e-08	1.119157080722027e-08	1.208311676903248e-08	1.300020176111531e-08	1.258123673657094e-08	1.270851287037055e-08	1.322774453605244e-08	1.315502693859978e-08	1.331705977600893e-08	1.371091711094403e-08	1.4711005003615e-08	1.480600665414031e-08	1.338997617239877e-08	1.091320545292402e-08	1.152244783647298e-08	1.212283202610305e-08	1.33159417043182e-08	1.517544926774986e-08	1.60401517275028e-08	1.545593458729003e-08	1.327054796034463e-08	1.121773947300572e-08	1.042789424465639e-08	1.135259660019399e-08	1.218049069966774e-08	1.223185474126296e-08	1.263751321518747e-08	1.362317172118495e-08	1.481115395171286e-08	1.544670362097942e-08	1.462428639397937e-08	1.370150838563786e-08	1.260279527448287e-08	1.155439531451369e-08	1.108437610181276e-08	1.081566047489161e-08	1.089928930999274e-08	1.163724301699365e-08	1.272808776460214e-08	1.349327740939252e-08	1.408411112868356e-08	1.480281469987528e-08	1.482014134665324e-08	1.277884893873291e-08	1.162154022353495e-08	1.157519955762665e-08	1.24142412975816e-08	1.346050656659164e-08	1.426217550835307e-08	1.391484856640353e-08	1.340002992912402e-08	1.324663761796013e-08	1.32292600374674e-08	1.274532801263093e-08	1.27009879090175e-08	1.324804677513872e-08	1.340679383835446e-08	1.310274373330824e-08	1.316663326853887e-08	1.359941194783476e-08	1.440202433240353e-08	1.512279648263376e-08	1.493286777884848e-08	1.421032382489042e-08	1.325779729432651e-08	1.192528942635108e-08	1.187321841664631e-08	1.121652733993888e-08	1.040861513965782e-08	1.103437252828012e-08	1.241560131756978e-08	1.31951473221633e-08	1.322277347972191e-08	1.28762411302682e-08	1.260869645794851e-08	1.249605693279479e-08	1.20861379690528e-08	1.251083120775907e-08	1.301608879283831e-08	1.345127692438834e-08	1.381656230044184e-08	1.305594801731238e-08	1.343250347641967e-08	1.4267251657147e-08	1.47302628866927e-08	1.451956709395643e-08	1.386115057615073e-08	1.335808265712934e-08	1.308529180429954e-08	1.341934799079155e-08	1.307714805438821e-08	1.190700946737619e-08	1.247280324013184e-08	1.303849065256219e-08	1.330118413547977e-08	1.333505327923147e-08	1.245979578818572e-08	1.240890652129236e-08	1.220009057706417e-08	1.137896738827802e-08	1.084885308414422e-08	1.06831406868115e-08	1.103051752767777e-08	1.226583212228518e-08	1.483922082864838e-08	1.648500761062645e-08	1.689867416131486e-08	1.63035906409659e-08	1.552644749774259e-08	1.313072017694842e-08	1.152690527311015e-08	1.116401812768481e-08	1.113307002880432e-08	1.165642176456074e-08	1.159842360294396e-08	1.185998949482668e-08	1.364358759531844e-08	1.513409464814649e-08
1.454062910070592e-08	1.164695738296903e-08	9.106781307131794e-09	1.151682970953957e-08	1.351659226457691e-08	1.442271688129911e-08	1.468355905193454e-08	1.40687374456439e-08	1.498827318390971e-08	1.555256175266554e-08	1.492825873950923e-08	1.371545199756874e-08	1.213721723926194e-08	1.192549128299503e-08	1.254931623923982e-08	1.362875813622372e-08	1.237011197227297e-08	1.148657929384045e-08	1.263541537834339e-08	1.279704352852363e-08	1.264834297532566e-08	1.271545800983203e-08	1.239313917258063e-08	1.190605155440482e-08	1.19315964188837e-08	1.141229152539304e-08	1.238361148732749e-08	1.439179065877852e-08	1.585165100224202e-08	1.457464436076784e-08	1.244582270789799e-08	1.059599157576145e-08	9.628012110657287e-09	1.006940829106223e-08	1.108996790038193e-08	1.185957039465743e-08	1.290601477027315e-08	1.415370504943271e-08	1.537625749816691e-08	1.604562741120846e-08	1.586015138414175e-08	1.549889474797703e-08	1.488664221705136e-08	1.40236803777448e-08	1.313666468992156e-08	1.252774627180498e-08	1.227282857656946e-08	1.237243439378161e-08	1.237452747185038e-08	1.3034080602301e-08	1.389915078040115e-08	1.436696685630205e-08	1.368392642819628e-08	1.27560340348751e-08	1.21875866412044e-08	1.235660558542463e-08	1.288678809331733e-08	1.385446503762968e-08	1.427989674839984e-08	1.356053593480629e-08	1.290429060701636e-08	1.314190439923762e-08	1.269020700105249e-08	1.230451946149836e-08	1.213668397070234e-08	1.22631061320311e-08	1.238301163868243e-08	1.264822876240136e-08	1.245622438037214e-08	1.301489270919164e-08	1.402340981579643e-08	1.495462643102816e-08	1.482875968036726e-08	1.40238312764896e-08	1.208804784231787e-08	1.173785567368551e-08	1.206878275974925e-08	1.119566257110419e-08	1.009981871416394e-08	1.066775041663713e-08	1.237198703845427e-08	1.332717572290871e-08	1.308117529305438e-08	1.253961809072268e-08	1.200459546199837e-08	1.185357013765241e-08	1.170958753074216e-08	1.187453865846063e-08	1.242393638559501e-08	1.290517210111835e-08	1.331816831518873e-08	1.343646006503319e-08	1.378784751194652e-08	1.520178250960004e-08	1.624457365638461e-08	1.563330492110064e-08	1.540410481006409e-08	1.502820903721864e-08	1.495740496194986e-08	1.53416325618356e-08	1.489745551368044e-08	1.23413241153642e-08	1.129285069820511e-08	1.197695056454064e-08	1.288341007200071e-08	1.318080525919788e-08	1.226388841403577e-08	1.209207164525733e-08	1.145635966084025e-08	1.103349528864322e-08	1.02176840956165e-08	1.043973366319092e-08	1.162160293578036e-08	1.33833599802056e-08	1.511861393299421e-08	1.622081705596341e-08	1.638500184594499e-08	1.568321298208486e-08	1.463993927314292e-08	1.28742795761022e-08	1.060864077215929e-08	9.423085201298632e-09	9.765970768777512e-09	1.087851278414242e-08	1.162456644994519e-08	1.335715581228245e-08	1.53923674054569e-08	1.606543790311815e-08
1.145195806250182e-08	9.834135678974855e-09	1.061665494028512e-08	1.288831762883232e-08	1.468207783154036e-08	1.471004405136856e-08	1.447565658953091e-08	1.540715135436906e-08	1.651906904921587e-08	1.659986760875665e-08	1.53434438774076e-08	1.267021398829504e-08	1.008494020405881e-08	1.143107732452263e-08	1.353682183938745e-08	1.428665858763883e-08	1.450723297734122e-08	1.419559414481133e-08	1.327354136228845e-08	1.339806120358724e-08	1.320891499942998e-08	1.187408224835675e-08	1.044758745752847e-08	9.380139222307843e-09	8.896301363221422e-09	1.005057955019639e-08	1.269067070699083e-08	1.447680317360706e-08	1.420087495477684e-08	1.238993001934809e-08	1.077810878754803e-08	8.912066560864449e-09	8.677072636796632e-09	9.620032818329475e-09	1.091079668786935e-08	1.202106896077286e-08	1.34787558930173e-08	1.505751984805569e-08	1.668199581277038e-08	1.759800166816916e-08	1.825841040918032e-08	1.768291911594956e-08	1.587196655262611e-08	1.410846925018324e-08	1.322281112741537e-08	1.32910991406252e-08	1.340885398745349e-08	1.34260122183901e-08	1.289083134504549e-08	1.293576205994512e-08	1.32600419371191e-08	1.401556765189657e-08	1.422275471018582e-08	1.335466945170241e-08	1.261942083663078e-08	1.284797479591292e-08	1.351349439366165e-08	1.393829655968053e-08	1.38973283888506e-08	1.293924752011047e-08	1.197055413968404e-08	1.212406103521023e-08	1.234496772946558e-08	1.233282345814141e-08	1.125912711569019e-08	1.138820572037746e-08	1.189153584092334e-08	1.178970657427954e-08	1.229090209027373e-08	1.332088500734915e-08	1.435277785437657e-08	1.470879915347487e-08	1.386199950283144e-08	1.385017917548833e-08	1.278846932941691e-08	1.28654436127837e-08	1.242243334533439e-08	1.153571739112801e-08	1.103586232094954e-08	1.10744522498734e-08	1.202930535321732e-08	1.254315832511398e-08	1.30691097894211e-08	1.262690883788643e-08	1.197122317034927e-08	1.178119366159605e-08	1.152890441549011e-08	1.136525498476621e-08	1.144104075000997e-08	1.152977351520408e-08	1.148028769883199e-08	1.151847641669848e-08	1.277533272717505e-08	1.404323816936467e-08	1.464249068673698e-08	1.638261190106472e-08	1.66977530517906e-08	1.520954057260204e-08	1.553751325708403e-08	1.594517141141292e-08	1.537477705193969e-08	1.503148590841802e-08	1.491333079974408e-08	1.539535363718455e-08	1.594720537022328e-08	1.369987582412451e-08	1.317681155045571e-08	1.233842667714249e-08	1.10308248385838e-08	1.151384042089735e-08	1.076665890572885e-08	1.07469800997657e-08	1.145098901996279e-08	1.106422186807953e-08	1.056310019957261e-08	1.205535559873466e-08	1.282065626776048e-08	1.300497841544611e-08	1.313124533676948e-08	1.349584284601181e-08	1.288621922260397e-08	1.212632862203663e-08	1.211531553443245e-08	1.29977250552423e-08	1.333371315594144e-08	1.326731482423181e-08	1.43755698220127e-08	1.468980497828805e-08
1.201200269316509e-08	1.058809472052565e-08	1.096704913226114e-08	1.336850381190142e-08	1.522127608729002e-08	1.531228593890826e-08	1.423916155526104e-08	1.463653972583725e-08	1.566930211930762e-08	1.574823246315842e-08	1.449132318190962e-08	1.129050459895949e-08	8.781652657634991e-09	1.020435725677087e-08	1.268819766264146e-08	1.472080809951645e-08	1.561982760120542e-08	1.530659007916853e-08	1.468329482376075e-08	1.314364494809359e-08	1.159024478423615e-08	9.56806305636913e-09	9.413356089109402e-09	1.097320924813271e-08	1.281249303697546e-08	1.372255941040232e-08	1.400363292534986e-08	1.372979972620488e-08	1.199465223392419e-08	9.777816433951381e-09	8.360810969779195e-09	8.874432048635132e-09	9.281346506352537e-09	1.018458620681097e-08	1.165927099852417e-08	1.332803899931696e-08	1.473821709756952e-08	1.581442650760262e-08	1.685857800021341e-08	1.809725680836138e-08	1.885193226214635e-08	1.814243345247728e-08	1.612021049029855e-08	1.482268027854184e-08	1.425059892729799e-08	1.380132301304334e-08	1.340033062129963e-08	1.304860625232024e-08	1.274720099748414e-08	1.287440304053984e-08	1.343138234672483e-08	1.381588073087658e-08	1.357655762938436e-08	1.286559565557485e-08	1.213695561368103e-08	1.214637172937846e-08	1.27443860140546e-08	1.310264865776982e-08	1.269456896363398e-08	1.204966111975825e-08	1.101853318453388e-08	1.111136899555788e-08	1.16507356389463e-08	1.158201997926897e-08	1.105756002705903e-08	1.105946489864042e-08	1.189090896383174e-08	1.27235167516318e-08	1.36341046425794e-08	1.402053996231475e-08	1.426130740323117e-08	1.375419284732847e-08	1.431085603312156e-08	1.44237616714134e-08	1.311336243705305e-08	1.226658087786164e-08	1.105461063868836e-08	1.083619021115142e-08	1.032975469911005e-08	1.066757967668902e-08	1.162402371173315e-08	1.244530919190089e-08	1.252843304247471e-08	1.247725271487953e-08	1.342356592994372e-08	1.385883363448707e-08	1.310418772237074e-08	1.229108196887429e-08	1.141932014970818e-08	1.146923278751467e-08	1.153514032502243e-08	1.312514644165413e-08	1.510698465657407e-08	1.634824045418032e-08	1.707417748918979e-08	1.773620700504943e-08	1.689970154850698e-08	1.599639861106841e-08	1.50245977734615e-08	1.398242196486232e-08	1.430107872212167e-08	1.303635625139647e-08	1.320322107608674e-08	1.412012633724461e-08	1.382292875664168e-08	1.351555206166015e-08	1.327018412975652e-08	1.149922684000579e-08	1.083922552668358e-08	1.060735879563995e-08	1.012057613706643e-08	9.676248859872683e-09	9.873249834947721e-09	1.115933840084602e-08	1.217158440320752e-08	1.320637591580795e-08	1.380549273856259e-08	1.335958206119517e-08	1.276772488488908e-08	1.270242500756581e-08	1.293068876714634e-08	1.276663059693642e-08	1.333451988041095e-08	1.462680907022651e-08	1.474977837734104e-08	1.41478940334801e-08	1.356705705984897e-08	1.20932870899862e-08
1.649051453293574e-08	1.187099129908663e-08	1.09102381772112e-08	1.269398705578898e-08	1.412070661408387e-08	1.352247901413221e-08	1.119303937292489e-08	1.18771266422711e-08	1.345521958074626e-08	1.39589908820533e-08	1.300456729690346e-08	1.111360823893263e-08	1.069395558173275e-08	1.204156988253675e-08	1.364226469197546e-08	1.526453786707455e-08	1.599825425676303e-08	1.523529549890479e-08	1.365020981733019e-08	1.25967256818935e-08	1.259904481883151e-08	1.410618684536977e-08	1.522893173866501e-08	1.566243674435958e-08	1.547926960350608e-08	1.422418199605876e-08	1.302628515002907e-08	1.12799015524451e-08	8.228695179516291e-09	6.133937863771645e-09	6.804490896736089e-09	8.503961902314498e-09	9.797886691204961e-09	1.053437905793028e-08	1.131607949503709e-08	1.251949358244537e-08	1.354063553922313e-08	1.483176877860011e-08	1.571378343105195e-08	1.724272249487181e-08	1.873976343884685e-08	1.854556283686449e-08	1.71130876809098e-08	1.564977849970658e-08	1.513688774806694e-08	1.3764682059267e-08	1.274093550714194e-08	1.251917099219538e-08	1.25723491723655e-08	1.297699869318939e-08	1.343255457715238e-08	1.378939769587031e-08	1.359623853842994e-08	1.270359173771279e-08	1.179181554257677e-08	1.18430605320555e-08	1.225538735500845e-08	1.280407223099349e-08	1.303812061032461e-08	1.235569632140381e-08	1.106020642189467e-08	1.111464583332868e-08	1.108744280680784e-08	1.098029648125828e-08	1.154925548934675e-08	1.211709548056364e-08	1.276092978452107e-08	1.363328801686841e-08	1.481124006419987e-08	1.576834479825363e-08	1.492203384425261e-08	1.468775430158355e-08	1.604763893879086e-08	1.606114350009414e-08	1.435245545475757e-08	1.145091689916478e-08	1.097863522011666e-08	1.074914079931076e-08	9.933711249985574e-09	9.740280997385653e-09	1.001885793557943e-08	1.05439134410572e-08	1.093894141177997e-08	1.0902757522795e-08	1.028492837356791e-08	1.089620688057204e-08	1.092633236399935e-08	1.090339391813866e-08	1.158164298860103e-08	1.213104616611134e-08	1.307924639122202e-08	1.510459618123778e-08	1.677310009915739e-08	1.853646671637033e-08	1.979013559432385e-08	1.940131675670515e-08	1.729312091960581e-08	1.497259896370341e-08	1.470095043189471e-08	1.526915459055535e-08	1.418558109283736e-08	1.24283924827817e-08	1.188074644769355e-08	1.284143312465978e-08	1.402486919373943e-08	1.354174767499517e-08	1.267078472876481e-08	1.035195479651368e-08	9.673899350204384e-09	1.100933105860015e-08	1.163785260974729e-08	1.147901491892859e-08	1.218709057215454e-08	1.277583477913999e-08	1.301305690286759e-08	1.30434392820702e-08	1.218157045815551e-08	1.102412078436192e-08	1.092179113995772e-08	1.133908012847514e-08	1.189102463272452e-08	1.279580423283446e-08	1.404494970388471e-08	1.510159689253017e-08	1.557939629746605e-08	1.51670721084768e-08	1.370385135376807e-08	1.178293842629062e-08
1.755935879976695e-08	1.453766640811104e-08	1.337730204485247e-08	1.301279870178146e-08	1.26053514448102e-08	1.101476614666322e-08	8.911635114524618e-09	9.607116797277423e-09	1.113224921231585e-08	1.197100817198975e-08	1.181465193670277e-08	1.148628027245247e-08	1.278995845422875e-08	1.473895867061503e-08	1.52153253265855e-08	1.46661868081261e-08	1.451961345694254e-08	1.409177446233551e-08	1.405694446339713e-08	1.410901098230257e-08	1.567713048508988e-08	1.785222956969464e-08	1.791504445662317e-08	1.556047813256455e-08	1.267128929964782e-08	1.067785959216712e-08	1.010557736341387e-08	9.44330598523411e-09	8.764260558508063e-09	6.859469967450515e-09	6.819964997772101e-09	8.644137142482828e-09	1.006751830913151e-08	1.063626785513501e-08	1.117912132046871e-08	1.207237829409079e-08	1.323989652562465e-08	1.46056963618898e-08	1.669743529171706e-08	1.8835960758231e-08	2.011595997437358e-08	2.068834995499249e-08	1.994983032912488e-08	1.805157853451115e-08	1.499402327957737e-08	1.243727995451592e-08	1.189070344356854e-08	1.214809039589308e-08	1.253138066533487e-08	1.273978131382509e-08	1.262345556063817e-08	1.256069216478115e-08	1.232637372455148e-08	1.192175638477671e-08	1.195163921920412e-08	1.234196242177515e-08	1.241523647244894e-08	1.239923733171609e-08	1.244634484844001e-08	1.120027084284746e-08	1.017128635842434e-08	1.019076822894159e-08	1.095858286528709e-08	1.157112574613893e-08	1.218088672076276e-08	1.301578841685243e-08	1.370026486493735e-08	1.416047625976377e-08	1.454886801783481e-08	1.441437929353446e-08	1.292874225323438e-08	1.31862742730477e-08	1.458493158220768e-08	1.539109521556431e-08	1.447457137052337e-08	1.168576078943637e-08	1.034500965795556e-08	9.321923031846104e-09	8.315812738580979e-09	8.760912138722166e-09	1.043179280122978e-08	1.151879366928531e-08	1.20225926083464e-08	1.224549943499612e-08	1.211253454135027e-08	1.245381892714666e-08	1.334499712031148e-08	1.350375085550786e-08	1.368437062219072e-08	1.45655682603231e-08	1.516633493508413e-08	1.639138279320674e-08	1.703308120515378e-08	1.7090593259031e-08	1.761899976398554e-08	1.786276130450637e-08	1.74433289222129e-08	1.598196295682873e-08	1.551364889039522e-08	1.467859229004867e-08	1.121156970637567e-08	9.862603469964481e-09	1.130800284426918e-08	1.275383857042452e-08	1.29146505522743e-08	1.186257185977008e-08	1.110275789479442e-08	9.877062849903505e-09	9.614702014364383e-09	1.076397361188891e-08	1.218877247918239e-08	1.312989558530774e-08	1.335590625165016e-08	1.331399837188243e-08	1.345107503637211e-08	1.338395704830537e-08	1.303090284749333e-08	1.185725208063739e-08	1.128934144554304e-08	1.041470071672924e-08	1.141337075530689e-08	1.284417780205652e-08	1.401996072932393e-08	1.447951977371074e-08	1.466652613503064e-08	1.494886038415017e-08	1.41853405459799e-08	1.251681321439594e-08
1.788574590579224e-08	1.443185018136121e-08	1.470311072850755e-08	1.356219156072157e-08	1.130338215884445e-08	1.033345001717185e-08	1.02683570525834e-08	1.079978659025876e-08	1.214774861686198e-08	1.196773748906991e-08	8.443564081712818e-09	8.585206671687333e-09	1.118048363028535e-08	1.381050838669897e-08	1.443382049332942e-08	1.432834766564448e-08	1.371616757029938e-08	1.402655437771994e-08	1.555748701204706e-08	1.777738429603797e-08	1.955140504182551e-08	1.989579352066911e-08	1.790243933714754e-08	1.447387860275104e-08	1.126719810623304e-08	9.713374538104026e-09	1.041378898583311e-08	1.117891045450053e-08	9.819387798372219e-09	6.258226165199802e-09	4.492093332237084e-09	7.914341277794322e-09	1.003648945015449e-08	1.078219139049662e-08	1.113134081717589e-08	1.213941085021716e-08	1.380592312752536e-08	1.560248811221157e-08	1.74534557247684e-08	1.95850401631217e-08	2.101661374813257e-08	2.144657820547254e-08	1.996996367355079e-08	1.741691031023883e-08	1.424048170523971e-08	1.217623099953851e-08	1.114935859393052e-08	1.131145353917945e-08	1.190896265222805e-08	1.22638411483734e-08	1.215072284031011e-08	1.164604495818114e-08	1.120347813205457e-08	1.142761615783307e-08	1.194244511346437e-08	1.259829915354176e-08	1.286837500450584e-08	1.245220732611197e-08	1.120022858562328e-08	9.641809365136868e-09	9.286993506484539e-09	9.759960982186255e-09	1.023228885247534e-08	1.10070823306072e-08	1.216113873664467e-08	1.362037747993454e-08	1.440548444602564e-08	1.444234822440262e-08	1.448661998267877e-08	1.446413720381517e-08	1.392352893930487e-08	1.460100257832278e-08	1.627141079827109e-08	1.6748246493114e-08	1.565539040879332e-08	1.427623596327966e-08	1.200823663025116e-08	1.073813400764194e-08	9.863239172629954e-09	9.912310208769272e-09	1.111228110563397e-08	1.255847109159498e-08	1.289349504942927e-08	1.204226468991167e-08	1.060850304701656e-08	1.062908994766863e-08	1.150056401643032e-08	1.254390944465127e-08	1.247650553981181e-08	1.288213414437172e-08	1.338313109904169e-08	1.382799774122453e-08	1.346161023779222e-08	1.484783732878459e-08	1.715581543714001e-08	1.759320962572077e-08	1.706383758626882e-08	1.601873658995181e-08	1.521050895711357e-08	1.290221998236903e-08	1.143024257325956e-08	1.252727882180732e-08	1.355060222576906e-08	1.449751265214102e-08	1.476162393740423e-08	1.366090419485035e-08	1.224811204231504e-08	1.233013582667162e-08	1.307341111579301e-08	1.304066208871003e-08	1.230307797991107e-08	1.161052241211927e-08	1.020391175452001e-08	1.011500813716779e-08	1.141400596839899e-08	1.213409180902497e-08	1.211862706188897e-08	1.211592225050153e-08	1.211966075625943e-08	1.227411439647978e-08	1.264783319030977e-08	1.323364028706133e-08	1.32697114072712e-08	1.342718634114238e-08	1.354711225263043e-08	1.399826958232693e-08	1.439477105538696e-08	1.427497209713797e-08
1.77567291933144e-08	1.263569722932982e-08	1.138707117539777e-08	1.136419709529393e-08	1.203283380419565e-08	1.225548722503822e-08	1.24790232640766e-08	1.149095678825059e-08	9.285979988020653e-09	8.951835036363174e-09	1.055907100875419e-08	1.274517632559788e-08	1.467588646536334e-08	1.566800499933105e-08	1.564201022189737e-08	1.512205145602898e-08	1.508507525043449e-08	1.650821136016937e-08	1.83320225902668e-08	1.957268261715776e-08	1.96237125106921e-08	1.787880176888499e-08	1.493876548963758e-08	1.185719013477543e-08	9.461514348228684e-09	9.635421181894064e-09	1.07172960984509e-08	1.029132028005585e-08	8.355739207745185e-09	5.81415788405717e-09	5.531627896469413e-09	6.978754878798648e-09	8.343876332620798e-09	9.173284827682053e-09	1.022035419907025e-08	1.186139971569575e-08	1.371849911503801e-08	1.541383945001617e-08	1.694688866515196e-08	1.839265168545792e-08	1.922275123461742e-08	1.958782006084668e-08	1.873336110537577e-08	1.613126962002724e-08	1.344114088035297e-08	1.119112410885751e-08	1.058836007985178e-08	1.11050556923758e-08	1.138370092535273e-08	1.172642192971694e-08	1.220910098032834e-08	1.253050267314356e-08	1.291749088037027e-08	1.314436935208054e-08	1.351353372550669e-08	1.402568223493817e-08	1.317285115091022e-08	1.178559884688106e-08	1.137343091357094e-08	1.125826440703542e-08	1.113921599493484e-08	1.184694880340528e-08	1.330692226068951e-08	1.529373894400785e-08	1.584700474803879e-08	1.54956882223042e-08	1.499506525237554e-08	1.494954009462037e-08	1.498285608609916e-08	1.419070227486984e-08	1.400724178282367e-08	1.503683583719205e-08	1.569620910145223e-08	1.485467287573822e-08	1.326738743098652e-08	1.236839744812464e-08	1.140409626614444e-08	1.0526059407363e-08	9.206904745903388e-09	9.634866249522046e-09	1.082985606201724e-08	1.128368770364053e-08	1.046877345938335e-08	1.004508155069803e-08	9.937509625588027e-09	1.090067290487757e-08	1.142606326786017e-08	1.196640858968378e-08	1.282348753084002e-08	1.248855465150346e-08	1.292279050689929e-08	1.42768441628449e-08	1.526800477191255e-08	1.64993402611152e-08	1.774403168826298e-08	1.824710976398419e-08	1.717806148202978e-08	1.498865739927707e-08	1.318664277875941e-08	1.162007194602292e-08	1.134383665196233e-08	1.265835097059367e-08	1.352541146753497e-08	1.341538126668337e-08	1.194935538112064e-08	1.025698799311708e-08	9.090612406045473e-09	1.063567864923473e-08	1.255138050623686e-08	1.370371593504436e-08	1.386374315697846e-08	1.333040169143575e-08	1.383572931104195e-08	1.454680047760143e-08	1.447964438008291e-08	1.46868578101816e-08	1.463671886897585e-08	1.387275446349758e-08	1.246634693703651e-08	1.131847059116137e-08	1.110359723319184e-08	1.242056258993643e-08	1.307690066404904e-08	1.22377680172725e-08	1.125572567145084e-08	1.261464465600144e-08	1.41212031444653e-08	1.471338192886593e-08
1.689080817404993e-08	1.42862588195496e-08	1.379513244433705e-08	1.224486836602894e-08	1.129089080941851e-08	1.062745192028333e-08	9.722635897195601e-09	8.648142473633373e-09	8.003849750392078e-09	8.691506919712971e-09	1.123581666456172e-08	1.37476865833581e-08	1.546967462118519e-08	1.685142201048422e-08	1.728659953335943e-08	1.722508692409631e-08	1.643796451045806e-08	1.703491326590307e-08	1.803288879794212e-08	1.814721623793124e-08	1.684767888560764e-08	1.488656147463432e-08	1.331799235531217e-08	1.191380524415941e-08	1.112484851814688e-08	1.140206761397656e-08	1.176323688594417e-08	1.122622352118338e-08	9.865076184201211e-09	9.036328065856521e-09	8.437027658390111e-09	8.066048049659877e-09	7.997779647269368e-09	8.683868281687395e-09	9.897122334818616e-09	1.118412095140664e-08	1.277043257528649e-08	1.397647669896404e-08	1.532970326613439e-08	1.675414925883644e-08	1.772130669228932e-08	1.792903598872011e-08	1.715069375563403e-08	1.553687088893397e-08	1.308734508048242e-08	1.070716946263761e-08	1.013123544066482e-08	1.052969314291698e-08	1.13744813647695e-08	1.198671513032355e-08	1.244190422865892e-08	1.243842528826292e-08	1.273078569227433e-08	1.331918016563793e-08	1.443014436549874e-08	1.455524136007306e-08	1.399650705985797e-08	1.275426658821911e-08	1.279018379219246e-08	1.335028577225751e-08	1.337888250142204e-08	1.272552557804125e-08	1.297479170792889e-08	1.39008330462545e-08	1.429716067965438e-08	1.45414343535999e-08	1.4332408734702e-08	1.442493754252204e-08	1.429148475773451e-08	1.340451842908805e-08	1.365043029249024e-08	1.502973557148872e-08	1.505359043069173e-08	1.485402924779198e-08	1.443155408919821e-08	1.371122335457109e-08	1.269351977165966e-08	1.062456268729675e-08	9.466118444466687e-09	1.019928061591919e-08	1.18438121868818e-08	1.236336409131228e-08	1.198461548068317e-08	1.108509009456972e-08	1.064576447205286e-08	1.074236475543997e-08	1.114884500995127e-08	1.156369027269778e-08	1.20625247640843e-08	1.189114890809684e-08	1.142684862653769e-08	1.315904892942004e-08	1.557907241604991e-08	1.6650149652094e-08	1.73528646007889e-08	1.776252969413006e-08	1.765266415255824e-08	1.574064133009645e-08	1.172443306272685e-08	1.043153553273291e-08	1.073001419643503e-08	1.133700083964829e-08	1.074325641009405e-08	9.476220528201622e-09	1.002457431952007e-08	9.898213320242569e-09	1.120849723974498e-08	1.259669705398623e-08	1.360922603227524e-08	1.454676751554084e-08	1.488013666591131e-08	1.506071965266622e-08	1.569068594323194e-08	1.616515521518577e-08	1.655807159634974e-08	1.709415617235232e-08	1.633846357378309e-08	1.391204181184388e-08	1.162345597702668e-08	8.490072552319813e-09	7.074601847657221e-09	9.487038016965742e-09	1.210420315480571e-08	1.341499081365173e-08	1.379405872802148e-08	1.474747615961253e-08	1.4763793806067e-08	1.233144385318905e-08
1.426847551416055e-08	1.440124868235595e-08	1.465772620058432e-08	1.450767838004156e-08	1.394897882738728e-08	1.23006428934976e-08	1.039044355859077e-08	8.744469447847332e-09	7.360818984003559e-09	7.821781218335952e-09	9.295777276173945e-09	1.170563194586665e-08	1.452161212753582e-08	1.645968593152792e-08	1.72165282386902e-08	1.724321485296464e-08	1.63119557877157e-08	1.608088642156428e-08	1.685035948531685e-08	1.643141856485994e-08	1.535081615195042e-08	1.38336107935695e-08	1.248208189421625e-08	1.159681354365145e-08	1.170473921090791e-08	1.265392040960973e-08	1.361354601299094e-08	1.375284705618894e-08	1.246740121368796e-08	1.126500846787828e-08	9.843067608710932e-09	8.427062227106434e-09	8.298605408964934e-09	9.155212155228349e-09	1.031725956316495e-08	1.125603152037944e-08	1.204632834468142e-08	1.314016093667912e-08	1.461239955338213e-08	1.578359785251208e-08	1.703043350691994e-08	1.759809094949816e-08	1.597743595890729e-08	1.390307284410056e-08	1.243072094397831e-08	1.148460361755731e-08	1.16678888583881e-08	1.192420193118364e-08	1.187611136522827e-08	1.212686848596277e-08	1.312888091787894e-08	1.337327060013952e-08	1.384054129595225e-08	1.370077982151663e-08	1.36327977432734e-08	1.341020896039211e-08	1.310838988605519e-08	1.235012822106087e-08	1.27195440013735e-08	1.278337533979558e-08	1.269251604362515e-08	1.342766438825841e-08	1.423453059139341e-08	1.450971248158916e-08	1.42533051381342e-08	1.399346515192367e-08	1.373031918249534e-08	1.399205403103105e-08	1.402447465597664e-08	1.292252930018496e-08	1.310032129644883e-08	1.34265184556329e-08	1.352415046776428e-08	1.369517316290996e-08	1.393981212235411e-08	1.335308156048438e-08	1.155804966850087e-08	9.912798795701135e-09	9.850853573383094e-09	1.054269355147376e-08	1.153597940850452e-08	1.252924710420508e-08	1.186320611168978e-08	1.066966671026527e-08	1.158914338004185e-08	1.2886919893906e-08	1.27528467186113e-08	1.209243733303705e-08	1.188664064825025e-08	1.296553516009973e-08	1.434875707311902e-08	1.543311618565231e-08	1.614346531315616e-08	1.685726454907673e-08	1.734848982188581e-08	1.724024253494937e-08	1.600474888154613e-08	1.37177097013027e-08	1.173721528248666e-08	1.111960854005134e-08	1.133708841024727e-08	1.171097519433149e-08	1.080822944045328e-08	1.021320396575389e-08	1.02278450853131e-08	9.796256873026237e-09	1.005014802127892e-08	1.091425371959319e-08	1.186068551106222e-08	1.334219663605989e-08	1.498174004786067e-08	1.662855848564096e-08	1.737752808565697e-08	1.730416394152039e-08	1.71628792026509e-08	1.55958873860549e-08	1.411191526469107e-08	1.271096904227532e-08	1.026150893900752e-08	9.252856917512194e-09	1.036387209966077e-08	1.125598921532466e-08	1.170280159902353e-08	1.177961920554561e-08	1.178803287082463e-08	1.323656933079961e-08	1.476719761278629e-08	1.547447073272713e-08
1.653817807893296e-08	1.543436272138291e-08	1.600503746446521e-08	1.598699367376651e-08	1.462571187054359e-08	1.244905695863401e-08	9.305967206109325e-09	5.648850555017927e-09	6.00359750123479e-09	8.484108958111928e-09	9.997315381585548e-09	1.099558557043302e-08	1.291193521479332e-08	1.476544984912962e-08	1.519803170338829e-08	1.420940633759137e-08	1.38360385184465e-08	1.453025000988465e-08	1.516021996239551e-08	1.512216681832792e-08	1.479295902607509e-08	1.462489477971048e-08	1.378787143377399e-08	1.243243751685589e-08	1.22178384999234e-08	1.374722534484098e-08	1.551156413572331e-08	1.64544283090853e-08	1.589656398903599e-08	1.361132543075531e-08	1.065446100538759e-08	8.60976304796018e-09	8.834717705303151e-09	1.012201864699408e-08	1.14906644579336e-08	1.256313429838849e-08	1.364082334746877e-08	1.479882254276372e-08	1.520700348240246e-08	1.471415495136346e-08	1.497950912293393e-08	1.494663869954833e-08	1.35591192512218e-08	1.240075649984208e-08	1.184839894728245e-08	1.235433418514451e-08	1.278671809297802e-08	1.27680619060062e-08	1.342958314587742e-08	1.43183687901942e-08	1.475520663639741e-08	1.511698161150956e-08	1.479992969964607e-08	1.365290436004151e-08	1.295803262022594e-08	1.241331329969549e-08	1.239566902349639e-08	1.267855069115259e-08	1.311085335327586e-08	1.316430627605118e-08	1.321586925097989e-08	1.303903190138236e-08	1.218098934244169e-08	1.056612300367174e-08	1.075905264250117e-08	1.155265713157116e-08	1.249417809656799e-08	1.313086976414197e-08	1.368891483851756e-08	1.371559391627934e-08	1.381429212096477e-08	1.315514270572604e-08	1.279416982489659e-08	1.25804517035202e-08	1.198590662224394e-08	1.138768922706132e-08	9.880574348540344e-09	8.67153482753191e-09	9.571040821672608e-09	1.137217759592268e-08	1.234000269857449e-08	1.277633819140286e-08	1.290758952303526e-08	1.265844075586231e-08	1.240620549678902e-08	1.267908707000397e-08	1.257204276934058e-08	1.148179049286952e-08	1.152073086476597e-08	1.261366910543977e-08	1.536434747825213e-08	1.713282286348708e-08	1.761766115416633e-08	1.847876237467647e-08	1.903756298403226e-08	1.82383476728939e-08	1.706217148543427e-08	1.535858793472617e-08	1.380696079975977e-08	1.331298408164509e-08	1.267019571455706e-08	1.150194506659416e-08	1.07894387081047e-08	1.060868917677403e-08	1.035682052938453e-08	1.048707497640811e-08	1.12264173509342e-08	1.212292517315527e-08	1.317731485182648e-08	1.401315647804315e-08	1.46312247559924e-08	1.420253852602252e-08	1.378402310307657e-08	1.428176420420388e-08	1.524404747162986e-08	1.501222897037432e-08	1.336096247254335e-08	1.142276479252333e-08	9.424964552067377e-09	7.594923219330415e-09	7.668736581036712e-09	9.119482424734367e-09	1.074135706510452e-08	1.230924692441253e-08	1.344720310971882e-08	1.460909750605521e-08	1.670144789505235e-08	1.882036672002643e-08
1.64826158775646e-08	1.535413751331474e-08	1.621465668504776e-08	1.634710908783968e-08	1.522209419348387e-08	1.276286821951829e-08	9.873388722501452e-09	7.155917891888985e-09	7.702118767558284e-09	8.795198498514833e-09	9.679718133763285e-09	1.088267634931739e-08	1.210132714651902e-08	1.318383477016376e-08	1.262057183995294e-08	1.124043621771728e-08	1.266346054655104e-08	1.379599464325284e-08	1.433552153445364e-08	1.428129988422788e-08	1.393436320837814e-08	1.397295414286074e-08	1.288773181725567e-08	1.143243926340607e-08	1.269933768384443e-08	1.615983638888944e-08	1.879601782305438e-08	1.955130497368717e-08	1.804806466484722e-08	1.473847687987314e-08	1.113083913809201e-08	7.828254301421787e-09	7.470596900178777e-09	9.604928665732205e-09	1.151528334034631e-08	1.267333408582028e-08	1.35314318315068e-08	1.424020856818892e-08	1.464857656236456e-08	1.392655229982296e-08	1.411070324458491e-08	1.437108293842438e-08	1.44812427056674e-08	1.474279581333484e-08	1.447671560259446e-08	1.488986676042689e-08	1.469977139369611e-08	1.383092589637336e-08	1.39428455428127e-08	1.428113572424658e-08	1.409141289560203e-08	1.307191411463474e-08	1.144893131035525e-08	1.163638168842877e-08	1.189926239756396e-08	1.299193450825954e-08	1.363201897859181e-08	1.397040835901336e-08	1.325277932824749e-08	1.230894869424592e-08	1.181786636321601e-08	1.155326401248921e-08	1.143974506278786e-08	1.162821894665151e-08	1.219416010615478e-08	1.283586699062516e-08	1.302533137921105e-08	1.359237373213974e-08	1.423528561832881e-08	1.442604957936984e-08	1.363664350623764e-08	1.216882544913261e-08	1.198391842732286e-08	1.142235585351545e-08	1.003152421320443e-08	1.052707368663715e-08	9.740710866104835e-09	8.653060171061875e-09	8.320170138763233e-09	8.741986826424254e-09	1.044648916247946e-08	1.215120148247651e-08	1.287537425932615e-08	1.329781429213558e-08	1.273948175482837e-08	1.225632663023512e-08	1.16973208128548e-08	1.121315840597151e-08	1.246321580220496e-08	1.386314248687283e-08	1.473378823006424e-08	1.658359822133165e-08	1.843163892719509e-08	1.907064892967506e-08	1.865117427755088e-08	1.71728666178129e-08	1.644579381762886e-08	1.586607614669796e-08	1.611220314447415e-08	1.590132550636156e-08	1.538383173437124e-08	1.486095143099837e-08	1.387953386380726e-08	1.311792353325601e-08	1.332986862899867e-08	1.34586438906289e-08	1.290010144621313e-08	1.255876078455752e-08	1.281106150766886e-08	1.26001418953394e-08	1.169888974368013e-08	1.02573312545551e-08	1.068850660340661e-08	1.223714525534301e-08	1.324271680367183e-08	1.219552094216678e-08	1.060321873673351e-08	9.143644078471777e-09	8.570023547659086e-09	8.654884870052732e-09	9.397016997439919e-09	1.041798888878917e-08	1.103758377867677e-08	1.163162936611994e-08	1.302851659572838e-08	1.583028338471439e-08	1.875304264606144e-08	1.975850731493309e-08
