   h    k    l      d (Å)      F(real)      F(imag)          |F|         2θ          I    M ID(λ) Phase
   0    0    1  12.288000     4.058543     0.062515      4.05902    7.18810    0.10823    2     1     1
   0    0    1  12.288000     4.087767     0.062732      4.08825    7.20553    0.05463    2     2     1
   0    0    2   6.144000   -11.691284    -0.231790      11.6936   14.40468    0.22065    2     1     1
   0    0    2   6.144000   -11.740137    -0.232712      11.7424   14.43975    0.11070    2     2     1
   1    0    0   5.777255    -2.581960    -0.055872      2.58256   15.32443    0.02846    6     1     1
   1    0    0   5.777255    -2.589751    -0.056102      2.59036   15.36176    0.01425    6     2     1
   1    0    1   5.228243     9.100303     0.194396      9.10238   16.94489    0.28786    6     1     1
   0    1    1   5.228243     0.825363     0.011675     0.825445   16.94489    0.00237    6     1     1
   1    0    1   5.228243     9.131624     0.195188      9.13371   16.98623    0.14420    6     2     1
   0    1    1   5.228243     0.832193     0.011713     0.832276   16.98623    0.00120    6     2     1
   1    0    2   4.208820    -6.039195    -0.068907      6.03959   21.09138    0.08070    6     1     1
   0    1    2   4.208820     4.608902     0.050826      4.60918   21.09138    0.04700    6     1     1
   1    0    2   4.208820    -6.100070    -0.069089      6.10046   21.14305    0.04096    6     2     1
   0    1    2   4.208820     4.656431     0.050955      4.65671   21.14305    0.02387    6     2     1
   0    0    3   4.096000   -16.128860    -0.292714      16.1315   21.67926    0.18126    2     1     1
   0    0    3   4.096000   -16.226260    -0.293807      16.2289   21.73240    0.09126    2     2     1
   1    0    3   3.341405    -7.350236    -0.075758      7.35063   26.65663    0.07320    6     1     1
   0    1    3   3.341405   -24.611738    -0.490995      24.6166   26.65663    0.82100    6     1     1
   1    1    0   3.335500   -38.351434    -8.865966      39.3629   26.70470    1.04562    3     1     1
  -1   -1    0   3.335500   -38.744686     7.390416      39.4432   26.70470    1.04989    3     1     1
   1    0    3   3.341405    -7.430310    -0.075932       7.4307   26.72239    0.03721    6     2     1
   0    1    3   3.341405   -24.749082    -0.492880       24.754   26.72239    0.41293    6     2     1
   1    1    0   3.335500   -38.583183    -8.895173      39.5953   26.77058    0.52625    3     2     1
  -1   -1    0   3.335500   -38.978058     7.414061      39.6769   26.77058    0.52842    3     2     1
   1    1    1   3.219016    18.259465    23.765822      29.9704   27.68994    1.12267    6     1     1
  -1   -1    1   3.219016    18.732361   -22.924022      29.6043   27.68994    1.09541    6     1     1
   1    1    1   3.219016    18.336443    24.025582      30.2234   27.75834    0.56787    6     2     1
  -1   -1    1   3.219016    18.810393   -23.180390      29.8523   27.75834    0.55401    6     2     1
   0    0    4   3.072000   -41.577292    -0.342392      41.5787   29.04350    0.65065    2     1     1
   0    0    4   3.072000   -42.083162    -0.342893      42.0846   29.11540    0.33153    2     2     1
   1    1    2   2.931378    52.050126    -1.643220      52.0761   30.46971    2.76329    6     1     1
  -1   -1    2   2.931378    51.930465     3.115473      52.0238   30.46971    2.75775    6     1     1
   1    1    2   2.931378    52.526290    -1.648910      52.5522   30.54530    1.39956    6     2     1
  -1   -1    2   2.931378    52.406135     3.125745      52.4993   30.54530    1.39674    6     2     1
   2    0    0   2.888628    25.955216     0.657221      25.9635   30.93184    0.66501    6     1     1
   2    0    0   2.888628    26.041860     0.659938      26.0502   31.00864    0.33295    6     2     1
   0    2    1   2.811976    24.213092     0.540463      24.2191   31.79702    0.54527    6     1     1
   2    0    1   2.811976     3.720898     0.019240      3.72095   31.79702    0.01287    6     1     1
   0    2    1   2.811976    24.335370     0.542596      24.3414   31.87608    0.27392    6     2     1
   2    0    1   2.811976     3.773041     0.019221      3.77309   31.87608    0.00658    6     2     1
   0    1    4   2.712380    36.996293     1.057438      37.0114   32.99731    1.17532    6     1     1
   1    0    4   2.712380   -12.334174    -0.480768      12.3435   32.99731    0.13073    6     1     1
   0    1    4   2.712380    37.069896     1.061940      37.0851   33.07951    0.58683    6     2     1
   1    0    4   2.712380   -12.292150    -0.482965      12.3016   33.07951    0.06457    6     2     1
   0    2    2   2.614121   -50.256982    -1.228004       50.272   34.27519    1.99653    6     1     1
   2    0    2   2.614121   101.810378     2.593643      101.843   34.27519    8.19389    6     1     1
   0    2    2   2.614121   -50.475866    -1.232967      50.4909   34.36078    1.00152    6     2     1
   2    0    2   2.614121   102.199063     2.604272      102.232   34.36078    4.10591    6     2     1
   1    1    3   2.586409   -23.890243    71.132053      75.0367   34.65399    4.34275    6     1     1
  -1   -1    3   2.586409   -20.837402   -72.124073      75.0738   34.65399    4.34705    6     1     1
   1    1    3   2.586409   -24.020950    71.562124       75.486   34.74059    2.18552    6     2     1
  -1   -1    3   2.586409   -20.956406   -72.558009      75.5237   34.74059    2.18771    6     2     1
   0    0    5   2.457600   -77.847774    -2.202804      77.8789   36.53265    1.38911    2     1     1
   0    0    5   2.457600   -78.062156    -2.212061      78.0935   36.62427    0.69455    2     2     1
   2    0    3   2.360640    -9.267486    -0.209787      9.26986   38.08972    0.05385    6     1     1
   0    2    3   2.360640    -8.248348    -0.184146       8.2504   38.08972    0.04266    6     1     1
   2    0    3   2.360640    -9.322619    -0.210600        9.325   38.18553    0.02710    6     2     1
   0    2    3   2.360640    -8.298745    -0.184855       8.3008   38.18553    0.02147    6     2     1
   1    0    5   2.261486   -42.804668    -1.276846      42.8237   39.82872    1.04105    6     1     1
   0    1    5   2.261486   -45.981361    -1.369522      46.0018   39.82872    1.20131    6     1     1
   1    1    4   2.259652    35.682229    -3.882006      35.8928   39.86241    0.72997    6     1     1
  -1   -1    4   2.259652    35.408217     6.042853      35.9202   39.86241    0.73108    6     1     1
   1    0    5   2.261486   -42.913625    -1.282243      42.9328   39.92928    0.52026    6     2     1
   0    1    5   2.261486   -46.099487    -1.375308        46.12   39.92928    0.60037    6     2     1
   1    1    4   2.259652    35.763034    -3.895803      35.9746   39.96306    0.36460    6     2     1
  -1   -1    4   2.259652    35.487891     6.065830      36.0026   39.96306    0.36517    6     2     1
   2    1    0   2.183597    55.576253   -53.381018      77.0601   41.31304    3.10707    6     1     1
  -2   -1    0   2.183597    52.387367    56.395650      76.9734   41.31304    3.10009    6     1     1
   2    1    0   2.183597    55.788765   -53.551725      77.3316   41.41769    1.55569    6     2     1
  -2   -1    0   2.183597    52.586564    56.578791      77.2432   41.41769    1.55213    6     2     1
   1    2    1   2.149916    27.337691  -156.653131      159.021   41.99060   12.75855    6     1     1
   2    1    1   2.149916   -11.718417    77.309026      78.1921   41.99060    3.08475    6     1     1
  -2   -1    1   2.149916    18.468693   157.861903      158.939   41.99060   12.74539    6     1     1
  -1   -2    1   2.149916    -7.343939   -77.928619      78.2739   41.99060    3.09121    6     1     1
   1    2    1   2.149916    27.464816  -157.247959      159.628   42.09713    6.39178    6     2     1
   2    1    1   2.149916   -11.742041    77.603298      78.4866   42.09713    1.54523    6     2     1
  -2   -1    1   2.149916    18.559204   158.461612      159.545   42.09713    6.38508    6     2     1
  -1   -2    1   2.149916    -7.349508   -78.225557      78.5701   42.09713    1.54851    6     2     1
   2    0    4   2.104410   149.664254     4.367428      149.728   42.94309   10.75632    6     1     1
   0    2    4   2.104410  -191.773499    -5.618088      191.856   42.94309   17.66068    6     1     1
   2    0    4   2.104410   150.182458     4.385597      150.246   43.05228    5.38469    6     2     1
   0    2    4   2.104410  -192.425906    -5.641488      192.509   43.05228    8.83999    6     2     1
   1    2    2   2.057516    84.737200    -4.317322      84.8471   43.97220    3.27500    6     1     1
   2    1    2   2.057516   -55.038962     8.312816      55.6632   43.97220    1.40953    6     1     1
  -1   -2    2   2.057516   -54.587373   -11.322437      55.7493   43.97220    1.41389    6     1     1
  -2   -1    2   2.057516    84.239029     9.050341      84.7238   43.97220    3.26549    6     1     1
   1    2    2   2.057516    85.100946    -4.303156      85.2097   44.08428    1.64209    6     2     1
   2    1    2   2.057516   -55.291444     8.375217      55.9222   44.08428    0.70727    6     2     1
  -1   -2    2   2.057516   -54.838142   -11.397068        56.01   44.08428    0.70949    6     2     1
  -2   -1    2   2.057516    84.600567     9.055541      85.0838   44.08428    1.63724    6     2     1
   0    0    6   2.048000  -136.208437    -3.716883      136.259   44.18727    2.78468    2     1     1
   0    0    6   2.048000  -136.851942    -3.731943      136.903   44.29994    1.39749    2     2     1
   1    1    5   1.978544   -70.720507  -365.203535      371.988   45.82500   57.35225    6     1     1
  -1   -1    5   1.978544   -92.666287   360.167599      371.897   45.82500   57.32437    6     1     1
   1    1    5   1.978544   -70.931684  -366.467494      373.269   45.94233   28.70747    6     2     1
  -1   -1    5   1.978544   -92.968954   361.410442      373.177   45.94233   28.69326    6     2     1
   0    1    6   1.930302    88.813432     2.518524      88.8491   47.03822    3.08393    6     1     1
   1    0    6   1.930302    -5.025593     0.080925      5.02624   47.03822    0.00987    6     1     1
   2    1    3   1.926886   -26.125045    85.551818      89.4518   47.12664    3.11263    6     1     1
   1    2    3   1.926886     5.121689   -57.839306      58.0656   47.12664    1.31156    6     1     1
  -1   -2    3   1.926886   -20.999849   -86.815526      89.3193   47.12664    3.10341    6     1     1
  -2   -1    3   1.926886     1.668586    58.183026      58.2069   47.12664    1.31795    6     1     1
   3    0    0   1.925752   507.132426    15.840172       507.38   47.15608  100.00000    6     1     1
   0    1    6   1.930302    89.236598     2.528754      89.2724   47.15903    1.54766    6     2     1
   1    0    6   1.930302    -5.173964     0.081576      5.17461   47.15903    0.00520    6     2     1
   2    1    3   1.926886   -26.268614    85.895523      89.8225   47.24770    1.56014    6     2     1
   1    2    3   1.926886     5.102920   -58.070628      58.2944   47.24770    0.65712    6     2     1
  -1   -2    3   1.926886   -21.122264   -87.164257       89.687   47.24770    1.55543    6     2     1
  -2   -1    3   1.926886     1.635560    58.415962      58.4389   47.24770    0.66038    6     2     1
   3    0    0   1.925752   508.748424    15.906592      508.997   47.27723   50.02733    6     2     1
   3    0    1   1.902530   -17.696830    -0.559548      17.7057   47.76722    0.11827    6     1     1
   0    3    1   1.902530   -24.410411    -0.760602      24.4223   47.76722    0.22502    6     1     1
   3    0    1   1.902530   -17.751644    -0.561899      17.7605   47.89014    0.05916    6     2     1
   0    3    1   1.902530   -24.492335    -0.763783      24.5042   47.89014    0.11261    6     2     1
   2    0    5   1.871817  -112.802205    -3.565252      112.859   48.60113    4.62002    6     1     1
   0    2    5   1.871817   -98.188146    -3.119000      98.2377   48.60113    3.50051    6     1     1
   2    0    5   1.871817  -113.172110    -3.580190      113.229   48.72647    2.31162    6     2     1
   0    2    5   1.871817   -98.501206    -3.132089       98.551   48.72647    1.75116    6     2     1
   0    3    2   1.837601   -18.739282    -0.557796      18.7476   49.56640    0.12191    6     1     1
   3    0    2   1.837601   -28.038213    -0.841638      28.0508   49.56640    0.27293    6     1     1
   0    3    2   1.837601   -18.824644    -0.560078       18.833   49.69457    0.06115    6     2     1
   3    0    2   1.837601   -28.161848    -0.845092      28.1745   49.69457    0.13686    6     2     1
   2    1    4   1.779790  -132.339864     5.788159      132.466   51.29100    5.63050    6     1     1
  -1   -2    4   1.779790  -131.819144   -14.300263      132.593   51.29100    5.64123    6     1     1
  -2   -1    4   1.779790    79.437910     4.457487      79.5629   51.29100    2.03122    6     1     1
   1    2    4   1.779790    79.659527     0.669270      79.6623   51.29100    2.03630    6     1     1
   2    1    4   1.779790  -132.805031     5.843549      132.934   51.42428    2.81843    6     2     1
  -1   -2    4   1.779790  -132.282312   -14.391227      133.063   51.42428    2.82392    6     2     1
  -2   -1    4   1.779790    79.716907     4.445072      79.8407   51.42428    1.01669    6     2     1
   1    2    4   1.779790    79.939590     0.703111      79.9427   51.42428    1.01929    6     2     1
   0    0    7   1.755429   -26.272598    -0.702884       26.282   52.05573    0.07143    2     1     1
   0    0    7   1.755429   -26.456954    -0.705607      26.4664   52.19129    0.03600    2     2     1
   1    1    6   1.745273   -92.235252    18.479800      94.0683   52.38157    2.70650    6     1     1
  -1   -1    6   1.745273   -90.870497   -24.914438      94.2241   52.38157    2.71547    6     1     1
   0    3    3   1.742748    -7.798845    -0.167827      7.80065   52.46327    0.01855    6     1     1
   3    0    3   1.742748     5.030299     0.236074      5.03584   52.46327    0.00773    6     1     1
   1    1    6   1.745273   -92.419957    18.558117      94.2648   52.51811    1.35087    6     2     1
  -1   -1    6   1.745273   -91.049568   -25.020318      94.4248   52.51811    1.35546    6     2     1
   0    3    3   1.742748    -7.879564    -0.168405      7.88136   52.60006    0.00941    6     2     1
   3    0    3   1.742748     5.004042     0.237164      5.00966   52.60006    0.00380    6     2     1
   0    1    7   1.679605   -12.842830    -0.279138      12.8459   54.59589    0.04593    6     1     1
   1    0    7   1.679605   -12.083203    -0.262257       12.086   54.59589    0.04066    6     1     1
   0    1    7   1.679605   -12.985045    -0.280083      12.9881   54.73917    0.02334    6     2     1
   1    0    7   1.679605   -12.217244    -0.263143      12.2201   54.73917    0.02066    6     2     1
   2    0    6   1.670703   -54.422580    -1.863743      54.4545   54.91123    0.81464    6     1     1
   0    2    6   1.670703    67.666892     2.393052      67.7092   54.91123    1.25948    6     1     1
   2    2    0   1.667750    -2.480361    34.552110       34.641   55.01667    0.16412    3     1     1
  -2   -2    0   1.667750    -0.253008   -34.291359      34.2923   55.01667    0.16083    3     1     1
   2    0    6   1.670703   -54.592034    -1.871599      54.6241   55.05547    0.40742    6     2     1
   0    2    6   1.670703    67.828571     2.403250      67.8711   55.05547    0.62900    6     2     1
   2    2    0   1.667750    -2.604185    34.703226      34.8008   55.16124    0.08233    3     2     1
  -2   -2    0   1.667750    -0.367638   -34.440856      34.4428   55.16124    0.08064    3     2     1
   2    2    1   1.652599     5.782575    46.239643      46.5998   55.56445    0.58076    6     1     1
  -2   -2    1   1.652599     9.333434   -45.801781      46.7431   55.56445    0.58434    6     1     1
   2    2    1   1.652599     5.825788    46.260132      46.6255   55.71072    0.28897    6     2     1
  -2   -2    1   1.652599     9.392177   -45.820547      46.7732   55.71072    0.29080    6     2     1
   1    2    5   1.632350   -69.947718    27.011958      74.9822   56.31466    1.45858    6     1     1
   2    1    5   1.632350   -65.033788    38.253205        75.45   56.31466    1.47683    6     1     1
  -1   -2    5   1.632350   -62.380748   -42.646313       75.565   56.31466    1.48134    6     1     1
  -2   -1    5   1.632350   -68.020808   -31.759670        75.07   56.31466    1.46200    6     1     1
   0    3    4   1.631660    35.813087     1.737340      35.8552   56.34059    0.33317    6     1     1
   3    0    4   1.631660    26.234161     1.422919      26.2727   56.34059    0.17888    6     1     1
   1    2    5   1.632350   -70.183177    27.132574      75.2453   56.46325    0.73004    6     2     1
   2    1    5   1.632350   -65.250166    38.423514      75.7229   56.46325    0.73934    6     2     1
  -1   -2    5   1.632350   -62.586178   -42.835096      75.8411   56.46325    0.74165    6     2     1
  -2   -1    5   1.632350   -68.248315   -31.900235      75.3356   56.46325    0.73180    6     2     1
   0    3    4   1.631660    35.595098     1.745410      35.6379   56.48926    0.16359    6     2     1
   3    0    4   1.631660    25.973775     1.429690      26.0131   56.48926    0.08716    6     2     1
   2    2    2   1.609508    30.399214    13.618863      33.3104   57.18686    0.27801    6     1     1
  -2   -2    2   1.609508    31.263614   -12.486049      33.6647   57.18686    0.28395    6     1     1
   2    2    2   1.609508    30.846735    13.678877      33.7436   57.33819    0.14179    6     2     1
  -2   -2    2   1.609508    31.714703   -12.542868      34.1049   57.33819    0.14485    6     2     1
   3    1    0   1.602322    -0.696821    42.298362      42.3041   57.46716    0.44347    6     1     1
  -3   -1    0   1.602322     2.204128   -42.249731      42.3072   57.46716    0.44353    6     1     1
   3    1    0   1.602322    -0.699007    42.456199       42.462   57.61937    0.22206    6     2     1
  -3   -1    0   1.602322     2.214067   -42.407369      42.4651   57.61937    0.22209    6     2     1
   1    3    1   1.588871     5.750798   -73.122370      73.3482   57.99971    1.30566    6     1     1
   3    1    1   1.588871    14.521990    62.834690       64.491   57.99971    1.00937    6     1     1
  -1   -3    1   1.588871    18.669478   -61.686546      64.4498   57.99971    1.00808    6     1     1
  -3   -1    1   1.588871     0.841223    73.381972      73.3868   57.99971    1.30703    6     1     1
   1    3    1   1.588871     5.762035   -73.447073      73.6727   58.15360    0.65470    6     2     1
   3    1    1   1.588871    14.574585    63.122446      64.7832   58.15360    0.50623    6     2     1
  -1   -3    1   1.588871    18.739171   -61.969498      64.7408   58.15360    0.50557    6     2     1
  -3   -1    1   1.588871     0.832171    73.707812      73.7125   58.15360    0.65540    6     2     1
   1    1    7   1.553430   -11.957872    -3.074150      12.3467   59.45405    0.03499    6     1     1
  -1   -1    7   1.553430   -12.668801     2.445594      12.9027   59.45405    0.03821    6     1     1
   1    3    2   1.550463    -9.288620    17.441702      19.7609   59.57927    0.08921    6     1     1
   3    1    2   1.550463    -0.984711   -20.422922      20.4466   59.57927    0.09551    6     1     1
  -1   -3    2   1.550463    -2.278834    20.216142      20.3442   59.57927    0.09455    6     1     1
  -3   -1    2   1.550463    -7.999490   -17.912320      19.6174   59.57927    0.08792    6     1     1
   1    1    7   1.553430   -12.087955    -2.897019      12.4303   59.61258    0.01763    6     2     1
  -1   -1    7   1.553430   -12.802717     2.266224      13.0017   59.61258    0.01929    6     2     1
   1    3    2   1.550463    -9.373812    17.489901      19.8435   59.73821    0.04471    6     2     1
   3    1    2   1.550463    -0.954524   -20.548525      20.5707   59.73821    0.04805    6     2     1
  -1   -3    2   1.550463    -2.253839    20.340726      20.4652   59.73821    0.04756    6     2     1
  -3   -1    2   1.550463    -8.079211   -17.962259      19.6956   59.73821    0.04405    6     2     1
   2    2    3   1.544621   -17.476402   -57.633219      60.2247   59.82754    0.82093    6     1     1
  -2   -2    3   1.544621   -20.861091    56.457847      60.1887   59.82754    0.81995    6     1     1
   2    2    3   1.544621   -17.606363   -58.083498      60.6933   59.98728    0.41440    6     2     1
  -2   -2    3   1.544621   -21.004152    56.903501      60.6563   59.98728    0.41389    6     2     1
   0    0    8   1.536000  -123.697329    -3.895521      123.759   60.19793    1.13971    2     1     1
   0    0    8   1.536000  -124.519702    -3.911011      124.581   60.35886    0.57402    2     2     1
   3    0    5   1.515817   -40.075949    -1.476273      40.1031   61.08436    0.34751    6     1     1
   0    3    5   1.515817   -41.998023    -1.542682      42.0263   61.08436    0.38164    6     1     1
   3    0    5   1.515817   -40.192524    -1.482531      40.2199   61.24818    0.17373    6     2     1
   0    3    5   1.515817   -42.123554    -1.549214       42.152   61.24818    0.19082    6     2     1
   0    2    7   1.500145   -13.519576    -0.411419      13.5258   61.79198    0.03853    6     1     1
   2    0    7   1.500145   -16.821430    -0.519950      16.8295   61.79198    0.05966    6     1     1
   0    2    7   1.500145   -13.629438    -0.413010      13.6357   61.95812    0.01946    6     2     1
   2    0    7   1.500145   -16.951823    -0.521976      16.9599   61.95812    0.03011    6     2     1
   1    2    6   1.493793   -19.279254     4.173037      19.7257   62.08382    0.08111    6     1     1
   2    1    6   1.493793    18.964665    -0.937183      18.9878   62.08382    0.07515    6     1     1
  -1   -2    6   1.493793    18.759032     2.593019      18.9374   62.08382    0.07475    6     1     1
  -2   -1    6   1.493793   -19.016852    -5.697511       19.852   62.08382    0.08215    6     1     1
   1    3    3   1.492208   -17.408695   -16.737521      24.1497   62.15707    0.12125    6     1     1
  -3   -1    3   1.492208   -18.554100    15.677726      24.2909   62.15707    0.12267    6     1     1
  -1   -3    3   1.492208   -10.651872     9.004560      13.9479   62.15707    0.04045    6     1     1
   3    1    3   1.492208    -9.991784    -9.526134      13.8052   62.15707    0.03962    6     1     1
   1    2    6   1.493793   -19.296064     4.225480      19.7533   62.25092    0.04043    6     2     1
   2    1    6   1.493793    18.920385    -0.909248      18.9422   62.25092    0.03717    6     2     1
  -1   -2    6   1.493793    18.713752     2.572541      18.8897   62.25092    0.03697    6     2     1
  -2   -1    6   1.493793   -19.032730    -5.756590      19.8842   62.25092    0.04096    6     2     1
   3    1    3   1.492208   -10.118232    -9.565798      13.9242   62.32442    0.02003    6     2     1
  -1   -3    3   1.492208   -10.781068     9.042439      14.0711   62.32442    0.02046    6     2     1
   1    3    3   1.492208   -17.569150   -16.811018      24.3164   62.32442    0.06110    6     2     1
  -3   -1    3   1.492208   -18.719305    15.747211       24.462   62.32442    0.06183    6     2     1
   0    1    8   1.484431    72.861524     2.652364      72.9098   62.51927    1.09108    6     1     1
   1    0    8   1.484431   -13.223220    -0.675086      13.2404   62.51927    0.03598    6     1     1
   0    1    8   1.484431    73.129697     2.663490      73.1782   62.68782    0.54632    6     2     1
   1    0    8   1.484431   -13.116709    -0.678265      13.1342   62.68782    0.01760    6     2     1
   2    2    4   1.465689    24.419281   -17.447363      30.0119   63.41087    0.17921    6     1     1
  -2   -2    4   1.465689    23.117890    19.275748      30.0997   63.41087    0.18026    6     1     1
   2    2    4   1.465689    24.476064   -17.531052      30.1067   63.58239    0.08964    6     2     1
  -2   -2    4   1.465689    23.169301    19.367259      30.1978   63.58239    0.09019    6     2     1
   4    0    0   1.444314   -58.022336    -2.073093      58.0594   64.46150    0.64712    6     1     1
   4    0    0   1.444314   -58.307867    -2.081639       58.345   64.63656    0.32484    6     2     1
   4    0    1   1.434439    31.773166     1.182253      31.7952   64.95954    0.19087    6     1     1
   0    4    1   1.434439    -7.218428    -0.222616      7.22186   64.95954    0.00985    6     1     1
   4    0    1   1.434439    31.894810     1.187208      31.9169   65.13629    0.09560    6     2     1
   0    4    1   1.434439    -7.286069    -0.223460       7.2895   65.13629    0.00499    6     2     1
   3    1    4   1.420682    -3.826845   -28.436507      28.6929   65.66731    0.15186    6     1     1
   1    3    4   1.420682    26.156978    29.314658      39.2879   65.66731    0.28471    6     1     1
  -3   -1    4   1.420682    28.294848   -27.547651      39.4901   65.66731    0.28765    6     1     1
  -1   -3    4   1.420682    -5.809868    28.219306      28.8112   65.66731    0.15311    6     1     1
   3    1    4   1.420682    -3.905596   -28.608359      28.8737   65.84649    0.07644    6     2     1
   1    3    4   1.420682    26.379329    29.424382      39.5179   65.84649    0.14319    6     2     1
  -3   -1    4   1.420682    28.526174   -27.650509      39.7277   65.84649    0.14472    6     2     1
  -1   -3    4   1.420682    -5.896656    28.390532      28.9964   65.84649    0.07709    6     2     1
   4    0    2   1.405988    36.951773     1.407047      36.9786   66.44181    0.24600    6     1     1
   0    4    2   1.405988   -62.639341    -2.326083      62.6825   66.44181    0.70685    6     1     1
   3    0    6   1.402940   -42.977160    -1.448540      43.0016   66.60492    0.33093    6     1     1
   0    3    6   1.402940   -48.992399    -1.669112      49.0208   66.60492    0.43006    6     1     1
   4    0    2   1.405988    37.084177     1.412969      37.1111   66.62365    0.12317    6     2     1
   0    4    2   1.405988   -62.918051    -2.335755      62.9614   66.62365    0.35451    6     2     1
   3    0    6   1.402940   -43.307353    -1.454251      43.3318   66.78733    0.16705    6     2     1
   0    3    6   1.402940   -49.352334    -1.675735      49.3808   66.78733    0.21694    6     2     1
   1    1    8   1.395176    11.510486    -5.391753      12.7107   67.02435    0.02853    6     1     1
  -1   -1    8   1.395176    11.089126     6.043184      12.6289   67.02435    0.02817    6     1     1
   1    1    8   1.395176    11.652430    -5.418923      12.8508   67.20822    0.01450    6     2     1
  -1   -1    8   1.395176    11.229330     6.072657      12.7662   67.20822    0.01431    6     2     1
   2    2    5   1.379999   -59.912742   196.053977      205.004   67.86094    7.23157    6     1     1
  -2   -2    5   1.379999   -44.791449  -200.096277      205.048   67.86094    7.23469    6     1     1
   2    2    5   1.379999   -60.133613   196.845173      205.825   68.04775    3.62400    6     2     1
  -2   -2    5   1.379999   -44.949028  -200.904490      205.871   68.04775    3.62562    6     2     1
   2    1    7   1.368142     1.800604   -20.862066      20.9396   68.53033    0.07393    6     1     1
   1    2    7   1.368142   -25.652040    60.473479      65.6892   68.53033    0.72752    6     1     1
  -2   -1    7   1.368142   -21.065876   -62.076259      65.5533   68.53033    0.72451    6     1     1
  -1   -2    7   1.368142     0.229640    21.073625      21.0749   68.53033    0.07488    6     1     1
   0    0    9   1.365333    19.928784     0.679423      19.9404   68.69101    0.02224    2     1     1
   2    1    7   1.368142     1.741500   -20.966713      21.0389   68.71951    0.03710    6     2     1
   1    2    7   1.368142   -25.852072    60.780211      66.0497   68.71951    0.36568    6     2     1
  -2   -1    7   1.368142   -21.246980   -62.389280      65.9079   68.71951    0.36411    6     2     1
  -1   -2    7   1.368142     0.164047    21.179450      21.1801   68.71951    0.03760    6     2     1
   4    0    3   1.362113    -2.156818     0.017492      2.15689   68.87623    0.00078    6     1     1
   0    4    3   1.362113   -27.750813    -0.942985      27.7668   68.87623    0.12865    6     1     1
   0    0    9   1.365333    20.097519     0.682074      20.1091   68.88075    0.01124    2     2     1
   4    0    3   1.362113    -2.267199     0.017788      2.26727   69.06664    0.00043    6     2     1
   0    4    3   1.362113   -27.991982    -0.946652       28.008   69.06664    0.06508    6     2     1
   0    2    8   1.356190    64.172135     2.250834      64.2116   69.21975    0.68099    6     1     1
   2    0    8   1.356190    14.423553     0.622610       14.437   69.21975    0.03442    6     1     1
   0    2    8   1.356190    64.671460     2.259737      64.7109   69.41138    0.34387    6     2     1
   2    0    8   1.356190    14.416318     0.625361      14.4299   69.41138    0.01710    6     2     1
   3    1    5   1.342237   -19.071590    23.806856       30.504   70.04386    0.15003    6     1     1
   1    3    5   1.342237   -23.138900    25.703744      34.5846   70.04386    0.19286    6     1     1
  -1   -3    5   1.342237   -17.214527   -25.262622      30.5702   70.04386    0.15068    6     1     1
  -3   -1    5   1.342237   -21.126182   -27.457466      34.6443   70.04386    0.19352    6     1     1
   3    1    5   1.342237   -19.128538    23.934696      30.6394   70.23846    0.07526    6     2     1
   1    3    5   1.342237   -23.219585    25.841470      34.7409   70.23846    0.09676    6     2     1
  -1   -3    5   1.342237   -17.263832   -25.396651      30.7088   70.23846    0.07560    6     2     1
  -3   -1    5   1.342237   -21.198581   -27.602597      34.8035   70.23846    0.09711    6     2     1
   0    1    9   1.328732   -17.280693    -0.716024      17.2955   70.86214    0.04712    6     1     1
   1    0    9   1.328732   -13.754929    -0.573863      13.7669   70.86214    0.02986    6     1     1
   0    1    9   1.328732   -17.312056    -0.719109       17.327   71.05971    0.02352    6     2     1
   1    0    9   1.328732   -13.775583    -0.576344      13.7876   71.05971    0.01489    6     2     1
   3    2    0   1.325393    13.166229    22.709403      26.2501   71.06763    0.10792    6     1     1
  -3   -2    0   1.325393    14.931102   -21.624486      26.2784   71.06763    0.10816    6     1     1
   3    2    0   1.325393    13.232934    22.793419      26.3562   71.26595    0.05410    6     2     1
  -3   -2    0   1.325393    15.005241   -21.704012       26.386   71.26595    0.05422    6     2     1
  -3   -2    1   1.317750    -2.589113  -118.619401      118.648   71.54301    2.17602    6     1     1
  -2   -3    1   1.317750    12.728119    36.567826      38.7196   71.54301    0.23174    6     1     1
   2    3    1   1.317750   -11.743971   117.954075      118.537   71.54301    2.17197    6     1     1
   3    2    1   1.317750    15.505871   -35.587670       38.819   71.54301    0.23293    6     1     1
  -3   -2    1   1.317750    -2.544617  -119.231102      119.258   71.74309    1.09323    6     2     1
  -2   -3    1   1.317750    12.858778    36.764017      38.9479   71.74309    0.11660    6     2     1
   2    3    1   1.317750   -11.737294   118.562750      119.142   71.74309    1.09111    6     2     1
   3    2    1   1.317750    15.647968   -35.780093      39.0522   71.74309    0.11723    6     2     1
   0    4    4   1.307061   -31.198605    -1.157038      31.2201   72.21965    0.14792    6     1     1
   4    0    4   1.307061   118.639643     4.540646      118.727   72.21965    2.13924    6     1     1
   0    4    4   1.307061   -31.429339    -1.161666      31.4508   72.42223    0.07465    6     2     1
   4    0    4   1.307061   119.353015     4.559189       119.44   72.42223    1.07667    6     2     1
   0    3    7   1.297320    -2.053876    -0.013249      2.05392   72.84856    0.00063    6     1     1
   3    0    7   1.297320   -11.653310    -0.389421      11.6598   72.84856    0.02029    6     1     1
   2    3    2   1.295590    65.510597     2.065370      65.5431   72.96147    0.63927    6     1     1
   3    2    2   1.295590   -25.418509   -11.374781      27.8476   72.96147    0.11540    6     1     1
  -2   -3    2   1.295590   -26.179288     9.431032      27.8262   72.96147    0.11522    6     1     1
  -3   -2    2   1.295590    65.528696     3.018759      65.5982   72.96147    0.64034    6     1     1
   0    3    7   1.297320    -2.145401    -0.013126      2.14544   73.05349    0.00034    6     2     1
   3    0    7   1.297320   -11.795558    -0.390850       11.802   73.05349    0.01034    6     2     1
   2    2    6   1.293204   -79.572639   -41.164316      89.5897   73.11788    1.18952    6     1     1
  -2   -2    6   1.293204   -82.543381    34.425752      89.4346   73.11788    1.18540    6     1     1
   2    3    2   1.295590    65.891468     2.039792       65.923   73.16682    0.32162    6     2     1
   3    2    2   1.295590   -25.602109   -11.467194      28.0529   73.16682    0.05824    6     2     1
  -2   -3    2   1.295590   -26.365881     9.515635      28.0305   73.16682    0.05815    6     2     1
  -3   -2    2   1.295590    65.909789     3.065173       65.981   73.16682    0.32219    6     2     1
   2    2    6   1.293204   -79.772612   -41.378865      89.8659   73.32382    0.59525    6     2     1
  -2   -2    6   1.293204   -82.755619    34.611499       89.702   73.32382    0.59308    6     2     1
   1    1    9   1.263572   -12.778248    21.845989      25.3087   75.12377    0.09027    6     1     1
  -1   -1    9   1.263572   -11.288464   -22.916319      25.5458   75.12377    0.09197    6     1     1
  -3   -1    6   1.261975   -25.257264    20.817617      32.7308   75.23540    0.15058    6     1     1
  -1   -3    6   1.261975    93.728656   -17.436123      95.3367   75.23540    1.27754    6     1     1
   3    1    6   1.261975    91.981282    24.783827      95.2617   75.23540    1.27553    6     1     1
   1    3    6   1.261975   -23.565227   -22.565580      32.6271   75.23540    0.14963    6     1     1
  -2   -3    3   1.261019    -0.395271    59.566100      59.5674   75.30235    0.49794    6     1     1
   2    3    3   1.261019   -11.201507    52.906759      54.0796   75.30235    0.41042    6     1     1
  -3   -2    3   1.261019    -6.908698   -53.626908      54.0701   75.30235    0.41027    6     1     1
   3    2    3   1.261019     4.378484   -59.399666      59.5608   75.30235    0.49783    6     1     1
   4    1    0   1.260701    69.924690    -7.653334      70.3423   75.32466    0.69400    6     1     1
  -4   -1    0   1.260701    69.075765    13.431956      70.3696   75.32466    0.69454    6     1     1
   1    1    9   1.263572   -12.775956    22.170249       25.588   75.33735    0.04590    6     2     1
  -1   -1    9   1.263572   -11.280921   -23.245303       25.838   75.33735    0.04680    6     2     1
  -3   -1    6   1.261975   -25.536956    20.966245      33.0412   75.44941    0.07633    6     2     1
  -1   -3    6   1.261975    94.312144   -17.501089      95.9222   75.44941    0.64334    6     2     1
   3    1    6   1.261975    92.557407    24.878788      95.8427   75.44941    0.64228    6     2     1
   1    3    6   1.261975   -23.838083   -22.720794      32.9316   75.44941    0.07583    6     2     1
  -2   -3    3   1.261019    -0.398562    59.895330      59.8967   75.51662    0.25045    6     2     1
   2    3    3   1.261019   -11.264885    53.187674      54.3675   75.51662    0.20634    6     2     1
  -3   -2    3   1.261019    -6.954328   -53.910772      54.3575   75.51662    0.20627    6     2     1
   3    2    3   1.261019     4.394871   -59.728190      59.8897   75.51662    0.25039    6     2     1
   4    1    0   1.260701    70.175616    -7.697648      70.5965   75.53902    0.34773    6     2     1
  -4   -1    0   1.260701    69.323184    13.500681      70.6256   75.53902    0.34802    6     2     1
   1    2    8   1.256315     8.846268    17.070594      19.2266   75.63375    0.05147    6     1     1
  -2   -1    8   1.256315    10.137793   -16.190038      19.1022   75.63375    0.05080    6     1     1
   2    1    8   1.256315    43.757997    -4.526701      43.9915   75.63375    0.26945    6     1     1
  -1   -2    8   1.256315    43.211478     7.770257      43.9045   75.63375    0.26838    6     1     1
   1    4    1   1.254117    34.323309   -37.626691      50.9299   75.78966    0.35982    6     1     1
  -4   -1    1   1.254117    30.896410    40.235627      50.7296   75.78966    0.35700    6     1     1
   4    1    1   1.254117    28.643631   -53.674829      60.8395   75.78966    0.51347    6     1     1
  -1   -4    1   1.254117    23.940327    55.773142      60.6942   75.78966    0.51102    6     1     1
   1    2    8   1.256315     8.816441    17.197728      19.3259   75.84931    0.02587    6     2     1
  -2   -1    8   1.256315    10.113146   -16.313193      19.1936   75.84931    0.02552    6     2     1
   2    1    8   1.256315    44.178286    -4.519181      44.4088   75.84931    0.13660    6     2     1
  -1   -2    8   1.256315    43.629361     7.775330      44.3168   75.84931    0.13603    6     2     1
   1    4    1   1.254117    34.526985   -37.638969      51.0765   76.00583    0.18004    6     2     1
  -4   -1    1   1.254117    31.085093    40.258594      50.8629   76.00583    0.17853    6     2     1
   4    1    1   1.254117    28.815515   -53.774216      61.0082   76.00583    0.25686    6     2     1
  -1   -4    1   1.254117    24.091949    55.881111      60.8533   76.00583    0.25556    6     2     1
   0    4    5   1.245199    -0.241587    -0.024898     0.242867   76.42988    0.00001    6     1     1
   4    0    5   1.245199    -5.863892    -0.251495      5.86928   76.42988    0.00471    6     1     1
   0    4    5   1.245199    -0.221284    -0.025048     0.222697   76.64855    0.00000    6     2     1
   4    0    5   1.245199    -5.877471    -0.252573      5.88289   76.64855    0.00235    6     2     1
   4    1    2   1.234970    41.266101     0.913255      41.2762   77.17908    0.22898    6     1     1
   1    4    2   1.234970    33.148303   -21.530988      39.5271   77.17908    0.20998    6     1     1
  -4   -1    2   1.234970    31.292310    23.719609      39.2661   77.17908    0.20722    6     1     1
  -1   -4    2   1.234970    41.220049     2.015169      41.2693   77.17908    0.22890    6     1     1
   0    2    9   1.234393   -13.201828    -0.603317      13.2156   77.22184    0.02345    6     1     1
   2    0    9   1.234393    -6.261834    -0.323855       6.2702   77.22184    0.00528    6     1     1
   4    1    2   1.234970    41.832948     0.916176       41.843   77.40072    0.11708    6     2     1
   1    4    2   1.234970    33.669008   -21.651620      40.0299   77.40072    0.10716    6     2     1
  -4   -1    2   1.234970    31.805350    23.847809       39.753   77.40072    0.10568    6     2     1
  -1   -4    2   1.234970    41.786703     2.022871      41.8356   77.40072    0.11704    6     2     1
   0    2    9   1.234393   -13.182161    -0.606008      13.1961   77.44364    0.01163    6     2     1
   2    0    9   1.234393    -6.196025    -0.325410      6.20456   77.44364    0.00257    6     2     1
   0    0   10   1.228800   353.581120    14.755219      353.889   77.63898    5.55435    2     1     1
   0    0   10   1.228800   355.252396    14.816760      355.561   77.86244    2.79002    2     2     1
   3    2    4   1.216960  -157.025892   -17.150724       157.96   78.53886    3.25707    6     1     1
   2    3    4   1.216960   125.009409    32.229652      129.097   78.53886    2.17555    6     1     1
  -3   -2    4   1.216960   127.292285   -21.658886      129.122   78.53886    2.17637    6     1     1
  -2   -3    4   1.216960  -157.860201     3.940452      157.909   78.53886    3.25500    6     1     1
   3    2    4   1.216960  -157.810493   -17.271662      158.753   78.76595    1.63724    6     2     1
   2    3    4   1.216960   125.645856    32.368306      129.748   78.76595    1.09363    6     2     1
  -3   -2    4   1.216960   127.938303   -21.753622      129.775   78.76595    1.09408    6     2     1
  -2   -3    4   1.216960  -158.648098     4.006444      158.699   78.76595    1.63612    6     2     1
   2    2    7   1.209086    -8.567560   -16.245365      18.3661   79.15033    0.04349    6     1     1
  -2   -2    7   1.209086    -9.656165    15.581236      18.3308   79.15033    0.04332    6     1     1
   2    2    7   1.209086    -8.699442   -16.539724       18.688   79.37991    0.02241    6     2     1
  -2   -2    7   1.209086    -9.791667    15.873206      18.6503   79.37991    0.02232    6     2     1
   4    1    3   1.204919   -25.217720    24.667398      35.2763   79.47829    0.15938    6     1     1
   1    4    3   1.204919   -13.458439    42.034359      44.1363   79.47829    0.24949    6     1     1
  -4   -1    3   1.204919   -10.122305   -42.960760      44.1371   79.47829    0.24950    6     1     1
  -1   -4    3   1.204919   -23.295604   -26.640337      35.3892   79.47829    0.16040    6     1     1
   4    1    3   1.204919   -25.412718    25.006449      35.6529   79.70921    0.08103    6     2     1
   1    4    3   1.204919   -13.585798    42.470903      44.5909   79.70921    0.12675    6     2     1
  -4   -1    3   1.204919   -10.236741   -43.400896      44.5918   79.70921    0.12676    6     2     1
  -1   -4    3   1.204919   -23.483516   -26.987300      35.7742   79.70921    0.08158    6     2     1
   0    1   10   1.201914   -17.963510    -0.803411      17.9815   79.71668    0.04122    6     1     1
   1    0   10   1.201914    99.818181     4.315202      99.9114   79.71668    1.27249    6     1     1
   0    3    8   1.200813   -92.525709    -3.742460      92.6014   79.80441    1.09123    6     1     1
   3    0    8   1.200813   -84.750785    -3.415024      84.8196   79.80441    0.91553    6     1     1
   0    1   10   1.201914   -17.982945    -0.806904       18.001   79.94858    0.02056    6     2     1
   1    0   10   1.201914   100.184782     4.333442      100.278   79.94858    0.63804    6     2     1
   0    3    8   1.200813   -93.319993    -3.757333      93.3956   80.03668    0.55252    6     2     1
   3    0    8   1.200813   -85.500918    -3.428546      85.5696   80.03668    0.46381    6     2     1
   3    1    7   1.183446   -18.458100    -0.943104      18.4822   81.21787    0.04233    6     1     1
  -3   -1    7   1.183446    -0.802665    13.676957      13.7005   81.21787    0.02326    6     1     1
  -1   -3    7   1.183446   -18.482137    -0.511699      18.4892   81.21787    0.04237    6     1     1
   1    3    7   1.183446     0.367319   -13.577977      13.5829   81.21787    0.02286    6     1     1
   3    1    7   1.183446   -18.682217    -0.941745      18.7059   81.45602    0.02159    6     2     1
  -3   -1    7   1.183446    -0.918616    13.750549      13.7812   81.45602    0.01172    6     2     1
  -1   -3    7   1.183446   -18.706376    -0.518562      18.7136   81.45602    0.02161    6     2     1
   1    3    7   1.183446     0.256220   -13.650683      13.6531   81.45602    0.01150    6     2     1
   4    0    6   1.180320   -30.053068    -1.207890      30.0773   81.47836    0.11159    6     1     1
   0    4    6   1.180320   160.773258     6.849116      160.919   81.47836    3.19420    6     1     1
   4    0    6   1.180320   -30.380960    -1.212549      30.4051   81.71761    0.05678    6     2     1
   0    4    6   1.180320   161.774622     6.877235      161.921   81.71761    1.61024    6     2     1
  -3   -2    5   1.166560   -96.215714    44.330095      105.937   82.64772    1.35686    6     1     1
  -2   -3    5   1.166560   -82.079684    53.118992      97.7686   82.64772    1.15569    6     1     1
   3    2    5   1.166560   -77.177541   -60.135609        97.84   82.64772    1.15737    6     1     1
   2    3    5   1.166560   -92.020825   -52.605632      105.996   82.64772    1.35838    6     1     1
   1    4    4   1.166308   -25.878545     1.921746      25.9498   82.66948    0.08139    6     1     1
   4    1    4   1.166308   -16.641893    14.999128      22.4037   82.66948    0.06066    6     1     1
  -1   -4    4   1.166308   -15.284947   -16.318332      22.3588   82.66948    0.06042    6     1     1
  -4   -1    4   1.166308   -25.618608    -4.089304      25.9429   82.66948    0.08134    6     1     1
  -3   -2    5   1.166560   -96.650567    44.602603      106.446   82.89196    0.68223    6     2     1
  -2   -3    5   1.166560   -82.434449    53.441788      98.2419   82.89196    0.58112    6     2     1
   3    2    5   1.166560   -77.512097   -60.487879      98.3204   82.89196    0.58205    6     2     1
   2    3    5   1.166560   -92.438389   -52.912824      106.511   82.89196    0.68306    6     2     1
   1    4    4   1.166308   -26.098003     1.935656      26.1697   82.91382    0.04122    6     2     1
   4    1    4   1.166308   -16.806419    15.088749       22.586   82.91382    0.03070    6     2     1
  -1   -4    4   1.166308   -15.443875   -16.413110      22.5367   82.91382    0.03057    6     2     1
  -4   -1    4   1.166308   -25.836996    -4.111873      26.1621   82.91382    0.04120    6     2     1
   1    2    9   1.157661   -30.625942    67.371255      74.0056   83.42456    0.65393    6     1     1
   2    1    9   1.157661    10.090302  -112.964192      113.414   83.42456    1.53579    6     1     1
  -1   -2    9   1.157661     0.205194   113.347303      113.347   83.42456    1.53399    6     1     1
  -2   -1    9   1.157661   -24.632776   -69.858481      74.0742   83.42456    0.65514    6     1     1
   5    0    0   1.155451   -35.780865    -1.561280      35.8149   83.62006    0.15269    6     1     1
   1    2    9   1.157661   -30.718747    67.770684      74.4077   83.67217    0.32925    6     2     1
   2    1    9   1.157661    10.215328  -113.629332      114.088   83.67217    0.77405    6     2     1
  -1   -2    9   1.157661     0.289412   114.013712      114.014   83.67217    0.77305    6     2     1
  -2   -1    9   1.157661   -24.700844   -70.268524      74.4835   83.67217    0.32992    6     2     1
   1    1   10   1.153044  -109.969733   -12.774265      110.709   83.83423    1.45414    6     1     1
  -1   -1   10   1.153044  -110.663168     3.036165      110.705   83.83423    1.45403    6     1     1
   5    0    0   1.155451   -36.002308    -1.567704      36.0364   83.86852    0.07700    6     2     1
   5    0    1   1.150377   -49.944157    -2.232352       49.994   84.07298    0.29546    6     1     1
   0    5    1   1.150377    34.222162     1.467548      34.2536   84.07298    0.13870    6     1     1
   1    1   10   1.153044  -110.548900   -12.841180      111.292   84.08363    0.73198    6     2     1
  -1   -1   10   1.153044  -111.245197     3.062580      111.287   84.08363    0.73191    6     2     1
   5    0    1   1.150377   -50.153670    -2.241749      50.2037   84.32343    0.14842    6     2     1
   0    5    1   1.150377    34.511395     1.473424      34.5428   84.32343    0.07026    6     2     1
   5    0    2   1.135545    12.249740     0.534845      12.2614   85.42961    0.01743    6     1     1
   0    5    2   1.135545    23.361642     1.063353      23.3858   85.42961    0.06341    6     1     1
   5    0    2   1.135545    12.351871     0.536993      12.3635   85.68610    0.00883    6     2     1
   0    5    2   1.135545    23.442777     1.067866      23.4671   85.68610    0.03181    6     2     1
   0    2   10   1.130743   117.936167     5.353167      118.058   85.87973    1.60622    6     1     1
   2    0   10   1.130743   -10.457804    -0.498429      10.4697   85.87973    0.01263    6     1     1
   2    2    8   1.129826     0.402072     8.714475      8.72375   85.96629    0.00876    6     1     1
  -2   -2    8   1.129826     1.182261    -8.708351      8.78824   85.96629    0.00889    6     1     1
   0    2   10   1.130743   118.441010     5.375695      118.563   86.13826    0.80729    6     2     1
   2    0   10   1.130743   -10.437832    -0.500659      10.4498   86.13826    0.00627    6     2     1
   2    2    8   1.129826     0.494302     8.767041      8.78096   86.22520    0.00442    6     2     1
  -2   -2    8   1.129826     1.277711    -8.761263      8.85394   86.22520    0.00450    6     2     1
   4    1    5   1.121721   -70.143135  -140.495960      157.032   86.74044    2.81101    6     1     1
   1    4    5   1.121721   -68.299535  -138.396815      154.332   86.74044    2.71517    6     1     1
  -4   -1    5   1.121721   -80.622475   131.623522      154.353   86.74044    2.71588    6     1     1
  -1   -4    5   1.121721   -82.647643   133.548091      157.053   86.74044    2.81175    6     1     1
   4    1    5   1.121721   -70.503193  -141.140097       157.77   87.00289    1.41424    6     2     1
   1    4    5   1.121721   -68.648198  -139.028351      155.053   87.00289    1.36596    6     2     1
  -4   -1    5   1.121721   -81.022853   132.226772      155.076   87.00289    1.36637    6     2     1
  -1   -4    5   1.121721   -83.060166   134.163221      157.793   87.00289    1.41467    6     2     1
   0    0   11   1.117091     5.644175     0.270662      5.65066   87.18990    0.00121    2     1     1
   4    0    7   1.115325    -8.324583    -0.334566       8.3313   87.36277    0.00785    6     1     1
   0    4    7   1.115325    -7.773775    -0.307755      7.77986   87.36277    0.00685    6     1     1
   0    0   11   1.117091     5.632929     0.271874      5.63949   87.45443    0.00060    2     2     1
   0    3    9   1.113802     2.589485     0.094492      2.59121   87.51253    0.00076    6     1     1
   3    0    9   1.113802    -3.633422    -0.188422       3.6383   87.51253    0.00150    6     1     1
   3    2    6   1.112707    67.573219    29.754730      73.8342   87.62054    0.61505    6     1     1
   2    3    6   1.112707   -58.702024    -4.028733      58.8401   87.62054    0.39061    6     1     1
  -3   -2    6   1.112707   -58.800906    -1.367374      58.8168   87.62054    0.39030    6     1     1
  -2   -3    6   1.112707    70.014403   -23.396366      73.8201   87.62054    0.61482    6     1     1
   4    0    7   1.115325    -8.511255    -0.335666      8.51787   87.62810    0.00409    6     2     1
   0    4    7   1.115325    -7.962728    -0.308732      7.96871   87.62810    0.00358    6     2     1
   0    5    3   1.112052    32.304817     1.466272      32.3381   87.68534    0.11790    6     1     1
   5    0    3   1.112052   -31.854294    -1.455103      31.8875   87.68534    0.11464    6     1     1
   3    3    0   1.111833   235.970187   -30.817459      237.974   87.70695    3.19157    3     1     1
  -3   -3    0   1.111833   232.179169    52.440469      238.028   87.70695    3.19301    3     1     1
   0    3    9   1.113802     2.679189     0.094729      2.68086   87.77855    0.00040    6     2     1
   3    0    9   1.113802    -3.581866    -0.189353      3.58687   87.77855    0.00072    6     2     1
   2    3    6   1.112707   -58.984595    -4.083915      59.1258   87.88707    0.19662    6     2     1
   3    2    6   1.112707    67.835039    29.895543      74.1305   87.88707    0.30908    6     2     1
  -3   -2    6   1.112707   -59.083738    -1.334790      59.0988   87.88707    0.19644    6     2     1
  -2   -3    6   1.112707    70.286447   -23.510289      74.1142   87.88707    0.30895    6     2     1
   0    5    3   1.112052    32.518909     1.472293      32.5522   87.95218    0.05956    6     2     1
   5    0    3   1.112052   -32.035397    -1.461140      32.0687   87.95218    0.05780    6     2     1
   3    3    0   1.111833   236.930526   -31.029562      238.954   87.97388    1.60422    3     2     1
  -3   -3    0   1.111833   233.123867    52.743838      239.016   87.97388    1.60506    3     2     1
  -3   -1    8   1.108821   -22.155516    15.800614      27.2126   88.00638    0.08319    6     1     1
   3    1    8   1.108821    58.829227    10.787387      59.8101   88.00638    0.40188    6     1     1
  -1   -3    8   1.108821    59.587113    -5.327112      59.8248   88.00638    0.40207    6     1     1
   1    3    8   1.108821   -20.639220   -17.869625      27.3002   88.00638    0.08373    6     1     1
  -3   -3    1   1.107310   -26.140100    39.760351      47.5835   88.15754    0.25395    6     1     1
   3    3    1   1.107310   -22.400133   -41.992431      47.5934   88.15754    0.25406    6     1     1
  -3   -1    8   1.108821   -22.099667    15.936022      27.2461   88.27471    0.04158    6     2     1
   3    1    8   1.108821    59.107104    10.812085      60.0879   88.27471    0.20223    6     2     1
  -1   -3    8   1.108821    59.868269    -5.328919       60.105   88.27471    0.20234    6     2     1
   1    3    8   1.108821   -20.577262   -18.014361      27.3485   88.27471    0.04189    6     2     1
   3    3    1   1.107310   -22.522570   -42.249158      47.8775   88.42659    0.12818    6     2     1
  -3   -3    1   1.107310   -26.277975    40.007784       47.866   88.42659    0.12812    6     2     1
   0    1   11   1.096776    12.578917     0.598775      12.5932   89.22817    0.01760    6     1     1
   1    0   11   1.096776    12.275556     0.582117      12.2894   89.22817    0.01676    6     1     1
   0    1   11   1.096776    12.590787     0.601384      12.6051   89.50230    0.00879    6     2     1
   1    0   11   1.096776    12.295621     0.584636      12.3095   89.50230    0.00838    6     2     1
   3    3    2   1.094064   -20.463193    -4.940615      21.0512   89.50877    0.04904    6     1     1
  -3   -3    2   1.094064   -20.831273     3.024785      21.0497   89.50877    0.04903    6     1     1
   4    2    0   1.091799    61.699108   -36.565757      71.7205   89.74472    0.56798    6     1     1
  -4   -2    0   1.091799    58.009336    42.120666      71.6884   89.74472    0.56748    6     1     1
   3    3    2   1.094064   -20.587167    -4.971540      21.1789   89.78425    0.02476    6     2     1
  -3   -3    2   1.094064   -20.956758     3.047784      21.1772   89.78425    0.02475    6     2     1
   4    2    0   1.091799    62.091981   -36.729309      72.1419   90.02134    0.28664    6     2     1
  -4   -2    0   1.091799    58.386684    42.307106      72.1034   90.02134    0.28633    6     2     1
   4    2    1   1.087514    25.944765   -82.483365      86.4675   90.19502    0.82232    6     1     1
  -4   -2    1   1.087514   -25.810949   -77.709261      81.8837   90.19502    0.73745    6     1     1
   2    4    1   1.087514   -32.934673    74.966622      81.8822   90.19502    0.73742    6     1     1
  -2   -4    1   1.087514    18.156402    84.537889      86.4657   90.19502    0.82229    6     1     1
   2    4    1   1.087514   -33.128784    75.436246      82.3902   90.47383    0.37243    6     2     1
   4    2    1   1.087514    26.105004   -83.009212      87.0172   90.47383    0.41544    6     2     1
  -4   -2    1   1.087514   -25.975633   -78.190229       82.392   90.47383    0.37245    6     2     1
  -2   -4    1   1.087514    18.284511    85.072194      87.0149   90.47383    0.41541    6     2     1
   5    0    4   1.081483   133.129239     6.264034      133.277   90.83813    1.94339    6     1     1
   0    5    4   1.081483  -116.254290    -5.475551      116.383   90.83813    1.48195    6     1     1
   5    0    4   1.081483   133.894234     6.290050      134.042   91.12010    0.98076    6     2     1
   0    5    4   1.081483  -116.896425    -5.498345      117.026   91.12010    0.74756    6     2     1
   2    4    2   1.074958   -43.404902   -19.519664       47.592   91.54612    0.24651    6     1     1
   4    2    2   1.074958    48.235017    30.180787       56.899   91.54612    0.35235    6     1     1
  -4   -2    2   1.074958   -45.080081    15.354826      47.6234   91.54612    0.24683    6     1     1
  -2   -4    2   1.074958    50.838692   -25.519782      56.8844   91.54612    0.35216    6     1     1
   4    1    6   1.073594  -117.470537    14.566543       118.37   91.69579    1.52331    6     1     1
  -4   -1    6   1.073594  -108.888061   -32.755618      113.708   91.69579    1.40568    6     1     1
  -1   -4    6   1.073594  -115.566824   -25.680598      118.386   91.69579    1.52371    6     1     1
   1    4    6   1.073594  -111.489504    22.240462      113.686   91.69579    1.40514    6     1     1
  -3   -3    3   1.073005     7.744370   -13.741343      15.7734   91.76057    0.02704    6     1     1
   3    3    3   1.073005     6.410761    14.432600      15.7923   91.76057    0.02710    6     1     1
   2    4    2   1.074958   -43.722817   -19.567352      47.9016   91.83160    0.12462    6     2     1
   4    2    2   1.074958    48.595567    30.439612      57.3419   91.83160    0.17857    6     2     1
  -4   -2    2   1.074958   -45.405205    15.385484      47.9411   91.83160    0.12482    6     2     1
  -2   -4    2   1.074958    51.209696   -25.759571      57.3235   91.83160    0.17846    6     2     1
   4    1    6   1.073594  -117.979180    14.672181      118.888   91.98202    0.76685    6     2     1
  -4   -1    6   1.073594  -109.347031   -32.953911      114.205   91.98202    0.70762    6     2     1
  -1   -4    6   1.073594  -116.067612   -25.833085      118.908   91.98202    0.76710    6     2     1
   1    4    6   1.073594  -111.959210    22.394377      114.177   91.98202    0.70728    6     2     1
  -2   -1   10   1.070882     4.858291    38.534129      38.8392   91.99517    0.16367    6     1     1
  -1   -2   10   1.070882   128.744270    33.459192      133.021   91.99517    1.91984    6     1     1
   2    1   10   1.070882   131.343318   -21.046388      133.019   91.99517    1.91978    6     1     1
   1    2   10   1.070882     8.499164   -37.932606      38.8731   91.99517    0.16395    6     1     1
   3    3    3   1.073005     6.396219    14.524123      15.8702   92.04713    0.01366    6     2     1
  -3   -3    3   1.073005     7.735333   -13.829781      15.8461   92.04713    0.01362    6     2     1
  -2   -1   10   1.070882     4.983019    38.742586      39.0617   92.28290    0.08262    6     2     1
  -1   -2   10   1.070882   129.363305    33.622391      133.661   92.28290    0.96738    6     2     1
   2    1   10   1.070882   131.973234   -21.157504      133.658   92.28290    0.96734    6     2     1
   1    2   10   1.070882     8.639072   -38.138944      39.1051   92.28290    0.08280    6     2     1
   1    1   11   1.059264    38.472350    -5.074747      38.8056   93.30434    0.16212    6     1     1
  -1   -1   11   1.059264    37.745586     8.747910       38.746   93.30434    0.16163    6     1     1
   3    2    7   1.057758   -14.816361    19.339045      24.3623   93.47731    0.06384    6     1     1
  -3   -2    7   1.057758    -7.590881    49.676757      50.2534   93.47731    0.27165    6     1     1
   2    3    7   1.057758    -2.790895   -50.165460       50.243   93.47731    0.27154    6     1     1
  -2   -3    7   1.057758   -12.890602   -20.662584      24.3539   93.47731    0.06380    6     1     1
   1    1   11   1.059264    38.674158    -4.889888      38.9821   93.59875    0.08168    6     2     1
  -1   -1   11   1.059264    37.943497     8.578403      38.9011   93.59875    0.08134    6     2     1
   2    2    9   1.056458   -14.430571    18.854918      23.7434   93.62721    0.06060    6     1     1
  -2   -2    9   1.056458   -12.493610   -20.171926      23.7276   93.62721    0.06051    6     1     1
   3    2    7   1.057758   -14.943075    19.459183      24.5348   93.77262    0.03233    6     2     1
  -3   -2    7   1.057758    -7.673111    50.006473      50.5917   93.77262    0.13746    6     2     1
   2    3    7   1.057758    -2.853339   -50.497036      50.5776   93.77262    0.13738    6     2     1
  -2   -3    7   1.057758   -13.009338   -20.788053      24.5232   93.77262    0.03230    6     2     1
   2    4    3   1.054964   -16.423321    11.721061      20.1769   93.80024    0.04372    6     1     1
   4    2    3   1.054964     8.583396    11.250827      14.1512   93.80024    0.02151    6     1     1
  -2   -4    3   1.054964     9.626843   -10.354600      14.1384   93.80024    0.02147    6     1     1
  -4   -2    3   1.054964   -15.218494   -13.229895      20.1651   93.80024    0.04367    6     1     1
   2    2    9   1.056458   -14.446013    18.762864      23.6798   93.92329    0.03009    6     2     1
  -2   -2    9   1.056458   -12.500183   -20.085617      23.6577   93.92329    0.03004    6     2     1
   2    4    3   1.054964   -16.597001    11.794329      20.3609   94.09722    0.02223    6     2     1
   4    2    3   1.054964     8.570920    11.318181      14.1972   94.09722    0.01081    6     2     1
  -2   -4    3   1.054964     9.618694   -10.417974      14.1793   94.09722    0.01078    6     2     1
  -4   -2    3   1.054964   -15.387181   -13.309115      20.3445   94.09722    0.02220    6     2     1
   4    0    8   1.052205   -63.821781    -3.110164      63.8975   94.12181    0.43785    6     1     1
   0    4    8   1.052205   108.047869     5.238486      108.175   94.12181    1.25490    6     1     1
   4    0    8   1.052205   -64.049353    -3.123383      64.1255   94.42048    0.22021    6     2     1
   0    4    8   1.052205   108.659016     5.260299      108.786   94.42048    0.63376    6     2     1
   5    0    5   1.045649   -92.018761    -4.498120      92.1286   94.89680    0.90742    6     1     1
   0    5    5   1.045649   -71.527073    -3.499394      71.6126   94.89680    0.54828    6     1     1
   3    3    4   1.045467    75.551882    25.417389      79.7128   94.91846    0.67927    6     1     1
  -3   -3    4   1.045467    77.661631   -17.867034      79.6904   94.91846    0.67889    6     1     1
   5    0    5   1.045649   -92.472506    -4.516991      92.5828   95.19955    0.45772    6     2     1
   0    5    5   1.045649   -71.849478    -3.514136      71.9354   95.19955    0.27633    6     2     1
   3    3    4   1.045467    75.618900    25.573935      79.8263   95.22133    0.34025    6     2     1
  -3   -3    4   1.045467    77.737366   -17.990673       79.792   95.22133    0.33996    6     2     1
   0    2   11   1.041895    19.602098     0.960163      19.6256   95.34743    0.04112    6     1     1
   2    0   11   1.041895    10.556859     0.518537      10.5696   95.34743    0.01193    6     1     1
   0    2   11   1.041895    19.717431     0.964154       19.741   95.65259    0.02078    6     2     1
   2    0   11   1.041895    10.602203     0.520726       10.615   95.65259    0.00601    6     2     1
  -3   -1    9   1.039225     2.721386   -48.789823      48.8657   95.67121    0.25466    6     1     1
   3    1    9   1.039225   -15.972493   -56.554969      58.7672   95.67121    0.36832    6     1     1
  -1   -3    9   1.039225   -21.432712    54.713055      58.7612   95.67121    0.36824    6     1     1
   1    3    9   1.039225    -2.066786    48.816592      48.8603   95.67121    0.25461    6     1     1
   5    1    0   1.037626    51.787145   -34.502763      62.2282   95.86644    0.41276    6     1     1
  -5   -1    0   1.037626    48.143732    39.413207      62.2191   95.86644    0.41264    6     1     1
  -3   -1    9   1.039225     2.768268   -49.118387      49.1963   95.97811    0.12896    6     2     1
   3    1    9   1.039225   -16.041728   -56.921254      59.1385   95.97811    0.18634    6     2     1
  -1   -3    9   1.039225   -21.524509    55.071563      59.1285   95.97811    0.18628    6     2     1
   1    3    9   1.039225    -2.039647    49.145127      49.1874   95.97811    0.12891    6     2     1
   0    3   10   1.035881   225.217002    11.111248      225.491   96.08049    5.41698    6     1     1
   3    0   10   1.035881   226.840744    11.191210      227.117   96.08049    5.49537    6     1     1
   5    1    0   1.037626    52.134867   -34.665145      62.6076   96.17440    0.20875    6     2     1
  -5   -1    0   1.037626    48.476123    39.595823       62.592   96.17440    0.20865    6     2     1
  -5   -1    1   1.033946    -2.773214   123.216551      123.248   96.31931    1.61743    6     1     1
   1    5    1   1.033946     9.373700  -122.896475      123.253   96.31931    1.61758    6     1     1
  -1   -5    1   1.033946   -20.157202   -60.693685      63.9534   96.31931    0.43551    6     1     1
   5    1    1   1.033946   -26.034129    58.408434      63.9478   96.31931    0.43543    6     1     1
   0    3   10   1.035881   226.404375    11.157732      226.679   96.38962    2.73526    6     2     1
   3    0   10   1.035881   228.038900    11.238024      228.316   96.38962    2.77489    6     2     1
  -5   -1    1   1.033946    -2.728650   124.028282      124.058   96.62973    0.81889    6     2     1
  -1   -5    1   1.033946   -20.251234   -61.102496       64.371   96.62973    0.22047    6     2     1
   1    5    1   1.033946     9.468437  -123.707076      124.069   96.62973    0.81903    6     2     1
   5    1    1   1.033946   -26.152390    58.807622      64.3606   96.62973    0.22040    6     2     1
   4    2    4   1.028758    16.697312    11.114817      20.0584   96.96674    0.04279    6     1     1
  -2   -4    4   1.028758    17.709507    -9.402063      20.0506   96.96674    0.04276    6     1     1
   2    4    4   1.028758   -66.365379   -40.546347      77.7713   96.96674    0.64329    6     1     1
  -4   -2    4   1.028758   -70.060184    33.764643       77.772   96.96674    0.64330    6     1     1
   2    4    4   1.028758   -66.697120   -40.735913      78.1532   97.28073    0.32468    6     2     1
   4    2    4   1.028758    16.752718    11.260477      20.1854   97.28073    0.02166    6     2     1
  -2   -4    4   1.028758    17.768798    -9.540422       20.168   97.28073    0.02162    6     2     1
  -4   -2    4   1.028758   -70.407471    33.925747      78.1548   97.28073    0.32469    6     2     1
   0    0   12   1.024000    62.128523     3.103971       62.206   97.57003    0.13709    2     1     1
   4    1    7   1.023988   -10.920141    13.784605      17.5859   97.57152    0.03287    6     1     1
   1    4    7   1.023988   -20.152343     1.766758      20.2296   97.57152    0.04350    6     1     1
  -1   -4    7   1.023988    -9.504981   -14.799140      17.5886   97.57152    0.03288    6     1     1
  -4   -1    7   1.023988   -19.887818    -3.760169      20.2402   97.57152    0.04354    6     1     1
   5    1    2   1.023137   -36.204259    -5.472465      36.6155   97.68040    0.14248    6     1     1
   1    5    2   1.023137    49.961139    14.006459      51.8873   97.68040    0.28612    6     1     1
  -1   -5    2   1.023137   -36.572949     1.839073      36.6192   97.68040    0.14251    6     1     1
  -5   -1    2   1.023137    51.104924    -8.960330      51.8845   97.68040    0.28609    6     1     1
   0    0   12   1.024000    62.413843     3.117049      62.4916   97.88738    0.06916    2     2     1
   4    1    7   1.023988   -11.081126    14.091518      17.9266   97.88888    0.01707    6     2     1
   1    4    7   1.023988   -20.376949     1.994075      20.4743   97.88888    0.02227    6     2     1
  -1   -4    7   1.023988    -9.660972   -15.109883      17.9344   97.88888    0.01709    6     2     1
  -4   -1    7   1.023988   -20.112180    -3.995357      20.5052   97.88888    0.02234    6     2     1
   5    1    2   1.023137   -36.490647    -5.431598      36.8927   97.99837    0.07231    6     2     1
   1    5    2   1.023137    50.349061    14.167029      52.3042   97.99837    0.14534    6     2     1
  -1   -5    2   1.023137   -36.861149     1.783375      36.9043   97.99837    0.07236    6     2     1
  -5   -1    2   1.023137    51.497277    -9.100268      52.2952   97.99837    0.14529    6     2     1
   3    3    5   1.012991   -26.729133    38.777519      47.0972   99.00215    0.23571    6     1     1
  -3   -3    5   1.012991   -22.683765   -41.272968      47.0958   99.00215    0.23569    6     1     1
   3    3    5   1.012991   -26.823545    39.045012       47.371   99.32765    0.11926    6     2     1
  -3   -3    5   1.012991   -22.761479   -41.551089       47.377   99.32765    0.11929    6     2     1
   0    1   12   1.008284   -24.473598    -1.245816      24.5053   99.63047    0.06385    6     1     1
   1    0   12   1.008284    16.369446     0.837032      16.3908   99.63047    0.02856    6     1     1
   5    0    6   1.006337   -33.233374    -1.690134      33.2763   99.89328    0.11777    6     1     1
   0    5    6   1.006337    88.263597     4.489545      88.3777   99.89328    0.83074    6     1     1
  -1   -5    3   1.005853     4.083090   -48.093509      48.2665   99.95901    0.24781    6     1     1
   1    5    3   1.005853    -0.522875   -41.496446      41.4997   99.95901    0.18319    6     1     1
   5    1    3   1.005853    -0.827136    48.257585      48.2647   99.95901    0.24779    6     1     1
  -5   -1    3   1.005853    -4.737603    41.226469      41.4978   99.95901    0.18318    6     1     1
   0    1   12   1.008284   -24.729653    -1.250784      24.7613   99.95961    0.03261    6     2     1
   1    0   12   1.008284    16.686929     0.840081      16.7081   99.95961    0.01485    6     2     1
   5    0    6   1.006337   -33.388365    -1.697256      33.4315  100.22396    0.05947    6     2     1
   0    5    6   1.006337    88.699020     4.508416      88.8135  100.22396    0.41970    6     2     1
   2    3    8   1.003460    14.338665   -13.236334       19.514  100.28489    0.04053    6     1     1
   3    2    8   1.003460    46.212151     7.584114      46.8304  100.28489    0.23341    6     1     1
  -3   -2    8   1.003460    12.912033    14.621103      19.5063  100.28489    0.04050    6     1     1
  -2   -3    8   1.003460    46.740559    -2.817867      46.8254  100.28489    0.23336    6     1     1
  -1   -5    3   1.005853     4.077227   -48.431942      48.6033  100.29008    0.12571    6     2     1
   1    5    3   1.005853    -0.560685   -41.773326      41.7771  100.29008    0.09288    6     2     1
   5    1    3   1.005853    -0.853237    48.596801      48.6043  100.29008    0.12571    6     2     1
  -5   -1    3   1.005853    -4.792842    41.502346      41.7782  100.29008    0.09288    6     2     1
   2    3    8   1.003460    14.342961   -13.366693      19.6058  100.61788    0.02047    6     2     1
   3    2    8   1.003460    46.727401     7.591973      47.3401  100.61788    0.11934    6     2     1
  -3   -2    8   1.003460    12.910587    14.757543      19.6079  100.61788    0.02047    6     2     1
  -2   -3    8   1.003460    47.258137    -2.806826      47.3414  100.61788    0.11934    6     2     1
   4    2    5   0.997769   -21.553430   -10.438425      23.9481  101.07109    0.06114    6     1     1
   2    4    5   0.997769   -21.259259   -15.208699      26.1393  101.07109    0.07284    6     1     1
  -4   -2    5   0.997769   -22.708725    12.954587       26.144  101.07109    0.07287    6     1     1
  -2   -4    5   0.997769   -22.511848     8.179716      23.9518  101.07109    0.06116    6     1     1
   4    2    5   0.997769   -21.636801   -10.512821      24.0556  101.40878    0.03088    6     2     1
   2    4    5   0.997769   -21.344635   -15.316186      26.2713  101.40878    0.03682    6     2     1
  -4   -2    5   0.997769   -22.800065    13.052516      26.2719  101.40878    0.03683    6     2     1
  -2   -4    5   0.997769   -22.599157     8.244523      24.0561  101.40878    0.03088    6     2     1
   2    1   11   0.994506     2.637459    22.995034      23.1458  101.52879    0.05719    6     1     1
   1    2   11   0.994506    22.046801   -69.237626       72.663  101.52879    0.56362    6     1     1
  -2   -1   11   0.994506    14.797357    71.133668      72.6565  101.52879    0.56352    6     1     1
  -1   -2   11   0.994506     4.992657   -22.606251       23.151  101.52879    0.05721    6     1     1
   0    4    9   0.992183     2.379239     0.125017      2.38252  101.85790    0.00061    6     1     1
   4    0    9   0.992183   -20.767337    -1.074418      20.7951  101.85790    0.04621    6     1     1
   2    1   11   0.994506     2.622449    23.155374      23.3034  101.86926    0.02902    6     2     1
   1    2   11   0.994506    22.142795   -69.721698      73.1534  101.86926    0.28594    6     2     1
  -2   -1   11   0.994506    14.863423    71.625753      73.1517  101.86926    0.28592    6     2     1
  -1   -2   11   0.994506     4.987368   -22.764841      23.3048  101.86926    0.02902    6     2     1
   0    4    9   0.992183     2.418402     0.125488      2.42166  102.20038    0.00031    6     2     1
   4    0    9   0.992183   -20.898366    -1.078880      20.9262  102.20038    0.02343    6     2     1
   2    2   10   0.989272   -78.873057    19.662610       81.287  102.27424    0.70712    6     1     1
  -2   -2   10   0.989272   -76.410476   -27.719895      81.2832  102.27424    0.70705    6     1     1
   2    2   10   0.989272   -79.349145    19.812003      81.7851  102.61928    0.35838    6     2     1
  -2   -2   10   0.989272   -76.876400   -27.902835      81.7835  102.61928    0.35837    6     2     1
   5    1    4   0.983062  -110.230566    -6.258367      110.408  103.17692    1.30938    6     1     1
  -1   -5    4   0.983062  -110.266328    -5.262158      110.392  103.17692    1.30899    6     1     1
   1    5    4   0.983062    60.922504   -18.623747      63.7055  103.17692    0.43593    6     1     1
  -5   -1    4   0.983062    58.661180    24.872484      63.7164  103.17692    0.43608    6     1     1
   5    1    4   0.983062  -110.890956    -6.211647      111.065  103.52760    0.66359    6     2     1
  -1   -5    4   0.983062  -110.927156    -5.356896      111.056  103.52760    0.66349    6     2     1
   1    5    4   0.983062    61.288876   -18.690050      64.0753  103.52760    0.22087    6     2     1
  -5   -1    4   0.983062    59.017928    24.964818      64.0809  103.52760    0.22090    6     2     1
   1    1   12   0.978908     7.015147     8.325591       10.887  103.79233    0.01277    6     1     1
  -1   -1   12   0.978908     7.846938    -7.477201       10.839  103.79233    0.01266    6     1     1
   3    3    6   0.977126    14.872701    22.828530      27.2459  104.05917    0.08009    6     1     1
  -3   -3    6   0.977126    17.193021   -21.169030      27.2714  104.05917    0.08024    6     1     1
   1    1   12   0.978908     7.331667     8.382990      11.1368  104.14692    0.00669    6     2     1
  -1   -1   12   0.978908     8.166892    -7.532135        11.11  104.14692    0.00666    6     2     1
   3    1   10   0.975080   -16.547353    34.192262      37.9859  104.36784    0.15593    6     1     1
  -3   -1   10   0.975080    85.781357   -14.675632      87.0277  104.36784    0.81847    6     1     1
  -1   -3   10   0.975080   -12.860552   -35.722333      37.9668  104.36784    0.15577    6     1     1
   1    3   10   0.975080    83.768715    23.582134      87.0248  104.36784    0.81841    6     1     1
   3    3    6   0.977126    14.859503    22.986484      27.3712  104.41547    0.04049    6     2     1
  -3   -3    6   0.977126    17.189410   -21.319655      27.3862  104.41547    0.04054    6     2     1
   1    4    8   0.974492     5.604130    -1.382645      5.77217  104.45698    0.00360    6     1     1
   4    1    8   0.974492    -1.595092   -19.262563      19.3285  104.45698    0.04039    6     1     1
  -1   -4    8   0.974492    -3.620511    19.012080      19.3537  104.45698    0.04050    6     1     1
  -4   -1    8   0.974492     5.425739     1.991927      5.77983  104.45698    0.00361    6     1     1
   3    1   10   0.975080   -16.568442    34.399645      38.1818  104.72614    0.07893    6     2     1
  -3   -1   10   0.975080    86.171657   -14.754671      87.4257  104.72614    0.41384    6     2     1
  -1   -3   10   0.975080   -12.866271   -35.936389      38.1702  104.72614    0.07889    6     2     1
   1    3   10   0.975080    84.150557    23.698790       87.424  104.72614    0.41382    6     2     1
   1    4    8   0.974492     5.735390    -1.392878       5.9021  104.81586    0.00189    6     2     1
   4    1    8   0.974492    -1.517985   -19.399097      19.4584  104.81586    0.02051    6     2     1
  -1   -4    8   0.974492    -3.551768    19.147223      19.4739  104.81586    0.02054    6     2     1
  -4   -1    8   0.974492     5.556260     2.004319      5.90672  104.81586    0.00189    6     2     1
   0    3   11   0.966285    -9.402962    -0.510998      9.41684  105.72204    0.00966    6     1     1
   3    0   11   0.966285    -7.375015    -0.402560      7.38599  105.72204    0.00594    6     1     1
   2    0   12   0.965151    15.447214     0.811429      15.4685  105.89996    0.02611    6     1     1
   0    2   12   0.965151    11.485027     0.650589      11.5034  105.89996    0.01444    6     1     1
   5    0    7   0.965141    19.599440     1.046318      19.6273  105.90149    0.04203    6     1     1
   0    5    7   0.965141   -29.647341    -1.589772      29.6899  105.90149    0.09618    6     1     1
   0    3   11   0.966285    -9.519765    -0.513012      9.53358  106.08925    0.00497    6     2     1
   3    0   11   0.966285    -7.477197    -0.404127      7.48811  106.08925    0.00306    6     2     1
   2    4    6   0.963443   -13.041396     2.258930      13.2356  106.16945    0.01915    6     1     1
   4    2    6   0.963443     0.300902   -33.873960      33.8753  106.16945    0.12544    6     1     1
  -2   -4    6   0.963443    -3.301205    33.747222      33.9083  106.16945    0.12569    6     1     1
  -4   -2    6   0.963443   -12.695161    -3.693951      13.2217  106.16945    0.01911    6     1     1
   6    0    0   0.962876   177.340323     9.432405      177.591  106.25936    3.44992    6     1     1
   2    0   12   0.965151    15.466840     0.814957      15.4883  106.26837    0.01312    6     2     1
   0    2   12   0.965151    11.775654     0.652872      11.7937  106.26837    0.00761    6     2     1
   5    0    7   0.965141    19.722190     1.050673      19.7502  106.26991    0.02134    6     2     1
   0    5    7   0.965141   -29.874144    -1.596310      29.9168  106.26991    0.04896    6     2     1
   2    4    6   0.963443   -13.287139     2.353373      13.4939  106.53967    0.00998    6     2     1
   4    2    6   0.963443     0.394364   -34.043495      34.0458  106.53967    0.06353    6     2     1
  -2   -4    6   0.963443    -3.222906    33.915859      34.0686  106.53967    0.06361    6     2     1
  -4   -2    6   0.963443   -12.939768    -3.793729      13.4844  106.53967    0.00997    6     2     1
   6    0    0   0.962876   178.114018     9.472331      178.366  106.63018    1.74483    6     2     1
   6    0    1   0.959933    -4.195516    -0.222246       4.2014  106.72899    0.00194    6     1     1
   0    6    1   0.959933   -25.271029    -1.358344      25.3075  106.72899    0.07030    6     1     1
   6    0    1   0.959933    -4.205298    -0.223204      4.21122  107.10301    0.00098    6     2     1
   0    6    1   0.959933   -25.434003    -1.363991      25.4706  107.10301    0.03571    6     2     1
   5    1    5   0.955916   -40.172050    38.559965      55.6836  107.37907    0.34212    6     1     1
  -5   -1    5   0.955916   -44.766714   -39.198852       59.503  107.37907    0.39066    6     1     1
  -1   -5    5   0.955916   -35.769448   -42.630669      55.6491  107.37907    0.34169    6     1     1
   1    5    5   0.955916   -48.745892    34.177437      59.5337  107.37907    0.39106    6     1     1
   5    1    5   0.955916   -40.349540    38.855953      56.0167  107.75758    0.17366    6     2     1
  -5   -1    5   0.955916   -44.987704   -39.485487      59.8581  107.75758    0.19829    6     2     1
  -1   -5    5   0.955916   -35.928795   -42.943882      55.9916  107.75758    0.17350    6     2     1
   1    5    5   0.955916   -48.983277    34.442909      59.8805  107.75758    0.19844    6     2     1
   0    6    2   0.951265     1.088342     0.061938       1.0901  108.14500    0.00013    6     1     1
   6    0    2   0.951265   -29.545133    -1.608008      29.5889  108.14500    0.09723    6     1     1
  -3   -2    9   0.951001    -8.060169    39.977740      40.7822  108.18889    0.18478    6     1     1
   3    2    9   0.951001   -23.087932    91.494696      94.3628  108.18889    0.98928    6     1     1
  -2   -3    9   0.951001   -13.007910   -93.407893      94.3093  108.18889    0.98815    6     1     1
   2    3    9   0.951001    -3.665161   -40.558121      40.7234  108.18889    0.18425    6     1     1
   4    3    0   0.949775   -27.365806    31.084987      41.4145  108.39347    0.19090    6     1     1
  -4   -3    0   0.949775   -23.833992   -33.885518      41.4281  108.39347    0.19103    6     1     1
   0    6    2   0.951265     1.108263     0.062171      1.11001  108.52889    0.00007    6     2     1
   6    0    2   0.951265   -29.750387    -1.614669      29.7942  108.52889    0.04946    6     2     1
  -3   -2    9   0.951001    -7.977984    40.279625      41.0621  108.57308    0.09399    6     2     1
   3    2    9   0.951001   -23.115826    92.163068      95.0177  108.57308    0.50327    6     2     1
  -2   -3    9   0.951001   -12.994166   -94.084647      94.9777  108.57308    0.50284    6     2     1
   2    3    9   0.951001    -3.564862   -40.862920      41.0181  108.57308    0.09379    6     2     1
   4    3    0   0.949775   -27.570642    31.280792      41.6969  108.77912    0.09710    6     2     1
  -4   -3    0   0.949775   -24.024104   -34.092850      41.7071  108.77912    0.09715    6     2     1
   3    4    1   0.946951    22.144934    19.536621       29.531  108.86868    0.09749    6     1     1
   4    3    1   0.946951    34.595106   -41.192419      53.7925  108.86868    0.32348    6     1     1
  -4   -3    1   0.946951    24.155000   -17.025644      29.5523  108.86868    0.09763    6     1     1
  -3   -4    1   0.946951    29.891847    44.700388       53.774  108.86868    0.32326    6     1     1
   0    0   13   0.945231    -2.552809    -0.138420      2.55656  109.16078    0.00024    2     1     1
   3    4    1   0.946951    22.253473    19.689090      29.7133  109.25774    0.04953    6     2     1
   4    3    1   0.946951    34.784572   -41.490503      54.1427  109.25774    0.16446    6     2     1
  -4   -3    1   0.946951    24.271791   -17.167522      29.7295  109.25774    0.04959    6     2     1
  -3   -4    1   0.946951    30.061852    45.013179      54.1286  109.25774    0.16438    6     2     1
   0    0   13   0.945231    -2.564001    -0.139007      2.56777  109.55196    0.00012    2     2     1
   3    3    7   0.939283     3.471641    21.310321      21.5912  110.18757    0.05280    6     1     1
  -3   -3    7   0.939283     5.806361   -20.844984      21.6386  110.18757    0.05303    6     1     1
   3    4    2   0.938626     1.401109     2.987627      3.29985  110.30259    0.00123    6     1     1
   4    3    2   0.938626    -4.058644     7.194450      8.26031  110.30259    0.00774    6     1     1
  -4   -3    2   0.938626     1.701955    -2.798078      3.27504  110.30259    0.00122    6     1     1
  -3   -4    2   0.938626    -3.256624    -7.632554      8.29828  110.30259    0.00781    6     1     1
   6    0    3   0.937325    27.495810     1.510603      27.5373  110.53132    0.08620    6     1     1
   0    6    3   0.937325   -15.627080    -0.883936      15.6521  110.53132    0.02785    6     1     1
   3    3    7   0.939283     3.408152    21.468935      21.7378  110.58630    0.02687    6     2     1
  -3   -3    7   0.939283     5.752510   -21.001320      21.7749  110.58630    0.02697    6     2     1
   3    4    2   0.938626     1.445466     2.971691      3.30459  110.70218    0.00062    6     2     1
   4    3    2   0.938626    -4.149897     7.211190      8.32003  110.70218    0.00394    6     2     1
  -4   -3    2   0.938626     1.747699    -2.781487      3.28498  110.70218    0.00061    6     2     1
  -3   -4    2   0.938626    -3.344422    -7.650865       8.3499  110.70218    0.00397    6     2     1
   4    0   10   0.935909    38.165910     2.061037      38.2215  110.78190    0.16652    6     1     1
   0    4   10   0.935909   -43.448983    -2.393804      43.5149  110.78190    0.21583    6     1     1
   6    0    3   0.937325    27.640959     1.516955      27.6826  110.93262    0.04375    6     2     1
   0    6    3   0.937325   -15.804809    -0.887468      15.8297  110.93262    0.01430    6     2     1
   4    0   10   0.935909    38.222821     2.069984      38.2788  111.18509    0.08388    6     2     1
   0    4   10   0.935909   -43.688604    -2.403850      43.7547  111.18509    0.10960    6     2     1
   0    1   13   0.932828   -14.991451    -0.836681      15.0148  111.33224    0.02585    6     1     1
   1    0   13   0.932828   -11.419178    -0.640427      11.4371  111.33224    0.01500    6     1     1
   0    1   13   0.932828   -15.101449    -0.840141      15.1248  111.73962    0.01318    6     2     1
   1    0   13   0.932828   -11.514010    -0.643054       11.532  111.73962    0.00766    6     2     1
   2    2   11   0.928123    25.884035    48.196810      54.7075  112.18734    0.34666    6     1     1
  -2   -2   11   0.928123    30.988928   -45.028437      54.6614  112.18734    0.34607    6     1     1
   1    2   12   0.927118    18.437017    -5.656201      19.2851  112.37234    0.04317    6     1     1
  -2   -1   12   0.927118    17.712494     7.637865      19.2891  112.37234    0.04319    6     1     1
   2    1   12   0.927118     3.681541    -1.906091      4.14571  112.37234    0.00200    6     1     1
  -1   -2   12   0.927118     3.460873     2.438770      4.23382  112.37234    0.00208    6     1     1
   4    2    7   0.927110   -12.120531    -2.673608      12.4119  112.37394    0.01788    6     1     1
  -2   -4    7   0.927110   -12.343488     1.230676      12.4047  112.37394    0.01786    6     1     1
   2    4    7   0.927110     8.650933    22.458815      24.0673  112.37394    0.06724    6     1     1
  -4   -2    7   0.927110    11.117576   -21.407646      24.1224  112.37394    0.06755    6     1     1
   4    1    9   0.926234     7.669581   -15.478861      17.2748  112.53582    0.03471    6     1     1
  -1   -4    9   0.926234     6.013972    16.298912       17.373  112.53582    0.03511    6     1     1
  -4   -1    9   0.926234    -1.211088    30.554917      30.5789  112.53582    0.10876    6     1     1
   1    4    9   0.926234     2.092417   -30.456524      30.5283  112.53582    0.10840    6     1     1
   2    2   11   0.928123    26.039595    48.327843      54.8966  112.60135    0.17541    6     2     1
  -2   -2   11   0.928123    31.166434   -45.146204      54.8592  112.60135    0.17517    6     2     1
  -1   -5    6   0.925604    20.592862    25.060909      32.4363  112.65271    0.12255    6     1     1
   1    5    6   0.925604   -35.958056    -9.495988      37.1908  112.65271    0.16111    6     1     1
  -5   -1    6   0.925604   -36.754612     5.453102      37.1569  112.65271    0.16082    6     1     1
   5    1    6   0.925604    23.239713   -22.684041      32.4754  112.65271    0.12285    6     1     1
   4    3    3   0.925227   -23.571787    -3.453240      23.8234  112.72289    0.06617    6     1     1
  -4   -3    3   0.925227    -1.016438    19.913805      19.9397  112.72289    0.04635    6     1     1
  -3   -4    3   0.925227   -23.798421     0.694535      23.8086  112.72289    0.06608    6     1     1
   3    4    3   0.925227     1.228400   -19.987424      20.0251  112.72289    0.04675    6     1     1
  -5   -2    0   0.925101    39.443493   -22.622360      45.4704  112.74629    0.24111    6     1     1
   5    2    0   0.925101    36.651388    26.823341      45.4182  112.74629    0.24056    6     1     1
   1    2   12   0.927118    18.486988    -5.662719      19.3348  112.78781    0.02181    6     2     1
  -2   -1   12   0.927118    17.759323     7.652902      19.3381  112.78781    0.02182    6     2     1
   2    1   12   0.927118     3.925471    -1.882211      4.35339  112.78781    0.00111    6     2     1
  -1   -2   12   0.927118     3.703740     2.416266      4.42222  112.78781    0.00114    6     2     1
   4    2    7   0.927110   -12.321537    -2.696396      12.6131  112.78942    0.00928    6     2     1
  -2   -4    7   0.927110   -12.545394     1.247922      12.6073  112.78942    0.00927    6     2     1
   2    4    7   0.927110     8.618425    22.622495      24.2086  112.78942    0.03419    6     2     1
  -4   -2    7   0.927110    11.095270   -21.566597      24.2533  112.78942    0.03432    6     2     1
   4    1    9   0.926234     7.805322   -15.375523      17.2433  112.95258    0.01738    6     2     1
  -1   -4    9   0.926234     6.142031    16.198655       17.324  112.95258    0.01754    6     2     1
  -4   -1    9   0.926234    -1.135084    30.564271      30.5853  112.95258    0.05468    6     2     1
   1    4    9   0.926234     2.182906   -30.465776      30.5439  112.95258    0.05454    6     2     1
  -1   -5    6   0.925604    20.597472    25.171423      32.5247  113.07040    0.06193    6     2     1
   1    5    6   0.925604   -36.136016    -9.485081      37.3601  113.07040    0.08171    6     2     1
  -5   -1    6   0.925604   -36.936150     5.425137      37.3324  113.07040    0.08159    6     2     1
   5    1    6   0.925604    23.255540   -22.784148      32.5567  113.07040    0.06205    6     2     1
   5    0    8   0.923364    55.496967     3.107812      55.5839  113.07113    0.36175    6     1     1
   0    5    8   0.923364    14.253924     0.868094      14.2803  113.07113    0.02388    6     1     1
   4    3    3   0.925227   -23.889028    -3.462297      24.1386  113.14114    0.03414    6     2     1
  -4   -3    3   0.925227    -1.159077    20.053609      20.0871  113.14114    0.02364    6     2     1
  -3   -4    3   0.925227   -24.116644     0.692727      24.1266  113.14114    0.03411    6     2     1
   3    4    3   0.925227     1.095074   -20.127003      20.1568  113.14114    0.02381    6     2     1
  -5   -2    0   0.925101    39.584811   -22.802449      45.6827  113.16472    0.12232    6     2     1
   5    2    0   0.925101    36.781184    27.021358        45.64  113.16472    0.12209    6     2     1
   2    5    1   0.922491    -3.492093    67.798455      67.8883  113.23545    0.54076    6     1     1
   5    2    1   0.922491   -12.227334    86.579133      87.4383  113.23545    0.89705    6     1     1
  -5   -2    1   0.922491     4.054762   -67.750964      67.8722  113.23545    0.54050    6     1     1
  -2   -5    1   0.922491    -2.503117   -87.398166       87.434  113.23545    0.89696    6     1     1
   5    0    8   0.923364    55.815889     3.120840      55.9031  113.49216    0.18394    6     2     1
   0    5    8   0.923364    14.557854     0.871307      14.5839  113.49216    0.01252    6     2     1
   2    5    1   0.922491    -3.481357    68.106229      68.1951  113.65781    0.27431    6     2     1
   5    2    1   0.922491   -12.279514    87.031916      87.8939  113.65781    0.45568    6     2     1
  -5   -2    1   0.922491     4.097449   -68.058635      68.1819  113.65781    0.27421    6     2     1
  -2   -5    1   0.922491    -2.514356   -87.854423      87.8904  113.65781    0.45564    6     2     1
   0    6    4   0.918801    92.156961     5.099570      92.2979  113.93716    1.00865    6     1     1
   6    0    4   0.918801    57.061442     3.100820      57.1456  113.93716    0.38665    6     1     1
   0    6    4   0.918801    92.414052     5.121475      92.5559  114.36523    0.51005    6     2     1
   6    0    4   0.918801    57.049022     3.114475       57.134  114.36523    0.19436    6     2     1
  -3   -1   11   0.916373     9.291328    35.441713      36.6394  114.40547    0.15994    6     1     1
  -1   -3   11   0.916373    22.605252   -27.114371      35.3014  114.40547    0.14848    6     1     1
   3    1   11   0.916373    19.368884    29.448785      35.2475  114.40547    0.14802    6     1     1
   1    3   11   0.916373    13.267463   -34.209373      36.6921  114.40547    0.16040    6     1     1
   5    2    2   0.914790     3.948500    -1.527554      4.23368  114.71396    0.00214    6     1     1
   2    5    2   0.914790    -8.402114    23.152885      24.6303  114.71396    0.07258    6     1     1
  -2   -5    2   0.914790     3.733937     2.229038      4.34867  114.71396    0.00226    6     1     1
  -5   -2    2   0.914790    -5.718175   -23.700083      24.3801  114.71396    0.07112    6     1     1
  -3   -1   11   0.916373     9.286247    35.706754      36.8945  114.83741    0.08157    6     2     1
  -1   -3   11   0.916373    22.678919   -27.333301      35.5168  114.83741    0.07559    6     2     1
   3    1   11   0.916373    19.429214    29.677710       35.472  114.83741    0.07540    6     2     1
   1    3   11   0.916373    13.278818   -34.469009      36.9383  114.83741    0.08176    6     2     1
   5    2    2   0.914790     4.358304    -1.540482      4.62254  115.14848    0.00129    6     2     1
   2    5    2   0.914790    -8.082479    23.332796       24.693  115.14848    0.03670    6     2     1
  -2   -5    2   0.914790     4.142852     2.243424      4.71128  115.14848    0.00134    6     2     1
  -5   -2    2   0.914790    -5.387463   -23.883691      24.4838  115.14848    0.03608    6     2     1
   1    1   13   0.909419    -8.375105    51.763953      52.4371  115.77802    0.33395    6     1     1
  -1   -1   13   0.909419    -2.193307   -52.368158      52.4141  115.77802    0.33366    6     1     1
   4    3    4   0.907397    50.999815    14.219616      52.9451  116.18619    0.34249    6     1     1
   3    4    4   0.907397   -12.493298   -23.066044      26.2321  116.18619    0.08407    6     1     1
  -4   -3    4   0.907397   -15.095685    21.409119       26.196  116.18619    0.08384    6     1     1
  -3   -4    4   0.907397    52.266924    -8.166561      52.9011  116.18619    0.34192    6     1     1
   1    1   13   0.909419    -8.420721    52.405648      53.0779  116.22161    0.17219    6     2     1
  -1   -1   13   0.909419    -2.214303   -53.012377      53.0586  116.22161    0.17207    6     2     1
   4    3    4   0.907397    51.503669    14.280796      53.4469  116.63334    0.17567    6     2     1
   3    4    4   0.907397   -12.677096   -23.281309       26.509  116.63334    0.04322    6     2     1
  -4   -3    4   0.907397   -15.290080    21.617852      26.4786  116.63334    0.04312    6     2     1
  -3   -4    4   0.907397    52.776154    -8.203145      53.4099  116.63334    0.17543    6     2     1
   3    0   12   0.904127    31.176504     1.762199      31.2263  116.85501    0.12033    6     1     1
   0    3   12   0.904127    34.921047     1.979924      34.9771  116.85501    0.15097    6     1     1
  -5   -2    3   0.902372    -8.020423    31.196344      32.2109  117.21849    0.12875    6     1     1
  -2   -5    3   0.902372   -22.595380    10.756620      25.0251  117.21849    0.07771    6     1     1
   5    2    3   0.902372   -21.026170   -13.344491      24.9033  117.21849    0.07696    6     1     1
   2    5    3   0.902372    -4.175086   -31.952356       32.224  117.21849    0.12886    6     1     1
   3    0   12   0.904127    31.288350     1.769723      31.3384  117.30807    0.06102    6     2     1
   0    3   12   0.904127    35.062251     1.988346      35.1186  117.30807    0.07663    6     2     1
   3    2   10   0.901108    88.974083    15.616937      90.3342  117.48247    1.01677    6     1     1
   2    3   10   0.901108   -10.721010    18.954965      21.7768  117.48247    0.05909    6     1     1
  -3   -2   10   0.901108    -8.476653   -20.004582      21.7264  117.48247    0.05882    6     1     1
  -2   -3   10   0.901108    90.166881    -5.335633      90.3246  117.48247    1.01656    6     1     1
   3    3    8   0.900644   -46.311529     0.003448      46.3115  117.57983    0.26764    6     1     1
  -3   -3    8   0.900644   -45.984385    -5.625346      46.3272  117.57983    0.26782    6     1     1
  -5   -2    3   0.902372    -8.134146    31.655231      32.6836  117.67480    0.06675    6     2     1
  -2   -5    3   0.902372   -22.827908    11.058270      25.3653  117.67480    0.04020    6     2     1
   5    2    3   0.902372   -21.253019   -13.656604      25.2625  117.67480    0.03988    6     2     1
   2    5    3   0.902372    -4.273734   -32.414144      32.6947  117.67480    0.06680    6     2     1
   3    2   10   0.901108    89.446986    15.681792      90.8112  117.94117    0.51749    6     2     1
   2    3   10   0.901108   -10.710049    19.066725      21.8688  117.94117    0.03001    6     2     1
  -3   -2   10   0.901108    -8.456280   -20.121018      21.8258  117.94117    0.02989    6     2     1
  -2   -3   10   0.901108    90.644855    -5.357182       90.803  117.94117    0.51739    6     2     1
   3    3    8   0.900644   -46.966304     0.012300      46.9663  118.03941    0.13863    6     2     1
  -3   -3    8   0.900644   -46.637801    -5.656313      46.9796  118.03941    0.13871    6     2     1
   0    2   13   0.898357   -13.170698    -0.757010      13.1924  118.06292    0.02188    6     1     1
   2    0   13   0.898357    -0.865262    -0.030750     0.865808  118.06292    0.00009    6     1     1
   0    6    5   0.896522   -33.795339    -1.951340      33.8516  118.45498    0.14500    6     1     1
   6    0    5   0.896522   -26.900957    -1.546043      26.9453  118.45498    0.09187    6     1     1
   0    2   13   0.898357   -13.236957    -0.760206      13.2588  118.52694    0.01114    6     2     1
   2    0   13   0.898357    -0.822296    -0.030971     0.822879  118.52694    0.00004    6     2     1
   0    6    5   0.896522   -33.976422    -1.959558      34.0329  118.92264    0.07384    6     2     1
   6    0    5   0.896522   -27.027390    -1.552588      27.0719  118.92264    0.04672    6     2     1
   5    1    7   0.893247    -3.423379   -10.461752      11.0076  119.16427    0.01551    6     1     1
  -1   -5    7   0.893247    -4.621393     9.936966       10.959  119.16427    0.01538    6     1     1
   1    5    7   0.893247    -0.580491    36.490823      36.4954  119.16427    0.17051    6     1     1
  -5   -1    7   0.893247     3.729573   -36.359642      36.5504  119.16427    0.17103    6     1     1
   5    1    7   0.893247    -3.512135   -10.535717      11.1057  119.63864    0.00796    6     2     1
  -1   -5    7   0.893247    -4.715126    10.008986       11.064  119.63864    0.00790    6     2     1
   1    5    7   0.893247    -0.642287    36.789578      36.7952  119.63864    0.08735    6     2     1
  -5   -1    7   0.893247     3.685538   -36.657610      36.8424  119.63864    0.08758    6     2     1
   4    2    8   0.889895    -2.291879    -8.477357       8.7817  119.90340    0.01000    6     1     1
  -2   -4    8   0.889895    -3.207256     8.079085      8.69242  119.90340    0.00979    6     1     1
   2    4    8   0.889895    16.318747    21.011823      26.6045  119.90340    0.09175    6     1     1
  -4   -2    8   0.889895    18.745828   -18.739942      26.5064  119.90340    0.09107    6     1     1
   4    2    8   0.889895    -2.395308    -8.465969       8.7983  120.38490    0.00506    6     2     1
  -2   -4    8   0.889895    -3.314757     8.066366      8.72089  120.38490    0.00497    6     2     1
   2    4    8   0.889895    16.675451    21.253500      27.0145  120.38490    0.04769    6     2     1
  -4   -2    8   0.889895    19.112257   -18.973067      26.9306  120.38490    0.04740    6     2     1
   3    4    5   0.885918   -11.045927    29.328754      31.3399  120.79869    0.12931    6     1     1
   4    3    5   0.885918   -20.452527    32.112182      38.0723  120.79869    0.19083    6     1     1
  -3   -4    5   0.885918   -16.475054   -34.315891      38.0658  120.79869    0.19076    6     1     1
  -4   -3    5   0.885918    -7.466698   -30.429751      31.3324  120.79869    0.12924    6     1     1
  -5   -2    4   0.885808     5.457397    11.098469      12.3677  120.82382    0.02015    6     1     1
  -2   -5    4   0.885808    17.087647    26.023462      31.1321  120.82382    0.12765    6     1     1
   2    5    4   0.885808     6.743249   -10.445539       12.433  120.82382    0.02036    6     1     1
   5    2    4   0.885808    20.067151   -23.880261      31.1923  120.82382    0.12815    6     1     1
   3    4    5   0.885918   -11.122861    29.579439      31.6016  121.28906    0.06631    6     2     1
   4    3    5   0.885918   -20.607956    32.387447      38.3879  121.28906    0.09785    6     2     1
  -3   -4    5   0.885918   -16.614110   -34.600258      38.3824  121.28906    0.09782    6     2     1
  -4   -3    5   0.885918    -7.528904   -30.684999      31.5952  121.28906    0.06629    6     2     1
  -5   -2    4   0.885808     5.418725    11.185859      12.4292  121.31444    0.01026    6     2     1
  -2   -5    4   0.885808    17.145953    26.228114      31.3352  121.31444    0.06523    6     2     1
   2    5    4   0.885808     6.709888   -10.529916      12.4861  121.31444    0.01036    6     2     1
   5    2    4   0.885808    20.137760   -24.075747      31.3874  121.31444    0.06545    6     2     1
   4    0   11   0.883632    26.598354     1.544852      26.6432  121.32265    0.09433    6     1     1
   0    4   11   0.883632    12.994062     0.724734      13.0143  121.32265    0.02251    6     1     1
   5    0    9   0.882002    14.734565     0.958832      14.7657  121.70067    0.02917    6     1     1
   0    5    9   0.882002   -53.669236    -3.153668      53.7618  121.70067    0.38670    6     1     1
   4    0   11   0.883632    26.705353     1.551430      26.7504  121.81832    0.04797    6     2     1
   0    4   11   0.883632    12.980036     0.727947      13.0004  121.81832    0.01133    6     2     1
   6    1    0   0.881023    22.090000    29.335435      36.7224  121.92927    0.18118    6     1     1
  -6   -1    0   0.881023    25.375920   -26.475437      36.6727  121.92927    0.18068    6     1     1
  -1   -4   10   0.879955   -24.709202    10.195536        26.73  122.18045    0.09644    6     1     1
   4    1   10   0.879955   -23.311249   -13.020519      26.7011  122.18045    0.09623    6     1     1
   1    4   10   0.879955   -21.910893    -7.875296      23.2832  122.18045    0.07317    6     1     1
  -4   -1   10   0.879955   -22.701264     5.255647      23.3017  122.18045    0.07328    6     1     1
   5    0    9   0.882002    15.015279     0.962489      15.0461  122.20022    0.01528    6     2     1
   0    5    9   0.882002   -53.951510    -3.166970      54.0444  122.20022    0.19718    6     2     1
   6    1    0   0.881023    22.280960    29.490620      36.9613  122.43119    0.09262    6     2     1
  -6   -1    0   0.881023    25.580731   -26.618837       36.918  122.43119    0.09241    6     2     1
   1    6    1   0.878767     5.519370   -58.863743      59.1219  122.46139    0.47423    6     1     1
   6    1    1   0.878767    36.890601    16.606193      40.4559  122.46139    0.22205    6     1     1
  -6   -1    1   0.878767    -1.580729    59.065860       59.087  122.46139    0.47367    6     1     1
  -1   -6    1   0.878767    38.639433   -12.083156      40.4847  122.46139    0.22237    6     1     1
  -1   -4   10   0.879955   -24.833948    10.283105      26.8788  122.68499    0.04921    6     2     1
   4    1   10   0.879955   -23.430222   -13.120021      26.8535  122.68499    0.04912    6     2     1
   1    4   10   0.879955   -22.017276    -7.933411       23.403  122.68499    0.03731    6     2     1
  -4   -1   10   0.879955   -22.810912     5.302676      23.4191  122.68499    0.03736    6     2     1
   0    0   14   0.877714    32.122073     1.715735      32.1679  122.71231    0.04702    2     1     1
   1    6    1   0.878767     5.512129   -59.324625      59.5802  122.96890    0.24311    6     2     1
   6    1    1   0.878767    37.156559    16.750823      40.7578  122.96890    0.11377    6     2     1
  -6   -1    1   0.878767    -1.617347    59.527717      59.5497  122.96890    0.24286    6     2     1
  -1   -6    1   0.878767    38.912540   -12.208975      40.7829  122.96890    0.11391    6     2     1
   0    0   14   0.877714    31.905553     1.723707      31.9521  123.22248    0.02342    2     2     1
   2    2   12   0.872637     4.400480     3.316319      5.51019  123.94521    0.00424    6     1     1
  -2   -2   12   0.872637     4.754247    -2.488620       5.3662  123.94521    0.00402    6     1     1
   1    6    2   0.872103   -40.774700    22.468978      46.5557  124.07717    0.30325    6     1     1
   6    1    2   0.872103    40.318350   -24.954374      47.4161  124.07717    0.31457    6     1     1
  -1   -6    2   0.872103    36.909445    29.711176      47.3821  124.07717    0.31411    6     1     1
  -6   -1    2   0.872103   -37.816001   -27.309148      46.6459  124.07717    0.30443    6     1     1
   0    6    6   0.871374     7.762451     0.413843      7.77347  124.25799    0.00848    6     1     1
   6    0    6   0.871374    31.028920     1.833909      31.0831  124.25799    0.13566    6     1     1
   2    2   12   0.872637     4.712865     3.341506      5.77726  124.46880    0.00235    6     2     1
  -2   -2   12   0.872637     5.068091    -2.511412      5.65621  124.46880    0.00226    6     2     1
   1    6    2   0.872103   -41.153534    22.586311      46.9442  124.60224    0.15577    6     2     1
   6    1    2   0.872103    40.691945   -25.246719      47.8877  124.60224    0.16209    6     2     1
  -1   -6    2   0.872103    37.269255    30.022975      47.8579  124.60224    0.16189    6     2     1
  -6   -1    2   0.872103   -38.182335   -27.446277      47.0233  124.60224    0.15629    6     2     1
   0    6    6   0.871374     7.705100     0.415776      7.71631  124.78508    0.00422    6     2     1
   6    0    6   0.871374    31.163050     1.841704      31.2174  124.78508    0.06913    6     2     1
   0    1   14   0.867757   -55.871179    -3.381371      55.9734  125.16803    0.44793    6     1     1
   1    0   14   0.867757    48.349305     2.877121      48.4348  125.16803    0.33540    6     1     1
   2    1   13   0.867446   -24.041876    42.988966      49.2551  125.24727    0.34741    6     1     1
   1    2   13   0.867446     4.324448   -41.050344      41.2775  125.24727    0.24399    6     1     1
  -2   -1   13   0.867446    -0.731355    41.298115      41.3046  125.24727    0.24431    6     1     1
  -1   -2   13   0.867446   -18.601851   -45.592651      49.2414  125.24727    0.34721    6     1     1
   5    2    5   0.865793   -18.738194    32.755199      37.7362  125.67124    0.20568    6     1     1
  -5   -2    5   0.865793   -12.441057   -32.278079      34.5927  125.67124    0.17284    6     1     1
  -2   -5    5   0.865793   -14.805901   -34.726006      37.7506  125.67124    0.20583    6     1     1
   2    5    5   0.865793   -16.090950    30.615822      34.5868  125.67124    0.17278    6     1     1
   0    1   14   0.867757   -56.239423    -3.395503      56.3418  125.70549    0.22941    6     2     1
   1    0   14   0.867757    48.571259     2.889327      48.6571  125.70549    0.17109    6     2     1
   2    1   13   0.867446   -24.215053    43.351009      49.6556  125.78566    0.17848    6     2     1
   1    2   13   0.867446     4.376475   -41.390065      41.6208  125.78566    0.12539    6     2     1
  -2   -1   13   0.867446    -0.700200    41.638760      41.6446  125.78566    0.12554    6     2     1
  -1   -2   13   0.867446   -18.752575   -45.965496      49.6436  125.78566    0.17839    6     2     1
   5    2    5   0.865793   -18.794223    32.814992       37.816  126.21459    0.10443    6     2     1
  -5   -2    5   0.865793   -12.459835   -32.326669      34.6448  126.21459    0.08765    6     2     1
  -2   -5    5   0.865793   -14.844899   -34.794273      37.8287  126.21459    0.10450    6     2     1
   2    5    5   0.865793   -16.125593    30.657211      34.6396  126.21459    0.08763    6     2     1
   3    1   12   0.862849   -18.296923    -7.454645      19.7573  126.43817    0.05728    6     1     1
  -3   -1   12   0.862849     5.729817   -12.246378      13.5205  126.43817    0.02682    6     1     1
  -1   -3   12   0.862849   -19.112459     5.042837      19.7665  126.43817    0.05733    6     1     1
   1    3   12   0.862849     4.205444    13.092393      13.7512  126.43817    0.02775    6     1     1
   3    3    9   0.862136    -9.691977   -25.583315      27.3576  126.62620    0.11025    6     1     1
  -3   -3    9   0.862136   -12.778958    24.278937      27.4366  126.62620    0.11089    6     1     1
   4    3    6   0.861628   -19.162539   -23.524070      30.3411  126.76079    0.13600    6     1     1
  -3   -4    6   0.861628   -21.949578    20.786100      30.2299  126.76079    0.13500    6     1     1
  -4   -3    6   0.861628    88.718065    -0.519176      88.7196  126.76079    1.16278    6     1     1
   3    4    6   0.861628    88.011490    11.554926      88.7668  126.76079    1.16402    6     1     1
   6    1    3   0.861324    12.201508   -51.845374      53.2618  126.84165    0.41979    6     1     1
  -6   -1    3   0.861324   -23.654972   -27.937798      36.6071  126.84165    0.19830    6     1     1
  -1   -6    3   0.861324     5.732404    52.829729      53.1398  126.84165    0.41787    6     1     1
   1    6    3   0.861324   -26.936226    24.675722      36.5301  126.84165    0.19747    6     1     1
   3    1   12   0.862849   -18.545132    -7.552277       20.024  126.99067    0.02976    6     2     1
  -3   -1   12   0.862849     5.995551   -12.309969      13.6924  126.99067    0.01392    6     2     1
  -1   -3   12   0.862849   -19.363885     5.130860      20.0321  126.99067    0.02978    6     2     1
   1    3   12   0.862849     4.464736    13.158660      13.8955  126.99067    0.01433    6     2     1
   3    3    9   0.862136    -9.696888   -25.794215      27.5567  127.18098    0.05659    6     2     1
  -3   -3    9   0.862136   -12.796612    24.484148      27.6266  127.18098    0.05688    6     2     1
   5    1    8   0.859820    26.219428     5.449509      26.7798  127.24357    0.10703    6     1     1
  -5   -1    8   0.859820    -4.316528    -6.241363      7.58861  127.24357    0.00859    6     1     1
  -1   -5    8   0.859820    26.761506    -1.919413      26.8303  127.24357    0.10743    6     1     1
   1    5    8   0.859820    -5.134132     5.561785       7.5692  127.24357    0.00855    6     1     1
   4    3    6   0.861628   -19.509140   -23.753836      30.7384  127.31721    0.07062    6     2     1
  -3   -4    6   0.861628   -22.307539    21.005230      30.6406  127.31721    0.07017    6     2     1
  -4   -3    6   0.861628    89.538789    -0.507638      89.5402  127.31721    0.59920    6     2     1
   3    4    6   0.861628    88.829152    11.588646      89.5819  127.31721    0.59976    6     2     1
   6    1    3   0.861324    12.169456   -52.261948      53.6601  127.39907    0.21557    6     2     1
  -6   -1    3   0.861324   -23.978688   -28.182851      37.0034  127.39907    0.10251    6     2     1
  -1   -6    3   0.861324     5.673579    53.250811      53.5522  127.39907    0.21471    6     2     1
   1    6    3   0.861324   -27.273418    24.907748      36.9356  127.39907    0.10214    6     2     1
   5    1    8   0.859820    26.663245     5.566071       27.238  127.80596    0.05603    6     2     1
  -5   -1    8   0.859820    -4.441021    -6.370869      7.76599  127.80596    0.00455    6     2     1
  -1   -5    8   0.859820    27.207270    -2.022224      27.2823  127.80596    0.05621    6     2     1
   1    5    8   0.859820    -5.261709     5.688804      7.74907  127.80596    0.00454    6     2     1
   3    2   11   0.854167    14.194887    -5.644970      15.2761  128.79401    0.03602    6     1     1
   2    3   11   0.854167    -1.671897    60.443769      60.4669  128.79401    0.56430    6     1     1
  -2   -3   11   0.854167    13.369848     7.381133       15.272  128.79401    0.03600    6     1     1
  -3   -2   11   0.854167     5.882050   -60.184233       60.471  128.79401    0.56438    6     1     1
   4    2    9   0.852694   -40.630122    61.875240      74.0226  129.20871    0.85351    6     1     1
   2    4    9   0.852694    17.785122   -68.577908      70.8466  129.20871    0.78183    6     1     1
  -2   -4    9   0.852694   -32.575809   -66.396120      73.9569  129.20871    0.85199    6     1     1
  -4   -2    9   0.852694     9.050179    70.333214      70.9131  129.20871    0.78330    6     1     1
   3    2   11   0.854167    14.320387    -5.704055      15.4146  129.37626    0.01858    6     2     1
   2    3   11   0.854167    -1.673686    60.946567      60.9695  129.37626    0.29060    6     2     1
  -2   -3   11   0.854167    13.491970     7.447359      15.4109  129.37626    0.01857    6     2     1
  -3   -2   11   0.854167     5.911471   -60.685945      60.9732  129.37626    0.29064    6     2     1
   4    2    9   0.852694   -40.885967    62.403814      74.6049  129.79647    0.43926    6     2     1
   2    4    9   0.852694    17.978610   -69.168293      71.4667  129.79647    0.40308    6     2     1
  -2   -4    9   0.852694   -32.798385   -66.943617      74.5465  129.79647    0.43857    6     2     1
  -4   -2    9   0.852694     9.207629    70.930617      71.5257  129.79647    0.40375    6     2     1
