9.9e-09	7.275e-09	7.125e-09	8.8875e-09	7.2e-09	8.8125e-09	9.525e-09	5.7e-09	9.9e-09	6.675e-09	4.275e-09	5.1e-09	5.2875e-09	1.2412e-08	5.625e-09	1.5562e-08	1.065e-08	6.525e-09	9.675e-09	6.9e-09	6.4125e-09	7.125e-09	4.3875e-09	3.9375e-09	6.525e-09	4.725e-09	6.075e-09	1.575e-08	1.7962e-08	4.575e-09	5.2125e-09	7.65e-09	3.6e-09	6.1125e-09	9.4875e-09	1.4587e-08	4.65e-09	1.0462e-08	8.8875e-09	3.45e-09	2.85e-09	4.9875e-09	9.375e-09	1.4587e-08	1.8e-08	4.35e-09	3.15e-09	1.2937e-08	1.11e-08	9.3e-09	6.3375e-09	4.5e-09	1.4212e-08	7.275e-09	8.7375e-09	5.6625e-09	7.05e-09	5.3625e-09	2.5125e-09	1.6987e-08	5.85e-09	4.8e-09	7.875e-09	1.4212e-08	1.14e-08	7.725e-09	4.35e-09	2.625e-09	1.1962e-08	1.2862e-08	5.1375e-09	2.8875e-09	1.0387e-08	1.365e-08	8.4375e-09	9.5625e-09	7.6875e-09	9.9e-09	6.9e-09	3.8625e-09	6.8625e-09	3.375e-09	4.725e-09	7.5375e-09	1.0275e-08	1.2862e-08	9.975e-09	4.0875e-09	1.2862e-08	1.215e-08	8.85e-09	1.575e-09	8.625e-10	2.325e-09	2.0625e-09	7.8375e-09	3.315e-08	7.4625e-09	3.9e-09	3.0375e-09	7.425e-09	1.215e-08	5.5875e-09	7.5375e-09	8.4375e-09	7.575e-09	7.9125e-09	7.1625e-09	6.15e-09	1.4662e-08	1.0012e-08	2.925e-09	9.2625e-09	1.3237e-08	8.5875e-09	2.2125e-09	8.625e-09	6.15e-09	3.375e-09	5.1e-09	1.3462e-08	1.6987e-08	6.375e-09	1.1512e-08	1.185e-08	7.0875e-09	1.1212e-08	2.2875e-09
6.525e-09	8.4e-09	7.1625e-09	1.0537e-08	8.2125e-09	4.275e-09	9.6e-09	4.8375e-09	7.5375e-09	1.4925e-08	6.225e-09	8.325e-09	7.5e-09	7.1625e-09	8.55e-09	9.15e-09	9e-09	7.875e-09	6.9e-09	8.5875e-09	4.6875e-09	8.6625e-09	3.975e-09	8.6625e-09	1.3237e-08	4.7625e-09	7.725e-09	1.38e-08	5.3625e-09	1.005e-08	6.975e-09	6.7125e-09	1.215e-08	5.5125e-09	4.0125e-09	9.3e-09	1.1137e-08	9.675e-09	6.525e-09	9.6375e-09	8.55e-09	6.3375e-09	6.75e-09	6.0375e-09	1.1775e-08	5.925e-09	6.0375e-09	1.32e-08	6.8625e-09	8.025e-09	1.0237e-08	6.225e-09	6.975e-09	8.4375e-09	6.75e-09	5.8125e-09	9.7125e-09	1.1062e-08	8.2125e-09	5.0625e-09	1.005e-08	7.8375e-09	1.0387e-08	7.95e-09	6.225e-09	9.6375e-09	5.475e-09	5.9625e-09	1.29e-08	6.15e-09	3e-09	1.2825e-08	6.975e-09	7.6125e-09	9.8625e-09	1.0237e-08	6.975e-09	7.5e-09	9.525e-09	7.1625e-09	6.375e-09	2.925e-09	9.6375e-09	3.375e-09	6.9375e-09	1.065e-08	8.2875e-09	1.1962e-08	1.02e-08	5.25e-09	3.15e-09	6.3375e-09	9.525e-09	1.38e-08	8.7375e-09	8.1e-09	1.02e-08	4.0125e-09	6.7875e-09	8.2875e-09	3.8625e-09	2.8875e-09	9.375e-09	1.0575e-08	1.2187e-08	1.125e-08	6.5625e-09	8.625e-09	2.475e-09	4.35e-09	7.35e-09	9.5625e-09	1.1362e-08	1.3125e-08	3.75e-09	1.65e-09	5.925e-09	4.95e-09	7.9875e-09	9.675e-09	1.0087e-08	1.6462e-08	1.3912e-08	6.15e-09	6.75e-09	4.5375e-09	2.5125e-09	8.625e-10
6.9375e-09	9.0375e-09	9.975e-09	6.7125e-09	9.225e-09	6.975e-09	8.25e-09	6.675e-09	8.025e-09	9.225e-09	7.7625e-09	5.7e-09	7.4625e-09	1.1512e-08	5.85e-09	1.3575e-08	6.45e-09	9.7875e-09	7.0125e-09	6.9375e-09	9.3375e-09	3.6e-09	8.5125e-09	1.035e-08	1.0875e-08	9.75e-09	5.2125e-09	6.9e-09	1.1437e-08	8.0625e-09	9.675e-09	5.8875e-09	1.0162e-08	9.15e-09	6.45e-09	9.6e-09	7.1625e-09	1.0462e-08	8.175e-09	6.6e-09	9.375e-09	7.3125e-09	6.675e-09	6.975e-09	1.2075e-08	8.625e-09	7.65e-09	8.5125e-09	7.95e-09	7.9125e-09	8.5125e-09	7.95e-09	4.4625e-09	1.2862e-08	7.35e-09	8.55e-09	9.975e-09	7.35e-09	9.525e-09	6.8625e-09	9.15e-09	9.6375e-09	6.9e-09	7.7625e-09	8.5125e-09	8.1375e-09	5.925e-09	5.8875e-09	7.5375e-09	1.2262e-08	5.6625e-09	1.4025e-08	4.1625e-09	6.8625e-09	1.4062e-08	5.475e-09	7.9875e-09	4.125e-09	8.55e-09	1.3912e-08	6.7125e-09	1.08e-08	6.6375e-09	3.825e-09	6.9375e-09	6.7125e-09	8.775e-09	1.1212e-08	9.45e-09	1.0725e-08	6.0375e-09	4.3125e-09	6.225e-09	1.1925e-08	4.95e-09	5.5125e-09	1.11e-08	5.85e-09	7.0125e-09	5.925e-09	8.775e-09	7.2e-09	8.3625e-09	1.0087e-08	1.02e-08	1.56e-08	5.925e-09	7.1625e-09	4.575e-09	7.5375e-09	1.02e-08	5.6625e-09	1.6762e-08	5.7375e-09	4.9125e-09	3.4125e-09	5.7375e-09	4.6125e-09	6.5625e-09	7.875e-09	8.1375e-09	5.8875e-09	9.675e-09	1.0762e-08	1.2862e-08	9.6375e-09	4.575e-09	3.75e-10
1.0725e-08	7.0875e-09	9.9e-09	7.0875e-09	7.95e-09	8.475e-09	5.925e-09	1.2862e-08	5.8125e-09	5.1375e-09	1.1737e-08	5.85e-09	1.0012e-08	9.6e-09	3.675e-09	9.75e-09	9.075e-09	8.5125e-09	8.5125e-09	8.325e-09	6.1125e-09	1.2562e-08	8.5125e-09	1.02e-08	7.2375e-09	9.5625e-09	7.65e-09	6.45e-09	3.075e-09	1.155e-08	1.2375e-08	8.85e-09	5.85e-09	1.08e-08	6.6375e-09	9.45e-09	9.525e-09	7.125e-09	7.575e-09	8.7375e-09	8.3625e-09	9.6e-09	7.6875e-09	5.5125e-09	1.1775e-08	7.95e-09	9.6375e-09	7.3125e-09	8.475e-09	9.7125e-09	4.725e-09	1.0237e-08	7.725e-09	9.2625e-09	1.0125e-08	5.8875e-09	1.0125e-08	6.3e-09	9.15e-09	1.0387e-08	6.6375e-09	9.4875e-09	6.675e-09	5.7375e-09	8.0625e-09	6.7125e-09	7.9875e-09	1.3162e-08	5.1375e-09	1.1062e-08	7.35e-09	8.25e-09	3.75e-09	9.1125e-09	1.245e-08	6.225e-09	3.975e-09	1.0087e-08	6.1125e-09	6.075e-09	1.38e-08	1.0125e-08	1.02e-08	6.7125e-09	3e-09	6.15e-09	1.545e-08	9.5625e-09	4.65e-09	1.32e-08	3.975e-09	2.4e-09	2.775e-09	5.025e-09	5.55e-09	3.75e-09	4.3875e-09	1.2975e-08	7.875e-09	1.3087e-08	1.59e-08	9.8625e-09	9.3375e-09	9.075e-09	8.55e-09	1.0837e-08	1.2637e-08	4.2e-09	9.7125e-09	5.025e-09	7.8375e-09	7.9125e-09	8.5125e-09	7.7625e-09	6.375e-09	9.0375e-09	7.65e-09	9.3e-09	9.1125e-09	5.8875e-09	1.5712e-08	6.1125e-09	6.525e-09	8.5875e-09	8.5875e-09	7.575e-09	3.4875e-09	7.5e-11
9.525e-09	7.5375e-09	6.15e-09	9.525e-09	7.8e-09	1.02e-08	8.175e-09	5.025e-09	9.525e-09	7.2e-09	8.325e-09	7.3125e-09	7.5375e-09	3.0375e-09	1.4175e-08	7.125e-09	2.3625e-09	1.0312e-08	7.425e-09	6.3375e-09	3.675e-09	2.25e-08	4.2e-09	4.9125e-09	4.0875e-09	4.3875e-09	5.1375e-09	2.2687e-08	4.2e-09	6.75e-09	1.1737e-08	1.2712e-08	6.825e-09	9.15e-09	9.75e-09	6.7125e-09	6.225e-09	8.7375e-09	5.2875e-09	4.6125e-09	4.2375e-09	8.325e-09	8.5125e-09	1.5525e-08	1.125e-08	6.75e-09	6.7875e-09	7.9875e-09	8.775e-09	7.8e-09	9.075e-09	9e-09	8.4375e-09	6.4875e-09	1.1662e-08	7.0875e-09	2.4e-09	9.6375e-09	1.0612e-08	9.9e-09	8.2875e-09	4.125e-09	9.45e-09	7.5e-09	5.6625e-09	1.0312e-08	7.9125e-09	1.2787e-08	6.6e-09	1.0837e-08	9.45e-09	6.075e-09	6.075e-09	7.875e-09	8.85e-09	9.75e-09	9.1875e-09	8.1e-09	3.15e-09	1.335e-08	1.14e-08	7.4625e-09	9.4875e-09	6.825e-09	1.8e-09	7.9125e-09	7.95e-09	4.9125e-09	9.075e-09	5.4375e-09	1.0312e-08	4.95e-09	1.575e-09	4.5375e-09	1.6387e-08	9.1125e-09	6.375e-10	4.8375e-09	5.4375e-09	1.0612e-08	4.875e-09	5.0625e-09	3.4875e-08	9.4875e-09	3.6375e-09	1.8375e-09	1.0837e-08	6.1125e-09	9.4125e-09	1.8e-09	4.1625e-09	1.5262e-08	3.525e-09	6.9375e-09	2.6625e-09	3.3e-09	2.1375e-09	9.7125e-09	6.7875e-09	1.9162e-08	1.9875e-09	7.0125e-09	6.1125e-09	5.7e-09	9.825e-09	1.1887e-08	4.5e-09	3.75e-10
7.65e-09	1.1775e-08	5.8875e-09	1.0125e-08	9.6e-09	4.3875e-09	6.75e-09	8.7375e-09	1.05e-09	4.6125e-09	2.4375e-09	4.875e-10	3.6375e-09	7.8e-09	6.1875e-09	2.4937e-08	1.68e-08	1.2487e-08	9.1125e-09	1.0537e-08	1.6875e-09	1.4625e-09	7.6125e-09	1.0012e-08	2.175e-09	1.5375e-09	8.775e-09	1.4062e-08	4.3125e-09	2.8162e-08	6.3e-09	3.3e-09	6.375e-09	1.65e-08	4.6875e-09	6.375e-09	3.225e-09	1.035e-08	9.225e-09	6.9e-09	1.62e-08	9.0375e-09	8.25e-09	6.675e-09	9.225e-09	9.5625e-09	6.675e-09	1.2037e-08	7.125e-09	5.775e-09	1.2487e-08	7.5e-09	9.2625e-09	7.3875e-09	3.975e-09	7.9875e-09	1.8375e-09	5.1375e-09	6.225e-09	1.8225e-08	7.1625e-09	7.275e-09	8.475e-09	1.4512e-08	4.3875e-09	3.9375e-09	1.68e-08	7.35e-09	6.825e-09	8.25e-10	2.1e-09	7.35e-09	2.1712e-08	7.3125e-09	4.8375e-09	3.1875e-09	1.7287e-08	5.5125e-09	7.2e-09	1.3912e-08	3.075e-09	6.6375e-09	3.6e-09	2.625e-09	2.85e-09	5.55e-09	1.0125e-08	3.225e-09	5.7375e-09	1.3875e-09	3e-09	3.4125e-09	2.025e-09	5.55e-09	1.6275e-08	9.4125e-09	1.32e-08	4.3125e-09	4.4625e-09	3.75e-09	6.8625e-09	1.2525e-08	1.4287e-08	5.025e-09	1.4625e-09	3.075e-09	5.85e-09	6.7875e-09	3.525e-09	9.1125e-09	4.9125e-09	7.875e-10	3.8625e-09	3.075e-09	4.9875e-09	2.7375e-09	6.7875e-09	8.175e-09	2.2125e-09	3.3375e-09	2.925e-08	5.7375e-09	5.2125e-09	4.8e-09	4.6125e-09	7.7625e-09	1.8e-09	6.375e-10
7.5e-10	3.6e-09	1.8262e-08	1.5262e-08	1.1362e-08	6.675e-09	5.3625e-09	1.1287e-08	2.55e-09	5.55e-09	1.3387e-08	1.725e-09	2.325e-09	7.875e-10	5.25e-10	3.39e-08	1.1437e-08	7.1625e-09	8.85e-09	3.3375e-09	3.525e-09	2.2875e-09	7.8e-09	1.6387e-08	1.0575e-08	1.11e-08	9.975e-09	4.275e-09	9.75e-10	2.175e-09	1.4625e-09	2.7e-09	2.595e-08	2.6625e-09	9.375e-10	2.25e-10	3.75e-11	3.75e-11	1.125e-10	4.5e-10	3.75e-11	9.75e-10	2.4e-09	7.6875e-09	1.1212e-08	1.23e-08	2.01e-08	2.4e-09	2.5012e-08	1.1362e-08	4.6125e-09	4.59e-08	7.425e-09	1.0012e-08	7.3125e-09	5.8125e-09	4.05e-09	2.8875e-09	1.6612e-08	1.2487e-08	5.9625e-09	5.8125e-09	8.7375e-09	8.2125e-09	8.625e-09	5.2125e-09	9e-09	1.1587e-08	6.15e-09	1.425e-09	4.125e-10	1.3125e-09	9.8625e-09	2.0812e-08	7.5e-09	9.4875e-09	7.65e-09	7.5375e-09	1.9387e-08	7.2e-09	7.65e-09	2.8875e-09	3.675e-09	6.75e-10	1.5e-10	1.5e-10	1.6687e-08	3.0787e-08	4.125e-10	2.25e-10	4.875e-10	8.625e-10	2.625e-10	4.875e-10	7.125e-09	7.35e-09	8.1375e-09	6.5625e-09	2.925e-09	1.4775e-08	1.1662e-08	8.7e-09	1.1212e-08	4.9125e-09	1.8e-09	1.05e-09	7.6125e-09	2.1675e-08	9.4125e-09	8.3625e-09	4.9875e-09	4.05e-09	2.325e-09	8.475e-09	8.8125e-09	9.6e-09	4.875e-10	3.2625e-09	4.95e-09	6e-10	3.375e-10	4.875e-10	8.25e-10	7.5e-10	5.625e-10	2.175e-09	6.75e-10	7.5e-11
2.4375e-09	6.45e-09	3.375e-09	1.095e-08	1.6537e-08	8.475e-09	1.5075e-08	5.85e-09	1.0725e-08	7.35e-09	9.825e-09	3.0375e-09	5.175e-09	6.1125e-09	4.8375e-09	1.8525e-08	9.4875e-09	5.2125e-09	7.725e-09	5.925e-09	2.25e-10	4.125e-10	2.25e-09	3.225e-08	9.225e-09	4.1625e-09	1.2037e-08	5.9625e-09	3.1875e-09	6.75e-10	4.5e-10	4.5e-10	5.25e-10	2.4e-09	9.5625e-09	2.6175e-08	1.77e-08	3.6e-09	3.75e-11	6e-10	1.2375e-09	6.975e-09	1.215e-08	1.6087e-08	8.2125e-09	2.5725e-08	7.3125e-09	3e-09	6.75e-10	3.75e-11	1.125e-10	3.6375e-09	2.3812e-08	2.4037e-08	1.2862e-08	6.9375e-09	8.325e-09	1.0087e-08	4.425e-09	9.3375e-09	7.6125e-09	7.575e-09	1.1887e-08	7.2e-09	3.975e-09	1.26e-08	1.3875e-09	8.775e-09	2.25e-10	2.25e-10	4.125e-10	3.375e-10	3.525e-09	6.7125e-09	9.3375e-09	2.5987e-08	4.3125e-09	1.8e-08	4.5e-09	2.25e-10	3.75e-11	4.125e-10	1.5e-10	3.75e-11	7.5e-11	1.4625e-09	1.4287e-08	9.1875e-09	5.775e-09	6.6e-09	4.95e-09	4.2375e-09	8.2875e-09	1.275e-09	4.5e-10	3.375e-10	4.35e-09	1.9875e-09	1.9125e-09	9.375e-10	3.7875e-09	1.3537e-08	1.83e-08	7.4625e-09	5.4375e-09	1.11e-08	1.5637e-08	1.11e-08	4.7625e-09	8.775e-09	1.0087e-08	8.5875e-09	1.0125e-08	1.3087e-08	7.425e-09	8.025e-09	2.475e-09	3.675e-09	1.3875e-09	3.375e-10	3.375e-10	1.0125e-09	1.5e-10	1.5e-10	2.625e-10	5.25e-10	3.75e-10	3.75e-11
2.8125e-09	7.6125e-09	5.0625e-09	1.2e-08	5.7375e-09	5.775e-09	6e-10	5.55e-09	2.625e-08	7.275e-09	2.55e-09	1.6425e-08	7.65e-09	2.25e-10	1.3875e-09	1.7587e-08	1.0987e-08	7.8e-09	8.8125e-09	8.1e-09	9e-10	4.125e-10	3.6e-09	2.145e-08	1.0725e-08	8.7e-09	1.215e-08	7.8e-09	1.725e-09	1.3125e-09	1.425e-09	1.5e-09	1.6125e-09	1.1625e-09	6.3375e-09	4.6612e-08	7.95e-09	8.6625e-09	2.5125e-09	1.4625e-09	6.375e-10	1.6125e-09	2.235e-08	7.35e-09	4.05e-09	2.4187e-08	3.9375e-09	8.9625e-09	6e-10	4.5e-10	3.6e-09	2.6625e-09	1.2112e-08	1.7212e-08	1.7625e-08	1.1587e-08	6.75e-09	7.125e-09	1.425e-09	5.7375e-09	1.275e-08	6.8625e-09	8.9625e-09	1.5e-10	4.125e-09	2.5275e-08	5.5125e-09	2.2125e-09	1.5e-10	7.875e-10	7.125e-10	4.275e-09	5.2125e-09	4.5375e-09	3.9375e-09	1.1137e-08	9.15e-09	1.4587e-08	9.7875e-09	1.5e-09	4.35e-09	4.125e-09	1.9125e-09	3.75e-11	7.5e-11	1.125e-09	2.175e-09	4.0875e-09	2.2875e-09	5.175e-09	1.3312e-08	1.89e-08	2.1187e-08	1.6087e-08	3.525e-09	3.75e-11	1.5e-10	5.625e-10	1.65e-09	6e-10	2.8125e-09	4.6875e-09	6e-09	1.575e-09	3.1875e-09	6.0375e-09	1.1962e-08	6.75e-09	2.5875e-09	2.2125e-09	1.5225e-08	5.9625e-09	2.1375e-09	9.7875e-09	1.5225e-08	1.2862e-08	2.6325e-08	1.125e-10	1.875e-10	3.375e-10	2.025e-09	1.6125e-09	4.0875e-09	1.5e-10	4.875e-10	1.125e-10	3.375e-10	2.625e-10
3.45e-09	1.725e-09	6.75e-10	2.625e-10	3.525e-09	1.1025e-08	1.2412e-08	1.8e-09	8.775e-09	2.7037e-08	6.1125e-09	1.1325e-08	3.5625e-09	1.0875e-09	1.7625e-09	7.35e-09	1.7062e-08	2.4712e-08	6.8625e-09	4.5e-09	1.2e-09	3.375e-10	2.8875e-09	1.3612e-08	2.5687e-08	1.0087e-08	5.7375e-09	6.45e-09	8.625e-10	4.125e-10	2.625e-10	4.875e-09	9.525e-09	2.3587e-08	1.1737e-08	1.6575e-08	5.1e-09	1.1437e-08	9.15e-09	2.2875e-09	5.25e-10	4.875e-10	1.7062e-08	7.5375e-09	1.365e-08	1.275e-08	6.075e-09	2.1e-09	2.25e-10	1.125e-10	2.925e-09	2.1112e-08	7.9875e-09	1.7812e-08	1.2975e-08	1.215e-08	7.8375e-09	7.575e-09	3.6375e-09	1.875e-10	1.0537e-08	1.485e-08	2.6625e-09	2.25e-10	5.25e-10	1.8075e-08	2.3587e-08	1.9875e-09	8.25e-10	4.125e-10	7.425e-09	1.7325e-08	8.775e-09	5.625e-09	4.3875e-09	2.175e-09	1.95e-09	5.8125e-09	6.6375e-09	5.625e-09	7.8e-09	5.2125e-09	4.3875e-09	5.2125e-09	1.725e-09	1.425e-09	2.025e-09	1.4625e-09	4.5e-10	1.2075e-08	2.6775e-08	1.695e-08	5.7e-09	2.1e-09	4.875e-10	3.75e-11	3.75e-11	3.225e-09	4.1625e-09	5.625e-10	2.25e-10	2.2875e-09	1.125e-09	5.625e-10	1.05e-09	1.6425e-08	7.725e-09	5.8125e-09	6.375e-10	1.875e-10	3e-10	3.75e-11	2.6625e-09	5.3175e-08	3.2662e-08	5.25e-09	3.15e-09	2.25e-10	9e-10	6.75e-09	6.3e-09	1.8375e-09	3.75e-11	3.375e-10	3e-10	1.2375e-09	1.5e-10	2.25e-10
2.55e-09	1.455e-08	2.6625e-09	1.725e-09	3.4762e-08	1.4925e-08	5.775e-09	9.15e-09	1.875e-09	2.1e-09	3.525e-09	1.365e-08	5.55e-09	1.3312e-08	1.1625e-09	1.35e-09	1.1137e-08	6.6e-09	5.7375e-09	6.6e-09	1.02e-08	1.1212e-08	1.2937e-08	2.3662e-08	6.75e-09	2.8125e-09	4.05e-09	2.175e-09	4.875e-10	3.75e-11	3.75e-11	9.375e-10	3.0562e-08	3.2062e-08	7.275e-09	8.85e-09	9.6e-09	7.2e-09	4.875e-09	2.1375e-09	1.125e-10	1.125e-10	1.125e-10	2.2125e-09	2.2725e-08	8.85e-09	5.475e-09	1.875e-09	5.625e-10	6e-10	2.325e-09	2.535e-08	1.7475e-08	2.7375e-09	7.8e-09	3.4912e-08	6.9375e-09	9.75e-09	8.625e-09	8.625e-10	4.5375e-09	2.1787e-08	2.325e-09	3.75e-10	1.2375e-09	9.45e-09	2.3962e-08	3.15e-09	1.2375e-08	1.875e-10	1.125e-10	7.5e-11	2.2875e-09	4.9875e-09	6.8625e-09	5.625e-09	7.9125e-09	3.225e-09	6.1875e-09	1.8375e-09	1.125e-09	9.75e-10	2.0625e-09	4.0875e-09	1.6125e-09	1.8375e-09	1.0087e-08	5.6625e-09	5.25e-10	8.7e-09	1.2412e-08	2.4112e-08	8.25e-10	5.25e-10	1.875e-10	6.375e-10	3.3187e-08	2.2725e-08	2.8912e-08	9.375e-10	7.5e-11	3.75e-10	1.725e-09	9e-10	2.8125e-09	1.1287e-08	9.45e-09	1.8375e-09	1.5e-10	9.375e-10	1.3125e-09	5.25e-10	2.8875e-09	3.9862e-08	1.7137e-08	6.6e-09	1.2112e-08	7.875e-10	3.75e-11	1.5e-10	7.875e-10	1.125e-10	3.75e-11	2.625e-10	2.25e-10	7.5e-11	1.125e-10	1.5e-10
1.125e-09	2.925e-09	7.125e-10	4.2e-09	1.83e-08	3.45e-08	7.9125e-09	1.1175e-08	5.175e-09	3.375e-09	6.4875e-09	1.7175e-08	1.3875e-09	3.75e-10	2.1e-09	9.375e-10	5.25e-10	2.5125e-09	2.025e-08	6.525e-09	6.075e-09	7.575e-09	1.11e-08	2.64e-08	1.3162e-08	4.8e-09	1.9125e-09	1.8337e-08	6.4125e-09	2.775e-09	4.125e-10	1.875e-10	9.375e-10	7.425e-09	1.1287e-08	4.6875e-09	1.3762e-08	1.56e-08	5.3625e-09	1.755e-08	4.7625e-09	1.3687e-08	4.875e-10	2.4375e-09	3.4125e-09	8.7e-09	5.4375e-09	2.175e-09	4.35e-09	2.1e-09	2.6625e-09	4.1025e-08	1.8375e-08	4.3125e-09	4.425e-09	1.6387e-08	6.7875e-09	7.9875e-09	7.9875e-09	3.5625e-09	5.625e-10	4.5e-09	7.275e-09	1.2975e-08	3.6375e-09	1.125e-09	2.8125e-09	1.1625e-08	3.1237e-08	4.425e-09	1.7625e-09	6.75e-10	6.675e-09	2.55e-09	1.0387e-08	4.0125e-09	3.3375e-09	2.3625e-09	1.9125e-09	3e-10	3.225e-09	3.15e-09	5.625e-10	8.625e-10	7.5e-10	6.675e-09	2.595e-08	2.0287e-08	1.8562e-08	1.7737e-08	1.2787e-08	4.2375e-09	2.0625e-09	5.4e-09	3.9e-09	9.45e-09	8.7375e-09	1.3387e-08	3.1125e-08	7.875e-09	2.8875e-09	1.8375e-09	1.875e-09	4.275e-09	2.1375e-09	3.7125e-09	1.275e-09	1.3875e-09	5.625e-10	2.325e-09	3.675e-09	1.5e-10	3.375e-10	1.0612e-08	1.2375e-08	6.375e-09	1.875e-09	1.875e-10	7.5e-11	7.5e-11	4.125e-10	1.2e-09	6e-10	7.875e-10	2.2125e-09	4.875e-10	3.375e-10	1.125e-10
2.5125e-09	1.0875e-09	4.5e-09	2.4375e-09	5.5125e-09	1.5075e-08	8.55e-09	1.8112e-08	6.225e-09	1.2375e-09	1.3875e-09	1.9125e-09	5.625e-09	3.45e-09	2.4375e-09	5.25e-10	6e-10	1.725e-09	2.6625e-09	1.1287e-08	6.9637e-08	3.375e-09	6.1125e-09	1.3875e-09	2.8875e-09	9.075e-09	2.7825e-08	1.005e-08	5.2125e-09	1.1737e-08	2.475e-09	9.75e-10	1.5e-09	1.6875e-09	5.2125e-09	1.1887e-08	5.2875e-09	3.3712e-08	7.1625e-09	9.75e-10	9.975e-09	3.45e-09	1.575e-09	1.125e-09	5.325e-09	7.2e-09	3.8625e-09	1.3875e-09	9.375e-10	1.4625e-09	9e-10	6.15e-09	6.0975e-08	1.1737e-08	4.4625e-09	1.2862e-08	6.4875e-09	8.9625e-09	7.575e-09	1.3875e-09	1.3875e-09	1.8037e-08	8.0625e-09	7.4625e-09	6.5625e-09	1.8e-09	1.7062e-08	1.095e-08	3.15e-09	3.675e-09	3.075e-09	3.7125e-09	1.875e-10	3.075e-09	4.4625e-09	1.8262e-08	2.5387e-08	2.3625e-09	4.0875e-09	1.2e-09	3.375e-10	3.75e-11	5.25e-10	7.5e-10	1.8375e-09	1.875e-08	5.2012e-08	7.5375e-09	4.6875e-09	5.475e-09	3.9375e-09	1.14e-08	1.5e-09	2.3137e-08	4.05e-09	2.2875e-09	3.075e-09	7.1625e-09	2.0175e-08	1.4175e-08	6.825e-09	1.275e-09	3.45e-09	4.125e-09	2.5125e-09	2.4e-09	1.275e-09	3.375e-10	3.375e-10	4.875e-10	6e-10	7.5e-11	1.0125e-09	6.1875e-09	7.9125e-09	8.6625e-09	8.025e-09	1.2075e-08	3.0375e-09	3e-10	4.125e-10	6.75e-10	1.1625e-09	1.0875e-09	5.25e-10	3.75e-10	7.875e-10	7.5e-11
2.2875e-09	9.375e-10	1.3875e-09	1.875e-09	4.4625e-09	1.6875e-09	3.3375e-09	1.0237e-08	1.4737e-08	2.8125e-09	4.125e-09	3e-09	6e-10	9.375e-10	6e-10	1.2e-09	2.775e-09	2.1375e-09	1.9875e-09	1.65e-09	1.4062e-08	2.505e-08	8.325e-09	2.94e-08	2.625e-09	5.9812e-08	1.1025e-08	1.1287e-08	9.45e-09	3.9e-09	1.0312e-08	9.825e-09	2.175e-09	2.625e-10	8.0625e-09	4.4625e-09	2.6212e-08	2.1e-09	1.8375e-09	5.8875e-09	1.68e-08	1.1812e-08	5.025e-09	1.0987e-08	1.3875e-09	3e-10	2.625e-10	7.5e-10	8.025e-09	9.45e-09	1.1137e-08	2.775e-08	1.4287e-08	8.175e-09	1.0125e-08	8.0625e-09	1.0612e-08	4.9125e-09	1.5e-10	1.875e-10	6.3375e-09	8.325e-09	1.3875e-08	5.925e-09	1.3575e-08	2.1e-09	1.2e-09	5.8125e-09	9.3375e-09	1.485e-08	4.2e-09	2.49e-08	9.9375e-09	5.775e-09	7.9875e-09	1.2225e-08	1.5e-09	7.425e-09	1.5e-08	4.6125e-09	8.4e-09	3.1125e-09	2.925e-09	9e-10	3e-10	1.0125e-09	9.4125e-09	2.3175e-08	9.7875e-09	2.4375e-09	1.5487e-08	1.6875e-09	7.5e-10	1.5037e-08	1.2825e-08	5.2875e-09	5.2875e-09	1.815e-08	1.7737e-08	1.0837e-08	7.6125e-09	7.5e-10	2.85e-09	1.875e-09	6.525e-09	2.025e-09	1.35e-09	6e-10	1.125e-10	2.625e-10	4.5e-10	1.7625e-09	2.5875e-09	4.2375e-09	3.9375e-09	3.0375e-09	3e-10	2.4e-09	8.25e-10	1.125e-10	1.65e-09	2.475e-09	1.0125e-09	3e-10	6.375e-10	4.5e-10	3.75e-10	2.25e-10
7.65e-09	1.8e-09	2.25e-09	2.025e-09	6.8625e-09	8.1e-09	6.3e-09	1.8375e-09	1.1962e-08	2.8125e-09	5.2875e-09	7.05e-09	6.5625e-09	2.175e-09	1.875e-09	4.275e-09	8.55e-09	1.6275e-08	3.7575e-08	1.1887e-08	6.5625e-09	6.3e-09	8.0625e-09	9e-10	9.2625e-09	2.0737e-08	1.0387e-08	5.3625e-09	6.0375e-09	7.5375e-09	1.1475e-08	1.11e-08	4.35e-09	8.25e-10	3.75e-10	1.6725e-08	1.635e-08	5.7375e-09	6.375e-10	1.575e-09	1.6875e-09	1.9125e-09	2.85e-09	2.1375e-09	4.2375e-09	6.4875e-09	3.375e-10	1.5e-10	1.2375e-09	1.7325e-08	5.2312e-08	1.4512e-08	8.4e-09	4.875e-09	1.2112e-08	6.7875e-09	1.0237e-08	8.0625e-09	1.3125e-09	3.75e-11	1.5375e-09	1.725e-08	1.3725e-08	2.3625e-09	1.725e-09	2.25e-10	2.25e-10	1.425e-09	1.7212e-08	1.8187e-08	1.4962e-08	1.2487e-08	1.365e-08	3.45e-09	2.325e-09	4.725e-09	7.875e-10	1.425e-09	1.125e-09	3.69e-08	8.5875e-09	7.425e-09	2.4e-09	2.175e-09	6.75e-10	3e-10	1.8375e-09	1.0987e-08	5.4375e-09	2.325e-09	2.2875e-09	2.325e-09	6.225e-09	1.425e-08	6.525e-09	1.0125e-08	1.7475e-08	1.7212e-08	1.5862e-08	2.0437e-08	9.7125e-09	1.9125e-09	1.2e-09	5.625e-10	1.2375e-09	2.025e-09	1.275e-09	3.75e-11	7.5e-11	1.875e-10	2.25e-10	3.6e-09	1.035e-08	1.0987e-08	7.125e-09	6.4875e-09	1.2e-09	1.1625e-09	7.5e-11	2.55e-09	5.2125e-09	9.375e-10	1.5e-10	4.5e-10	7.125e-10	9.375e-10	6.375e-10	7.5e-11
5.4e-09	5.6625e-09	1.185e-08	1.1625e-09	8.1e-09	1.3387e-08	9.2625e-09	5.5125e-09	4.3125e-09	1.5e-09	1.65e-09	2.1e-09	5.8125e-09	4.275e-09	1.2187e-08	1.1362e-08	1.6762e-08	1.2e-08	1.5375e-08	1.02e-08	5.9625e-09	7.3875e-09	9.1875e-09	6e-10	1.5e-10	2.19e-08	1.3875e-08	6.7875e-09	3.6e-09	1.1175e-08	9.15e-09	9.45e-09	9.075e-09	6.8625e-09	8.475e-09	1.875e-10	1.5112e-08	6.3e-09	3.7875e-09	6.375e-10	8.25e-10	2.25e-10	2.7e-09	6.375e-10	2.025e-09	1.9875e-09	2.8875e-09	1.7625e-09	1.425e-09	2.7e-09	7.605e-08	7.3125e-09	9.9e-09	7.0875e-09	6e-09	1.0162e-08	9.225e-09	9.75e-09	1.275e-09	3.75e-10	7.5e-09	1.3312e-08	1.3687e-08	1.005e-08	1.0125e-09	1.3612e-08	5.625e-10	1.5375e-09	1.365e-08	7.0125e-09	7.3875e-09	1.845e-08	5.9625e-09	3.75e-11	3.375e-10	1.425e-09	4.125e-10	3.75e-10	7.5e-10	1.0762e-08	1.2712e-08	3.3375e-09	3.0937e-08	2.4862e-08	3.6e-09	1.125e-10	9e-10	2.8875e-09	8.0625e-09	4.2e-09	1.65e-09	4.125e-10	6.4875e-09	1.1137e-08	9.8625e-09	5.0625e-09	1.08e-08	1.3537e-08	2.8125e-08	1.6425e-08	6.675e-09	1.125e-10	1.5e-10	1.125e-10	4.5e-10	4.875e-10	1.1625e-09	8.625e-10	6.75e-10	4.125e-10	2.625e-10	4.875e-10	3.6375e-09	1.215e-08	9e-09	5.85e-09	7.875e-10	6.375e-10	9.375e-10	1.8375e-09	2.8875e-09	1.9125e-09	3.375e-10	4.875e-10	3.75e-10	7.125e-10	3e-10	7.5e-11
5.7e-09	7.875e-09	4.575e-09	2.925e-09	1.1137e-08	1.2e-08	1.0087e-08	9.675e-09	3.525e-09	2.25e-10	4.125e-10	1.0875e-09	1.7625e-09	2.775e-09	1.3612e-08	2.5537e-08	1.9237e-08	8.2125e-09	8.5125e-09	1.035e-08	7.425e-09	2.625e-09	9.3375e-09	9.2625e-09	2.5125e-09	2.925e-09	1.995e-08	8.8125e-09	8.025e-09	8.775e-09	7.425e-09	8.4375e-09	8.475e-09	4.725e-09	1.1287e-08	7.425e-09	3.75e-09	1.2712e-08	5.3625e-09	4.3125e-09	1.3125e-09	9.075e-09	2.5875e-09	1.8e-09	5.1e-09	2.8125e-09	4.65e-09	6.225e-09	1.9987e-08	3.375e-10	2.3325e-08	2.0737e-08	9.5625e-09	1.0012e-08	6.525e-09	9.525e-09	6.9e-09	2.775e-09	2.55e-09	1.5375e-09	1.275e-09	3.3e-09	1.65e-09	3.27e-08	7.0875e-09	2.325e-09	2.3437e-08	1.35e-09	5.925e-09	8.8125e-09	5.1e-09	9.6e-09	1.35e-08	2.025e-09	4.5e-10	1.2375e-09	3.975e-09	2.1e-09	2.625e-10	8.0625e-09	4.1662e-08	3.825e-09	3.3e-09	2.1637e-08	3.75e-09	3.75e-11	7.5e-11	1.275e-09	9.3e-09	8.9625e-09	3.45e-09	3.675e-09	1.875e-10	1.6125e-09	2.9625e-09	8.6625e-09	9.675e-09	6.4125e-09	1.4925e-08	4.5337e-08	4.4625e-09	7.875e-10	4.875e-10	9.375e-10	5.475e-09	4.575e-09	1.005e-08	1.2412e-08	6.9e-09	8.925e-09	3.4875e-09	2.2875e-09	4.5e-09	1.0162e-08	7.5e-09	5.175e-09	4.7625e-09	7.5e-10	1.125e-10	5.625e-10	3.3e-09	1.5375e-09	9e-10	1.5e-10	1.95e-09	5.625e-10	1.6875e-09	1.4625e-09
4.575e-09	7.0875e-09	6.225e-09	9.15e-09	7.725e-09	8.7375e-09	1.0012e-08	4.4625e-09	3.3e-09	6.75e-09	6.1125e-09	1.545e-08	8.7e-09	2.25e-09	1.7362e-08	5.775e-09	2.9625e-09	4.5375e-09	8.4375e-09	7.95e-09	1.9575e-08	6.0375e-09	5.2875e-09	7.4625e-09	3.8625e-09	2.3625e-09	1.89e-08	5.2875e-09	1.425e-08	8.1375e-09	9.8625e-09	3.375e-09	7.8e-09	1.8375e-09	6.075e-09	1.53e-08	4.875e-09	9.375e-10	1.7887e-08	1.1512e-08	5.8875e-09	1.26e-08	6.3e-09	1.2e-09	9e-10	1.8375e-09	1.8825e-08	1.6312e-08	5.8875e-09	7.875e-09	1.1437e-08	8.2875e-09	7.8375e-09	9.6375e-09	3.7125e-09	9.9375e-09	9.9e-09	5.25e-10	3.75e-11	5.25e-10	6.4125e-09	1.2487e-08	2.8125e-09	3.5625e-09	1.65e-08	2.625e-10	1.5375e-09	1.6875e-09	9.2625e-09	2.3137e-08	9.9e-09	1.5187e-08	1.9575e-08	8.85e-09	7.6875e-09	4.875e-10	7.5e-11	3.75e-10	3e-10	3.7875e-09	6.1125e-09	4.1625e-09	4.6875e-09	9.3375e-09	3.6375e-09	3.375e-10	2.625e-10	2.625e-10	1.3125e-09	2.685e-08	1.1625e-08	7.6875e-09	5.925e-09	7.5e-11	1.875e-10	3e-09	3.5775e-08	1.4625e-08	9.4125e-09	1.7287e-08	1.9125e-08	4.5375e-09	6.375e-10	3.75e-11	3e-10	2.55e-09	5.4375e-09	8.025e-09	9e-09	8.4e-09	5.625e-09	4.7625e-09	1.1137e-08	8.9625e-09	4.725e-09	1.125e-09	9e-10	1.6125e-09	1.875e-09	1.8e-09	2.2125e-09	1.125e-10	2.25e-10	3e-10	2.25e-10	7.5e-10	2.625e-10	1.125e-10
9.6e-09	5.775e-09	4.8375e-09	1.7625e-09	1.6425e-08	1.2225e-08	6.825e-09	8.325e-09	5.8875e-09	2.5875e-09	8.2125e-09	1.5637e-08	5.5875e-09	1.1625e-09	3.75e-10	6e-09	1.0875e-08	1.9987e-08	1.32e-08	6.375e-09	4.6875e-09	4.125e-09	1.1362e-08	1.44e-08	7.0875e-09	3.0375e-09	4.35e-09	3.675e-09	7.0125e-09	1.3125e-08	1.3425e-08	3.75e-09	3.375e-10	6.3e-09	1.9837e-08	9.1875e-09	8.7375e-09	2.175e-09	1.935e-08	1.0537e-08	3.075e-09	6.4875e-09	3.0375e-09	1.2e-09	2.25e-10	8.55e-09	2.9362e-08	1.2075e-08	7.8e-09	8.775e-09	8.85e-09	9.7875e-09	8.5125e-09	5.8125e-09	1.2337e-08	6.525e-09	1.0762e-08	1.7625e-09	3.75e-11	4.5e-10	2.0625e-09	1.53e-08	1.3387e-08	1.0537e-08	3.825e-09	1.5e-09	1.35e-09	1.575e-09	7.3875e-09	2.1712e-08	1.725e-08	4.95e-09	2.6512e-08	7.6125e-09	2.85e-09	4.5e-10	1.7625e-09	6.825e-09	7.125e-09	3.0375e-09	3.825e-09	1.95e-09	6e-09	6.8625e-09	8.6625e-09	8.625e-10	1.125e-10	1.875e-10	1.65e-09	1.1962e-08	1.62e-08	5.625e-08	7.95e-09	1.2375e-09	3.75e-11	1.1625e-09	1.08e-08	7.725e-09	6.7125e-09	6.2625e-09	5.25e-09	2.775e-09	1.2e-09	4.5e-10	2.625e-10	2.8875e-09	7.0125e-09	5.625e-09	6.15e-09	3.4875e-09	1.5e-09	3.675e-09	4.05e-09	1.875e-09	1.65e-09	5.625e-10	2.3625e-09	4.2e-09	9.9375e-09	8.0625e-09	2.6625e-09	1.5e-09	5.625e-10	4.875e-10	4.125e-10	1.0125e-09	7.125e-10	3.75e-11
4.9875e-09	3.975e-09	1.7625e-09	1.0125e-09	1.3125e-09	2.4e-09	5.175e-09	4.95e-09	2.5837e-08	1.2225e-08	4.65e-09	1.0837e-08	6.8625e-09	1.6125e-08	7.6125e-09	1.155e-08	3.2625e-09	1.6462e-08	8.0625e-09	1.0087e-08	2.175e-09	1.3762e-08	6.6e-09	3.75e-09	3.525e-09	1.6125e-09	8.3625e-09	8.775e-09	1.9125e-09	6.7875e-09	2.3625e-08	8.625e-10	3.2625e-09	3.1875e-09	1.3425e-08	2.0475e-08	6.075e-09	1.0125e-09	1.2e-09	4.275e-09	2.055e-08	1.7625e-08	4.8375e-09	3e-10	3.0375e-09	7.425e-09	1.9762e-08	1.335e-08	7.95e-09	8.85e-09	7.425e-09	7.35e-09	9.8625e-09	7.2375e-09	8.6625e-09	9e-09	6.2625e-09	2.2125e-09	2.25e-10	3.375e-10	2.4375e-09	1.4325e-08	9.75e-09	8.775e-09	2.4112e-08	6.3e-09	4.125e-10	2.9625e-09	2.4e-09	7.95e-09	1.8862e-08	8.3625e-09	1.0837e-08	1.3387e-08	1.0875e-09	9.3375e-09	8.7375e-09	5.175e-09	1.275e-08	6.375e-10	3.1875e-09	1.9875e-09	2.025e-09	9.75e-10	4.125e-10	3.3e-09	6.45e-09	3.87e-08	2.1675e-08	1.5375e-09	1.9125e-09	1.32e-08	1.9875e-09	4.125e-10	3e-10	4.125e-10	1.35e-09	1.9125e-09	1.125e-09	1.125e-09	2.8125e-09	4.7625e-09	1.05e-09	2.25e-10	1.5e-10	6.375e-10	3.375e-09	5.925e-09	1.065e-08	8.4375e-09	1.275e-09	1.5e-10	7.05e-09	7.5375e-09	1.2675e-08	1.395e-08	9.6375e-09	5.4e-09	5.9625e-09	3e-09	5.9625e-09	3.3375e-09	4.3875e-09	3.75e-10	1.875e-10	7.875e-10	4.125e-10	5.625e-10
9.6e-09	6.6375e-09	4.0125e-09	2.5125e-09	2.475e-09	1.9875e-09	1.1062e-08	2.625e-09	1.035e-08	7.8375e-09	1.6312e-08	1.6462e-08	1.5e-08	4.65e-09	3.225e-09	4.875e-10	1.3987e-08	1.1887e-08	1.2787e-08	6.2625e-09	4.2375e-09	1.2937e-08	7.05e-09	8.4375e-09	3.7875e-09	6.7875e-09	4.5e-10	2.3475e-08	4.125e-09	4.0125e-09	1.6875e-09	4.2e-09	3.4125e-09	6.825e-09	1.2637e-08	1.83e-08	3.7125e-09	4.5e-10	9.75e-10	1.725e-09	8.55e-09	2.1375e-08	2.4375e-09	2.1187e-08	9e-10	2.385e-08	7.7625e-09	8.925e-09	6.4875e-09	3.825e-09	9.675e-09	1.0387e-08	1.1137e-08	7.35e-09	6.3375e-09	1.0012e-08	7.125e-09	1.9875e-09	3.7125e-09	7.425e-09	7.3125e-09	1.8562e-08	5.6625e-09	5.3625e-09	7.95e-09	1.5337e-08	5.1375e-09	1.3125e-09	7.5e-10	1.875e-10	9.6375e-09	1.4025e-08	9.7125e-09	4.1625e-09	4.9875e-09	1.23e-08	4.8e-09	3.525e-09	7.2375e-09	7.4625e-09	2.2125e-09	3.375e-10	2.25e-10	3e-10	1.05e-09	5.8012e-08	1.2187e-08	7.35e-09	2.3625e-09	3.4125e-09	3.75e-10	7.125e-10	1.875e-10	1.875e-10	3.75e-11	1.5e-10	4.875e-10	1.9875e-09	9.4125e-09	4.95e-09	3.675e-09	7.8e-09	8.3625e-09	7.0125e-09	8.175e-09	1.0537e-08	6.0375e-09	1.4925e-08	4.4625e-09	9.75e-10	4.125e-10	7.125e-10	1.4625e-09	1.275e-09	3.7875e-09	8.625e-09	9e-09	1.5375e-09	5.625e-10	4.125e-10	4.5e-10	6e-10	6e-10	7.5e-11	2.25e-10	1.125e-09	8.625e-10	1.875e-10
9.3375e-09	3.6375e-09	2.8875e-09	8.4e-09	5.2125e-09	1.9125e-09	4.8e-09	6.4875e-09	1.47e-08	3.6037e-08	9.1875e-09	4.275e-09	2.7375e-09	1.5562e-08	2.8875e-09	4.125e-10	5.25e-10	2.1975e-08	7.725e-09	1.005e-08	1.8e-09	9e-09	9.0375e-09	5.0625e-09	4.5e-10	7.8e-09	1.7887e-08	4.125e-10	5.4e-09	4.5375e-09	3.45e-09	1.1962e-08	1.2787e-08	1.2262e-08	1.5337e-08	1.5337e-08	5.5875e-09	1.185e-08	6.1125e-09	3e-10	3e-10	2.0587e-08	1.215e-08	9.825e-09	1.5e-10	1.275e-09	2.1412e-08	4.2e-09	1.4662e-08	4.1625e-09	1.9875e-09	1.4362e-08	7.425e-09	1.0987e-08	5.1e-09	1.065e-08	5.925e-09	1.2037e-08	5.55e-09	3.525e-09	7.9875e-09	8.3625e-09	1.5787e-08	8.7e-09	6.6e-09	8.0625e-09	8.6625e-09	1.3875e-09	4.05e-09	3.7125e-09	2.2725e-08	2.55e-09	2.7375e-09	2.0625e-09	8.775e-09	3.675e-09	5.4375e-09	8.25e-10	2.2875e-09	1.095e-08	9.8625e-09	7.6875e-09	2.265e-08	3.75e-11	3.75e-11	5.475e-09	2.2912e-08	1.53e-08	4.6875e-09	1.485e-08	9.0375e-09	4.125e-09	1.6275e-08	1.65e-09	1.3125e-09	5.175e-09	1.275e-09	1.35e-09	1.95e-09	2.175e-09	1.35e-09	1.0125e-09	1.2487e-08	5.4e-09	3.375e-09	5.0625e-09	5.5125e-09	6.6e-09	7.0125e-09	4.9875e-09	6e-10	5.25e-10	1.1625e-09	1.6875e-09	4.575e-09	7.8375e-09	7.5e-09	5.2087e-08	3.27e-08	1.1625e-09	1.875e-10	1.125e-10	1.125e-10	2.625e-10	1.875e-10	3e-10	2.625e-10	1.875e-10
6.75e-10	3.3e-09	9e-09	2.8687e-08	5.775e-09	2.0287e-08	4.425e-09	7.8e-09	1.0612e-08	4.35e-09	7.9875e-09	2.55e-09	2.7e-09	5.325e-09	1.9125e-09	2.8875e-09	7.5e-10	6.15e-09	1.1925e-08	2.2312e-08	2.835e-08	4.1625e-09	1.3875e-09	5.625e-10	2.7e-09	2.355e-08	1.4137e-08	3.2625e-09	1.7512e-08	1.05e-09	3.8625e-09	4.05e-09	1.9012e-08	1.4775e-08	6.75e-09	7.725e-09	1.1775e-08	4.2e-09	1.2262e-08	2.025e-09	1.875e-10	1.0875e-09	2.1037e-08	8.2875e-09	9.375e-10	1.6875e-09	3.0337e-08	1.125e-09	2.625e-09	9.0375e-09	2.1e-09	1.1962e-08	2.0175e-08	1.1025e-08	9.3375e-09	7.125e-09	5.8125e-09	6.7875e-09	3.8625e-09	7.875e-09	1.4475e-08	7.0875e-09	1.2e-08	9.15e-09	5.475e-09	8.5875e-09	6.15e-09	1.5262e-08	1.0125e-09	4.125e-10	2.625e-10	9.75e-10	2.4375e-09	1.0125e-08	6.8625e-09	2.025e-09	8.625e-10	8.625e-10	3.825e-09	9.075e-09	1.5712e-08	7.875e-10	4.875e-10	7.5e-11	3e-10	4.1625e-09	2.3587e-08	2.9662e-08	9.45e-09	1.2112e-08	1.3237e-08	3.1125e-08	7.875e-09	3.525e-09	7.275e-09	3.9e-09	1.875e-10	5.25e-10	1.275e-09	5.9625e-09	6.15e-09	3.75e-10	1.3125e-09	2.85e-09	4.125e-09	1.1212e-08	8.2125e-09	8.7375e-09	8.6625e-09	6.4125e-09	9.4125e-09	3.75e-11	8.25e-10	4.65e-09	8.775e-09	6.825e-09	5.5125e-09	1.8225e-08	6.2625e-09	7.3875e-09	1.7325e-08	6.3375e-09	2.8125e-09	6.6e-09	1.8375e-09	7.5e-11	1.125e-10	2.25e-10
3.525e-09	1.2262e-08	9.375e-10	5.8875e-09	1.5937e-08	1.6275e-08	7.0125e-09	5.7e-09	5.775e-09	7.0125e-09	8.025e-09	1.125e-08	1.3875e-09	3.9375e-09	6.0375e-09	7.5e-10	1.125e-09	9.5625e-09	2.7037e-08	1.0312e-08	4.0125e-09	1.125e-08	6.525e-09	1.7437e-08	1.875e-09	1.2412e-08	8.175e-09	5.2875e-09	4.65e-09	9.8625e-09	3.675e-09	6.075e-09	2.04e-08	8.85e-09	4.1625e-09	9.15e-09	1.245e-08	6.525e-09	5.25e-09	2.775e-09	3.375e-10	2.25e-10	2.6625e-09	3.5625e-09	3.8625e-09	2.7375e-09	4.4625e-09	1.875e-09	1.6125e-09	4.2e-09	2.85e-09	9.15e-09	1.2862e-08	4.8787e-08	2.1937e-08	8.2125e-09	8.025e-09	5.25e-09	3e-10	1.575e-09	2.6062e-08	9.2625e-09	1.0237e-08	5.475e-09	3.5625e-09	8.2125e-09	1.3762e-08	8.2125e-09	1.0875e-09	8.25e-10	3.45e-09	2.85e-09	1.4325e-08	5.5125e-09	6.525e-09	4.2375e-09	9.6375e-09	1.11e-08	8.4375e-09	5.7e-09	5.4e-09	5.625e-10	6.375e-10	6.75e-10	1.5e-09	1.35e-09	1.9875e-09	1.6125e-08	9.7875e-09	1.0012e-08	5.07e-08	1.2225e-08	5.9625e-09	5.3625e-09	8.5125e-09	1.545e-08	4.8375e-09	1.125e-10	1.875e-10	3e-10	3.75e-11	1.5e-10	1.5e-10	9e-10	1.8e-09	7.5e-10	1.1625e-09	6.3e-09	1.4475e-08	6.675e-09	9.075e-09	6.75e-10	5.625e-10	9.4125e-09	9.15e-09	7.4625e-09	1.1025e-08	1.5037e-08	8.925e-09	6.975e-09	1.5525e-08	1.3875e-09	1.6125e-08	1.3012e-08	8.5125e-09	4.5e-10	4.875e-10	7.5e-11
8.625e-10	9.75e-10	5.025e-09	5.8875e-09	6.0375e-09	2.8087e-08	1.8637e-08	1.095e-08	6.7125e-09	7.2e-09	5.5125e-09	1.53e-08	8.5125e-09	5.4e-09	8.775e-09	1.875e-10	9.75e-10	1.2375e-09	3.9375e-09	1.1175e-08	1.0462e-08	2.745e-08	9.825e-09	2.5125e-09	1.9125e-09	1.1137e-08	2.0662e-08	3.0375e-09	1.275e-09	4.5e-10	1.1625e-09	2.2125e-09	2.7375e-09	3.8625e-09	7.275e-09	1.1437e-08	1.2825e-08	3.6975e-08	9.3375e-09	7.9875e-09	1.7625e-09	7.5e-11	3.1125e-09	1.6387e-08	1.545e-08	8.2125e-09	5.475e-09	1.62e-08	1.6875e-09	1.875e-10	9e-10	1.3875e-09	1.56e-08	2.46e-08	8.325e-09	6.975e-09	6e-10	1.0762e-08	1.515e-08	1.1625e-09	1.8187e-08	6.45e-09	1.1587e-08	2.4375e-09	1.1362e-08	1.08e-08	7.3875e-09	8.7e-09	1.5375e-09	2.5125e-09	4.0125e-09	1.3875e-08	1.4437e-08	7.5e-11	1.9875e-09	2.25e-10	4.3875e-09	8.625e-09	2.55e-09	1.2375e-09	1.65e-09	3.375e-10	5.25e-10	2.6625e-09	1.5375e-09	1.05e-09	7.425e-09	1.1662e-08	9.3e-09	5.5125e-09	4.0125e-09	2.4e-09	6.75e-09	5.0625e-09	3.9e-09	8.16e-08	6.975e-09	7.5e-11	1.5e-10	2.1e-09	2.325e-09	1.5e-09	6.75e-09	8.25e-09	5.7e-09	3.7875e-09	4.9875e-09	5.775e-09	8.2125e-09	1.2787e-08	9.375e-09	1.575e-09	2.625e-10	3.7875e-09	1.3462e-08	9.4125e-09	7.7625e-09	9.975e-09	1.2187e-08	1.3237e-08	3.225e-09	3.0375e-09	2.775e-09	1.1325e-08	8.025e-09	4.7625e-09	5.625e-10	3e-10
1.3125e-09	1.0162e-08	3.1425e-08	5.85e-09	6e-10	6.3e-09	5.6625e-09	1.0275e-08	6.75e-09	1.965e-08	1.0612e-08	7.8375e-09	5.2125e-09	1.245e-08	8.1e-09	8.025e-09	7.3125e-09	8.1375e-09	1.05e-08	8.25e-10	1.7475e-08	7.6125e-09	7.425e-09	1.6875e-09	1.1625e-09	1.125e-09	4.5e-10	2.25e-09	3.8362e-08	1.7625e-09	1.5e-10	4.125e-10	1.5375e-09	2.0625e-09	9.375e-10	1.0125e-09	1.05e-08	1.1475e-08	3.0337e-08	2.2312e-08	2.2125e-09	3.375e-10	5.25e-10	4.0875e-09	1.2862e-08	8.4375e-09	2.7075e-08	1.3387e-08	1.725e-09	3.75e-11	3.75e-11	6e-10	5.625e-10	7.875e-10	1.8375e-09	2.025e-09	1.6125e-09	6.1837e-08	1.0312e-08	5.2125e-09	7.875e-09	4.3125e-09	2.25e-09	7.3125e-09	1.44e-08	1.125e-08	1.5675e-08	6.4875e-09	6.825e-09	3.2625e-09	7.275e-09	1.875e-10	1.875e-10	4.5e-10	2.25e-10	3e-10	6e-10	2.7375e-09	3e-09	1.875e-09	2.25e-10	4.875e-10	1.3125e-09	2.25e-09	3.0375e-09	4.5e-10	2.1375e-09	7.05e-09	1.995e-08	1.7175e-08	4.0125e-09	4.275e-09	1.5787e-08	7.875e-09	2.46e-08	6.9375e-09	2.625e-10	1.5e-10	2.85e-09	6.375e-09	5.4375e-09	1.0987e-08	4.08e-08	5.025e-09	1.5e-09	6.5625e-09	2.85e-09	5.4e-09	1.1212e-08	8.25e-09	3.075e-09	8.25e-10	3e-10	4.875e-10	6.75e-10	1.0875e-08	8.5875e-09	6.6e-09	4.0125e-09	1.5562e-08	1.0425e-08	5.3625e-09	5.475e-09	9.2625e-09	1.3837e-08	5.1375e-09	5.0625e-09	3.75e-11
7.1625e-09	3.3375e-09	1.35e-09	3.3375e-09	1.725e-09	1.2487e-08	1.2487e-08	9.8625e-09	1.3162e-08	5.8875e-09	1.575e-09	8.0625e-09	2.31e-08	7.0125e-09	7.9125e-09	9.1125e-09	7.35e-09	8.1375e-09	9.825e-09	6.375e-09	5.925e-09	9.225e-09	8.8125e-09	3.1125e-09	8.3625e-09	1.3837e-08	7.0875e-09	1.0275e-08	4.2375e-09	9.9375e-09	8.25e-10	8.625e-10	1.2e-08	6.7875e-09	9.6375e-09	3.1125e-09	2.025e-09	2.715e-08	3.9e-09	8.25e-10	5.625e-10	2.25e-09	1.35e-09	2.625e-09	3.15e-09	3.975e-09	2.9962e-08	2.8725e-08	6.7875e-09	3.375e-10	1.6275e-08	4.0875e-09	1.125e-10	1.5e-10	3.75e-11	3.375e-10	5.3625e-09	3.6e-08	7.65e-09	4.95e-09	1.6537e-08	3.3375e-09	3.375e-10	7.65e-09	2.19e-08	3.2625e-09	7.575e-09	1.7737e-08	8.025e-09	1.4625e-09	5.25e-10	6.6375e-09	3.525e-09	7.875e-10	1.425e-09	2.8875e-09	8.25e-10	1.9875e-09	2.6625e-09	3.9e-09	1.05e-09	3.375e-10	5.475e-09	1.935e-08	1.2862e-08	1.305e-08	7.5e-11	4.875e-10	1.875e-10	3e-10	4.125e-10	3.75e-10	9.75e-10	1.6125e-09	6.975e-09	2.325e-09	3.375e-10	3.375e-10	1.3125e-09	8.5875e-09	1.1737e-08	1.305e-08	1.4962e-08	1.1212e-08	5.0625e-09	5.4e-09	2.9625e-09	2.625e-10	2.4e-09	9.9375e-09	1.3012e-08	8.625e-10	4.5e-10	7.875e-10	3.75e-10	1.35e-09	6.225e-09	2.625e-09	5.0625e-09	2.0512e-08	1.5637e-08	4.5e-10	3.75e-11	1.35e-09	3.6e-09	1.7625e-09	1.725e-09	2.25e-10
1.0387e-08	7.95e-09	3.45e-09	1.8375e-09	1.95e-09	1.2e-09	9.5625e-09	1.4212e-08	1.6875e-08	3.2212e-08	1.2375e-09	9.0375e-09	1.3012e-08	1.0125e-08	9.675e-09	1.035e-08	6.8625e-09	7.425e-09	8.775e-09	5.2875e-09	4.725e-09	4.6875e-09	9.975e-09	1.5412e-08	6.675e-09	8.625e-09	1.2225e-08	5.1375e-09	5.025e-09	8.5875e-09	5.25e-10	3.9e-09	1.5825e-08	1.8525e-08	5.1375e-09	1.005e-08	1.9125e-09	7.05e-09	9.7875e-09	5.625e-09	2.625e-10	1.0875e-09	3.1087e-08	9.225e-09	5.325e-09	9.75e-10	9.375e-10	3.7125e-09	1.5187e-08	2.1375e-09	2.3887e-08	1.2675e-08	7.1625e-09	9.8625e-09	5.175e-09	2.9625e-09	3.8625e-09	7.5e-11	3e-10	2.025e-09	5.9625e-09	2.325e-09	1.8375e-09	2.4375e-09	5.4937e-08	1.1512e-08	1.0387e-08	7.6875e-09	8.25e-09	5.0625e-09	1.275e-09	4.6875e-09	2.4e-09	6e-10	3.375e-10	1.9875e-09	9.6375e-09	1.0762e-08	7.5e-09	6.1125e-09	2.8125e-09	3.45e-09	1.6575e-08	1.0237e-08	5.2875e-09	5.025e-09	1.725e-09	1.0125e-09	7.2e-09	1.6725e-08	1.3387e-08	6.525e-09	1.7475e-08	1.125e-10	9.75e-10	8.625e-10	2.3625e-09	4.125e-10	3.9375e-09	1.1812e-08	1.26e-08	2.7262e-08	1.6387e-08	6.3e-09	7.125e-10	3.75e-11	7.5e-11	5.625e-10	5.25e-10	1.5375e-09	5.4375e-09	3e-10	1.0875e-09	1.275e-09	1.125e-10	1.5e-10	1.4625e-09	3e-10	3.825e-09	2.715e-08	1.6237e-08	9.75e-10	4.5e-10	1.125e-10	1.05e-09	1.3125e-09	7.5e-11	0
2.3625e-09	1.0425e-08	3.675e-09	3.825e-09	3.075e-09	1.785e-08	8.9625e-09	3.0375e-09	1.875e-09	1.0875e-09	2.2875e-09	3.39e-08	2.3062e-08	3.7875e-09	1.905e-08	7.2375e-09	8.1375e-09	8.475e-09	1.185e-08	6.6375e-09	5.9625e-09	1.0125e-09	4.875e-10	1.905e-08	1.5562e-08	5.8875e-09	9.1125e-09	7.875e-09	4.5e-09	4.575e-09	2.2875e-09	3.975e-09	2.5125e-08	8.7e-09	9.45e-09	2.2875e-09	2.625e-10	1.8525e-08	8.3625e-09	1.125e-10	3.75e-11	1.9162e-08	1.4362e-08	7.275e-09	1.7625e-09	4.875e-10	1.7475e-08	9.1875e-09	3.75e-11	1.125e-10	2.8875e-09	2.9025e-08	1.545e-08	6.75e-09	5.2875e-09	8.5125e-09	1.5375e-09	3.375e-10	3.75e-10	2.5837e-08	1.4175e-08	5.9625e-09	1.125e-10	7.5e-11	1.8075e-08	1.4887e-08	9.6e-09	9.6375e-09	3.8625e-09	8.025e-09	8.8125e-09	4.2e-09	1.575e-08	2.4375e-09	1.3125e-09	1.9875e-09	1.185e-08	1.155e-08	6.4875e-09	2.5125e-09	6.15e-09	3.075e-09	3.9e-09	9.975e-09	4.2375e-09	3.4875e-09	1.3875e-09	2.025e-09	2.0512e-08	2.3925e-08	8.2875e-09	6.9375e-09	1.1362e-08	3.375e-10	1.0875e-09	2.175e-09	3.45e-09	1.275e-09	1.5e-10	1.5375e-09	8.4e-09	6.15e-09	1.2637e-08	7.65e-09	2.2875e-09	1.6875e-09	2.85e-09	7.725e-09	4.575e-09	2.4e-09	6.45e-09	7.6125e-09	3.1875e-09	1.6125e-09	9.375e-10	3e-10	7.5e-11	3.75e-11	3.5625e-09	2.1975e-08	6.7875e-09	6.75e-10	7.5e-11	1.5e-10	6e-10	3.375e-10	3.75e-11	3.75e-11
9.75e-09	4.9125e-09	2.5125e-09	2.475e-09	5.1375e-09	8.5875e-09	1.0312e-08	1.095e-08	2.3212e-08	4.95e-09	6.5625e-09	1.5975e-08	7.8e-09	8.2875e-09	3.1125e-09	2.25e-09	1.5375e-08	1.3462e-08	7.3875e-09	9.2625e-09	5.8875e-09	3.375e-10	3.5625e-09	5.0625e-09	8.55e-09	2.3325e-08	4.5e-10	1.1625e-09	1.275e-09	1.95e-08	1.7025e-08	4.875e-10	1.5e-09	2.8875e-09	9.4125e-09	2.6625e-09	6.375e-10	1.1625e-09	1.0125e-09	1.9125e-09	1.8375e-09	1.725e-09	9.75e-10	4.5e-10	2.325e-09	2.4637e-08	3.4162e-08	3.9562e-08	2.1e-09	1.0125e-09	8.625e-10	8.2875e-09	2.76e-08	4.9875e-09	4.65e-09	6.75e-09	3.375e-10	1.5e-09	3.3037e-08	8.775e-09	8.1e-09	1.1625e-09	1.785e-08	8.7e-09	2.7e-09	1.245e-08	4.6125e-09	5.55e-09	1.2375e-08	3.075e-09	2.7e-09	2.85e-09	2.595e-08	1.0125e-08	4.2375e-09	1.1625e-08	6.375e-10	5.7e-09	5.625e-09	7.6125e-09	5.0625e-09	2.8125e-09	1.365e-08	6.075e-09	1.6875e-09	1.35e-09	3e-10	1.875e-10	1.65e-09	1.1512e-08	5.2875e-09	6.1875e-09	3.975e-09	5.625e-10	5.8875e-09	4.3912e-08	2.235e-08	2.925e-09	1.05e-09	2.625e-10	6.75e-10	5.55e-09	1.08e-08	5.8875e-09	1.5e-09	1.1625e-09	1.7625e-09	7.5e-11	2.625e-10	1.8e-09	3e-10	7.5e-11	9e-10	4.125e-10	4.5e-10	3.375e-10	6.375e-10	7.5e-11	1.5e-10	5.625e-10	3e-10	2.25e-10	1.05e-09	3.75e-11	5.25e-10	7.5e-10	3.375e-10	3.75e-10
2.7e-09	1.9125e-09	4.05e-09	6.3375e-09	4.4625e-09	7.6125e-09	1.5225e-08	4.2e-08	4.65e-09	1.3687e-08	3.1875e-09	2.325e-09	2.8875e-09	5.85e-09	1.05e-09	2.625e-09	2.9025e-08	1.965e-08	9.9e-09	9.6e-09	6.2625e-09	1.35e-09	2.1375e-09	2.025e-09	2.8725e-08	7.6875e-09	7.5e-10	6.75e-10	1.3125e-08	4.9875e-09	9.1875e-09	5.3625e-09	2.9737e-08	6.4125e-09	1.3875e-09	2.625e-10	1.2375e-09	1.125e-09	1.2e-09	1.95e-09	7.875e-10	2.1e-09	9.75e-10	9e-10	2.3625e-09	4.05e-09	4.6575e-08	3.3825e-08	7.5375e-09	5.625e-09	9e-10	9.75e-09	3.4312e-08	4.0125e-09	4.125e-09	1.3612e-08	3.525e-09	1.65e-09	2.88e-08	4.1625e-09	3.75e-11	8.6625e-09	2.175e-08	6.675e-09	1.875e-10	1.8e-09	3.8625e-09	2.5987e-08	1.5862e-08	5.4375e-09	1.1287e-08	1.1625e-08	2.55e-09	7.5e-10	5.175e-09	4.275e-09	2.8875e-09	3.75e-10	1.1625e-09	1.1812e-08	3.3337e-08	6.3e-09	1.8937e-08	8.625e-10	1.1625e-09	7.5e-10	6.75e-10	4.125e-10	4.3875e-09	9.0375e-09	1.62e-08	2.0587e-08	2.2125e-09	2.25e-10	3.375e-10	2.25e-09	3.2625e-09	3.9375e-09	2.2125e-09	1.0875e-09	7.5e-10	3.75e-10	5.625e-10	5.4375e-09	3.075e-09	1.3875e-09	1.7625e-09	7.5e-10	7.125e-10	2.5875e-09	1.6125e-09	1.725e-09	8.25e-10	7.5e-10	7.875e-10	4.875e-10	1.125e-09	7.875e-10	6.375e-10	5.25e-10	1.0125e-09	9.75e-10	7.05e-09	1.695e-08	2.3737e-08	6.525e-09	6e-10	8.25e-10
6.0375e-09	2.9625e-09	1.035e-08	1.44e-08	2.625e-09	3.6375e-09	9.75e-10	1.1625e-09	3.6e-09	3.375e-08	1.5075e-08	5.8125e-09	1.125e-09	3.75e-10	1.125e-09	8.2125e-09	3.3225e-08	7.725e-09	1.0387e-08	7.05e-09	6.75e-09	7.425e-09	3e-10	7.125e-09	2.0475e-08	2.25e-09	6e-10	1.5e-10	4.5e-10	2.1e-09	1.9087e-08	3.075e-08	4.6875e-09	1.3425e-08	8.775e-09	3.5625e-09	1.875e-10	3.9e-09	1.2375e-09	7.5e-10	4.5e-09	9.7125e-09	3.8362e-08	4.875e-09	1.6875e-09	5.55e-09	5.9625e-09	3.975e-09	4.95e-09	1.35e-09	3.375e-10	4.2862e-08	6.6e-09	5.25e-10	5.625e-10	2.85e-09	9.1875e-09	1.1212e-08	7.5e-11	7.5e-11	1.5e-10	7.5e-10	7.875e-10	6e-10	1.575e-09	2.3625e-09	1.125e-09	5.0625e-09	1.9762e-08	2.775e-09	1.1625e-09	3.225e-09	3.2325e-08	6.375e-10	7.875e-10	2.475e-09	2.625e-09	1.5375e-09	2.1375e-09	2.325e-09	2.2875e-09	4.0125e-09	8.625e-10	7.875e-10	1.8375e-09	3.375e-10	1.2e-09	3.0375e-09	8.1e-09	4.185e-08	2.5162e-08	8.4e-09	3.4875e-09	8.25e-10	3e-10	6e-10	1.6875e-09	2.25e-10	1.875e-10	2.2125e-09	3.825e-09	1.125e-10	3e-10	3.375e-10	3.075e-09	5.625e-10	1.9125e-09	4.5e-10	6.375e-10	9e-10	4.5e-10	3.75e-11	6.75e-10	3.375e-10	4.125e-10	4.425e-09	4.2375e-09	1.275e-09	6e-10	3e-10	3.375e-10	2.775e-09	6.975e-09	1.3725e-08	1.3762e-08	5.3625e-09	3.75e-11	1.125e-10
3.375e-10	1.7625e-09	1.2225e-08	8.7e-09	1.14e-08	5.0625e-09	7.5e-11	1.5e-09	1.125e-09	6.4125e-09	1.095e-08	1.0987e-08	9.375e-09	1.6125e-09	4.35e-09	2.4e-09	3.105e-08	3.7237e-08	1.1137e-08	6.075e-09	6.1875e-09	1.575e-09	5.5125e-09	2.2162e-08	2.3625e-09	1.3875e-09	1.95e-09	7.125e-09	3.3375e-09	6.525e-09	3.1762e-08	1.1025e-08	5.475e-09	1.02e-08	9e-09	1.9875e-09	1.125e-10	3.75e-11	7.5e-11	3e-10	1.125e-09	6.5625e-09	5.265e-08	8.325e-09	1.275e-08	5.85e-09	8.775e-09	7.1625e-09	1.1137e-08	2.925e-09	4.875e-10	2.01e-08	1.5e-09	8.625e-10	2.6437e-08	7.6875e-09	9.7125e-09	1.3125e-09	1.125e-10	7.5e-11	4.875e-10	2.25e-10	7.5e-11	7.5e-11	7.5e-10	3e-10	4.5e-10	4.6125e-09	8.625e-10	2.2125e-09	3e-10	3.075e-09	2.775e-09	3e-10	4.875e-10	7.875e-10	1.575e-09	3.75e-10	2.6625e-09	3.8625e-09	3e-10	7.5e-11	4.125e-10	7.5e-10	4.875e-10	2.2125e-09	7.5e-10	2.25e-10	3.975e-09	1.1737e-08	3.9525e-08	2.3812e-08	5.175e-09	1.5e-10	4.125e-10	6.075e-09	4.3125e-09	1.9125e-09	7.125e-10	7.5e-11	4.875e-10	1.725e-09	1.5e-10	1.35e-09	1.125e-09	3.9375e-09	1.4625e-09	1.575e-09	9.75e-10	5.625e-10	1.5e-10	1.125e-10	6.75e-10	1.35e-09	3.375e-10	4.125e-10	8.25e-10	5.025e-09	4.7625e-09	9.375e-10	9.75e-10	5.25e-10	6.75e-10	1.95e-09	4.125e-09	5.5875e-09	4.125e-10	3.375e-10
4.6125e-09	2.4e-09	1.9837e-08	1.95e-08	5.6625e-09	7.1625e-09	1.185e-08	5.9625e-09	4.875e-10	1.5825e-08	2.25e-09	4.95e-09	5.1375e-09	2.5875e-09	1.8e-09	1.6875e-09	4.6125e-09	4.5e-09	2.1675e-08	9.3e-09	1.3125e-09	3.48e-08	1.9125e-09	9.75e-10	3.3375e-09	4.9875e-09	3e-09	7.9125e-09	1.68e-08	3.0562e-08	7.5375e-09	3.7125e-09	3.7125e-09	1.3875e-08	1.3875e-09	1.6125e-09	6.75e-10	4.5e-10	2.625e-10	1.2e-09	4.875e-10	1.9125e-09	6.375e-09	1.4625e-08	3.6375e-09	1.0875e-09	1.1625e-09	7.5e-11	3.75e-10	1.6875e-09	9.15e-09	4.8375e-09	4.9125e-09	9e-09	3.675e-09	4.5225e-08	5.6437e-08	2.2125e-09	7.875e-10	7.5e-10	4.875e-10	4.5e-10	7.5e-10	2.1e-09	6.6375e-09	2.25e-09	1.0875e-08	1.365e-08	1.8825e-08	1.3237e-08	1.4625e-09	1.875e-10	7.5e-10	2.625e-10	4.725e-09	1.1025e-08	1.0125e-08	7.5e-10	3.0375e-09	1.3237e-08	4.425e-09	4.5e-10	1.125e-10	1.875e-10	6.375e-10	1.425e-09	2.2875e-09	3.375e-10	2.625e-10	1.035e-08	4.3125e-09	4.4625e-09	5.025e-09	3.4875e-09	1.65e-09	6.375e-10	6.15e-09	1.4587e-08	1.4025e-08	1.0875e-09	4.5e-10	9.75e-10	4.5e-10	4.5e-10	4.425e-09	8.3625e-09	4.6875e-09	2.1375e-09	2.6625e-09	4.125e-10	4.575e-09	1.575e-09	1.5e-10	3.375e-10	8.625e-10	4.125e-10	7.125e-10	9.75e-10	1.9125e-09	1.7625e-09	8.925e-09	3.5625e-09	6.375e-10	2.1e-09	4.275e-09	2.625e-10	1.5e-10	1.125e-10
7.6125e-09	1.1137e-08	6.825e-09	1.1212e-08	8.475e-09	7.125e-09	9.9375e-09	7.125e-09	9.6e-09	6.2625e-09	2.85e-09	3.525e-09	7.425e-09	2.1e-09	8.7e-09	1.0875e-08	4.3875e-09	1.5525e-08	5.0625e-09	1.0125e-08	8.7375e-09	4.2e-09	7.65e-09	4.125e-09	5.25e-10	6.375e-10	1.8375e-09	4.9875e-09	2.8462e-08	2.2837e-08	7.8375e-09	1.9087e-08	5.625e-09	9.15e-09	7.0875e-09	1.4737e-08	7.35e-09	7.3125e-09	8.0625e-09	5.5125e-09	4.8375e-09	2.25e-09	9.75e-10	2.6475e-08	1.2637e-08	1.1662e-08	4.8e-09	1.32e-08	7.1625e-09	6.375e-09	5.25e-10	1.2675e-08	1.41e-08	3.45e-09	2.8875e-09	1.8375e-08	2.6625e-09	4.875e-10	8.5875e-09	1.35e-08	1.2262e-08	2.6625e-09	5.8875e-09	6.9375e-09	1.5337e-08	1.125e-08	9.9375e-09	1.0012e-08	7.4625e-09	9.2625e-09	9.7125e-09	7.5e-09	6.45e-09	9.5625e-09	7.425e-09	8.475e-09	7.5375e-09	9.5625e-09	9.975e-09	9.0375e-09	5.1e-09	6.75e-10	1.7625e-09	1.0875e-09	6.375e-10	6e-10	2.0625e-09	2.1375e-09	8.25e-10	7.875e-10	1.65e-09	7.3875e-09	1.9387e-08	3.0712e-08	1.8975e-08	1.6875e-09	3.1875e-09	1.0462e-08	1.53e-08	1.6875e-09	2.325e-09	3.75e-10	7.9125e-09	4.575e-09	1.65e-09	2.7375e-09	4.8375e-09	1.86e-08	8.7375e-09	3.75e-10	1.5375e-09	3.45e-09	5.25e-10	1.35e-09	2.6625e-09	7.125e-10	4.875e-10	5.8875e-09	9.675e-09	5.4375e-09	2.3625e-09	8.7e-09	4.5e-10	4.275e-09	5.2125e-09	1.2375e-09	7.5e-11	7.5e-11
8.3625e-09	1.0612e-08	8.925e-09	7.275e-09	1.0125e-08	7.425e-09	7.95e-09	2.9625e-09	1.1625e-09	1.1625e-09	3.4875e-09	2.325e-09	2.7037e-08	1.44e-08	8.175e-09	3.5625e-09	2.2875e-09	7.95e-09	1.5337e-08	1.05e-08	3.8625e-09	2.1375e-09	4.5e-10	2.0475e-08	9.3e-09	1.2e-09	8.8125e-09	2.1187e-08	1.9462e-08	7.125e-09	7.95e-09	5.925e-09	9.375e-09	5.25e-10	1.5e-10	1.875e-09	1.4362e-08	8.625e-10	8.625e-10	9e-10	7.725e-09	7.35e-09	3.525e-09	4.5e-10	1.4625e-09	5.5125e-09	1.7662e-08	5.4525e-08	1.5262e-08	5.25e-10	3.75e-11	2.625e-10	3.2625e-09	2.25e-10	2.8125e-09	8.7e-09	7.7625e-09	2.535e-08	1.3387e-08	1.6987e-08	2.0062e-08	1.0762e-08	3.4875e-09	1.9125e-09	1.875e-10	2.625e-10	7.125e-10	4.8375e-09	1.05e-09	8.25e-10	1.5e-09	6.975e-09	3.975e-09	6.3e-09	9.75e-09	6.1125e-09	1.5375e-09	2.1375e-09	5.1375e-09	2.475e-09	1.0125e-09	1.275e-09	4.5e-10	1.125e-10	1.425e-09	4.275e-09	4.7625e-09	2.8125e-09	1.2375e-09	1.0125e-09	3.225e-09	2.85e-09	1.9875e-09	1.5e-10	6.375e-10	7.875e-10	5.475e-09	5.1375e-09	3.8625e-09	1.2e-09	2.4375e-09	3.675e-09	9.75e-10	3.75e-11	2.25e-10	9.375e-10	4.125e-10	6.375e-10	7.9125e-09	3.15e-09	7.875e-10	4.875e-10	1.875e-09	1.9125e-09	2.475e-09	2.5875e-09	1.35e-09	1.5e-10	1.575e-09	2.7e-09	1.5e-10	4.125e-10	3.75e-10	7.5e-11	3.75e-11	7.5e-11	1.125e-10	3.75e-11
9.975e-09	6.7125e-09	1.1175e-08	7.2e-09	9.075e-09	7.65e-09	9.5625e-09	5.475e-09	7.35e-09	6.3e-09	5.4375e-09	9.7875e-09	1.8412e-08	3e-09	1.2525e-08	3.7125e-09	2.625e-10	9.75e-10	2.4037e-08	8.3625e-09	2.0625e-09	2.25e-09	7.5e-10	2.0175e-08	8.5875e-09	5.3625e-09	3.2625e-09	2.1375e-09	3.7875e-08	8.0625e-09	1.0162e-08	4.5375e-09	3.4875e-09	1.125e-09	1.05e-09	2.025e-09	2.6887e-08	1.38e-08	2.625e-10	2.25e-10	3.375e-10	1.5e-10	3.75e-10	1.7625e-09	3.7875e-09	1.0537e-08	5.415e-08	4.0875e-09	1.5075e-08	1.1475e-08	2.55e-09	1.1775e-08	8.5875e-09	2.1e-09	3.75e-11	1.875e-10	4.5e-10	2.5875e-09	6.375e-10	4.5e-10	5.1e-09	2.0212e-08	1.8e-09	3.975e-09	3.975e-09	7.125e-10	1.5e-10	3.3487e-08	5.7e-09	5.1375e-09	7.875e-10	1.1625e-09	2.8875e-09	6.7875e-09	1.4625e-09	5.475e-09	2.325e-09	3.375e-10	3.7125e-09	8.25e-10	6.5625e-09	6.375e-09	1.35e-09	7.5e-11	3e-10	1.05e-09	2.4e-09	4.5375e-09	8.55e-09	6.2625e-09	6.375e-10	1.0875e-09	7.5e-11	1.5e-10	4.5e-10	3.4875e-09	2.2875e-09	4.5e-10	2.625e-10	3.6375e-09	6.375e-10	9e-10	1.6875e-09	7.5e-11	7.5e-11	2.5875e-09	4.7625e-09	1.65e-09	4.3875e-09	7.125e-10	6e-10	2.325e-09	1.3875e-09	4.125e-10	3.75e-10	2.1375e-09	4.3125e-09	4.3875e-09	3e-09	6e-10	5.55e-09	3.7875e-09	4.5e-10	2.025e-09	7.875e-10	3e-10	3.375e-10	3e-10
3.9e-09	4.4625e-09	1.2037e-08	1.47e-08	6.8625e-09	1.1025e-08	7.6875e-09	7.7625e-09	1.0237e-08	7.5375e-09	6.6e-09	3.15e-09	4.2375e-09	9.375e-10	9.1125e-09	1.6837e-08	1.725e-09	4.425e-09	1.9575e-08	6.75e-09	1.275e-09	2.25e-09	5.3625e-09	3.345e-08	3.975e-09	4.875e-10	2.0437e-08	9.6e-09	1.0237e-08	7.8e-09	2.8125e-09	4.3125e-09	1.125e-10	1.575e-09	1.7625e-09	1.3875e-09	1.215e-08	3.1987e-08	5.0625e-09	1.3312e-08	6.375e-10	1.125e-10	9.75e-10	4.3125e-09	1.0162e-08	2.9475e-08	1.5525e-08	9.975e-09	6e-10	1.1775e-08	1.3837e-08	8.25e-09	6.525e-09	8.775e-09	7.875e-10	6.75e-10	2.25e-08	1.125e-08	9.3375e-09	1.65e-09	9.375e-10	2.4e-09	1.8e-09	1.65e-09	2.25e-10	1.125e-10	2.25e-10	3.75e-10	1.02e-08	2.7375e-09	1.1625e-09	2.625e-10	3e-10	2.0625e-09	5.8125e-09	4.5e-10	3.375e-10	3.375e-10	1.5e-10	3.675e-09	2.3625e-09	1.0275e-08	2.925e-09	2.7375e-09	8.25e-10	3e-10	2.625e-09	1.6612e-08	1.425e-09	2.625e-10	3.375e-10	7.125e-10	1.6875e-09	1.5375e-09	4.6875e-09	6e-09	6.975e-09	5.25e-09	2.25e-10	2.2875e-09	2.55e-09	5.625e-10	8.25e-10	1.0125e-09	1.5e-10	2.625e-10	3.75e-11	1.5e-10	1.275e-09	3.375e-10	3.75e-10	7.5e-11	1.2375e-09	2.2875e-09	2.625e-09	2.25e-10	3e-10	3.075e-09	4.5e-10	1.5e-10	1.6875e-09	1.7062e-08	1.08e-08	1.8e-09	3.75e-10	1.575e-09	4.125e-10	3.375e-10
2.9625e-09	1.575e-09	8.625e-10	4.2375e-09	4.95e-09	3.1875e-09	9.375e-10	8.925e-09	3.6975e-08	3.3375e-09	1.2187e-08	2.625e-09	1.8e-09	2.25e-10	7.5e-11	2.25e-09	2.85e-09	3.6375e-09	1.8e-09	1.0125e-09	4.125e-10	4.875e-10	1.8412e-08	4.9125e-09	5.25e-10	1.275e-09	4.7625e-09	3.225e-09	1.8675e-08	4.725e-09	1.95e-09	8.25e-10	3.375e-10	2.25e-10	4.875e-10	3e-10	5.325e-09	9.3e-09	3.9e-09	2.025e-09	1.4625e-09	1.7625e-09	6.9e-09	4.875e-10	1.125e-10	1.3125e-09	4.9125e-09	3.675e-09	7.5e-11	2.1e-09	3.375e-09	5.1375e-09	7.875e-10	1.875e-10	2.0625e-09	3.75e-11	7.5e-11	2.25e-10	5.25e-10	1.05e-09	1.0125e-09	8.625e-10	3.75e-11	4.5e-10	2.625e-10	7.5e-11	6.375e-10	1.125e-09	3.75e-11	0	3.75e-11	2.625e-10	3.75e-11	3.75e-11	0	3.75e-11	3.75e-11	3.75e-11	3.75e-11	3.75e-11	3.75e-11	3.75e-11	3.75e-11	5.325e-09	3.75e-11	7.5e-11	3.75e-11	0	3.75e-11	3.75e-11	3.75e-11	3.75e-11	0	3.75e-11	3.75e-11	3.75e-11	3.75e-11	0	3.75e-11	3.75e-11	3.75e-11	3.75e-11	3.75e-11	3.75e-11	3.75e-11	3.75e-11	2.625e-10	1.125e-10	3.75e-11	3.75e-11	0	3.75e-11	3.75e-11	3.75e-11	3.75e-11	0	3.75e-11	3.75e-11	3.75e-11	3.75e-11	0	3.75e-11	3.75e-11	0	3.75e-11	0	3.75e-11	3.75e-11
2.25e-10	1.875e-10	3e-09	2.2875e-09	3.8625e-09	1.7625e-09	1.3875e-09	2.1375e-09	3.2362e-08	2.91e-08	1.0087e-08	2.0175e-08	1.0875e-09	3.75e-10	3.375e-10	2.0625e-09	1.305e-08	5.5125e-09	6.375e-10	3e-10	3.75e-11	7.5e-11	1.3875e-09	2.025e-09	2.025e-09	1.05e-09	1.2375e-09	3.75e-09	9.75e-10	1.875e-09	8.625e-10	1.5e-10	2.7e-09	1.7625e-09	1.65e-09	7.875e-10	1.875e-10	2.25e-10	3.375e-10	3.75e-11	1.125e-10	2.175e-09	1.2412e-08	5.7375e-09	1.4625e-09	2.025e-09	1.5e-10	1.5e-10	2.25e-10	9.825e-09	1.6087e-08	4.7625e-09	6e-10	3.75e-10	3.75e-11	1.125e-10	2.25e-10	3.75e-10	3e-10	4.8e-09	4.575e-09	2.6625e-09	4.05e-09	1.1625e-09	9.75e-10	1.0875e-09	6.375e-10	2.625e-10	7.5e-11	6e-10	6.75e-10	1.125e-10	3.75e-11	3.75e-11	1.5e-10	3.75e-11	3.75e-11	1.5e-10	1.5e-10	3.75e-11	3.75e-11	1.875e-10	3.75e-11	7.5e-11	2.25e-10	2.25e-10	1.125e-10	7.875e-10	1.875e-10	1.5e-10	3.75e-11	1.125e-10	2.25e-10	3.75e-11	3.75e-10	3.375e-10	3.75e-11	3.375e-10	3.75e-11	3.75e-11	3.75e-11	1.5e-10	7.5e-10	3.75e-11	1.125e-10	1.125e-10	3.75e-11	1.5e-10	1.9125e-09	1.7625e-09	1.3125e-09	3.375e-10	1.3875e-09	3e-10	4.5e-10	5.25e-10	2.625e-10	3.75e-11	3.75e-11	3.75e-11	3.75e-11	0	3.75e-11	3.75e-11	3.75e-11	3.75e-11	0	3.75e-11
4.5375e-09	5.925e-09	1.1175e-08	1.3312e-08	1.3875e-08	8.7e-09	1.1362e-08	1.08e-08	6.9e-09	1.0462e-08	9.6e-09	1.2e-09	2.025e-09	2.1375e-09	1.5375e-09	9e-10	1.5187e-08	1.3387e-08	1.6275e-08	3.6e-09	4.6875e-09	7.5e-11	3.75e-10	1.6125e-09	1.35e-09	4.125e-10	1.05e-09	4.875e-10	8.25e-10	3.5625e-09	7.05e-09	1.17e-08	1.1325e-08	6.0375e-09	7.3687e-08	1.0425e-08	8.1e-09	1.2e-09	6.75e-10	1.5e-10	1.0125e-09	2.475e-09	3.6975e-08	1.995e-08	6.6e-09	1.2037e-08	5.1e-09	3.75e-11	4.125e-10	2.5162e-08	8.6625e-09	5.625e-10	1.1137e-08	3.75e-11	7.5e-11	6.75e-10	4.5e-10	1.275e-09	1.0875e-09	3.1987e-08	2.9625e-08	1.3237e-08	2.1375e-09	1.2525e-08	1.4175e-08	2.625e-10	5.625e-10	3.75e-11	7.5e-11	2.625e-10	4.9875e-09	4.35e-09	1.875e-10	1.5e-10	7.5e-11	1.125e-10	3e-10	4.5e-10	4.125e-10	1.875e-10	1.125e-10	4.125e-10	3e-10	1.1512e-08	1.9125e-09	5.25e-09	1.1175e-08	5.625e-10	3.375e-10	1.125e-10	1.5e-10	1.5e-10	2.925e-09	1.8e-09	4.5e-10	3.75e-10	4.5e-10	4.5e-10	1.875e-10	7.5e-11	1.125e-10	1.5e-10	5.625e-10	2.625e-10	3.75e-11	6e-10	2.25e-10	3.75e-11	6.75e-10	1.3125e-09	2.25e-10	3e-10	3.75e-10	9e-10	5.55e-09	3e-10	3.75e-11	2.25e-10	8.625e-10	1.3875e-09	5.625e-10	3.75e-10	1.05e-09	1.6125e-09	1.875e-10	3e-10	3e-10	2.25e-10
1.2075e-08	5.25e-09	4.5e-09	8.85e-09	2.175e-09	2.1375e-09	4.4625e-09	3.6e-09	2.8612e-08	1.4925e-08	7.425e-09	3.2625e-09	8.4e-09	1.035e-08	7.725e-09	9.75e-10	1.9237e-08	9.75e-09	6.4125e-09	4.65e-09	1.875e-10	1.5e-10	9e-10	1.5e-10	1.875e-10	1.1625e-09	4.875e-10	2.25e-10	4.8375e-09	9.15e-09	5.8612e-08	6e-10	1.2487e-08	2.6962e-08	8.2875e-09	6.4875e-09	1.2375e-09	1.635e-08	3.075e-09	1.725e-09	2.0775e-08	1.0837e-08	4.9125e-09	9.9375e-09	9.45e-09	8.7375e-09	5.3625e-09	1.875e-10	1.83e-08	7.95e-09	8.8875e-09	7.125e-10	2.8125e-09	1.95e-09	3.75e-11	4.125e-10	3e-10	4.125e-10	3.225e-09	3.4725e-08	8.625e-09	1.725e-09	1.6125e-09	4.62e-08	9.15e-09	4.8e-09	3.75e-11	1.125e-10	1.5e-10	3.75e-11	1.2112e-08	8.7375e-09	7.5e-10	1.875e-10	1.125e-10	3.75e-11	1.0125e-09	2.5162e-08	1.2375e-09	8.625e-10	1.05e-09	7.5e-11	3.75e-11	3.375e-10	7.5e-11	1.6875e-09	5.6625e-09	1.2937e-08	1.68e-08	1.6125e-09	7.5e-11	3.375e-10	8.25e-10	7.875e-10	4.875e-10	2.9625e-09	2.625e-09	4.65e-09	5.325e-09	9.75e-10	2.475e-09	1.2187e-08	4.6875e-09	3.7875e-09	9e-10	5.625e-09	5.175e-09	6.8625e-09	3e-10	9e-10	7.6875e-09	8.55e-09	1.845e-08	6.1125e-09	5.8875e-09	3.075e-09	2.625e-10	4.125e-10	1.35e-09	2.3625e-09	4.4625e-09	3.375e-10	2.625e-10	3.75e-11	3.75e-11	1.125e-10	3.75e-11	3.75e-11
1.1062e-08	8.925e-09	3.3375e-09	4.6875e-09	1.425e-08	4.2375e-09	1.17e-08	1.5e-10	9.375e-10	1.2412e-08	2.0962e-08	6.45e-09	9.9375e-09	1.05e-08	3.6375e-09	3.75e-10	9.375e-10	7.5e-10	7.5e-10	7.875e-10	7.875e-10	2.2875e-09	2.0175e-08	4.5225e-08	5.325e-09	6.375e-10	1.4625e-09	2.775e-09	7.5e-10	2.1e-09	9.75e-10	2.4e-09	1.23e-08	4.6612e-08	1.035e-08	7.95e-09	1.3875e-09	2.7e-09	6.75e-10	5.775e-09	3.3562e-08	1.08e-08	1.02e-08	7.3125e-09	2.3625e-09	1.4475e-08	6.525e-09	4.875e-10	1.5e-10	3.75e-10	1.875e-10	4.125e-10	1.1212e-08	4.485e-08	1.1437e-08	1.425e-09	5.25e-10	5.625e-10	1.6837e-08	1.1812e-08	6.9375e-09	5.625e-10	4.125e-10	7.5e-11	1.65e-09	1.5e-09	3e-10	3.4125e-09	7.6125e-09	3.4125e-09	1.2375e-09	3.2662e-08	1.245e-08	4.575e-09	7.125e-10	1.125e-10	2.25e-10	4.875e-10	1.05e-09	1.2525e-08	1.695e-08	1.2562e-08	2.91e-08	2.0437e-08	2.3662e-08	8.625e-10	2.25e-10	1.05e-09	1.3125e-09	3e-09	2.625e-10	5.625e-10	4.5e-10	6e-10	1.05e-09	3.6e-09	4.6162e-08	1.485e-08	9.7875e-09	8.325e-09	1.0125e-08	1.7587e-08	1.6762e-08	1.2112e-08	1.5e-10	7.125e-10	1.5e-10	2.25e-10	3.375e-10	4.575e-09	6.9375e-09	8.625e-09	6.6e-09	6.7125e-09	3.375e-09	4.125e-10	1.875e-10	3.375e-10	1.9875e-09	1.5e-10	7.5e-11	9.75e-10	1.05e-09	4.0125e-09	3e-10	3.75e-11	3.75e-11	3.75e-11
4.575e-09	1.0725e-08	1.4025e-08	8.6625e-09	9.975e-09	5.0625e-09	1.425e-09	1.4887e-08	1.17e-08	5.5125e-09	7.725e-09	1.2375e-09	7.125e-10	5.1375e-09	1.0125e-09	1.5375e-09	5.55e-09	4.9875e-09	6.225e-09	4.575e-09	1.6912e-08	2.5312e-08	1.0012e-08	6.4125e-09	2.0625e-09	3.0675e-08	1.0762e-08	9.9375e-09	2.6625e-09	9e-10	2.625e-10	3.6e-09	3.0487e-08	1.14e-08	1.425e-09	1.245e-08	3.375e-10	1.0875e-09	1.0875e-09	1.185e-08	2.325e-08	1.4625e-08	9e-09	8.5125e-09	9e-09	6.225e-09	5.55e-09	3.375e-10	3e-10	2.4e-09	7.425e-09	9.15e-09	2.7862e-08	1.2075e-08	1.1887e-08	4.3875e-09	7.5e-11	3.75e-11	8.8875e-09	1.9987e-08	1.3537e-08	1.155e-08	2.8125e-09	3.75e-11	3.75e-11	1.3425e-08	2.25e-09	3.75e-10	1.1625e-09	1.425e-09	9.75e-10	1.8e-09	1.5562e-08	8.85e-09	2.01e-08	3.75e-10	2.25e-10	7.125e-10	3.0375e-09	4.2112e-08	2.9137e-08	1.0162e-08	3.5625e-09	1.6237e-08	6.4875e-09	8.9625e-09	2.1375e-09	7.5e-11	6.75e-10	1.0875e-09	3.75e-10	1.875e-10	1.5e-10	1.875e-10	3.75e-11	1.0312e-08	6.6862e-08	3.5625e-09	4.6125e-09	5.55e-09	4.0875e-09	8.5125e-09	2.3662e-08	7.0875e-09	3e-10	3.75e-10	3.75e-11	3.75e-11	2.25e-10	1.0875e-09	6.45e-09	1.005e-08	5.6625e-09	6.0375e-09	1.2225e-08	1.4737e-08	1.1512e-08	4.65e-09	2.6625e-09	1.2862e-08	6.3375e-09	6.375e-09	8.2125e-09	2.6737e-08	2.25e-10	3.75e-11	3.75e-11	7.5e-11
3.4875e-09	1.875e-08	1.035e-08	3.825e-09	4.65e-09	9.2625e-09	2.25e-09	2.1262e-08	7.1625e-09	5.25e-09	9.0375e-09	1.0162e-08	1.035e-08	3.8625e-09	7.5e-10	1.9125e-09	8.7e-09	7.2375e-09	2.445e-08	9.3375e-09	4.725e-09	5.1375e-09	2.3625e-09	4.5e-10	2.6625e-09	3.3e-09	7.725e-09	5.2125e-09	3.1125e-09	1.125e-09	9.75e-10	2.025e-09	3.1762e-08	3.9525e-08	4.0875e-09	1.095e-08	5.25e-10	6e-10	4.875e-10	5.625e-10	1.8375e-08	1.7662e-08	1.215e-08	1.6312e-08	9.8625e-09	7.3125e-09	7.8e-09	9.9e-09	7.2375e-09	4.0125e-09	4.125e-10	1.9425e-08	1.0612e-08	9.9e-09	5.25e-09	5.925e-09	3e-09	4.5e-09	3.9375e-09	9e-09	1.6575e-08	3.7875e-09	2.625e-10	7.875e-10	3.375e-10	4.125e-10	3.225e-09	1.0875e-09	4.125e-10	5.5125e-09	2.55e-08	1.575e-09	6.7125e-09	5.025e-09	5.1375e-09	2.3625e-09	9e-10	4.125e-10	7.3125e-09	4.4512e-08	3.7012e-08	9.7875e-09	4.6125e-09	4.425e-09	1.7925e-08	1.3425e-08	2.6625e-09	4.5e-10	5.25e-10	1.2e-09	8.625e-10	1.125e-10	3.375e-10	1.125e-10	3.75e-11	5.625e-10	1.05e-09	1.0987e-08	1.2487e-08	1.83e-08	8.475e-09	1.9837e-08	3.165e-08	1.905e-08	4.35e-09	1.875e-10	4.125e-10	1.875e-10	5.25e-10	9.375e-10	7.5e-10	2.925e-09	7.6125e-09	1.65e-09	1.125e-10	1.0125e-09	5.85e-09	9.6e-09	1.5675e-08	1.4775e-08	7.9125e-09	2.1187e-08	3.9e-09	6.9e-09	2.25e-10	7.5e-11	3.75e-11	1.125e-10
6e-10	2.1525e-08	1.2075e-08	4.575e-09	3.5625e-09	2.775e-09	8.3625e-09	2.2762e-08	7.0875e-09	7.9125e-09	1.0087e-08	7.725e-09	1.035e-08	6e-09	4.9125e-09	5.25e-10	1.9125e-09	1.7587e-08	1.6425e-08	7.5375e-09	5.4e-09	5.1e-09	2.475e-09	1.425e-09	1.2e-09	9e-10	4.35e-09	4.8375e-09	3.9375e-09	1.125e-09	1.5375e-09	2.7375e-09	2.1375e-09	2.115e-08	5.4262e-08	1.0987e-08	1.1287e-08	1.1025e-08	5.8875e-09	6.375e-10	2.925e-09	2.4975e-08	2.9625e-09	1.3687e-08	1.11e-08	8.1e-09	1.2e-08	5.175e-09	5.7375e-09	1.125e-09	1.2375e-09	2.6175e-08	8.8125e-09	3.4125e-09	1.0087e-08	1.725e-09	2.2462e-08	2.85e-09	3.75e-11	7.5e-11	7.125e-10	4.875e-10	6.375e-10	1.1625e-09	5.625e-10	1.2e-09	1.7287e-08	3.4537e-08	7.125e-10	1.125e-10	1.05e-09	1.1625e-09	1.0125e-09	6.75e-10	1.3875e-09	3.375e-10	1.5e-10	5.625e-10	5.2875e-09	6.9e-09	1.1212e-08	1.6162e-08	3.6337e-08	1.5e-08	5.2987e-08	1.2375e-08	1.5e-09	3.75e-11	3.75e-11	3.75e-11	1.875e-10	5.625e-10	1.275e-09	3e-10	2.25e-10	8.25e-10	1.425e-09	9.525e-09	9.7125e-09	7.275e-09	1.44e-08	1.62e-08	6.195e-08	6.0375e-09	1.875e-10	1.575e-09	3.975e-09	3.2625e-09	2.8125e-09	9.375e-10	2.1375e-09	7.5e-11	9.375e-10	1.5e-09	1.5e-10	2.625e-10	1.3125e-09	5.1e-09	9.375e-09	1.3762e-08	2.07e-08	1.0462e-08	3.2812e-08	1.6875e-09	2.25e-10	3.75e-11	3.75e-11	7.5e-11
7.5e-11	1.35e-09	4.3875e-09	4.95e-09	3.8625e-09	8.175e-09	2.9325e-08	3.5512e-08	1.2037e-08	7.65e-09	9.3e-09	1.1362e-08	7.7625e-09	2.9625e-09	3.8625e-09	1.65e-09	2.1375e-09	2.925e-09	6.375e-09	5.2125e-09	1.2862e-08	6.3375e-09	1.2112e-08	2.475e-09	1.875e-10	2.85e-09	6.1875e-09	2.7375e-09	3.6e-09	1.125e-09	2.0625e-09	1.425e-09	4.35e-09	2.0812e-08	1.65e-08	3.0225e-08	4.5975e-08	1.7325e-08	5.8875e-09	1.425e-09	7.5e-10	2.8875e-09	3.06e-08	1.0425e-08	9.525e-09	1.17e-08	7.875e-09	3.225e-09	1.2375e-09	3e-09	2.7337e-08	2.25e-09	9.375e-09	1.95e-09	4.5375e-09	4.5e-10	1.125e-10	7.5e-11	4.875e-10	4.5e-10	2.5875e-09	1.8375e-09	1.65e-09	5.025e-09	2.0362e-08	1.9125e-09	1.9125e-09	2.0625e-09	6.75e-10	2.4e-09	1.0875e-09	2.4e-09	2.175e-09	1.3875e-09	2.025e-09	6e-10	2.625e-10	4.5e-10	8.625e-10	6.45e-09	1.845e-08	7.3125e-09	1.4512e-08	2.3512e-08	1.089e-07	1.3162e-08	5.1e-09	2.7e-09	5.625e-10	3.75e-11	7.5e-11	1.125e-10	5.25e-10	1.5e-10	4.5e-10	2.175e-09	7.0125e-09	2.4337e-08	1.1512e-08	3.9262e-08	1.74e-08	4.2e-09	5.625e-09	2.175e-09	3.375e-10	2.2875e-09	3.1987e-08	1.365e-08	2.8125e-09	1.65e-09	5.25e-10	4.125e-10	3.375e-10	1.5e-10	4.125e-10	2.625e-10	1.125e-10	1.875e-09	1.1025e-08	1.4737e-08	1.3462e-08	4.425e-09	1.6875e-09	2.625e-10	1.125e-10	1.5e-10	1.5e-10	3.75e-11
3.15e-09	9.675e-09	8.775e-09	7.6875e-09	1.875e-10	5.625e-10	1.1887e-08	2.8237e-08	1.0387e-08	7.7625e-09	4.6875e-09	9.8625e-09	8.4e-09	5.9625e-09	2.925e-09	5.5125e-09	6.0375e-09	7.95e-09	3.0375e-09	1.5e-09	3.75e-10	5.3625e-09	1.2e-08	3e-09	1.5e-10	1.1475e-08	1.7962e-08	2.85e-09	9.75e-10	2.625e-10	3.75e-10	1.6875e-09	3.75e-10	7.4775e-08	1.2112e-08	8.4375e-09	5.0625e-09	6.4875e-09	1.5375e-09	1.5375e-09	7.5e-10	5.175e-09	1.1137e-08	4.35e-09	6.975e-09	5.25e-09	7.875e-10	2.6625e-09	1.5e-09	2.475e-09	1.9762e-08	6e-10	1.4625e-09	9.525e-09	1.9125e-09	8.925e-09	3.7875e-09	1.5375e-09	7.875e-10	9e-10	2.8125e-09	1.9875e-09	7.2e-09	2.475e-09	9e-10	2.6625e-09	1.2825e-08	1.035e-08	1.1137e-08	1.725e-09	1.875e-09	1.65e-09	2.8125e-09	1.0875e-09	1.0387e-08	4.05e-09	3.7875e-09	4.875e-10	5.25e-10	1.9875e-09	1.7512e-08	2.595e-08	2.3437e-08	1.0875e-08	1.0612e-08	1.53e-08	7.0537e-08	8.925e-09	8.625e-10	7.5e-11	7.5e-11	7.5e-11	2.625e-10	4.875e-10	9.375e-10	1.6875e-09	2.775e-09	3.2362e-08	5.58e-08	8.3625e-09	8.2125e-09	9.3375e-09	4.9125e-09	4.125e-10	3.75e-11	5.25e-10	1.4437e-08	5.325e-09	7.95e-09	3.5625e-09	1.8375e-09	4.5e-10	1.9875e-09	1.6125e-09	6e-10	1.1625e-09	1.3125e-09	7.875e-10	4.8375e-09	1.635e-08	1.8262e-08	9.0375e-09	3.75e-09	3.75e-11	1.125e-10	1.0875e-09	3e-10	3.75e-11
4.0875e-09	9.4875e-09	9.225e-09	6.375e-09	3.3e-09	4.7625e-09	9.225e-09	8.6625e-09	1.785e-08	1.41e-08	7.5375e-09	8.5875e-09	6.6375e-09	3.675e-09	1.4625e-09	1.3875e-09	5.4375e-09	1.35e-09	6.1125e-09	3.375e-09	1.2375e-09	3.825e-09	1.1625e-08	3.6037e-08	2.1825e-08	6.75e-10	3.75e-10	2.1937e-08	1.0162e-08	8.1375e-09	6.075e-09	7.05e-09	3.5625e-09	4.575e-09	1.0987e-08	1.2712e-08	9.9375e-09	1.3575e-08	7.125e-09	1.0875e-09	1.05e-09	1.875e-08	1.335e-08	6.9375e-09	8.1e-09	8.7e-09	4.2e-09	3.3375e-09	3.1125e-09	4.8375e-09	1.0875e-08	1.65e-09	1.5e-09	4.875e-10	6.75e-10	2.2125e-09	1.0875e-09	4.65e-09	1.1625e-08	1.2e-08	8.625e-10	1.6125e-09	4.275e-09	2.1e-09	9.75e-10	9.75e-10	2.4375e-09	1.4062e-08	1.9725e-08	6.7275e-08	4.275e-09	1.3875e-08	8.5875e-09	9.75e-10	2.4e-09	1.2e-09	2.1375e-09	1.125e-09	4.125e-10	3.75e-11	8.4e-09	1.0762e-08	4.9125e-09	1.8112e-08	1.3387e-08	8.775e-09	3.6412e-08	2.55e-09	3.75e-10	3.75e-10	1.05e-09	9e-10	1.3125e-09	1.65e-09	2.175e-09	1.9875e-09	5.625e-10	5.7e-09	2.7862e-08	8.925e-09	2.22e-08	3.885e-08	2.5125e-09	3e-10	3.75e-11	1.8375e-09	4.125e-09	9.1875e-09	7.6125e-09	3.2662e-08	1.1737e-08	3.75e-10	1.575e-09	1.2e-09	6e-10	9.375e-10	2.625e-09	1.3875e-09	3.8625e-09	6.375e-09	6.1125e-09	8.3625e-09	1.9125e-09	3.375e-10	2.25e-10	4.125e-10	3e-10	7.5e-11
6.7125e-09	1.5975e-08	4.2375e-09	4.5e-09	6e-10	7.1625e-09	1.7625e-08	1.6612e-08	5.775e-09	1.2375e-08	4.35e-09	6.9e-09	6.675e-09	3.375e-09	2.5125e-09	7.425e-09	1.9875e-08	1.44e-08	7.3875e-09	2.0625e-09	5.1375e-09	1.8412e-08	1.005e-08	6.075e-09	6.225e-09	3.75e-09	8.8125e-09	1.7962e-08	7.2e-09	8.025e-09	8.85e-09	2.55e-09	7.2375e-09	1.65e-09	2.475e-09	2.4825e-08	9.75e-09	7.9875e-09	3e-09	1.95e-09	4.125e-10	6.75e-10	3.45e-08	8.2875e-09	5.7e-09	1.125e-10	8.625e-10	3.45e-09	2.4937e-08	1.065e-08	5.25e-10	2.625e-10	1.875e-10	3e-10	4.35e-09	8.625e-10	3e-09	4.125e-10	1.1625e-09	5.25e-10	1.3875e-09	2.4e-09	1.2375e-09	2.7e-09	3.75e-10	1.8e-09	6e-10	3e-10	8.25e-10	2.0625e-09	4.6125e-09	1.2e-09	3e-10	2.625e-10	1.9875e-09	4.8e-09	2.6625e-09	2.2875e-09	2.2125e-09	3.6e-09	7.0125e-09	1.3575e-08	2.8275e-08	1.6575e-08	1.2262e-08	2.1e-08	2.2087e-08	2.2875e-09	1.875e-10	9.75e-10	2.55e-09	3.2212e-08	3.7125e-09	6e-09	7.2e-09	6.0375e-09	3.75e-10	7.875e-10	2.25e-10	1.2e-09	2.9625e-09	1.845e-08	1.32e-08	6.1125e-09	6e-09	1.6612e-08	4.1437e-08	1.2412e-08	5.7375e-09	4.7437e-08	1.89e-08	9.75e-10	3.75e-11	3.75e-11	3.75e-11	1.275e-09	1.125e-09	1.125e-10	3.75e-11	4.5e-10	3.4875e-09	3.525e-09	1.725e-09	9e-10	1.125e-10	3.75e-11	3.75e-11	3.75e-11
2.1375e-09	8.25e-09	1.6237e-08	2.4375e-09	1.875e-09	1.515e-08	1.9687e-08	6.6e-09	6.75e-09	1.305e-08	1.0875e-08	5.8875e-09	3.525e-09	3.15e-09	9.825e-09	1.7587e-08	8.625e-09	8.6625e-09	8.6625e-09	3.75e-10	4.425e-09	1.605e-08	8.5125e-09	1.0875e-08	3.075e-09	5.0625e-09	1.9125e-09	4.05e-09	2.2687e-08	1.3875e-08	6e-09	1.08e-08	3.8625e-09	9e-09	6.375e-10	1.7062e-08	1.41e-08	7.5375e-09	2.325e-09	6.45e-09	9.675e-09	5.5875e-09	1.6387e-08	1.08e-08	3.525e-09	1.5e-10	4.875e-10	7.875e-10	2.2537e-08	1.92e-08	4.875e-10	4.125e-10	3.375e-10	1.425e-09	1.125e-09	1.6125e-09	1.8375e-09	4.0125e-09	2.0625e-09	1.8e-09	7.0125e-09	1.125e-08	6.9375e-09	4.9875e-09	2.8125e-09	1.8e-09	2.25e-10	4.125e-10	1.3875e-09	3.8437e-08	8.55e-09	1.2187e-08	4.5375e-09	5.625e-10	1.1625e-09	6e-10	7.875e-10	1.05e-09	2.5125e-09	9.825e-09	2.4637e-08	2.4375e-08	4.6875e-09	4.5e-09	1.065e-08	1.29e-08	3.4537e-08	9e-10	3e-10	7.875e-10	7.875e-10	3e-10	9.75e-10	3.075e-09	1.1137e-08	7.95e-09	9e-10	3.0375e-09	5.6625e-09	2.25e-10	1.35e-09	5.175e-09	1.0162e-08	1.05e-09	1.4625e-09	3.8887e-08	3.5662e-08	6.4125e-09	1.1512e-08	4.3425e-08	1.455e-08	4.5e-10	3.75e-11	2.625e-10	3.75e-11	1.8375e-09	5.5125e-09	4.5375e-09	4.875e-10	7.5e-11	8.625e-10	4.3125e-09	2.625e-10	8.25e-10	1.65e-09	9e-10	2.475e-09	3.75e-11
5.4375e-09	1.275e-09	1.125e-09	7.65e-09	2.5875e-09	5.9625e-09	1.2e-09	6.4875e-09	5.6325e-08	2.445e-08	5.025e-09	4.875e-10	3.975e-09	1.1625e-08	1.8262e-08	1.62e-08	9.525e-09	3.675e-09	1.3875e-09	1.5375e-09	2.25e-09	9.6375e-09	3.4312e-08	8.4e-09	8.1e-09	4.725e-09	6.375e-10	8.775e-09	2.1412e-08	3.75e-09	2.2125e-09	2.1e-09	1.2375e-09	7.5e-11	6.375e-10	1.3875e-09	2.25e-10	9e-09	2.5275e-08	3.5925e-08	3.9375e-09	6.3375e-09	2.7337e-08	7.0125e-09	9.1125e-09	1.0537e-08	2.5875e-09	6.375e-10	3e-10	2.3587e-08	1.5037e-08	7.125e-10	2.25e-10	9.75e-10	6.75e-10	1.875e-10	2.625e-10	1.2375e-09	2.625e-10	1.875e-10	1.1887e-08	1.0912e-08	2.7e-09	3.75e-10	1.125e-10	6.375e-10	3.75e-10	1.875e-10	8.25e-10	2.4375e-09	4.35e-09	7.725e-09	2.5875e-09	1.95e-09	2.5875e-09	5.85e-09	3.6375e-09	7.125e-10	3.375e-10	2.55e-09	5.8237e-08	7.2375e-09	7.5375e-09	9.225e-09	1.0575e-08	2.2762e-08	7.8412e-08	6.1125e-09	3.75e-11	3.75e-11	3.75e-10	1.275e-09	9.375e-10	2.325e-09	4.575e-09	2.1e-09	3.6375e-09	5.6625e-09	4.3875e-09	2.8125e-09	1.425e-09	5.9625e-09	2.8125e-09	9.75e-10	3.375e-10	2.3812e-08	2.9025e-08	1.62e-08	4.0687e-08	3.0187e-08	3.15e-09	1.5375e-09	2.0625e-09	1.725e-09	2.175e-09	5.475e-09	7.9125e-09	8.1375e-09	3.6e-09	1.125e-10	0	3.75e-11	3.75e-11	6.4875e-09	7.8e-09	1.575e-09	4.5e-10	3.75e-11
2.7e-09	1.6875e-09	1.4962e-08	1.215e-08	1.8225e-08	3e-09	1.08e-08	6.075e-09	3.375e-10	6.75e-10	5.175e-09	1.5e-09	3.3e-09	8.2125e-09	1.8637e-08	1.8637e-08	7.0875e-09	1.425e-09	1.7625e-08	1.1662e-08	3.4125e-09	9e-10	5.7e-09	4.2e-09	2.2875e-09	3.9e-09	7.05e-09	2.6287e-08	4.275e-09	2.3287e-08	9.6375e-09	8.25e-10	2.625e-10	2.25e-10	6.6375e-09	3.6787e-08	6.6e-09	5.3625e-09	1.3725e-08	3.675e-09	1.275e-09	5.25e-10	1.425e-09	2.7187e-08	1.1025e-08	8.5125e-09	8.2125e-09	1.725e-09	1.125e-10	3.75e-11	7.5e-11	1.2375e-09	7.5e-10	3.1125e-09	8.8125e-09	7.5e-09	2.55e-09	9.9e-09	2.2875e-09	2.25e-10	4.5e-10	3.75e-10	3.4125e-09	1.4062e-08	1.3462e-08	2.2725e-08	2.715e-08	1.3912e-08	1.875e-10	7.5e-11	9e-10	1.2375e-09	1.125e-09	1.05e-09	3.525e-09	1.9875e-09	3.375e-10	3e-10	7.5e-11	5.25e-10	3.075e-09	8.475e-09	1.3762e-08	4.5825e-08	5.025e-09	7.425e-09	5.76e-08	6.75e-10	4.125e-10	2.5125e-09	1.95e-09	1.875e-10	1.05e-09	7.875e-10	4.6125e-09	2.85e-09	3e-10	3.15e-09	5.925e-09	1.125e-10	8.25e-10	1.3875e-09	3.825e-09	1.0125e-09	4.875e-10	3.5775e-08	3e-08	1.4025e-08	1.2862e-08	8.5125e-09	1.4137e-08	5.5875e-09	3.5625e-09	1.9875e-09	9.375e-10	3.285e-08	1.2112e-08	3.3375e-09	1.5375e-09	3e-10	3.75e-11	2.1375e-09	3.675e-09	4.125e-10	5.5875e-09	2.2875e-09	7.125e-10	7.5e-11
3.7125e-09	3.3375e-09	1.4775e-08	5.9625e-09	1.695e-08	1.1212e-08	8.5125e-09	4.8375e-09	6.7125e-09	4.125e-10	3.75e-10	1.4625e-09	7.0125e-09	1.08e-08	3.06e-08	2.85e-09	1.5075e-08	9.9375e-09	4.7625e-09	2.85e-09	3.75e-10	1.5e-10	2.625e-10	1.05e-09	3.4125e-09	1.4325e-08	4.1362e-08	1.065e-08	2.7e-09	9.525e-09	5.775e-09	7.5e-11	1.875e-10	2.85e-09	1.3612e-08	1.905e-08	1.6312e-08	6.7125e-09	1.4737e-08	7.1625e-09	3.8625e-09	3.75e-11	3.75e-11	2.2875e-09	8.5125e-09	2.7375e-09	1.575e-09	3e-10	4.5e-10	2.625e-10	7.5e-10	4.0125e-09	4.05e-09	4.275e-09	1.0875e-08	1.395e-08	8.2875e-09	6.075e-09	1.425e-09	1.875e-10	4.5e-10	9.75e-09	1.4175e-08	1.92e-08	2.2462e-08	1.635e-08	1.2112e-08	1.725e-08	2.0625e-09	6e-10	5.25e-10	1.05e-09	2.3625e-09	1.6875e-09	1.5e-10	1.875e-10	5.25e-10	3.825e-09	2.2875e-09	5.25e-10	2.25e-10	1.1625e-09	1.56e-08	2.7375e-09	1.0125e-09	3.1125e-09	3e-10	7.125e-10	2.5875e-09	2.55e-09	6.1875e-09	6.75e-09	2.5125e-09	4.425e-09	3.15e-09	8.1375e-09	1.6125e-08	1.3125e-09	3.75e-11	1.125e-10	1.8375e-09	5.1375e-09	9.8625e-09	2.925e-09	2.2875e-09	5.8875e-09	9.45e-08	1.5487e-08	9.3e-09	8.7375e-09	1.0125e-08	3.4125e-09	2.1e-09	1.875e-10	7.5e-11	1.7625e-09	1.8637e-08	1.1587e-08	1.3387e-08	2.2237e-08	3.45e-09	4.35e-09	1.65e-09	8.4375e-09	5.4e-09	3.8812e-08	7.5e-11	7.5e-11
3.675e-09	4.95e-09	4.3125e-09	2.3325e-08	8.4375e-09	1.0162e-08	7.9125e-09	9.525e-09	9.225e-09	5.1e-09	2.1375e-09	4.5e-10	5.625e-10	4.0125e-09	1.8262e-08	6.8625e-09	2.4937e-08	1.9125e-09	2.3625e-09	2.4375e-09	4.0125e-09	3.1125e-09	6.1125e-09	1.7325e-08	1.3837e-08	2.7e-08	3.15e-09	8.0625e-09	1.3725e-08	2.6625e-09	6.75e-10	7.5e-11	9.375e-10	5.4375e-09	3.165e-08	1.4362e-08	1.3387e-08	6.225e-09	1.23e-08	1.65e-09	1.2e-09	1.5e-10	1.0875e-09	2.775e-09	2.1637e-08	8.5875e-09	7.5e-10	7.125e-10	1.875e-10	6e-10	3.375e-10	2.25e-10	1.0875e-09	1.0875e-09	2.4375e-09	3.4125e-09	3.9e-09	1.035e-08	3.225e-09	5.625e-10	4.5e-10	3.9e-09	5.4787e-08	6.5887e-08	8.7375e-09	3.3e-09	3.1125e-09	9.0375e-09	2.2537e-08	1.425e-09	3.75e-10	1.2375e-08	9.375e-10	2.625e-10	1.5e-10	3.375e-10	2.25e-10	1.0125e-09	2.4e-09	1.65e-09	2.625e-10	1.2375e-09	3.75e-10	9.375e-10	6.15e-09	2.9737e-08	1.2937e-08	1.3462e-08	9.0375e-09	1.23e-08	1.3912e-08	1.0125e-09	1.8375e-09	5.0625e-09	6.675e-09	9.6375e-09	4.95e-09	2.625e-10	1.5e-10	1.05e-09	2.625e-10	3.375e-10	1.35e-09	7.5e-10	5.25e-10	9.675e-09	1.77e-08	3.2587e-08	3.7087e-08	2.5875e-09	7.5e-10	1.425e-09	1.875e-09	1.65e-09	3e-10	8.1e-09	2.1075e-08	1.305e-08	1.0987e-08	5.175e-09	9.6375e-09	1.3012e-08	1.725e-09	8.4375e-09	1.3725e-08	4.9875e-09	6.375e-10	7.5e-11
2.0625e-09	2.55e-09	1.4625e-09	2.295e-08	2.4487e-08	1.335e-08	7.3875e-09	8.6625e-09	1.0162e-08	4.0875e-09	1.125e-09	9.375e-10	6.75e-10	7.5e-10	1.125e-09	8.1375e-09	2.7e-09	6e-10	9.375e-10	2.1375e-09	1.7625e-09	1.3312e-08	6.2887e-08	7.5e-09	1.1662e-08	1.14e-08	8.25e-09	8.4e-09	9.825e-09	4.65e-09	6e-10	1.875e-10	3.75e-11	1.9125e-09	5.7375e-09	1.6612e-08	2.1975e-08	1.365e-08	7.0875e-09	8.55e-09	8.1e-09	2.2125e-09	1.425e-09	5.2875e-09	1.1625e-09	1.1962e-08	1.2225e-08	1.6387e-08	1.335e-08	9.4875e-09	1.1925e-08	3.75e-10	4.125e-10	3.75e-10	1.6125e-09	7.125e-10	3.75e-10	2.1e-09	1.2375e-09	1.575e-09	1.2375e-09	1.35e-09	2.8125e-09	6.5625e-09	9.1875e-09	3.7837e-08	5.25e-08	4.875e-09	5.2125e-09	1.125e-09	3e-10	3.75e-11	3.75e-11	3.75e-10	2.325e-09	1.65e-09	1.1625e-09	2.8875e-09	2.7375e-09	6.1125e-09	1.65e-09	2.5875e-09	2.1375e-09	6.6375e-09	7.275e-09	5.55e-09	1.32e-08	1.1287e-08	1.8225e-08	1.7625e-09	3e-10	3.375e-10	1.6875e-09	1.8e-09	3.8625e-09	2.7e-09	1.8e-09	9.4875e-09	1.9575e-08	2.3062e-08	2.5275e-08	6.075e-09	1.125e-10	7.5e-11	7.5e-11	3.75e-10	4.35e-09	5.25e-09	9.45e-09	9.4125e-09	7.125e-10	1.125e-10	1.875e-10	3.75e-11	1.5e-10	3e-10	1.0125e-09	2.7e-09	1.9875e-09	5.625e-10	4.9875e-09	5.7375e-09	8.475e-09	3.8475e-08	2.37e-08	2.0625e-09	3.75e-11	3.75e-11
3.225e-09	1.9875e-09	1.1362e-08	2.0475e-08	1.7737e-08	6.7875e-09	2.475e-09	5.85e-09	1.6425e-08	7.2e-09	4.875e-09	7.6875e-09	2.7e-09	7.5e-11	3.75e-11	2.7375e-09	5.1375e-09	1.8375e-09	1.3125e-09	4.5e-10	1.3875e-09	1.2e-08	5.985e-08	3.0375e-09	3.6375e-09	3.7875e-09	8.625e-10	5.55e-09	3.5625e-09	3.975e-09	1.5937e-08	1.2525e-08	6.375e-10	1.0875e-09	4.155e-08	5.625e-09	3.375e-09	1.2975e-08	8.25e-09	2.4e-09	3.1875e-09	6.75e-10	1.875e-10	1.2e-09	1.125e-09	1.7625e-09	1.8675e-08	3.4875e-08	5.25e-10	4.875e-10	6.75e-10	2.625e-10	1.725e-09	7.5e-10	1.5e-09	4.8e-09	4.1625e-09	3.75e-10	5.25e-10	6.375e-10	1.275e-09	3.5625e-09	7.5e-10	1.0125e-08	1.035e-08	2.2875e-09	2.91e-08	3.165e-08	3.9375e-09	4.725e-09	6.375e-10	5.25e-10	7.5e-11	3.75e-11	3e-10	5.625e-10	1.3125e-09	5.0625e-09	1.9875e-09	8.625e-10	3e-08	4.3575e-08	1.815e-08	7.875e-10	1.9875e-09	7.8375e-09	7.8375e-09	2.1075e-08	1.6875e-09	3.75e-11	3.75e-11	1.125e-10	8.25e-10	2.475e-09	7.5e-11	3.375e-10	7.875e-09	2.475e-08	1.86e-08	3.8737e-08	2.0887e-08	6.1875e-09	1.3875e-09	3.75e-11	7.5e-11	6e-10	1.2375e-09	1.5e-09	8.4e-09	8.925e-09	1.65e-09	1.125e-10	3e-10	1.5e-10	3.75e-10	2.025e-09	1.125e-09	1.875e-10	3.75e-11	1.05e-09	1.5e-10	7.5e-11	3.75e-11	1.5e-10	1.425e-09	3.75e-11	1.875e-10	7.5e-11
3.75e-10	4.875e-10	1.65e-09	8.8875e-09	3.945e-08	1.53e-08	1.5637e-08	1.0837e-08	9.075e-09	9.15e-09	1.185e-08	5.6625e-09	6e-10	1.1625e-09	6e-10	1.8e-09	2.325e-09	3.8625e-09	2.475e-08	2.925e-09	3.945e-08	5.775e-09	9.675e-09	1.1362e-08	7.275e-09	7.9125e-09	2.7e-09	1.2675e-08	8.25e-09	1.05e-09	2.2125e-09	5.0625e-09	2.3625e-09	2.85e-09	4.65e-09	4.3462e-08	7.7625e-09	1.1512e-08	2.2875e-09	6.3e-09	1.6875e-08	1.065e-08	4.0125e-09	4.8e-09	1.425e-09	4.65e-09	1.7175e-08	1.4925e-08	1.3387e-08	1.2e-09	7.5e-11	4.5e-10	1.0875e-09	1.62e-08	1.05e-09	6.375e-10	3.375e-10	7.5e-10	4.5e-10	2.25e-10	6e-10	3.375e-10	1.7775e-08	5.0625e-09	1.8375e-09	1.44e-08	2.8875e-09	2.55e-09	1.35e-09	1.5e-09	3.375e-10	7.5e-11	6.75e-10	2.3625e-09	2.25e-10	1.875e-10	2.3625e-09	1.1625e-09	3.375e-10	2.925e-09	6.375e-10	2.2125e-09	4.2375e-09	3.3375e-09	7.5375e-09	3.5775e-08	6.1762e-08	1.905e-08	7.125e-10	3.75e-11	7.5e-11	1.275e-09	5.5875e-09	1.2187e-08	7.8e-09	1.0875e-09	1.8337e-08	2.6812e-08	1.1325e-08	1.4587e-08	1.6162e-08	1.9987e-08	6.525e-09	4.875e-09	7.5e-11	4.875e-10	1.3875e-09	4.125e-09	8.1375e-09	5.55e-09	9.45e-09	9e-10	4.5e-10	1.5e-09	4.125e-10	1.0875e-09	2.6625e-09	7.875e-10	3e-10	9.75e-10	9.75e-10	1.6875e-09	3.75e-11	9.7125e-09	1.0537e-08	3.4875e-09	6.375e-10	6e-10
2.4375e-09	1.0875e-09	1.0125e-09	1.7737e-08	3.3262e-08	1.7025e-08	7.95e-09	8.175e-09	9.15e-09	1.0012e-08	9.4875e-09	9.15e-09	6.75e-09	9.2625e-09	9.0375e-09	8.2875e-09	1.2637e-08	8.625e-09	1.05e-09	9e-10	8.925e-09	8.4e-09	1.9275e-08	1.6012e-08	5.4375e-09	6.075e-09	8.8875e-09	3.0375e-09	4.5e-09	2.5125e-08	7.6875e-09	6.4875e-09	1.2862e-08	1.035e-08	6.4125e-09	1.6875e-09	2.0625e-09	1.725e-09	5.475e-09	3.3862e-08	8.9625e-09	9.975e-09	7.6875e-09	9.3375e-09	1.1512e-08	7.575e-09	1.0087e-08	7.0875e-09	9.75e-09	1.065e-08	7.8375e-09	2.175e-09	1.5075e-08	7.2e-09	5.8875e-09	4.9875e-09	1.7625e-09	1.575e-09	2.2537e-08	1.2937e-08	9.675e-09	3.0375e-09	2.4e-09	3.1125e-09	2.37e-08	1.3987e-08	1.14e-08	1.2e-08	3.7875e-09	1.8e-09	4.8e-09	4.8e-09	3.9e-09	1.3387e-08	4.0875e-09	9.6e-09	1.9537e-08	7.95e-09	9.375e-10	8.625e-10	9.2625e-09	1.1437e-08	2.0287e-08	1.5937e-08	7.4625e-09	8.4375e-09	2.175e-09	1.5e-09	3.4125e-09	1.0687e-08	4.4625e-09	1.3687e-08	2.6062e-08	6.1125e-09	1.8e-09	1.0125e-09	1.3837e-08	2.2687e-08	6.3375e-09	3.825e-09	3.1875e-09	1.7737e-08	1.1137e-08	1.2675e-08	4.125e-10	4.5e-10	2.6625e-09	8.4375e-09	2.7075e-08	1.2337e-08	8.925e-09	3.675e-09	6.3375e-09	3.9e-09	1.8375e-09	1.5375e-08	2.1975e-08	1.95e-09	7.4625e-09	9.525e-09	1.0087e-08	8.6625e-09	3.45e-09	5.625e-10	7.5e-10	1.5e-10	1.125e-10	3.75e-11
4.575e-09	8.55e-09	1.11e-08	9.3e-09	1.245e-08	8.85e-09	9.8625e-09	7.9875e-09	1.0275e-08	8.8875e-09	6.225e-09	1.14e-08	7.0125e-09	9.225e-09	1.0612e-08	7.5e-09	3e-09	1.035e-08	1.3237e-08	1.1287e-08	6.225e-09	1.0462e-08	8.775e-09	9e-09	7.2e-09	4.425e-09	1.1137e-08	8.4e-09	9.075e-09	1.4025e-08	5.325e-09	4.05e-09	1.5337e-08	8.8875e-09	9.6e-09	5.9625e-09	2.8125e-09	1.6125e-08	8.4e-09	9.6375e-09	4.3125e-09	9.6375e-09	8.8875e-09	1.1137e-08	1.0462e-08	8.1e-09	7.2e-09	9.7125e-09	6.4875e-09	1.0387e-08	9.2625e-09	7.35e-09	3.975e-09	1.275e-08	9.825e-09	8.9625e-09	5.55e-09	1.125e-08	7.9125e-09	8.8125e-09	8.925e-09	8.8875e-09	1.0125e-08	7.2e-09	6.9e-09	9.825e-09	8.925e-09	9.8625e-09	8.6625e-09	5.5125e-09	7.35e-09	5.7375e-09	5.25e-09	5.925e-09	8.2125e-09	1.5862e-08	7.5e-09	1.3612e-08	6.4125e-09	1.23e-08	1.0875e-08	4.2375e-09	2.5125e-09	3.75e-09	4.425e-09	7.9125e-09	1.5787e-08	7.1625e-09	1.095e-08	1.92e-08	5.925e-09	4.0875e-09	1.3912e-08	7.65e-09	3.5625e-09	3.6e-09	2.9025e-08	8.25e-09	7.2e-09	1.875e-09	6.9e-09	6.225e-09	1.83e-08	1.4437e-08	6.3375e-09	1.14e-08	9.9e-09	5.775e-09	1.2825e-08	8.4375e-09	6.75e-09	1.1737e-08	9.0375e-09	7.6875e-09	1.0275e-08	7.1625e-09	5.8125e-09	1.3012e-08	8.0625e-09	8.85e-09	4.5e-09	8.3625e-09	5.925e-09	4.6875e-09	1.0987e-08	1.2412e-08	7.5e-10	2.625e-10
5.4e-09	7.95e-09	5.775e-09	1.095e-08	8.7375e-09	1.065e-08	8.7375e-09	1.0537e-08	3.6e-09	5.175e-09	4.425e-09	2.3625e-09	4.3125e-09	5.8875e-09	6.1875e-09	8.475e-09	1.3687e-08	2.7825e-08	9.375e-09	1.0575e-08	8.625e-09	6.525e-09	2.55e-09	1.185e-08	1.02e-08	1.0125e-08	9.9e-09	7.125e-10	4.275e-09	1.5487e-08	1.32e-08	3e-09	1.3687e-08	9.6e-09	7.875e-09	5.7375e-09	1.2225e-08	1.0537e-08	7.875e-09	8.2875e-09	7.725e-09	2.8125e-09	1.6425e-08	9.1875e-09	7.0875e-09	9.7125e-09	7.9875e-09	7.275e-09	5.8875e-09	1.2112e-08	3.6e-09	1.14e-08	1.1362e-08	6.1875e-09	1.1625e-09	2.0175e-08	7.35e-09	7.875e-09	1.0875e-08	7.95e-09	9.15e-09	9.0375e-09	6.0375e-09	1.0725e-08	7.5e-09	8.3625e-09	8.7e-09	8.625e-09	7.7625e-09	8.0625e-09	5.025e-09	1.95e-09	5.55e-09	7.8375e-09	9.4125e-09	8.1375e-09	6.1875e-09	2.1e-09	3.4875e-09	3.4462e-08	8.85e-09	8.775e-09	3.0375e-09	1.0125e-09	1.6087e-08	1.3762e-08	2.775e-09	3.75e-09	4.875e-09	1.5487e-08	1.44e-08	9.525e-09	3.8625e-09	2.25e-09	9.9375e-09	1.5562e-08	1.2937e-08	7.65e-09	4.35e-09	2.925e-09	6.075e-09	2.13e-08	9.3375e-09	2.8875e-09	5.175e-09	1.0762e-08	3.075e-09	5.3625e-09	8.4375e-09	1.7662e-08	3.225e-09	8.9625e-09	1.9012e-08	6.7125e-09	7.0125e-09	8.775e-09	8.0625e-09	7.9875e-09	8.7e-09	2.775e-09	5.5125e-09	1.02e-08	6.0375e-09	7.9125e-09	4.0125e-09	1.5187e-08	3.0375e-09	1.125e-09
9.2625e-09	5.0625e-09	1.2187e-08	7.65e-09	9.4125e-09	1.0237e-08	7.95e-09	9.9375e-09	7.575e-09	9.075e-09	1.1025e-08	7.5375e-09	1.0087e-08	8.2875e-09	6.6375e-09	5.5125e-09	1.2112e-08	3.0375e-09	1.8075e-08	7.125e-09	1.1025e-08	7.4625e-09	7.95e-09	1.1137e-08	8.175e-09	7.8375e-09	8.925e-09	7.875e-09	5.6625e-09	1.1737e-08	1.2862e-08	7.95e-09	8.325e-09	1.14e-08	4.5375e-09	7.35e-09	1.425e-08	7.875e-09	9.6375e-09	8.4e-09	1.1137e-08	8.925e-09	3.6375e-09	1.3012e-08	7.6125e-09	9.75e-09	9.675e-09	7.2375e-09	9.9e-09	7.95e-09	5.8875e-09	1.4025e-08	7.5e-09	1.0537e-08	7.8e-09	7.6125e-09	9.975e-09	8.7375e-09	9.525e-09	9.525e-09	5.55e-09	5.7375e-09	1.3612e-08	1.0837e-08	9.0375e-09	5.8875e-09	8.025e-09	8.1375e-09	9.975e-09	1.0462e-08	9.4125e-09	9.9e-09	8.8125e-09	8.775e-09	9.075e-09	1.0162e-08	9.6e-09	8.7e-09	6.675e-09	1.2637e-08	7.6875e-09	4.0875e-09	1.8375e-09	2.85e-09	2.2837e-08	1.32e-08	3.75e-09	5.7375e-09	3.45e-09	2.4525e-08	8.325e-09	9.075e-09	7.275e-09	5.1e-09	1.4625e-08	7.2e-09	4.5e-09	1.3987e-08	6.675e-09	5.1375e-09	3.1875e-09	5.2875e-09	8.0625e-09	2.355e-08	8.6625e-09	8.25e-09	1.3387e-08	8.4375e-09	2.7375e-09	1.545e-08	8.8125e-09	4.9125e-09	1.4962e-08	8.8125e-09	5.7375e-09	1.3687e-08	6.975e-09	9.3375e-09	8.2125e-09	6.8625e-09	9.4875e-09	7.275e-09	3.3375e-09	3.825e-09	2.5875e-09	9e-09	1.8075e-08	1.2375e-09
8.925e-09	6.975e-09	7.5375e-09	9.2625e-09	1.005e-08	8.775e-09	8.1e-09	8.2125e-09	1.02e-08	7.35e-09	1.0125e-08	7.8375e-09	7.5e-09	8.325e-09	5.4e-09	1.02e-08	2.25e-09	1.5487e-08	1.0575e-08	7.6125e-09	9.975e-09	8.925e-09	7.0875e-09	4.575e-09	5.925e-09	1.0462e-08	9.7125e-09	4.8e-09	1.5825e-08	3.4875e-09	6.6375e-09	1.2637e-08	7.3125e-09	1.2412e-08	2.9625e-09	9.675e-09	1.1362e-08	5.2875e-09	3.7875e-09	1.3012e-08	1.065e-08	9.2625e-09	8.5125e-09	9.5625e-09	7.7625e-09	8.5875e-09	8.7375e-09	6.3e-09	4.8e-09	3.3375e-09	3.9375e-09	1.89e-08	9.375e-10	5.7375e-09	6.4125e-09	7.1625e-09	1.0312e-08	2.1862e-08	8.4e-09	4.0125e-09	1.1512e-08	8.025e-09	7.6125e-09	6.15e-09	4.05e-09	1.35e-08	2.85e-09	6.7875e-09	1.3612e-08	1.11e-08	1.2487e-08	4.9125e-09	8.5125e-09	1.0425e-08	6.975e-09	6e-09	2.25e-09	1.95e-09	2.3812e-08	8.625e-09	7.9125e-09	4.3125e-09	3.0375e-09	5.4375e-09	1.8787e-08	1.5337e-08	1.9125e-09	9e-10	6.7875e-09	2.2462e-08	1.05e-08	4.9875e-09	1.9125e-09	3.45e-09	2.325e-09	2.1112e-08	9.75e-10	7.6875e-09	1.98e-08	7.35e-09	1.1625e-09	1.9125e-09	1.4175e-08	1.7662e-08	4.8375e-09	6.375e-10	1.05e-09	3.225e-09	9.375e-09	1.335e-08	1.9125e-09	3.5625e-09	6.3e-09	5.4e-09	3.4125e-09	1.1062e-08	5.55e-09	1.0612e-08	4.305e-08	6.9e-09	1.0125e-08	9.7875e-09	7.5e-09	6.675e-09	4.7625e-09	3.225e-09	4.0125e-09	2.475e-09
7.8e-09	9.6e-09	8.475e-09	9.1875e-09	7.65e-09	6.975e-09	1.2112e-08	3.15e-09	1.08e-08	1.02e-08	7.4625e-09	7.3125e-09	3.0375e-09	1.7325e-08	8.475e-09	2.1375e-09	2.9625e-09	3.525e-09	2.3475e-08	6.7125e-09	4.5375e-09	1.215e-08	9.3e-09	2.625e-09	1.6012e-08	3.525e-09	7.2e-09	1.3387e-08	5.625e-09	9.375e-10	5.8125e-09	1.6237e-08	2.2875e-09	1.9875e-09	1.2225e-08	2.0775e-08	8.1375e-09	9.75e-09	2.0625e-09	3.675e-09	2.475e-09	4.575e-09	2.745e-08	4.425e-09	2.475e-09	1.575e-08	1.065e-08	3.7125e-09	5.325e-09	1.0575e-08	9.6375e-09	5.7375e-09	5.25e-10	1.3125e-09	1.125e-09	3.9e-09	3.075e-09	1.2112e-08	5.7e-09	2.625e-10	7.875e-10	1.845e-08	4.2787e-08	5.25e-09	5.8125e-09	7.9125e-09	4.425e-09	6.3375e-09	1.2787e-08	2.325e-09	6.75e-10	2.8875e-09	1.125e-09	4.0875e-09	1.7625e-09	3.6e-09	3.6e-09	1.8375e-09	3.975e-09	5.3625e-09	3.15e-09	1.0575e-08	1.9462e-08	3.3675e-08	2.3025e-08	2.55e-09	4.5e-10	3.75e-11	6.375e-09	9.375e-09	4.5375e-09	7.725e-09	8.55e-09	4.1212e-08	8.025e-09	7.6125e-09	6.375e-10	1.68e-08	1.08e-08	4.9125e-09	2.175e-09	7.0125e-09	9.7875e-09	1.065e-08	1.5712e-08	1.725e-09	1.1625e-09	1.0875e-09	4.95e-09	3.975e-09	9.4125e-09	7.05e-09	4.3125e-09	3.45e-09	2.475e-09	3.375e-09	1.3087e-08	1.5825e-08	1.05e-09	1.05e-09	1.65e-09	1.35e-09	3.2625e-09	2.775e-09	7.7625e-09	1.1737e-08	2.4375e-09	3e-10
4.275e-09	1.1925e-08	7.6125e-09	7.8375e-09	7.3125e-09	1.0237e-08	9.7875e-09	2.85e-09	2.625e-10	5.25e-10	8.625e-10	9.75e-10	1.3125e-09	1.9875e-09	6.6e-09	7.875e-10	1.3125e-09	1.05e-09	1.875e-09	8.3625e-09	2.1375e-09	1.47e-08	6.1537e-08	1.4625e-08	1.035e-08	1.0912e-08	4.5375e-09	1.5975e-08	3.675e-09	1.0537e-08	1.2187e-08	8.6625e-09	1.5375e-09	1.65e-09	1.32e-08	1.05e-08	2.4375e-09	3.1125e-09	1.425e-09	2.625e-10	4.5e-10	2.625e-10	9e-10	3.4875e-09	7.1625e-09	1.89e-08	1.8e-08	1.1925e-08	3.105e-08	1.41e-08	1.2487e-08	9.225e-09	2.2875e-09	3.75e-10	2.025e-09	4.575e-09	1.4812e-08	7.3125e-09	1.2225e-08	6.375e-09	7.875e-09	3e-09	6.15e-09	2.1e-08	1.9612e-08	9.15e-09	6e-10	6.75e-10	2.625e-10	6e-10	1.575e-09	2.025e-09	9e-10	9e-10	1.575e-09	1.4775e-08	2.925e-09	2.625e-09	3.7125e-09	1.2e-09	1.575e-09	4.125e-09	6.6e-09	4.7625e-09	3.7125e-09	1.725e-09	2.625e-10	3.375e-10	7.8375e-09	4.47e-08	4.5787e-08	6.075e-09	2.1e-09	2.7562e-08	1.9575e-08	4.9875e-09	2.625e-10	1.35e-09	5.025e-09	7.575e-09	6.9e-09	8.0625e-09	6.825e-09	8.7375e-09	1.035e-08	2.6325e-08	1.0687e-08	1.425e-09	1.35e-09	1.5e-09	8.475e-09	2.925e-09	3.7125e-09	1.3125e-09	4.2375e-09	1.6162e-08	1.1212e-08	3.0262e-08	9.375e-10	3.75e-11	3.75e-11	3.75e-11	2.25e-10	3.75e-11	3.3375e-09	4.7625e-09	9.75e-10	7.5e-11
8.4e-09	4.5375e-09	1.0425e-08	8.2125e-09	4.425e-09	4.8375e-09	6.075e-09	1.005e-08	1.3875e-09	3.675e-09	8.5875e-09	1.5037e-08	2.5162e-08	1.05e-09	2.175e-09	3.375e-09	2.9625e-09	2.2125e-09	1.4062e-08	1.0987e-08	9.9e-09	2.2875e-09	5.0625e-09	2.9362e-08	7.725e-09	9.975e-09	1.2825e-08	8.9625e-09	1.3087e-08	3.9375e-09	1.3537e-08	5.85e-09	1.35e-09	3.7875e-09	1.3425e-08	9.15e-09	1.4962e-08	9.5625e-09	5.8875e-09	8.25e-10	1.9537e-08	3e-09	1.1962e-08	7.35e-09	2.775e-09	4.875e-09	1.6837e-08	1.1175e-08	1.1175e-08	7.0875e-09	1.0725e-08	9.4125e-09	3.075e-09	1.7625e-09	2.4375e-09	1.5525e-08	2.0362e-08	7.05e-09	8.4e-09	9.375e-09	3.75e-11	3.375e-10	1.2e-09	1.875e-10	1.3875e-09	9.525e-09	2.8012e-08	2.0587e-08	1.2637e-08	1.8375e-09	1.0125e-09	2.25e-09	4.5e-10	9.375e-10	9.375e-10	2.25e-10	5.25e-10	3.7125e-09	2.9625e-09	2.8875e-09	1.725e-09	3.7875e-09	1.1025e-08	5.355e-08	3.5175e-08	1.5e-10	9.75e-10	2.3625e-09	1.395e-08	1.1625e-08	2.9625e-09	4.725e-09	1.6237e-08	9.675e-09	1.2225e-08	1.785e-08	1.2375e-09	5.25e-10	2.55e-09	4.875e-09	5.625e-09	6.2625e-09	5.025e-09	8.925e-09	2.25e-09	7.725e-09	1.7662e-08	4.575e-09	1.875e-10	8.25e-10	3.75e-09	8.1e-09	3.7875e-09	2.7375e-09	3.9e-09	1.95e-09	4.725e-08	4.2675e-08	3.825e-09	3.75e-11	3.75e-11	3.75e-11	3.75e-11	4.5e-10	2.8875e-09	3.6e-09	1.3875e-09	1.125e-10
1.875e-09	1.1287e-08	8.8875e-09	4.2e-09	4.05e-09	4.65e-09	9.825e-09	2.8875e-09	1.6012e-08	2.7825e-08	1.0162e-08	6.9375e-09	3.1875e-09	1.2112e-08	7.8e-09	5.25e-09	6e-10	2.9625e-09	1.5075e-08	1.2187e-08	6.7875e-09	2.5875e-09	8.25e-10	5.6625e-09	6.1875e-09	2.58e-08	2.1187e-08	1.9125e-09	3.9e-09	1.4325e-08	6.825e-09	1.3125e-09	2.1375e-08	8.6625e-09	1.05e-08	8.55e-09	9.075e-09	8.25e-09	3.7875e-09	1.8375e-09	1.0875e-09	2.4375e-09	4.05e-09	6.6e-09	9.75e-10	4.275e-09	1.7812e-08	3.5062e-08	1.1812e-08	1.1587e-08	6.6375e-09	4.125e-09	1.0012e-08	3.675e-09	4.125e-10	9.75e-10	4.8375e-09	1.1625e-09	1.875e-10	3e-10	4.5e-10	7.1625e-09	2.8875e-08	4.9875e-09	4.0875e-09	2.5425e-08	1.5825e-08	2.025e-09	2.9625e-09	6.6375e-09	7.425e-09	3.0375e-09	1.5e-10	3e-10	5.625e-10	1.0875e-09	1.8375e-09	3.75e-10	4.8375e-09	1.9875e-09	8.625e-10	2.0625e-09	1.0875e-09	2.0625e-09	2.8125e-09	2.175e-09	3.75e-10	7.5e-10	2.2275e-08	4.6312e-08	2.5687e-08	2.1075e-08	3.45e-09	1.8937e-08	3.69e-08	7.425e-09	2.8875e-09	3.75e-11	1.125e-10	1.035e-08	3.0975e-08	2.475e-09	1.575e-09	1.725e-09	8.625e-10	6.525e-09	1.2412e-08	2.6625e-09	4.3875e-09	3.3e-09	1.41e-08	1.0162e-08	8.8125e-09	1.0837e-08	8.55e-09	1.3012e-08	3.4875e-09	3.7125e-09	3.375e-09	3.75e-11	4.5e-10	1.875e-10	1.875e-10	1.9875e-09	4.5375e-09	4.2375e-09	7.875e-10	1.125e-10
7.125e-09	7.725e-09	6.375e-09	1.29e-08	9.7125e-09	3.3375e-09	1.9875e-09	5.2125e-09	1.7775e-08	1.2562e-08	1.5975e-08	1.125e-08	1.2375e-08	5.475e-09	2.2125e-09	8.3625e-09	2.1637e-08	1.5187e-08	7.125e-10	1.5562e-08	2.625e-09	6.4125e-09	1.3125e-09	1.2e-09	8.625e-10	5.325e-09	7.05e-09	4.125e-10	6.525e-09	2.6962e-08	4.035e-08	1.0537e-08	2.4375e-09	1.1625e-08	1.2337e-08	6.0375e-09	9.525e-09	1.125e-08	5.55e-09	6.75e-10	1.5e-10	1.425e-09	1.2e-09	4.0125e-09	1.275e-09	1.1625e-09	4.0875e-09	6.0562e-08	6.0375e-09	8.475e-09	2.625e-09	2.25e-10	6.3375e-09	2.7825e-08	1.3687e-08	9.075e-09	1.9125e-09	3.75e-11	5.25e-10	1.4625e-09	6e-09	1.2375e-08	2.0662e-08	2.8125e-09	2.5875e-09	5.925e-09	1.9762e-08	6.1875e-09	6.675e-09	1.2375e-09	1.3125e-09	7.5e-11	2.625e-10	1.875e-10	3e-10	9e-10	5.25e-10	3.75e-11	3.75e-11	7.5e-11	1.2e-09	2.4375e-09	3.375e-10	9e-10	1.5e-09	5.25e-10	4.125e-10	1.875e-10	4.875e-09	2.1e-08	6.9262e-08	4.965e-08	1.4925e-08	1.8075e-08	1.8187e-08	5.925e-09	1.3575e-08	1.125e-09	1.5e-10	6.9375e-09	1.8975e-08	5.6625e-09	7.875e-10	1.6012e-08	2.175e-09	5.5125e-09	1.2e-09	2.25e-10	2.25e-10	3e-10	6.375e-10	3.1875e-09	6.75e-09	1.02e-08	6.1125e-09	7.1625e-09	2.775e-09	6.3e-09	3.4125e-09	6e-09	2.8125e-09	1.125e-10	1.5e-10	8.625e-10	1.275e-09	6.75e-10	7.5e-10	2.625e-10
5.1e-09	3.4125e-09	1.8375e-09	1.725e-09	5.25e-09	5.25e-10	3.1875e-09	5.25e-09	9e-09	1.5187e-08	3.9187e-08	1.2525e-08	4.575e-09	3.375e-10	2.475e-09	3.9e-09	1.9875e-09	6.3375e-09	2.5875e-09	4.1625e-09	1.9875e-09	2.625e-09	2.925e-09	1.2e-09	2.7e-09	4.47e-08	2.7975e-08	3e-10	3.375e-10	6.3e-09	3.5625e-08	3.15e-09	1.125e-10	2.25e-10	3.0862e-08	1.1812e-08	6.3375e-09	9.45e-09	4.5e-10	7.0875e-09	1.77e-08	1.8375e-09	2.0625e-09	2.625e-10	2.925e-09	2.4375e-09	6.375e-10	3.75e-10	1.8375e-09	1.35e-09	1.875e-09	2.25e-10	7.5e-11	3.9937e-08	5.325e-08	1.1775e-08	9.5625e-09	4.575e-09	2.25e-10	9.75e-10	1.2e-09	1.2787e-08	2.2275e-08	5.2875e-09	4.6875e-09	6.5625e-09	2.2612e-08	1.3762e-08	3.525e-09	9.525e-09	8.625e-10	1.875e-10	3.375e-10	1.5e-10	7.125e-10	2.2125e-09	1.47e-08	2.0437e-08	1.3875e-09	5.625e-10	1.125e-10	3.75e-11	3.75e-11	1.725e-09	1.275e-09	2.8125e-09	5.9625e-09	1.9875e-09	8.25e-10	2.7375e-09	1.0837e-08	9.285e-08	1.5787e-08	2.4375e-09	1.9837e-08	2.5125e-09	7.5e-10	1.875e-10	7.5e-11	8.625e-10	3.3375e-09	6.5625e-09	5.7375e-09	5.5875e-09	7.3875e-09	3.1387e-08	4.2375e-09	1.3875e-09	3e-10	7.5e-11	4.125e-10	4.275e-09	2.7375e-09	4.5e-10	1.2e-09	7.425e-09	2.2237e-08	1.2187e-08	1.1437e-08	1.0425e-08	5.55e-09	3.75e-11	8.25e-10	8.25e-10	4.5e-10	3.75e-11	1.5e-10	1.125e-10
7.6125e-09	8.25e-10	5.1e-09	1.4512e-08	8.625e-09	2.4375e-09	1.2187e-08	4.1625e-09	9.3375e-09	1.725e-09	2.7375e-09	2.0625e-09	1.65e-09	6e-10	1.425e-09	2.7e-09	7.425e-09	4.425e-09	3.0075e-08	4.7062e-08	1.65e-08	2.4375e-09	6.075e-09	3.075e-09	1.9987e-08	9.45e-09	8.9625e-09	1.9875e-09	6.375e-10	4.5e-10	3.375e-09	2.4e-09	1.8e-09	3.75e-10	2.625e-10	3.3375e-09	3.15e-09	6.2512e-08	1.5375e-09	1.6125e-09	3.7125e-09	2.4562e-08	1.7625e-09	3e-10	2.25e-10	3e-10	1.2375e-09	6.375e-10	5.625e-10	3.3375e-09	4.9875e-09	1.8337e-08	1.965e-08	4.875e-09	6e-09	6.285e-08	1.1437e-08	5.2875e-09	5.25e-10	1.5337e-08	1.02e-08	1.2525e-08	3.525e-09	1.2075e-08	1.0312e-08	5.4e-09	8.4375e-09	9.825e-09	1.125e-08	9.825e-09	1.005e-08	3.8625e-09	2.475e-09	3.9e-09	2.3625e-09	1.1625e-09	1.5337e-08	1.065e-08	1.41e-08	8.325e-09	1.875e-10	3.75e-11	7.5e-11	3.75e-11	1.875e-10	6.375e-10	2.325e-09	1.5e-09	2.4e-09	1.0275e-08	1.4325e-08	1.935e-08	2.0287e-08	4.05e-09	2.2125e-09	6e-10	1.725e-09	1.125e-09	1.3875e-09	6.45e-09	1.0312e-08	1.6275e-08	2.6587e-08	1.7662e-08	2.8875e-09	4.4625e-09	7.5e-11	2.85e-09	1.0125e-08	9.7875e-09	5.325e-09	2.25e-10	1.575e-09	5.625e-10	3.75e-11	4.425e-09	1.2187e-08	2.7375e-09	6.375e-10	3.825e-09	5.25e-10	1.125e-10	2.7e-09	4.275e-09	7.875e-10	7.875e-10	3.75e-11	3.75e-11
2.475e-09	7.0875e-09	7.2e-09	5.7375e-09	7.9875e-09	6.4125e-09	6.75e-09	6.0375e-09	4.6125e-09	3.4125e-09	4.1625e-09	3.825e-09	1.5225e-08	1.65e-09	8.5875e-09	3.675e-09	7.2e-09	5.55e-09	2.565e-08	2.7675e-08	1.5712e-08	7.65e-09	1.8e-09	2.85e-09	5.0625e-09	3.075e-09	1.5375e-09	1.2375e-09	8.625e-10	1.875e-10	7.5e-10	1.2e-08	7.6875e-09	2.025e-09	4.5e-10	1.275e-09	1.0875e-09	3.2625e-09	1.1362e-08	1.425e-08	1.2562e-08	2.1375e-08	6.7125e-09	3.375e-10	1.275e-09	1.4625e-09	4.125e-10	6.75e-10	1.65e-09	2.475e-09	8.5125e-09	5.6625e-08	4.7437e-08	8.55e-09	3.375e-09	6.45e-09	1.8375e-09	7.125e-10	7.5e-10	3.45e-08	1.1625e-08	8.55e-09	1.155e-08	4.35e-09	7.3875e-09	9.8625e-09	1.2787e-08	2.0625e-09	7.275e-09	7.0125e-09	1.5e-09	4.875e-10	2.55e-09	5.625e-10	9e-10	1.725e-09	7.35e-09	8.6625e-09	7.725e-09	4.05e-09	6e-10	1.875e-10	1.5e-10	3.75e-10	3e-10	3.75e-10	1.35e-09	1.7625e-09	2.2875e-09	4.1625e-09	1.5e-08	1.245e-08	1.0462e-08	1.6425e-08	1.395e-08	1.425e-09	1.0875e-09	9.375e-10	7.125e-09	1.4062e-08	1.5e-08	1.8112e-08	1.065e-08	3.3525e-08	3.0937e-08	1.05e-09	1.425e-09	1.0275e-08	7.2375e-09	9.6e-09	8.925e-09	1.0125e-09	2.85e-09	5.7375e-09	9.375e-10	3e-10	9e-10	7.275e-09	4.1625e-09	1.5e-10	8.25e-10	3.75e-11	1.5e-10	7.5e-11	2.25e-10	3e-10	1.125e-10	2.25e-10
5.4e-09	9.75e-10	5.25e-10	1.6125e-09	9.1125e-09	2.2875e-08	1.875e-08	2.775e-09	3.1875e-09	2.2875e-09	4.1625e-09	8.3625e-09	1.4625e-09	7.5375e-09	5.115e-08	7.9875e-09	1.0462e-08	6.9e-09	1.0875e-08	9.7875e-09	4.05e-09	7.9125e-09	3.75e-10	1.6125e-09	4.8e-09	2.6887e-08	1.3087e-08	3.75e-10	2.25e-10	4.5e-10	7.125e-10	7.5e-10	1.4625e-09	1.5375e-09	4.875e-09	4.7512e-08	1.4362e-08	1.6462e-08	7.05e-09	9.75e-09	9.525e-09	1.0612e-08	5.9625e-09	5.0625e-09	1.5187e-08	5.9625e-09	3.8625e-09	2.5875e-09	1.5637e-08	1.4512e-08	5.475e-09	1.08e-08	1.1137e-08	7.35e-09	1.5375e-09	3.15e-09	1.8187e-08	8.55e-09	3.375e-10	7.1625e-09	1.83e-08	1.0162e-08	1.1287e-08	7.2375e-09	3.6375e-09	9.7875e-09	8.3625e-09	9.75e-10	1.5e-10	5.625e-10	7.95e-09	1.2375e-09	1.35e-09	9.75e-10	7.875e-10	3.9e-09	1.4325e-08	7.65e-09	1.035e-08	1.26e-08	1.44e-08	3.375e-09	1.3125e-09	1.275e-09	1.0875e-09	1.5e-09	2.4375e-09	9.375e-10	1.0125e-09	7.5e-10	4.125e-09	2.4375e-09	7.5e-10	1.9875e-09	1.6125e-09	5.625e-09	9.75e-09	1.7625e-08	6.9e-09	3.525e-09	9.825e-09	1.7587e-08	2.25e-08	2.07e-08	1.9762e-08	2.175e-09	4.125e-10	8.925e-09	3.8962e-08	1.305e-08	7.875e-09	4.65e-09	6.375e-09	3.7125e-09	2.625e-09	6.4125e-09	1.8375e-09	1.725e-09	1.2375e-09	1.875e-10	1.125e-10	1.125e-10	7.5e-11	1.875e-10	2.625e-10	4.125e-10	4.125e-10	2.25e-10
4.7625e-09	6.7125e-09	1.2e-09	2.625e-09	4.1625e-09	9.1875e-09	2.925e-08	2.6887e-08	7.125e-09	1.5e-08	9.5625e-09	4.5e-10	1.0125e-09	8.55e-09	2.5387e-08	8.5875e-09	8.6625e-09	1.0125e-08	2.4375e-09	1.05e-09	7.5e-10	4.125e-10	2.625e-10	2.4862e-08	2.5575e-08	1.9125e-09	7.5e-10	2.6625e-09	6.75e-10	1.8375e-09	1.8375e-09	1.275e-09	7.3875e-09	4.4625e-09	1.65e-09	2.925e-09	1.1625e-09	4.8375e-09	9.3375e-09	4.8e-09	7.2712e-08	7.3125e-09	1.2525e-08	8.1375e-09	8.7e-09	3.9375e-09	3.75e-10	2.25e-09	1.365e-08	1.6575e-08	1.0425e-08	1.0987e-08	1.11e-08	4.7625e-09	8.3625e-09	7.5e-11	1.6387e-08	5.7e-09	1.5e-09	1.215e-08	6.225e-09	9.15e-09	1.65e-09	2.1375e-08	7.6875e-09	5.775e-09	1.5562e-08	4.5e-10	5.25e-10	2.2875e-09	1.785e-08	6.1875e-09	1.6125e-09	2.7037e-08	6.9375e-09	1.5e-10	1.7625e-08	1.17e-08	5.1e-09	3.375e-09	1.53e-08	1.0462e-08	1.5e-10	8.25e-10	2.25e-10	1.875e-09	6.75e-10	4.125e-10	2.25e-10	4.125e-10	8.625e-10	3.375e-10	3e-10	2.625e-10	3.75e-10	2.25e-10	1.125e-10	4.125e-10	2.5125e-09	3.7875e-09	1.95e-09	5.7375e-09	1.3425e-08	1.9012e-08	1.0125e-09	1.4625e-09	7.5e-11	4.2e-09	2.8837e-08	2.3287e-08	2.2987e-08	1.065e-08	2.46e-08	1.545e-08	2.535e-08	5.0625e-09	3.45e-09	2.1375e-09	3.8625e-09	1.2412e-08	6.675e-09	3.5625e-09	1.125e-10	7.5e-11	5.25e-10	1.3125e-09	3.75e-10	3.75e-11
2.0625e-09	2.175e-09	3.2625e-09	2.55e-09	1.7625e-09	5.4375e-09	3.2962e-08	2.01e-08	7.65e-09	6.675e-09	5.7375e-09	2.025e-09	1.35e-09	6.375e-10	2.0625e-09	4.425e-09	1.425e-09	4.875e-10	1.9125e-09	1.05e-09	5.1375e-09	4.1625e-09	1.6875e-09	2.25e-10	1.575e-09	3.75e-09	3.6375e-09	7.5e-10	5.775e-09	4.0875e-09	9.375e-10	1.95e-09	5.85e-09	2.325e-09	8.925e-09	4.6125e-09	1.9875e-09	1.7512e-08	7.8375e-09	5.9625e-09	1.56e-08	2.2237e-08	1.935e-08	4.5562e-08	3.8625e-08	1.65e-09	2.625e-10	1.0987e-08	2.3512e-08	1.0125e-08	6.225e-09	1.3912e-08	7.5e-09	6.2625e-09	1.155e-08	8.8125e-09	8.4375e-09	8.1e-09	5.5125e-09	3e-10	2.0775e-08	7.8375e-09	7.0125e-09	3.3375e-09	1.4437e-08	1.1062e-08	1.2e-08	4.425e-09	7.5375e-09	1.4587e-08	3.075e-09	2.3625e-09	1.8375e-09	7.9125e-09	4.875e-10	8.25e-10	1.2975e-08	3.3e-09	8.025e-09	9.1875e-09	4.0387e-08	1.1775e-08	2.9625e-09	7.5e-11	7.5e-11	1.875e-10	5.625e-10	1.4625e-09	7.875e-10	1.35e-09	1.2375e-09	1.875e-10	2.25e-10	2.25e-10	2.25e-10	1.725e-09	2.4375e-09	3.6e-09	1.425e-09	2.2125e-09	5.4375e-09	2.2125e-09	2.775e-09	1.425e-08	4.8712e-08	8.925e-09	3.1875e-09	9e-10	2.0625e-09	3.225e-09	2.4375e-09	1.185e-08	5.3437e-08	4.9537e-08	4.05e-09	4.725e-09	3.45e-09	1.6875e-09	1.575e-09	9.375e-10	1.65e-09	1.875e-10	3e-10	7.5e-10	1.6875e-09	7.125e-10	6.75e-10	7.5e-11
2.7375e-09	7.0125e-09	6e-09	6.1125e-09	8.025e-09	1.92e-08	1.1812e-08	9.6e-09	2.5875e-09	3.6e-09	7.0125e-09	1.1212e-08	5.4e-09	3.3e-09	3.4875e-09	2.175e-09	2.8125e-09	3.9e-09	3.7125e-09	3.975e-09	4.4625e-09	1.6875e-09	2.9625e-09	3.7875e-09	4.5375e-09	8.8125e-09	1.575e-09	1.0125e-09	8.1375e-09	1.2262e-08	2.1262e-08	1.7325e-08	7.6875e-09	2.85e-09	1.4775e-08	1.92e-08	9.1125e-09	2.2125e-09	4.3125e-09	4.5375e-09	2.5875e-09	7.2375e-09	3.525e-09	2.2762e-08	5.5762e-08	1.125e-10	3.375e-10	8.925e-09	2.4e-08	1.455e-08	8.475e-09	6.0375e-09	7.0125e-09	6.1125e-09	1.545e-08	8.3625e-09	1.185e-08	1.0462e-08	7.275e-09	6.9375e-09	3.75e-11	1.74e-08	3.3375e-09	3.375e-10	1.755e-08	1.5712e-08	9.9375e-09	1.0087e-08	4.3125e-09	2.25e-10	2.0212e-08	7.1625e-09	4.2375e-09	2.85e-09	3.75e-11	1.1625e-09	4.8375e-09	2.7937e-08	7.5e-09	1.14e-08	1.2712e-08	9.9e-09	1.635e-08	3.525e-09	2.25e-10	7.5e-11	4.5e-10	4.875e-10	1.875e-10	1.5e-09	4.95e-09	2.2125e-09	1.125e-09	4.3125e-09	1.2862e-08	9.9375e-09	3.4987e-08	6.825e-09	2.4712e-08	1.0537e-08	9e-10	1.125e-10	7.125e-10	4.1625e-09	1.095e-08	4.8e-09	1.8e-09	1.6125e-09	3.5625e-09	1.2337e-08	3.1875e-09	1.3575e-08	1.4062e-08	2.625e-10	1.575e-09	4.8375e-09	4.125e-10	2.8125e-09	2.625e-10	2.25e-10	1.05e-09	5.25e-10	2.25e-10	1.125e-10	3e-10	5.2125e-09	2.8875e-09	4.125e-10
5.175e-09	8.2875e-09	9.975e-09	2.6625e-09	9.15e-09	5.1375e-09	1.98e-08	1.35e-09	5.775e-09	1.1737e-08	1.4512e-08	1.005e-08	5.7e-09	3.6e-09	3.375e-10	6.375e-10	1.4625e-09	2.7075e-08	1.4325e-08	4.7625e-09	3.2625e-09	2.0212e-08	3.15e-09	9.15e-09	5.2125e-09	1.5375e-09	6e-10	1.425e-09	9.7875e-09	1.2187e-08	9.1875e-09	1.32e-08	4.8e-09	7.2e-09	2.97e-08	1.0087e-08	4.425e-09	1.7625e-09	3e-10	1.7625e-09	3.7125e-09	6.9375e-09	3.5625e-09	1.3912e-08	3.615e-08	3.75e-10	3.75e-10	5.25e-10	1.1025e-08	2.8837e-08	3.675e-09	1.6762e-08	1.0612e-08	7.5e-09	5.8125e-09	7.05e-09	1.3425e-08	1.0237e-08	7.425e-09	5.5875e-09	7.5e-10	2.5875e-09	1.47e-08	3e-10	4.275e-09	2.4225e-08	1.3425e-08	1.0237e-08	1.1062e-08	1.9875e-09	1.05e-09	1.125e-09	2.25e-09	2.7375e-09	2.25e-10	1.5e-10	3.7875e-09	3.795e-08	1.4175e-08	9.75e-09	4.8e-09	3.9375e-09	1.0725e-08	2.7e-09	3e-10	3.375e-10	3.375e-10	4.125e-10	2.25e-09	2.85e-09	5.475e-09	1.5375e-09	7.125e-10	3.7125e-09	4.8e-09	9.1875e-09	2.1412e-08	8.775e-09	9.7875e-09	5.1375e-08	6e-10	1.875e-10	2.7375e-09	1.2487e-08	7.725e-09	4.0875e-09	8.625e-10	4.8375e-09	7.5e-11	1.125e-10	1.3125e-09	4.275e-09	2.625e-09	4.875e-10	1.9125e-09	3.5625e-09	1.125e-10	5.625e-10	3e-10	1.125e-10	7.5e-10	1.1625e-09	6e-10	5.25e-10	7.875e-10	3.3e-09	3.5625e-09	7.5e-11
8.5125e-09	9.7875e-09	4.6125e-09	1.2375e-09	1.65e-09	2.5875e-09	6.75e-10	9.75e-10	3.6262e-08	1.845e-08	7.3125e-09	9.6e-09	7.6125e-09	7.875e-10	6.375e-10	8.625e-10	2.025e-09	6.5625e-09	1.725e-08	1.4362e-08	3.9e-09	4.2375e-09	2.8162e-08	1.8375e-09	1.3875e-09	5.0625e-09	2.1e-09	5.625e-09	1.9125e-08	2.325e-09	2.85e-09	2.025e-09	3.375e-10	1.5375e-09	3.225e-09	4.4625e-09	2.475e-09	1.05e-09	1.8375e-09	1.2e-09	3.3375e-09	4.65e-09	7.6912e-08	2.1112e-08	8.7375e-09	7.9125e-09	5.0625e-09	1.3725e-08	1.095e-08	6.225e-09	1.0687e-08	6.975e-09	9.6375e-09	1.11e-08	7.2e-09	9.6375e-09	6.975e-09	9.3e-09	1.0612e-08	7.9875e-09	2.6625e-09	9e-10	6.7125e-09	2.3437e-08	1.425e-09	2.7375e-09	1.545e-08	2.025e-09	1.725e-09	8.025e-09	2.0737e-08	3.4125e-09	1.575e-09	8.325e-09	6.375e-10	4.125e-10	2.625e-10	1.35e-09	2.6625e-09	5.2387e-08	2.25e-09	5.5125e-09	1.3875e-09	1.95e-09	1.0875e-09	3.375e-10	3e-10	1.125e-10	1.5e-10	1.65e-09	1.8375e-09	4.125e-10	4.5e-10	2.7e-09	3.675e-09	4.275e-09	1.9687e-08	1.9837e-08	2.6512e-08	7.2e-09	5.25e-10	7.5e-11	8.475e-09	1.9462e-08	1.755e-08	9.1875e-09	1.65e-09	2.625e-09	3.75e-11	3e-10	4.875e-10	4.875e-09	7.5e-09	1.2375e-09	2.5125e-09	7.5e-10	7.5e-11	1.125e-10	2.2875e-09	1.7287e-08	2.0512e-08	3.3675e-08	2.655e-08	2.4262e-08	1.0125e-09	7.5e-11	1.875e-10	3.75e-11
6.825e-09	6.975e-09	1.2487e-08	9.675e-09	1.65e-09	1.575e-09	5.625e-10	1.2e-09	1.8262e-08	2.2987e-08	2.4975e-08	8.4e-09	7.6875e-09	1.1625e-09	6e-10	1.725e-09	2.475e-09	6.1875e-09	1.1737e-08	1.26e-08	2.5875e-09	2.625e-10	1.5e-10	5.25e-09	2.1037e-08	3.7875e-09	1.35e-09	2.025e-09	5.1712e-08	2.9625e-09	5.625e-10	8.25e-10	4.6875e-09	7.0125e-09	1.2337e-08	2.025e-09	4.3875e-09	9e-10	9e-10	3.75e-10	1.3875e-09	1.2375e-09	4.4625e-09	3.7612e-08	3.975e-08	2.355e-08	4.875e-09	6.75e-10	1.5e-10	9.375e-10	4.8e-09	2.8537e-08	1.725e-08	1.4512e-08	8.2125e-09	7.9875e-09	1.05e-08	8.7375e-09	1.1137e-08	8.7375e-09	6.8625e-09	1.0725e-08	5.2125e-09	2.625e-09	1.3687e-08	5.7375e-09	6.1875e-09	1.7137e-08	5.625e-10	2.625e-10	4.5e-10	1.725e-09	6.3e-09	1.0837e-08	6.5625e-09	1.0875e-09	2.25e-10	1.875e-10	1.3725e-08	3.8437e-08	9.225e-09	2.8875e-09	2.1e-09	4.125e-10	6.75e-10	1.3875e-09	3.75e-11	1.125e-10	6.375e-10	1.425e-09	7.875e-10	8.625e-10	1.1625e-09	2.25e-10	8.25e-10	7.875e-10	5.7e-09	5.7375e-09	6.2625e-09	2.7e-09	2.3625e-09	4.65e-09	1.2937e-08	1.9237e-08	3.3225e-08	2.5612e-08	9.975e-09	3.6375e-09	4.875e-10	8.625e-10	1.05e-09	3.3e-09	5.2875e-09	1.5375e-09	3.075e-09	1.3875e-09	3.75e-10	5.25e-10	1.875e-09	9.1875e-09	3.42e-08	1.89e-08	4.575e-09	1.8225e-08	7.1625e-09	3.375e-10	1.875e-10	3.75e-11
2.8875e-09	3.15e-09	3.375e-09	6.75e-09	6.45e-09	5.2125e-09	1.275e-09	1.575e-09	1.635e-08	1.875e-08	1.0537e-08	1.035e-08	1.53e-08	4.95e-09	8.625e-10	1.9875e-09	3.405e-08	2.7562e-08	1.35e-09	3.525e-09	3.6375e-09	2.625e-09	2.625e-09	2.775e-09	3.6e-09	1.575e-09	1.6875e-09	2.1e-09	2.175e-09	4.5375e-09	1.3312e-08	2.43e-08	1.2975e-08	3.1125e-08	2.0625e-09	3.6375e-09	5.0625e-09	1.6875e-09	6e-10	8.625e-10	1.2e-09	2.025e-09	5.5875e-09	2.025e-09	3.3375e-09	7.1625e-09	7.1175e-08	8.25e-09	9.375e-10	1.125e-09	1.2375e-09	1.365e-08	2.4225e-08	2.3287e-08	1.0425e-08	7.8375e-09	1.1325e-08	1.0125e-08	7.575e-09	1.02e-08	7.9125e-09	9.3e-09	1.0837e-08	5.6625e-09	1.05e-08	9.525e-09	8.625e-09	7.95e-09	1.0012e-08	1.0875e-09	3.75e-11	3.75e-11	3.75e-10	2.325e-09	4.0875e-09	1.65e-09	5.625e-10	1.125e-10	5.7e-09	6.75e-08	7.35e-09	2.7375e-09	3.75e-10	7.5e-11	3.75e-11	7.5e-11	1.0125e-09	1.875e-10	1.5e-10	5.625e-10	2.25e-10	1.5e-10	1.875e-10	7.1625e-09	6.75e-10	5.775e-09	1.4175e-08	4.9875e-09	4.875e-10	1.95e-09	6.7875e-09	4.725e-09	5.2875e-09	2.205e-08	5.6137e-08	2.3175e-08	1.6687e-08	1.5525e-08	7.5e-11	2.25e-10	4.5e-10	1.35e-09	5.625e-10	2.625e-10	3.1125e-09	3.8625e-09	2.25e-10	1.875e-10	8.25e-10	7.425e-09	5.85e-09	5.625e-09	1.875e-10	5.25e-10	3.75e-10	4.125e-10	3.375e-10	3.75e-11
1.5e-09	1.3875e-09	3.6e-09	2.0625e-09	3.4275e-08	1.875e-10	4.5e-10	3.0375e-09	3.1875e-09	3.525e-09	2.9625e-09	8.25e-09	4.95e-09	1.32e-08	1.86e-08	2.6625e-09	1.8637e-08	9.4875e-09	2.475e-09	3.9e-09	8.2125e-09	5.8125e-09	7.4625e-09	1.725e-09	2.5125e-09	3.975e-09	1.8375e-09	1.4625e-09	7.875e-10	3.75e-10	1.3575e-08	5.9025e-08	2.5875e-08	4.5e-09	1.5e-10	1.725e-09	4.2e-09	2.5125e-09	2.5125e-09	4.0875e-09	1.56e-08	3.3675e-08	1.4325e-08	9e-09	3.525e-09	7.125e-10	1.6537e-08	1.35e-09	3e-10	7.5e-10	1.9125e-09	1.9875e-09	4.5937e-08	1.05e-08	9e-09	1.1137e-08	5.9625e-09	1.1512e-08	7.9125e-09	7.8e-09	9.7875e-09	8.2125e-09	8.3625e-09	3.4125e-09	6.075e-09	6e-09	4.125e-09	1.1137e-08	1.1962e-08	3.975e-09	6.675e-09	1.5375e-08	6.6375e-09	3.675e-09	1.3875e-09	2.25e-10	1.5e-10	7.875e-10	2.0737e-08	3.9637e-08	7.35e-09	3.6e-09	1.0425e-08	1.875e-09	2.1e-09	7.875e-10	1.1625e-09	1.5375e-09	1.9125e-09	1.0875e-09	3.75e-11	1.125e-10	1.125e-10	1.875e-10	2.625e-10	4.125e-10	4.5e-10	1.8e-09	2.25e-10	1.5e-10	3.375e-10	8.175e-09	8.7e-09	4.5e-09	2.7525e-08	3.5812e-08	2.34e-08	5.6925e-08	2.25e-10	7.5e-11	3.75e-10	3.1875e-09	1.1625e-09	1.95e-09	1.05e-09	5.25e-10	7.5e-11	2.2875e-09	2.4e-09	1.005e-08	1.1962e-08	1.9875e-09	7.875e-10	3.75e-11	1.3875e-09	6.9375e-09	3.7125e-09	2.25e-10
1.05e-09	2.9625e-09	1.2562e-08	2.3812e-08	1.725e-09	1.8375e-09	1.9875e-09	9.375e-10	6.75e-10	1.2375e-09	1.1625e-09	9.375e-10	3.075e-09	6.225e-09	4.875e-09	3.675e-09	1.4062e-08	1.545e-08	1.9537e-08	2.0212e-08	3.3675e-08	6e-09	2.25e-10	7.5e-10	1.6875e-09	3.7125e-09	3.825e-09	8.2875e-09	7.875e-09	1.5712e-08	3.8175e-08	6.975e-09	1.1925e-08	6.825e-09	4.125e-10	4.5e-10	6e-10	5.7e-09	3.3975e-08	1.0575e-08	8.8875e-09	8.5875e-09	8.7e-09	8.9625e-09	2.625e-10	4.5e-10	3.375e-10	7.5e-11	1.5e-10	2.25e-10	1.8375e-09	5.625e-09	5.475e-09	5.565e-08	1.3612e-08	1.56e-08	8.8125e-09	3.825e-09	6.9e-09	3.6e-09	2.0025e-08	4.275e-09	2.1375e-09	5.85e-09	4.6125e-09	4.125e-10	1.5375e-09	9.975e-09	1.35e-08	1.2075e-08	6.225e-09	4.6125e-09	2.7525e-08	1.35e-08	2.85e-09	1.125e-10	3.75e-11	3.75e-11	6.2625e-09	3.6937e-08	6.7125e-09	1.4587e-08	6.7875e-09	2.625e-09	1.9237e-08	4.65e-09	1.0125e-09	1.5e-10	1.2e-09	2.625e-10	1.125e-10	1.5e-10	3.75e-11	2.625e-10	7.5e-11	1.875e-10	4.125e-10	1.3125e-09	1.875e-10	1.875e-10	7.5e-11	1.4625e-09	7.9875e-09	6e-09	1.9387e-08	2.3887e-08	2.9775e-08	2.7862e-08	3.6225e-08	9.375e-10	7.5e-11	3.75e-10	3.75e-10	1.125e-10	7.5e-11	8.625e-10	1.125e-10	4.125e-10	1.4625e-09	3.1125e-09	4.0875e-09	2.175e-09	1.125e-10	1.125e-10	2.25e-10	9e-10	7.875e-10	2.625e-10
9.6e-09	2.025e-09	1.4287e-08	1.9987e-08	9.9e-09	1.4587e-08	6.375e-09	1.6762e-08	2.1375e-09	4.875e-10	5.25e-10	1.0875e-09	5.0625e-09	1.4625e-08	9e-09	5.1375e-09	4.4587e-08	1.1925e-08	1.335e-08	7.65e-09	4.125e-09	1.2637e-08	7.5e-11	9.75e-10	2.5875e-09	6.525e-09	2.2537e-08	5.925e-09	9.825e-09	2.2275e-08	7.9875e-09	1.0162e-08	6.45e-09	9.3e-09	1.8e-09	1.3875e-09	2.25e-09	6e-10	1.9875e-09	6.825e-09	6.1125e-09	9e-09	1.1775e-08	3.3412e-08	9.3e-09	5.5875e-09	7.125e-10	6e-10	1.4625e-09	1.6875e-09	4.1625e-09	5.4187e-08	6.825e-09	2.4375e-09	4.3875e-09	5.6625e-09	2.88e-08	8.325e-09	1.0762e-08	8.925e-09	8.85e-09	9.0375e-09	4.65e-09	6.375e-10	1.8375e-09	4.125e-10	7.5375e-09	2.4525e-08	6.375e-09	1.05e-08	1.755e-08	1.4512e-08	3.4125e-09	3.825e-09	2.625e-09	9e-10	3.75e-11	1.5e-09	2.235e-08	2.37e-08	1.6012e-08	6.75e-10	4.575e-09	5.5875e-09	1.3725e-08	2.5275e-08	7.5e-10	7.125e-10	2.2875e-09	3.0375e-09	2.85e-09	4.125e-10	1.875e-10	4.5e-10	1.8e-09	3.75e-10	1.1625e-09	2.25e-10	5.625e-10	2.5125e-09	1.2637e-08	1.5075e-08	9.375e-09	9.975e-09	1.3687e-08	1.6725e-08	2.8875e-08	2.04e-08	1.4662e-08	1.2862e-08	3.375e-10	2.3625e-09	4.3125e-09	4.5375e-09	4.5375e-09	1.5375e-09	3.75e-10	2.625e-10	2.625e-10	2.25e-09	2.2125e-09	1.5e-09	3e-09	7.5e-10	2.25e-10	6.375e-10	3.75e-10	1.125e-10
9.75e-09	5.775e-09	1.0312e-08	1.0725e-08	7.3125e-09	6.6e-09	8.2875e-09	1.0087e-08	2.0625e-09	1.2112e-08	1.1775e-08	8.7e-09	7.6125e-09	2.5125e-09	2.8125e-09	1.6125e-09	2.01e-08	4.875e-09	2.0587e-08	7.95e-09	6.9375e-09	8.9625e-09	2.625e-10	5.25e-10	1.425e-09	2.1e-09	2.0325e-08	4.0125e-09	6.675e-09	2.6812e-08	5.625e-09	1.0687e-08	1.0012e-08	6.525e-09	4.575e-09	7.125e-10	7.125e-10	5.25e-10	1.2e-09	1.8e-09	3.3037e-08	2.6025e-08	9.5625e-09	7.5e-10	4.5e-10	1.875e-10	3.75e-11	1.35e-09	1.7625e-09	1.05e-09	3.7687e-08	2.1e-09	6.9e-09	5.8875e-09	1.0687e-08	3.255e-08	8.5125e-09	1.4287e-08	4.0875e-09	1.3687e-08	7.9875e-09	3.15e-09	9.3e-09	2.6625e-09	3.7125e-09	1.6875e-09	9.75e-10	5.625e-09	4.425e-09	1.0762e-08	3.1762e-08	1.35e-09	3.75e-10	2.775e-09	7.5e-10	3e-10	3.75e-11	7.5e-11	7.9125e-09	1.1287e-08	6.1125e-09	2.4375e-09	6.3375e-09	2.1225e-08	8.5875e-09	4.5e-10	2.25e-10	1.2e-09	1.3125e-09	1.5375e-09	5.2125e-09	3.45e-09	3e-10	1.125e-10	2.25e-10	1.5e-10	3.75e-10	5.25e-10	3.45e-09	1.7775e-08	1.5712e-08	2.0812e-08	2.4187e-08	7.3125e-09	1.8375e-09	1.38e-08	2.0175e-08	1.4062e-08	1.6875e-08	1.2562e-08	1.3875e-09	3.4125e-09	5.55e-09	5.0625e-09	9.75e-10	1.6125e-09	2.25e-10	1.875e-10	2.0625e-09	9.3e-09	1.3912e-08	1.7962e-08	6.1125e-09	2.55e-09	1.5e-10	1.5e-10	5.25e-10	3.75e-11
6.825e-09	5.025e-09	5.2875e-09	1.7212e-08	1.0837e-08	5.8125e-09	7.3125e-09	1.1175e-08	1.8e-09	2.85e-09	8.5875e-09	2.1075e-08	4.5e-09	1.7625e-09	3e-10	1.425e-09	3.975e-09	2.325e-09	1.5375e-09	1.1775e-08	4.32e-08	1.005e-08	6.4875e-09	3e-10	2.25e-10	7.5e-10	9.975e-09	3.4875e-08	3.4875e-09	3.3e-09	1.7587e-08	2.2125e-09	1.425e-09	3.0375e-09	1.35e-09	1.875e-09	1.4175e-08	3.4387e-08	7.3125e-09	3.9375e-09	7.275e-09	1.47e-08	1.0162e-08	6.375e-09	1.875e-10	7.5e-11	7.5e-11	6.375e-10	7.125e-10	1.95e-09	1.35e-09	1.17e-08	4.335e-08	2.0887e-08	3e-10	3.375e-10	7.5e-11	1.875e-10	1.725e-08	1.4437e-08	2.3475e-08	2.8875e-09	4.5e-10	1.125e-09	3.075e-09	1.05e-09	1.275e-09	8.1375e-09	9.6375e-09	8.8125e-09	3.5737e-08	9.1125e-09	4.5e-10	1.5e-10	7.5e-11	6.375e-10	1.275e-09	9.75e-10	5.475e-09	1.3837e-08	3.6e-08	1.1737e-08	9.4125e-09	3.75e-09	6e-10	8.625e-10	7.125e-10	6.75e-10	4.875e-10	3.525e-09	3e-09	1.7625e-09	1.125e-10	7.5e-11	6e-10	4.125e-10	1.125e-10	3.375e-10	2.7375e-09	2.2837e-08	6.9187e-08	3.3225e-08	3.75e-09	1.5e-09	2.625e-10	2.2125e-09	9.75e-09	1.305e-08	1.3125e-08	5.6625e-09	3.75e-10	9e-10	1.6125e-09	2.2125e-09	4.875e-10	3e-09	4.6875e-09	2.0625e-09	2.625e-10	1.4625e-09	6.675e-09	6.2625e-09	3.45e-09	2.625e-10	2.625e-10	2.25e-10	3.75e-10	3.75e-11
3.7125e-09	6.3e-09	1.4625e-08	1.5225e-08	9.375e-09	3e-09	4.3125e-09	1.8562e-08	1.1587e-08	5.7375e-09	8.025e-09	1.8375e-09	2.25e-09	1.1625e-09	1.725e-09	4.3125e-09	2.85e-09	3.45e-09	9.675e-09	3.075e-09	4.5e-10	1.2375e-09	6e-09	1.0537e-08	3.975e-09	1.0875e-09	1.125e-09	5.3625e-09	2.2012e-08	1.6875e-08	1.2862e-08	6.975e-09	1.1962e-08	2.5687e-08	4.275e-08	1.0162e-08	4.2375e-09	1.4025e-08	6.375e-09	7.3125e-09	2.2875e-09	2.1862e-08	8.625e-10	4.125e-10	1.5e-10	3.75e-11	3.75e-11	3.75e-11	1.35e-09	1.2375e-09	7.5375e-09	3.57e-08	4.0575e-08	6.375e-09	1.0125e-09	1.125e-10	6e-10	1.275e-09	5.625e-09	9.5625e-09	2.1675e-08	6e-10	3.3e-09	8.625e-10	2.5875e-09	2.2875e-09	4.875e-10	2.475e-09	1.5375e-09	2.175e-09	1.7625e-09	1.0125e-09	4.05e-09	1.6125e-09	3.4125e-09	2.2125e-09	1.5487e-08	1.545e-08	1.4737e-08	2.04e-08	1.7437e-08	5.5125e-09	3.9e-09	7.125e-10	6e-10	1.725e-09	1.8e-09	7.875e-10	6.75e-10	5.625e-10	2.625e-09	6.075e-09	6.75e-09	5.25e-09	5.6625e-09	7.6875e-09	1.875e-09	5.475e-09	7.875e-10	5.625e-10	8.7e-09	1.2637e-08	8.9625e-09	3.375e-10	3.75e-10	1.35e-09	4.875e-09	1.3275e-08	1.6875e-08	2.175e-09	1.2375e-09	7.2e-09	9.675e-09	9.0375e-09	1.1625e-08	1.2337e-08	1.2225e-08	6.2625e-09	4.875e-10	7.125e-10	1.3875e-09	4.9875e-09	6.375e-10	3.375e-10	1.875e-10	3.75e-11	3e-10	7.5e-11
3.5625e-09	4.2375e-09	8.925e-09	1.905e-08	7.2375e-09	8.9625e-09	7.6875e-09	5.7e-09	1.2e-08	1.1325e-08	8.5125e-09	6.525e-09	2.175e-09	3.375e-10	1.3125e-09	2.3137e-08	1.2e-09	1.8375e-09	4.2e-09	2.7375e-09	1.125e-10	1.05e-09	9.3e-09	1.9875e-09	5.4e-09	8.5875e-09	6.1125e-09	4.2375e-09	2.4375e-09	1.11e-08	2.4487e-08	2.0325e-08	3.4162e-08	1.425e-08	7.6875e-09	7.4625e-09	4.875e-09	3.375e-10	2.0625e-09	7.5375e-09	6.375e-10	2.85e-09	2.175e-09	2.7e-09	1.125e-09	5.25e-10	2.475e-09	1.05e-09	5.25e-10	1.0125e-09	2.4975e-08	7.0612e-08	1.1362e-08	6.7125e-09	1.005e-08	7.275e-09	8.55e-09	2.25e-09	1.0425e-08	1.455e-08	2.025e-09	2.25e-10	4.5e-10	7.5e-10	1.545e-08	3.2737e-08	1.875e-10	1.5e-10	5.25e-10	4.125e-10	1.5e-09	7.875e-10	2.16e-08	3.4162e-08	8.1e-09	3.7875e-09	1.5e-10	7.875e-10	6.9375e-09	4.3875e-09	2.85e-09	8.85e-09	1.2375e-09	1.5e-10	7.5e-11	1.5e-10	3e-10	1.875e-10	1.125e-10	1.125e-10	3e-10	8.7375e-09	4.7625e-09	6.75e-09	8.7375e-09	2.9962e-08	3.1125e-09	6.75e-10	7.5e-11	4.125e-10	3.4875e-09	4.5e-10	3.75e-11	1.125e-10	3.75e-10	3.375e-10	1.2375e-09	1.725e-09	3.9e-09	2.25e-10	4.875e-10	1.875e-10	4.875e-10	1.0162e-08	3.4537e-08	4.425e-08	8.25e-09	2.8875e-09	2.25e-10	1.6875e-09	8.25e-10	1.05e-09	1.9875e-09	1.125e-10	1.125e-10	1.125e-10	4.125e-10	1.125e-10
1.65e-09	8.775e-09	1.515e-08	7.9875e-09	5.2875e-09	5.85e-09	1.125e-09	7.6125e-09	1.3237e-08	2.6812e-08	3.075e-09	1.875e-09	6.375e-10	4.425e-09	2.37e-08	3.075e-09	3.5625e-09	8.475e-09	9.3e-09	7.6125e-09	8.2125e-09	8.2125e-09	1.0312e-08	2.3212e-08	3.15e-09	7.9125e-09	6.075e-09	4.125e-10	1.0275e-08	2.9512e-08	7.6875e-09	1.0462e-08	8.1e-09	8.5875e-09	5.175e-09	9.525e-09	1.125e-09	3.675e-09	2.5875e-09	2.4e-09	2.2125e-09	1.5e-10	1.785e-08	1.5487e-08	1.275e-08	2.385e-08	4.2e-09	2.25e-10	1.6875e-09	2.4375e-09	3.1575e-08	1.2525e-08	1.2787e-08	6.75e-09	9.075e-09	1.1212e-08	7.125e-09	1.0875e-09	1.6537e-08	8.85e-09	6e-10	1.1137e-08	1.1437e-08	3e-10	3e-10	1.5e-10	1.2375e-09	1.4287e-08	6.075e-09	1.4362e-08	4.65e-09	1.3875e-09	1.125e-10	1.7625e-09	1.5e-10	2.625e-10	5.625e-10	2.7e-09	6.5625e-09	9.8625e-09	1.0462e-08	6.45e-09	7.5e-09	2.7375e-09	3.525e-09	3.6e-09	8.2125e-09	1.4287e-08	2.2912e-08	1.5375e-09	3.75e-11	2.625e-10	4.05e-09	1.7962e-08	1.1887e-08	1.4925e-08	1.1025e-08	9.45e-09	1.9875e-09	2.025e-09	1.02e-08	1.8375e-09	1.4625e-09	1.0125e-09	3.375e-10	2.25e-10	1.125e-10	1.125e-10	7.5e-11	1.875e-10	1.6875e-09	4.5e-10	7.5e-11	9.75e-09	3.57e-08	1.365e-08	1.0125e-09	7.5e-11	1.875e-10	2.925e-09	2.55e-09	5.25e-10	6.75e-10	2.8875e-09	2.025e-09	4.125e-10	4.125e-10	5.25e-10
3.525e-09	2.1375e-09	1.9425e-08	4.35e-09	8.775e-09	6.9375e-09	9.375e-09	1.275e-09	1.1625e-09	2.8125e-09	3.15e-09	2.8125e-09	8.25e-10	4.2e-09	5.6475e-08	2.475e-09	1.0875e-09	3.3e-09	4.0875e-09	1.1325e-08	1.4587e-08	1.3462e-08	1.965e-08	6.5625e-09	1.65e-09	4.05e-09	2.55e-09	3e-10	1.4625e-09	3.8662e-08	9.0375e-09	1.2525e-08	1.0912e-08	7.5375e-09	7.9875e-09	1.7625e-09	7.875e-09	2.5875e-09	9e-10	2.55e-09	2.55e-09	3.4125e-09	1.3875e-09	9.525e-09	2.955e-08	2.88e-08	3e-10	1.5e-10	1.5e-10	3.75e-11	1.8412e-08	3.0825e-08	1.065e-08	4.0875e-09	7.425e-09	9.675e-09	1.575e-08	3.75e-11	1.0125e-09	1.9462e-08	1.3312e-08	2.1e-09	2.9625e-09	1.9425e-08	9.8625e-09	2.025e-09	5.25e-10	3.15e-09	1.0125e-09	1.0612e-08	1.44e-08	1.875e-10	7.5e-10	3.375e-10	5.25e-10	1.3125e-09	4.875e-10	2.0625e-09	2.0512e-08	5.1375e-09	4.7625e-09	2.0625e-09	2.625e-09	1.125e-10	6.75e-10	7.125e-10	8.625e-10	2.7375e-09	2.7e-09	1.575e-09	9e-10	1.0125e-09	1.0875e-09	4.2e-09	8.325e-09	1.4062e-08	2.0325e-08	1.5862e-08	6.1875e-09	1.125e-10	1.875e-10	7.5e-11	6.225e-09	7.5e-09	6.75e-10	3.375e-10	1.5e-10	7.5e-11	1.875e-10	7.125e-10	3.9e-09	2.5125e-09	2.55e-09	1.125e-10	5.625e-10	3e-09	1.0875e-09	3.75e-11	3.75e-11	3e-10	3.75e-10	3e-10	6e-10	2.4375e-09	3.1125e-09	3e-10	1.875e-10	4.125e-10
4.6875e-09	5.6625e-09	9e-10	2.7e-09	7.0125e-09	5.925e-09	1.1925e-08	2.325e-08	3.0375e-09	2.2125e-09	5.8875e-09	6.375e-10	9e-10	1.2e-09	8.4375e-09	1.8712e-08	6.0375e-09	6.75e-09	7.8e-09	1.3875e-08	6.1875e-09	4.3875e-09	4.5e-09	3.7125e-09	7.8375e-09	2.9287e-08	4.1625e-09	1.875e-10	6e-10	1.8e-09	5.1075e-08	2.8837e-08	8.025e-09	1.1287e-08	3.6e-09	1.725e-09	3.0375e-09	3.3375e-09	3.9375e-09	1.425e-09	1.2375e-09	4.95e-09	6.5625e-09	1.695e-08	6.2625e-09	5.25e-10	1.1625e-09	3.4875e-09	3.3375e-09	3e-10	8.25e-10	3.15e-09	8.55e-09	9.3e-09	1.41e-08	7.3537e-08	3.525e-09	1.4437e-08	1.155e-08	1.1287e-08	1.4625e-09	7.5e-10	1.125e-09	1.5e-09	4.125e-10	2.625e-10	9e-10	7.875e-10	6.75e-10	1.5e-09	1.275e-09	2.1375e-09	6.225e-09	6.4125e-09	6.075e-09	3.75e-09	5.5125e-09	7.125e-10	2.55e-09	1.5975e-08	5.2875e-09	5.925e-09	4.35e-09	5.625e-10	4.125e-10	5.625e-10	3.4125e-09	1.3012e-08	4.605e-08	1.3875e-08	1.9837e-08	1.245e-08	3.3e-09	1.125e-10	8.25e-10	1.95e-09	2.2125e-09	1.3125e-09	5.25e-10	1.575e-09	6.7125e-09	3.675e-09	8.625e-10	1.3125e-09	5.0625e-09	1.0125e-09	1.4625e-09	8.4375e-09	7.9125e-09	1.3387e-08	2.04e-08	1.6837e-08	8.55e-09	4.3125e-09	9.375e-10	3.225e-09	5.9625e-09	4.3875e-09	4.9875e-09	2.25e-10	3.375e-10	6e-10	3.75e-11	2.3625e-09	6.4875e-09	3.75e-11	3.75e-11	7.5e-11
1.7025e-08	7.2e-09	2.25e-10	1.0875e-09	3.0375e-09	1.8375e-09	2.9962e-08	6.4125e-09	8.25e-10	1.6875e-09	2.1e-09	4.1625e-09	7.125e-09	2.7e-09	1.425e-09	1.3875e-09	4.5e-10	5.2875e-09	8.25e-10	2.5125e-09	3.9e-09	3.15e-09	5.8125e-09	4.3875e-09	5.25e-10	1.3125e-09	1.7925e-08	2.0587e-08	1.5975e-08	2.625e-09	1.9875e-09	4.875e-10	3.75e-10	3.1875e-09	4.275e-09	2.325e-09	1.0125e-09	1.65e-09	1.5937e-08	6.0525e-08	4.1625e-09	2.2875e-09	4.125e-10	5.4375e-09	3.1875e-09	1.35e-09	5.625e-09	1.0425e-08	7.77e-08	7.5e-11	7.125e-10	1.8825e-08	2.2275e-08	5.55e-09	5.0625e-09	1.5225e-08	1.725e-09	1.5412e-08	1.5112e-08	7.8e-09	3.75e-11	3e-10	1.05e-09	6.375e-10	3e-10	5.925e-09	1.6912e-08	2.8987e-08	2.8875e-09	6.75e-10	4.875e-10	9e-10	1.2e-09	1.05e-09	5.6625e-09	9.15e-09	1.35e-08	3.0375e-09	2.25e-10	1.275e-09	4.425e-09	1.275e-09	9.375e-10	7.5e-10	5.4e-09	2.9625e-09	2.8125e-09	4.3875e-09	1.9312e-08	2.4262e-08	2.4937e-08	5.025e-09	6e-10	3.75e-10	2.25e-10	1.875e-10	7.5e-11	1.0125e-09	2.325e-09	4.2375e-09	3.225e-09	5.625e-10	4.875e-10	4.5e-10	2.25e-10	1.275e-09	1.0875e-09	3.2625e-09	4.725e-09	6e-09	2.625e-09	2.025e-09	7.2375e-09	1.3875e-08	4.3875e-09	1.0875e-09	1.5562e-08	2.0925e-08	2.2612e-08	2.3325e-08	1.1175e-08	8.0625e-09	3.75e-10	2.25e-10	3.75e-11	3.75e-11	1.125e-10	7.5e-11
6.75e-10	2.7375e-09	1.0912e-08	1.455e-08	5.0625e-09	1.095e-08	7.6125e-09	8.325e-09	3.3e-09	4.5e-10	1.4625e-09	1.0125e-08	1.3425e-08	3.285e-08	1.3125e-08	1.7625e-09	2.025e-09	4.5e-10	7.5e-10	1.7625e-09	4.3762e-08	6.7875e-09	9.4875e-09	3e-09	4.6875e-09	2.1675e-08	1.4062e-08	8.25e-09	6.1125e-09	3.7125e-09	1.5412e-08	7.2e-09	7.725e-09	3.825e-09	1.1512e-08	1.4212e-08	4.8e-09	1.5562e-08	5.4e-09	5.25e-09	1.11e-08	1.725e-09	5.625e-10	1.8e-09	1.5375e-09	7.875e-10	4.8375e-09	4.1475e-08	2.7375e-09	2.475e-09	7.5e-10	8.025e-09	1.3162e-08	2.895e-08	4.4625e-09	4.5e-10	2.0625e-09	2.9737e-08	7.5375e-09	2.1e-09	7.425e-09	8.5875e-09	1.8787e-08	8.1375e-09	4.8e-09	6.3e-09	8.6625e-09	7.7625e-09	2.5125e-09	1.875e-10	1.1625e-09	1.875e-10	1.5e-10	1.6125e-09	1.275e-09	1.5e-10	4.875e-10	4.6125e-09	7.875e-10	1.5e-09	3.1125e-09	1.5e-09	1.575e-09	4.125e-10	2.85e-09	3.5625e-09	1.5375e-09	9.3375e-09	3.6937e-08	6.9825e-08	1.2187e-08	1.5e-09	7.5e-11	7.5e-11	1.125e-10	6.75e-10	4.875e-10	2.625e-10	1.2e-09	4.5375e-09	5.1375e-09	2.1375e-09	3.375e-10	3.375e-10	5.625e-10	4.125e-10	3.75e-11	3.75e-11	5.25e-10	1.8375e-09	5.85e-09	5.55e-09	1.3125e-09	7.65e-09	2.175e-09	2.4375e-09	2.5087e-08	8.325e-09	4.35e-09	1.5862e-08	3.9187e-08	4.9125e-09	2.625e-10	3.75e-11	3.75e-11	1.5e-10	3.75e-10	2.625e-10
3.7875e-09	3.4125e-09	3.975e-09	1.8e-08	9e-09	2.5875e-09	1.3087e-08	2.055e-08	2.175e-09	1.3125e-09	6.75e-10	1.8e-09	3.6e-09	6.3e-09	7.2375e-09	7.3875e-09	3.8625e-09	4.2375e-09	3.075e-09	1.6875e-09	5.1412e-08	1.3387e-08	1.005e-08	1.1625e-08	1.17e-08	7.8375e-09	7.65e-09	6.9e-09	8.025e-09	1.2975e-08	4.1625e-09	1.1962e-08	1.035e-08	2.8125e-09	3.75e-10	5.625e-10	6.4125e-09	3.2512e-08	7.35e-09	5.25e-10	9.4125e-09	1.32e-08	1.95e-09	3.9e-09	1.725e-09	7.95e-09	3.3375e-09	3.4537e-08	1.0687e-08	7.2e-09	7.5375e-09	1.7625e-09	1.515e-08	3.3375e-09	1.53e-08	1.0875e-09	3.375e-10	1.5375e-09	1.3575e-08	1.1062e-08	6.3e-09	1.8637e-08	1.575e-08	8.1e-09	8.55e-09	9e-10	3.375e-09	3.1125e-09	2.5125e-09	2.25e-10	3.75e-10	8.625e-10	1.875e-10	3e-10	1.65e-09	3.7875e-09	2.2875e-09	2.625e-09	1.7887e-08	7.5e-10	1.0875e-09	1.8375e-09	9.375e-10	4.4625e-09	3.7875e-09	4.8e-09	5.625e-09	7.0875e-09	3.375e-09	1.8225e-08	1.0537e-08	2.775e-09	1.5e-10	2.25e-10	1.5e-10	3.75e-10	1.875e-10	3e-10	7.875e-10	2.2875e-09	7.2375e-09	4.5375e-09	1.1625e-09	3.825e-09	1.575e-09	5.625e-10	6.75e-10	1.05e-09	3.2625e-09	2.28e-08	2.2687e-08	1.4625e-08	3.5625e-09	7.65e-09	7.875e-10	5.325e-09	9.375e-10	1.575e-09	6.8625e-09	2.5387e-08	2.3362e-08	8.5125e-09	5.625e-10	4.5e-10	2.25e-10	6e-10	3.3e-09	9.0375e-09
9e-10	6.15e-09	2.25e-08	6.1125e-09	1.6125e-08	1.3612e-08	3.375e-09	9.45e-09	6.4125e-09	2.1375e-09	1.0875e-09	3.0375e-09	1.2487e-08	3.0225e-08	8.775e-09	6.1125e-09	6.75e-10	1.2375e-09	2.7375e-09	8.325e-09	2.325e-09	2.4e-09	9.6375e-09	4.53e-08	7.425e-09	1.0687e-08	6.4125e-09	8.2125e-09	7.425e-09	4.9125e-09	1.14e-08	1.2712e-08	9.3e-09	9.9375e-09	3.975e-09	1.3012e-08	2.025e-09	5.475e-09	1.7475e-08	7.875e-10	1.125e-10	1.575e-09	2.7862e-08	1.5187e-08	8.5125e-09	7.6125e-09	3.45e-09	1.5187e-08	9.9375e-09	7.65e-09	6.375e-09	4.875e-10	1.3875e-09	1.9875e-09	1.0125e-09	1.05e-09	8.475e-09	9.45e-09	2.7037e-08	2.1262e-08	1.2712e-08	9.675e-09	6.75e-09	1.2487e-08	3.1875e-09	1.125e-09	2.775e-09	3.75e-09	1.7437e-08	1.4062e-08	1.425e-09	1.9125e-09	2.25e-09	4.2e-09	5.25e-09	6.375e-09	1.425e-09	7.5e-11	1.125e-10	2.625e-10	2.625e-10	3.375e-10	1.0125e-09	1.05e-09	3.8625e-09	2.5875e-09	2.3625e-09	2.8875e-09	1.0162e-08	2.4337e-08	1.1212e-08	3.5175e-08	3.7875e-09	6.375e-10	2.625e-10	1.5e-10	9.375e-10	9.375e-10	1.5e-10	2.4375e-09	1.0237e-08	4.575e-09	6.375e-10	3e-09	6.75e-10	1.3875e-09	3.75e-10	4.125e-10	3.75e-10	2.925e-09	9.9e-09	2.0362e-08	3.825e-09	7.5e-10	4.125e-10	6.375e-10	7.5e-10	1.725e-09	8.55e-09	2.2275e-08	5.1412e-08	8.475e-09	2.0625e-09	1.5e-10	1.1625e-09	2.25e-10	1.125e-09	2.1e-09
1.1362e-08	9e-09	9.675e-09	1.4887e-08	1.0725e-08	1.185e-08	9.5625e-09	8.1e-09	7.3875e-09	9.8625e-09	1.5787e-08	8.475e-09	1.0875e-08	9.1875e-09	1.0725e-08	1.2712e-08	8.325e-09	6.9375e-09	1.155e-08	1.0162e-08	1.0012e-08	3.7125e-09	1.35e-08	1.4137e-08	1.1962e-08	1.0125e-08	7.0125e-09	4.9875e-09	4.65e-09	1.7062e-08	1.425e-08	1.995e-08	1.0012e-08	1.0425e-08	1.0162e-08	8.625e-09	1.0012e-08	6e-10	7.125e-10	1.5e-09	5.25e-10	3.5625e-09	3.4312e-08	2.3662e-08	1.3687e-08	2.3625e-09	1.9875e-09	2.3325e-08	1.0612e-08	1.1775e-08	4.2375e-09	7.5e-11	4.5375e-09	1.6537e-08	1.845e-08	6.375e-09	7.5e-10	1.9875e-09	4.9875e-09	2.6625e-08	1.3275e-08	1.035e-08	9.45e-09	5.3625e-09	1.185e-08	7.6875e-09	2.55e-09	7.5e-11	4.125e-10	4.125e-10	5.775e-09	5.0625e-09	7.2375e-09	1.3087e-08	1.1737e-08	9.8625e-09	3.075e-09	1.3125e-09	1.125e-09	1.05e-09	1.425e-09	4.3125e-09	5.2125e-09	2.625e-09	4.65e-09	2.7375e-09	2.25e-10	1.7625e-09	1.875e-09	9.7875e-09	2.9962e-08	1.8787e-08	1.8375e-08	1.95e-09	1.875e-09	2.625e-10	4.5e-10	2.25e-09	3.375e-10	1.0762e-08	4.125e-10	1.35e-09	4.0875e-09	1.035e-08	1.0875e-09	7.5e-10	2.1e-09	1.4212e-08	3.63e-08	9.6375e-09	2.3212e-08	8.6625e-09	9e-09	1.2e-09	4.0125e-09	7.125e-10	2.625e-09	2.88e-08	2.3287e-08	1.2937e-08	5.5875e-09	5.8125e-09	1.6125e-09	4.125e-10	3e-10	2.025e-09	2.8875e-09	9.75e-10
8.8125e-09	7.2e-09	2.1e-09	3.15e-09	9.9375e-09	2.325e-09	1.1475e-08	4.6125e-09	4.0125e-09	4.725e-09	5.1375e-09	3.1237e-08	4.8e-09	1.6275e-08	5.625e-09	9.75e-09	6.6e-09	4.65e-09	2.8387e-08	5.3625e-09	3e-10	2.625e-10	1.2375e-09	2.4225e-08	1.365e-08	9.1875e-09	1.3875e-08	3e-09	1.6725e-08	1.0687e-08	8.1375e-09	1.08e-08	8.4375e-09	7.05e-09	8.5125e-09	1.0275e-08	7.0875e-09	8.625e-10	3.375e-10	1.875e-10	1.875e-10	2.025e-09	2.04e-08	3.6262e-08	1.1175e-08	3.7875e-09	3.75e-10	1.0087e-08	2.1262e-08	1.0425e-08	1.2e-09	1.95e-09	1.3912e-08	1.7662e-08	1.1062e-08	8.8875e-09	4.0875e-09	1.5712e-08	3.9e-09	1.875e-10	7.425e-09	3.15e-09	2.1825e-08	1.3687e-08	3.9e-09	1.7512e-08	3.0375e-09	2.625e-10	7.5e-10	1.8375e-09	8.25e-10	6.3e-09	3.1125e-09	3.7125e-09	1.6462e-08	4.2937e-08	4.3875e-09	3.75e-10	6.375e-10	1.1625e-09	2.25e-10	1.875e-10	8.25e-10	1.6125e-09	1.8375e-09	2.5125e-09	6.75e-10	2.1e-09	7.3125e-09	1.8075e-08	1.8975e-08	5.5875e-09	6.4125e-09	1.6125e-09	5.4375e-09	5.25e-09	4.8e-09	4.8375e-09	6.5625e-09	2.3625e-09	6e-10	3.75e-10	2.625e-10	2.925e-09	3.7125e-09	9e-10	1.725e-09	3.825e-09	1.1625e-09	7.5e-10	1.3275e-08	1.2637e-08	5.0625e-09	2.25e-10	3e-10	1.275e-09	2.8875e-09	3.1987e-08	1.8825e-08	2.0362e-08	1.7025e-08	8.925e-09	9e-10	3e-10	4.125e-10	5.625e-10	6.75e-10	7.5e-10
4.425e-09	1.2262e-08	7.725e-09	2.2875e-09	1.6125e-09	6.75e-10	2.475e-09	5.175e-09	1.3875e-09	2.85e-09	3.15e-09	6.3375e-09	1.6537e-08	7.65e-09	5.625e-09	5.1e-09	1.35e-09	2.1e-09	3.9375e-09	5.7e-09	7.1625e-09	6.675e-09	1.0987e-08	1.08e-08	4.62e-08	2.7525e-08	2.55e-09	2.145e-08	7.725e-09	1.6725e-08	8.9625e-09	7.3875e-09	9.4125e-09	3.45e-09	4.9875e-09	1.3425e-08	2.4e-09	3.1125e-09	1.275e-09	1.7625e-09	2.175e-09	3.1575e-08	1.7175e-08	1.2187e-08	5.1e-09	1.1775e-08	3.4125e-09	4.875e-10	2.7e-08	5.2875e-09	6.975e-09	6.1875e-09	1.6125e-09	3.0375e-08	9.0375e-09	9.1125e-09	1.3125e-09	1.125e-10	1.05e-09	1.425e-09	1.47e-08	3.2175e-08	1.3425e-08	9.975e-09	5.775e-09	5.9625e-09	6.1875e-09	1.23e-08	9.4125e-09	1.8375e-09	2.2875e-09	5.475e-09	7.875e-09	1.725e-08	1.005e-08	9.7875e-09	2.2875e-09	3.75e-10	1.65e-09	2.85e-09	1.125e-10	7.5e-11	1.125e-10	1.275e-09	1.6125e-09	1.59e-08	1.5787e-08	1.8e-09	5.1e-09	2.1712e-08	1.0012e-08	3.2625e-09	8.625e-10	1.635e-08	2.445e-08	2.61e-08	1.8675e-08	1.26e-08	9.375e-10	1.7625e-09	1.4925e-08	4.35e-09	1.0125e-09	9.375e-10	1.875e-09	6.45e-09	2.6662e-08	1.3012e-08	9.675e-09	2.625e-10	2.9625e-09	1.29e-08	1.6425e-08	2.2125e-09	7.5e-10	1.1812e-08	1.65e-08	9.6e-09	1.5937e-08	1.365e-08	4.05e-09	1.125e-10	7.5e-11	3.75e-10	1.875e-10	1.0125e-09	8.25e-10	5.25e-10
1.5187e-08	6.525e-09	3e-09	5.0625e-09	5.5125e-09	7.125e-10	3.075e-09	4.4625e-09	8.25e-10	4.125e-10	1.2375e-09	9.675e-09	1.3425e-08	8.1e-09	3.3e-09	8.55e-09	5.175e-09	1.9875e-09	3.45e-09	1.5e-09	6.2925e-08	3.4987e-08	9.375e-10	4.05e-09	6.1125e-09	1.125e-09	1.2e-09	1.3125e-09	6.8625e-09	5.2462e-08	9.6375e-09	3.8625e-09	1.1437e-08	1.3612e-08	7.0875e-09	1.08e-08	7.3125e-09	6.975e-09	6.375e-10	7.125e-10	3.675e-09	1.3612e-08	4.0875e-09	2.9737e-08	8.25e-09	5.475e-09	4.35e-09	9.75e-10	2.1e-09	2.8387e-08	1.26e-08	9.9e-09	1.0875e-09	3.7875e-09	1.8412e-08	1.0087e-08	5.4e-09	3.375e-10	1.125e-09	1.05e-08	2.3362e-08	8.025e-09	1.2225e-08	1.005e-08	9e-09	6.7125e-09	5.625e-09	3.4125e-09	2.5875e-09	3.0375e-09	7.875e-10	6.75e-10	2.1787e-08	4.65e-09	7.05e-09	7.275e-09	9.9e-09	5.4e-09	1.575e-09	6.75e-10	4.5e-10	3.75e-11	1.125e-09	1.875e-09	4.1625e-09	1.6125e-09	1.05e-09	1.8375e-09	2.2875e-09	1.1512e-08	1.2375e-08	1.35e-09	8.625e-10	7.125e-10	1.5e-10	6.75e-10	1.4625e-09	3.6375e-09	1.875e-09	1.4625e-09	1.95e-09	1.6125e-09	1.875e-09	1.9125e-09	1.425e-09	1.305e-08	2.325e-09	2.775e-09	1.4625e-09	8.1e-09	1.065e-08	8.7e-09	1.1137e-08	3.1125e-09	7.5e-11	4.35e-09	1.3462e-08	2.385e-08	2.2837e-08	1.2037e-08	4.5e-09	3e-10	2.775e-09	4.65e-09	6.4875e-09	5.8875e-09	6e-10	3.75e-11
9.0375e-09	8.625e-10	2.8125e-09	2.5237e-08	1.9875e-09	3.3e-09	1.29e-08	8.4375e-09	9e-10	6.675e-09	1.0912e-08	1.4625e-09	7.8e-09	3.9e-09	1.2e-08	8.325e-09	1.275e-09	5.25e-10	4.5e-10	1.575e-09	2.325e-09	9e-10	2.0625e-09	9.75e-10	1.4625e-09	7.5e-10	2.8875e-09	2.8537e-08	2.4e-08	6.1125e-09	2.1787e-08	1.8075e-08	4.2975e-08	7.7625e-09	6.075e-09	5.7e-09	8.1e-09	1.8637e-08	5.7e-09	1.3612e-08	7.425e-09	9.1875e-09	1.0875e-09	1.1212e-08	1.0462e-08	6.3e-09	1.425e-08	4.875e-10	1.65e-09	4.05e-09	2.475e-08	3.6e-09	7.5e-11	1.3125e-09	2.28e-08	1.5712e-08	6.9e-09	4.5e-10	9.3e-09	2.4225e-08	7.3875e-09	1.2262e-08	2.325e-09	4.5e-10	2.0962e-08	9.375e-09	1.0425e-08	9.4125e-09	4.0875e-09	2.2875e-09	4.4625e-09	1.1625e-09	1.4137e-08	5.25e-10	6.375e-10	9e-10	2.25e-10	7.875e-10	7.8375e-09	1.1175e-08	3.375e-10	1.875e-10	1.5e-10	5.8125e-09	4.125e-09	9e-10	2.475e-09	1.62e-08	1.0462e-08	8.25e-10	1.875e-10	7.875e-10	2.5875e-09	1.8375e-09	1.35e-09	4.125e-10	1.5e-10	2.7375e-09	1.0125e-09	1.3125e-09	1.3875e-09	1.875e-09	6.7125e-09	6.375e-10	3e-09	1.95e-09	2.85e-09	2.5125e-09	1.0875e-09	3.825e-09	8.4e-09	2.145e-08	1.6387e-08	1.2075e-08	2.5125e-09	3.75e-10	9.75e-10	3.15e-09	6.6e-09	1.9725e-08	9.6e-09	5.1e-09	1.365e-08	3.6487e-08	5.2087e-08	1.1137e-08	1.7625e-09	3.75e-11
4.95e-09	9.825e-09	9.75e-10	1.1775e-08	3.2737e-08	1.125e-09	3.6e-09	2.0625e-09	5.85e-09	2.16e-08	1.0912e-08	3.4987e-08	3e-09	1.6875e-08	9.375e-10	1.1737e-08	3.4875e-09	5.55e-09	5.625e-09	4.1625e-09	1.725e-09	1.3875e-09	1.65e-09	1.425e-09	2.3625e-09	9.45e-09	1.23e-08	3.2625e-09	5.175e-09	4.305e-08	1.0237e-08	2.0625e-08	7.3125e-09	4.875e-09	7.125e-10	2.2125e-09	2.6212e-08	1.5937e-08	7.5e-10	5.4375e-09	1.6425e-08	1.3837e-08	8.5125e-09	8.55e-09	9.975e-09	7.125e-09	7.3125e-09	8.175e-09	2.625e-10	9.75e-10	1.0462e-08	3.375e-10	1.6125e-09	6.225e-09	3.5775e-08	1.38e-08	9e-09	5.2875e-09	7.125e-10	1.8787e-08	1.275e-08	6.4875e-09	3.975e-09	1.275e-08	1.875e-10	7.6875e-09	1.3537e-08	7.125e-10	3.5625e-09	5.25e-09	3.375e-10	4.125e-10	1.3125e-09	2.1975e-08	1.425e-09	1.65e-09	6.3375e-09	3.3e-09	5.5125e-09	3.8625e-09	2.4e-09	3.8625e-09	3.9375e-09	5.6625e-09	5.8875e-09	4.5375e-09	3.3375e-09	1.35e-09	4.5e-10	4.125e-10	6.5625e-09	2.0775e-08	2.6925e-08	1.0875e-08	4.65e-09	2.55e-09	1.2375e-09	7.5e-11	4.875e-10	9.75e-10	4.2e-09	4.35e-09	7.5e-10	5.85e-09	7.875e-10	1.65e-09	1.8375e-09	2.25e-10	3e-10	4.875e-10	6.375e-10	6.6375e-09	1.4775e-08	2.88e-08	7.575e-09	7.3125e-09	2.0625e-09	9e-10	3.075e-09	4.3875e-09	9e-10	1.62e-08	2.5725e-08	3.3187e-08	1.5562e-08	3.6975e-08	1.725e-09	3.75e-11
1.875e-10	6e-10	1.5487e-08	1.3087e-08	9.375e-09	1.9875e-09	8.6625e-09	7.125e-09	5.8875e-09	8.85e-09	1.4062e-08	1.95e-09	1.2e-09	4.8e-09	3.3862e-08	1.6987e-08	1.1475e-08	4.1625e-09	4.3875e-09	1.125e-09	2.1e-09	3.225e-09	1.425e-09	1.6875e-09	6.0187e-08	8.1e-09	8.025e-09	2.775e-09	2.55e-09	2.7375e-09	2.2612e-08	1.3162e-08	2.5875e-09	4.4625e-09	1.5e-10	1.035e-08	2.8275e-08	8.625e-09	1.005e-08	8.1375e-09	1.2262e-08	6.4875e-09	1.0312e-08	8.025e-09	9.0375e-09	9.3e-09	8.925e-09	9.8625e-09	1.5e-09	6.75e-10	5.4e-09	2.4787e-08	2.4e-09	3.375e-10	2.4e-09	2.9962e-08	7.4625e-09	3e-10	2.1e-09	2.5125e-09	9.75e-10	1.56e-08	3.3712e-08	9.375e-09	1.4625e-09	1.2337e-08	2.5125e-09	1.695e-08	8.2125e-09	5.775e-09	4.65e-09	2.25e-10	1.125e-09	1.1625e-09	2.1375e-09	6.225e-09	1.9125e-09	3.3e-09	6.45e-09	1.1962e-08	6.375e-10	6.525e-09	2.0325e-08	7.8375e-09	2.805e-08	2.625e-10	7.875e-10	1.2375e-09	7.875e-10	3.75e-10	1.1625e-09	2.6625e-09	4.6125e-09	5.0625e-09	4.5e-09	7.125e-10	1.1662e-08	1.1625e-09	1.5375e-09	4.125e-10	2.9625e-09	2.6625e-09	2.475e-09	1.0875e-09	5.25e-10	4.5e-10	1.275e-09	4.5e-09	1.275e-09	1.9125e-09	5.25e-10	2.175e-09	7.05e-09	1.77e-08	1.875e-09	8.3625e-09	3.4125e-09	2.1e-09	4.125e-10	7.125e-10	8.625e-10	1.05e-09	5.5125e-09	1.1775e-08	4.6125e-08	2.8387e-08	4.35e-09	3.375e-10
6.075e-09	1.8375e-09	4.95e-09	1.9575e-08	5.3625e-09	1.725e-09	3.225e-09	5.25e-10	7.8375e-09	2.1e-08	2.1825e-08	9.6375e-09	3.75e-10	1.0125e-09	2.625e-09	3.705e-08	4.8375e-09	1.05e-09	3e-10	1.9875e-09	2.8875e-09	1.8e-09	1.2375e-09	8.625e-10	9.525e-09	5.88e-08	9.375e-09	1.1025e-08	5.8875e-09	1.3125e-09	1.425e-08	7.125e-09	1.0875e-08	4.575e-09	9e-10	1.5e-10	3.0675e-08	1.0987e-08	1.1175e-08	1.875e-09	2.55e-09	2.0775e-08	9.1875e-09	9.8625e-09	6.9375e-09	1.3087e-08	4.9125e-09	5.1e-09	1.14e-08	1.0875e-09	6.375e-10	4.425e-09	3.0825e-08	5.7e-09	8.2125e-09	9.375e-10	6.4875e-09	1.6125e-08	2.055e-08	7.1625e-09	1.0125e-09	7.875e-10	6.75e-09	2.9362e-08	4.8375e-09	6.825e-09	1.53e-08	5.2125e-09	1.3462e-08	9.15e-09	9.75e-10	3.75e-10	8.625e-10	9.75e-10	1.575e-09	7.4625e-09	1.4175e-08	5.5875e-09	4.3875e-09	2.7862e-08	2.22e-08	2.25e-10	1.875e-10	3e-10	1.575e-09	3e-10	1.425e-09	1.4625e-09	2.25e-10	7.5e-10	2.25e-10	6.7875e-09	1.56e-08	9.5625e-09	3.975e-09	1.6125e-09	5.25e-10	1.35e-09	7.3125e-09	1.125e-09	1.0125e-09	1.5375e-09	2.2125e-09	1.6875e-09	2.25e-10	3.1125e-09	1.1737e-08	1.5375e-09	2.625e-10	3e-10	7.5e-10	5.625e-10	2.25e-10	1.875e-10	2.25e-10	3.75e-11	3.75e-11	3.75e-11	7.125e-10	3.075e-09	9e-09	1.2712e-08	1.5562e-08	3.4575e-08	7.875e-09	2.625e-10	4.875e-10	6.75e-10
7.9125e-09	5.1375e-09	5.7e-09	1.0462e-08	2.325e-09	3.4125e-09	1.125e-09	1.6875e-09	4.4625e-09	3.0375e-09	1.3125e-09	1.65e-09	4.125e-10	1.5e-09	6.525e-09	6.4875e-09	2.4375e-09	2.0625e-09	1.3762e-08	2.175e-09	9.1125e-09	1.6987e-08	7.2e-09	6.75e-10	1.3125e-09	4.275e-09	4.44e-08	4.8675e-08	7.5e-10	3.75e-10	2.475e-09	2.1937e-08	1.53e-08	4.0125e-09	1.7812e-08	2.625e-09	6.375e-10	2.2875e-08	5.25e-09	1.1025e-08	1.0875e-09	1.9237e-08	8.4375e-09	6.9e-09	1.0237e-08	5.3625e-09	4.7625e-09	1.3275e-08	9.3e-09	8.3625e-09	5.25e-10	8.25e-10	3.3e-09	1.425e-09	1.23e-08	1.185e-08	2.9925e-08	1.155e-08	8.8125e-09	8.4375e-09	2.6625e-09	1.575e-09	5.625e-10	3.45e-09	6.75e-10	1.275e-09	1.7625e-09	1.245e-08	9.825e-09	1.0575e-08	6.15e-09	3.8625e-09	2.0737e-08	8.625e-10	6.75e-10	3.45e-09	1.2862e-08	1.1437e-08	1.0387e-08	8.5125e-09	1.95e-09	1.5375e-09	9.375e-10	3.375e-10	1.3875e-09	2.4375e-09	1.875e-09	2.2125e-09	1.2e-09	2.5125e-09	3.1875e-09	2.7337e-08	1.7625e-08	1.05e-08	4.8075e-08	1.7512e-08	7.5e-10	8.625e-10	3.45e-09	3.4875e-09	6.675e-09	2.8875e-09	7.7625e-09	8.5875e-09	2.4375e-09	1.7625e-09	1.875e-09	5.55e-09	5.1e-09	2.55e-09	3e-10	2.25e-10	2.1e-09	4.4625e-09	7.6125e-09	1.9725e-08	1.4662e-08	9.75e-10	3.75e-11	5.55e-09	1.7625e-08	1.3912e-08	1.7025e-08	7.8375e-09	4.4625e-09	7.5e-11	3.375e-10	2.625e-10
4.2e-09	1.1625e-09	5.9625e-09	1.53e-08	6.7125e-09	1.125e-10	5.625e-10	1.125e-09	3.7125e-09	9.2625e-09	6e-09	5.2125e-09	4.0125e-09	3.975e-09	1.2e-09	1.95e-09	2.1412e-08	1.5037e-08	3.525e-09	2.025e-09	9e-10	3.75e-09	7.575e-09	3.7125e-09	6.825e-09	5.8875e-09	2.6512e-08	5.6625e-08	1.4625e-09	9.75e-10	2.2425e-08	1.29e-08	2.55e-08	9.675e-09	9.675e-09	8.5125e-09	1.02e-08	1.1625e-08	6.6e-09	1.2225e-08	9e-09	2.7e-09	1.05e-09	2.2687e-08	9.7875e-09	1.2525e-08	9.375e-09	9.675e-09	8.4e-09	2.25e-10	3e-10	2.8125e-09	3e-09	3.75e-09	7.875e-10	6.2625e-09	4.0837e-08	2.5462e-08	1.065e-08	7.6875e-09	3e-10	9.975e-09	1.7137e-08	1.245e-08	1.125e-09	3.1875e-09	2.49e-08	8.925e-09	1.9125e-09	4.875e-10	9.1875e-09	2.1825e-08	8.025e-09	3.75e-10	3.75e-11	7.5e-11	1.245e-08	1.2075e-08	1.0162e-08	1.5e-09	1.9875e-09	3.8625e-09	1.005e-08	2.5125e-09	6.75e-10	4.65e-09	2.1e-09	1.2e-09	5.25e-10	1.1625e-09	5.025e-09	1.1325e-08	1.4475e-08	1.2037e-08	1.0125e-08	7.8e-09	3.525e-09	5.8875e-09	4.65e-09	4.875e-10	4.95e-09	7.9125e-09	4.575e-09	2.34e-08	1.3612e-08	3.45e-09	1.125e-10	1.2375e-09	2.25e-10	6e-10	2.55e-09	2.8725e-08	4.0612e-08	9.15e-09	8.7e-09	1.6125e-08	1.8187e-08	3.7875e-09	7.5e-11	1.0125e-09	9.5625e-09	2.7187e-08	1.6837e-08	8.9625e-09	2.6625e-09	2.25e-10	3.75e-11	7.5e-11
6.45e-09	1.6237e-08	1.3162e-08	6.7875e-09	8.8875e-09	1.23e-08	1.0125e-09	1.125e-09	1.0875e-09	1.08e-08	1.125e-08	3.0787e-08	6.9e-09	2.1e-09	9e-10	7.5e-10	3.45e-09	4.965e-08	9.9375e-09	1.575e-09	4.125e-10	3.375e-09	5.475e-09	3.33e-08	1.4475e-08	4.575e-09	2.1375e-08	4.725e-09	1.6875e-09	1.9125e-09	3.7125e-09	1.4625e-08	3.4462e-08	1.0987e-08	8.25e-09	1.2112e-08	8.8125e-09	1.1625e-08	1.005e-08	8.25e-09	9.7125e-09	7.3875e-09	7.6875e-09	6.75e-10	1.9125e-09	2.775e-08	9.9e-09	9.15e-09	1.0575e-08	7.5375e-09	1.1812e-08	8.25e-09	7.9125e-09	9.1125e-09	1.5375e-09	7.4625e-09	7.875e-09	9.375e-09	1.965e-08	7.6875e-09	6.1125e-09	7.4625e-09	8.475e-09	1.5262e-08	7.9875e-09	7.3875e-09	7.3875e-09	2.1e-09	1.5e-10	4.125e-10	2.8875e-09	3.375e-09	2.5012e-08	5.0625e-09	4.575e-09	2.5125e-09	6.9375e-09	2.0587e-08	5.9625e-09	1.38e-08	6.3375e-09	1.875e-10	5.625e-10	3.75e-10	5.25e-10	1.9875e-09	1.2637e-08	1.2112e-08	1.4625e-09	7.125e-10	4.125e-10	3.2625e-09	1.6312e-08	1.2712e-08	9.825e-09	9.525e-09	1.0387e-08	1.5037e-08	2.0625e-09	3.375e-10	1.5e-10	1.0125e-09	5.25e-10	6.975e-09	1.7137e-08	9.9375e-09	2.6625e-09	7.5e-10	3.75e-10	1.0125e-09	5.625e-10	2.475e-09	8.25e-09	6.0225e-08	1.98e-08	1.3612e-08	3.8062e-08	1.98e-08	2.175e-09	3.75e-11	2.4375e-09	3.4875e-09	3.0375e-09	2.175e-09	5.25e-10	2.625e-10	7.5e-11	3.75e-11
5.85e-09	6e-09	1.7887e-08	1.0012e-08	1.1587e-08	3.6e-09	7.7625e-09	1.6125e-09	1.575e-09	2.0925e-08	1.845e-08	6.6e-09	4.95e-09	8.0625e-09	3.3e-09	2.5125e-09	2.5125e-09	2.85e-08	1.425e-08	4.05e-09	1.5375e-09	1.3125e-09	2.4262e-08	1.3312e-08	8.5125e-09	4.1625e-09	2.7e-09	1.5187e-08	6.525e-09	1.3125e-09	2.7e-09	1.3125e-09	9.375e-10	4.5487e-08	9.45e-09	8.3625e-09	1.1287e-08	8.175e-09	1.08e-08	9.45e-09	7.125e-09	9.45e-09	7.7625e-09	7.0875e-09	1.0387e-08	3.375e-10	2.2125e-09	2.5387e-08	9.8625e-09	1.14e-08	7.5e-09	1.0387e-08	7.9125e-09	7.65e-09	3.225e-09	6.375e-10	1.6387e-08	7.65e-09	1.68e-08	8.4375e-09	5.475e-09	1.4025e-08	7.5375e-09	8.7e-09	8.4375e-09	6.075e-09	8.1375e-09	6.0375e-09	3.9375e-09	1.7625e-09	2.7e-09	4.125e-10	1.3875e-09	1.0387e-08	3.36e-08	4.35e-09	8.5875e-09	5.0625e-09	9.225e-09	1.2562e-08	1.1625e-09	7.5e-11	1.875e-09	3.6e-09	9.75e-10	3.375e-10	5.625e-10	1.05e-09	5.8125e-09	6.15e-09	8.25e-10	1.8e-09	4.1625e-09	1.1587e-08	3.255e-08	5.4825e-08	8.775e-09	1.6875e-09	2.625e-10	4.875e-10	6.375e-10	7.5e-11	1.5e-10	1.0125e-09	4.9875e-09	5.625e-09	1.2412e-08	3.675e-09	4.5e-10	6.375e-10	1.425e-09	9.75e-09	1.3837e-08	3.0375e-09	1.0012e-08	3.3412e-08	6.15e-08	6.825e-09	6.75e-10	3.75e-11	3.75e-11	8.25e-10	4.8e-09	2.625e-10	1.3125e-09	7.125e-10	3.75e-10	3.75e-11
8.025e-09	7.125e-09	6.675e-09	1.5412e-08	5.85e-09	3.2625e-09	5.6625e-09	4.425e-09	7.5375e-09	2.4375e-09	1.0237e-08	2.1075e-08	1.4812e-08	3e-09	2.2875e-09	5.8125e-09	2.7e-09	1.8562e-08	1.725e-09	2.85e-09	4.4625e-09	8.8125e-09	5.325e-09	1.605e-08	3.0412e-08	5.25e-10	3e-10	3.7125e-09	2.55e-08	1.8787e-08	8.1375e-09	5.9625e-09	2.8125e-09	6.375e-10	1.5e-09	7.125e-10	3.7762e-08	1.1437e-08	9.225e-09	1.0762e-08	8.325e-09	6.675e-09	1.125e-09	1.47e-08	1.215e-08	2.8125e-09	1.575e-09	1.875e-10	1.575e-09	3.4612e-08	1.1362e-08	7.7625e-09	9.6e-09	4.35e-09	7.5e-10	4.125e-10	1.425e-09	3.45e-09	3.7762e-08	9.8625e-09	9.75e-09	8.6625e-09	9.5625e-09	3.15e-09	1.365e-08	1.0612e-08	7.125e-09	6.6375e-09	1.0462e-08	9.7125e-09	1.95e-09	5.25e-10	1.425e-09	2.475e-09	8.775e-09	4.65e-09	1.4887e-08	6.15e-09	5.925e-09	2.6625e-09	8.1375e-09	1.4737e-08	6.9e-09	2.0625e-09	1.0875e-09	1.5e-10	1.5e-10	3e-10	1.5e-10	2.625e-10	1.125e-10	2.1e-09	5.2125e-09	1.815e-08	2.5125e-09	2.5875e-09	2.6625e-09	2.1e-09	2.8875e-09	1.7625e-09	4.3875e-09	9.4875e-09	1.575e-09	2.625e-09	1.0125e-09	1.0125e-09	2.625e-10	1.425e-09	3.375e-10	7.875e-10	1.1062e-08	2.3812e-08	2.76e-08	5.4e-09	5.5875e-09	3.66e-08	2.6962e-08	5.1225e-08	4.3875e-09	2.925e-09	2.7e-09	1.5e-10	4.125e-10	2.625e-10	3.75e-11	1.875e-10	1.875e-10	1.125e-10
7.2e-09	4.5375e-09	1.0875e-08	7.3125e-09	1.0125e-08	9.225e-09	8.175e-09	3.8625e-09	7.875e-10	9.75e-10	6e-10	5.9625e-09	6.1125e-09	5.775e-09	2.2125e-09	5.2875e-09	4.6125e-09	5.4525e-08	7.7625e-09	8.9625e-09	5.8125e-09	1.0387e-08	1.0425e-08	6.9e-09	6e-10	1.65e-09	1.875e-09	1.3875e-08	2.355e-08	1.0762e-08	2.775e-09	8.1e-09	5.25e-09	5.1e-09	1.8e-08	2.0625e-09	1.8562e-08	7.65e-09	6.9375e-09	1.2712e-08	9.9375e-09	7.3125e-09	2.925e-09	8.625e-09	1.425e-08	1.2e-09	1.1625e-09	1.6125e-09	1.9875e-09	1.7925e-08	1.0425e-08	2.2875e-09	3.3e-09	1.9125e-09	3.15e-09	1.9387e-08	3.4125e-08	4.2375e-09	1.8375e-09	1.0987e-08	1.26e-08	2.8125e-09	2.625e-10	8.625e-10	2.6137e-08	1.6762e-08	1.1962e-08	6.6e-09	2.5125e-09	1.035e-08	1.125e-08	1.875e-10	3.375e-10	2.7e-09	3e-09	2.22e-08	2.4187e-08	6.5625e-09	5.3625e-09	1.2375e-09	5.6625e-09	9.4125e-09	3.075e-09	2.6625e-09	1.9125e-09	7.5e-11	3.375e-10	4.875e-10	1.575e-09	7.125e-10	1.0125e-09	5.625e-10	6.375e-10	7.5e-11	3.75e-10	5.0625e-09	3.1125e-09	2.025e-09	7.5e-10	4.5375e-09	1.05e-09	6.75e-10	1.2375e-09	3.7125e-09	6.15e-09	4.71e-08	6.7687e-08	1.1662e-08	7.125e-10	6.375e-10	4.725e-09	1.1325e-08	1.635e-08	5.325e-09	2.775e-09	1.4287e-08	1.3575e-08	2.2612e-08	9.9375e-09	3.825e-09	3.975e-09	1.9875e-09	2.625e-10	1.5e-10	0	3.75e-11	1.5e-10	2.25e-10
1.005e-08	6.4125e-09	9.375e-09	9.7125e-09	7.35e-09	1.08e-08	6.1875e-09	3.8625e-09	1.5525e-08	1.2e-09	1.6237e-08	3.075e-09	9.0375e-09	8.6625e-09	1.275e-09	1.425e-09	2.535e-08	6.7125e-09	9.7125e-09	3.675e-09	3.0375e-09	1.1625e-09	6.375e-10	1.2375e-09	2.7037e-08	2.52e-08	3.4125e-09	4.0875e-09	2.2012e-08	8.4375e-09	8.8125e-09	5.1375e-09	6.1125e-09	1.74e-08	1.035e-08	2.1375e-09	1.485e-08	8.175e-09	4.275e-09	1.95e-09	2.2462e-08	1.3087e-08	8.175e-09	6.1875e-09	1.5e-08	1.3875e-09	6.6375e-09	2.9625e-09	4.0875e-09	7.5e-09	1.875e-10	2.25e-10	6e-10	1.125e-09	2.2875e-09	8.7375e-09	8.25e-09	1.98e-08	1.6762e-08	1.3125e-09	1.9125e-09	8.325e-09	6.525e-09	6.75e-10	5.475e-09	6.3637e-08	2.175e-08	9.9e-09	3e-10	6e-10	5.9625e-09	1.0912e-08	2.3625e-09	1.0125e-09	7.2375e-09	1.035e-08	8.9625e-09	9.75e-09	2.0625e-09	3.1125e-09	7.35e-09	3.8625e-09	4.5e-10	5.625e-10	1.3125e-09	2.625e-10	3e-10	7.2375e-09	8.925e-09	9.7125e-09	8.025e-09	3.6e-09	2.625e-09	1.35e-09	4.125e-10	2.9625e-09	1.5e-10	1.875e-10	1.4625e-09	1.35e-09	1.7625e-09	6e-10	1.875e-10	1.1625e-08	4.6237e-08	2.5762e-08	1.3912e-08	7.35e-09	4.2375e-09	4.5e-10	2.2875e-09	1.8e-09	7.8e-09	1.11e-08	8.9625e-09	1.1625e-08	2.0287e-08	6.0375e-09	1.0462e-08	2.5387e-08	8.25e-10	6e-10	3.75e-11	1.2e-09	5.25e-10	1.875e-10	7.5e-11	7.5e-11
7.35e-09	8.4375e-09	9.7875e-09	6.5625e-09	4.6125e-09	5.5125e-09	3.975e-09	1.6125e-09	1.02e-08	3.3187e-08	5.8125e-09	2.1375e-09	3e-10	1.125e-09	1.665e-08	3.0375e-09	5.7375e-09	6.0375e-09	1.0875e-09	2.0625e-09	6.225e-09	6.4125e-09	2.145e-08	4.7625e-09	1.8e-09	1.5e-09	5.0025e-08	1.5375e-09	3.5625e-09	2.6812e-08	8.2125e-09	5.2875e-09	1.5112e-08	7.9875e-09	1.0612e-08	1.9125e-09	2.625e-10	4.875e-10	1.875e-10	2.6625e-09	1.1587e-08	4.245e-08	2.3212e-08	1.0575e-08	5.8125e-09	5.85e-09	4.875e-09	2.745e-08	5.85e-09	1.02e-08	1.05e-09	6e-10	6e-10	2.475e-09	7.3125e-09	4.4775e-08	9.6375e-09	1.2487e-08	1.335e-08	3.3375e-09	1.41e-08	9.075e-09	8.175e-09	1.575e-09	1.2975e-08	1.4775e-08	8.2125e-09	4.8375e-09	3.4125e-09	1.0875e-09	1.9875e-09	4.0875e-09	4.9125e-09	3.6e-09	3.675e-09	1.1025e-08	1.215e-08	1.3987e-08	2.0925e-08	4.125e-10	3.3e-09	3.15e-09	3.1125e-09	3.375e-10	6.375e-10	6.375e-10	2.1e-09	2.3625e-09	3.4875e-09	9.7875e-09	9.2625e-09	7.5e-10	1.95e-09	1.5e-10	7.5e-11	3.75e-11	7.5e-11	1.125e-10	1.6125e-09	9.975e-09	7.275e-09	3.9e-09	8.625e-10	1.6875e-08	2.1825e-08	2.1675e-08	2.43e-08	2.2425e-08	1.7325e-08	3.15e-09	9.75e-10	1.5e-10	1.0875e-09	4.05e-09	4.725e-09	1.4587e-08	5.4375e-09	9.75e-10	1.275e-09	5.25e-10	1.425e-09	4.4625e-09	1.7325e-08	6.2512e-08	1.0162e-08	2.1e-09	7.125e-10	7.5e-11
8.2875e-09	8.55e-09	1.08e-08	7.7625e-09	2.5875e-09	1.1625e-09	4.875e-10	9e-10	1.65e-08	2.1562e-08	1.245e-08	4.2e-09	1.8075e-08	1.7625e-09	8.625e-10	2.625e-10	3.75e-10	4.125e-10	1.575e-09	2.4e-09	3.75e-09	3.3375e-09	5.4375e-09	9.0375e-09	4.5412e-08	1.6125e-09	3.06e-08	2.0137e-08	9.375e-09	3.0375e-09	1.875e-09	1.2375e-09	5.2875e-09	3.4087e-08	8.6625e-09	1.0725e-08	8.3625e-09	9.6375e-09	9.225e-09	9e-09	5.1375e-09	5.8875e-09	1.8375e-08	8.85e-09	8.25e-10	5.625e-10	1.3125e-09	2.145e-08	2.2575e-08	6.4875e-09	4.6875e-09	1.125e-09	5.25e-10	6e-10	2.985e-08	1.3537e-08	6.1875e-09	1.6275e-08	5.8875e-09	3e-09	7.0875e-09	1.2337e-08	2.3137e-08	1.9875e-09	7.5e-11	3.1875e-09	2.1375e-09	6.9e-09	1.0312e-08	4.2375e-09	3.6e-09	9.7875e-09	1.7812e-08	3e-09	2.9625e-09	1.1062e-08	1.0162e-08	5.3625e-09	4.575e-09	1.0125e-09	6.75e-10	2.175e-09	1.9125e-09	6.375e-10	1.2375e-09	2.7e-09	6.375e-10	1.65e-09	5.625e-10	1.8375e-09	1.17e-08	4.6875e-09	3.1875e-09	4.9125e-09	9.6375e-09	1.2337e-08	5.475e-09	6.75e-10	3.7125e-09	1.1737e-08	4.1625e-09	6e-10	1.875e-10	7.6125e-09	8.775e-09	2.1525e-08	1.2e-08	1.635e-08	1.56e-08	4.125e-10	3.75e-11	1.125e-10	1.5e-10	3e-10	9e-10	4.125e-10	4.875e-10	1.875e-10	7.5e-11	3.75e-11	3.75e-11	9.0375e-09	7.5e-09	7.3875e-09	7.5375e-09	7.2e-09	1.2937e-08	1.0125e-09
6e-09	3.75e-10	1.1625e-09	1.725e-09	8.625e-10	7.5e-11	5.25e-10	3.75e-11	3.75e-11	3e-10	2.325e-09	1.3162e-08	1.7625e-09	1.2375e-09	1.1625e-09	3.75e-10	7.5e-11	3.75e-11	7.5e-11	1.725e-09	6.375e-10	9.375e-10	2.625e-10	3.75e-11	3.75e-11	1.125e-10	7.5e-11	1.0125e-09	1.1625e-09	4.5e-10	1.5e-10	6e-10	9.375e-10	2.775e-09	2.5875e-09	9.375e-10	3e-10	2.85e-09	1.875e-09	1.4625e-09	3.7125e-09	4.125e-10	1.5375e-09	3.75e-09	1.725e-09	1.5e-10	1.125e-10	3.75e-11	3.75e-11	3.75e-11	3.75e-11	1.125e-10	2.2875e-09	4.125e-10	8.1e-09	1.4737e-08	3.225e-09	1.0875e-09	1.2e-09	7.5e-11	1.5375e-09	1.5e-10	3.75e-11	2.325e-09	7.575e-09	1.05e-09	2.0625e-09	6e-10	1.35e-09	1.95e-09	3e-10	3.75e-11	3.75e-11	3.75e-11	2.4e-09	7.5e-09	6.75e-10	5.25e-10	7.5e-10	3.3375e-09	5.625e-10	7.5e-11	7.5e-11	3.75e-11	7.5e-11	3.75e-11	3.75e-11	3.75e-11	7.5e-11	7.5e-11	9e-10	4.125e-10	2.25e-10	1.9875e-09	2.7e-09	1.0575e-08	2.2537e-08	3.75e-11	3.75e-11	3.75e-11	7.5e-11	3.75e-11	7.5e-11	1.425e-09	1.2375e-09	4.5e-09	7.5e-11	1.095e-08	1.35e-09	6e-10	3.75e-11	3.75e-11	3.75e-11	3.375e-10	5.25e-10	3.75e-11	3.75e-11	3.75e-11	7.5e-11	3.75e-10	3.75e-11	3.75e-11	1.5e-10	3.75e-11	3.75e-11	0	3.75e-11	1.5e-10
3.9375e-09	3.7875e-09	4.6875e-09	2.4e-09	2.1375e-09	2.2125e-09	3.7875e-09	4.0125e-09	1.425e-09	5.85e-09	2.1225e-08	1.6387e-08	4.4625e-09	2.6625e-09	1.5e-09	1.6125e-09	1.6125e-09	1.2e-09	9e-10	9e-10	1.3875e-09	1.3125e-09	5.25e-10	4.125e-10	7.125e-10	2.625e-10	3.375e-10	1.1287e-08	5.175e-09	2.2987e-08	3.6375e-09	6.375e-10	3.15e-09	5.1337e-08	1.605e-08	5.0925e-08	2.6325e-08	6.2625e-09	1.245e-08	3.75e-09	2.25e-10	1.125e-10	1.125e-10	7.5e-11	3.5625e-09	1.95e-09	8.625e-10	4.875e-10	1.875e-10	3e-10	7.875e-10	2.25e-10	1.6875e-09	3.5625e-09	2.775e-09	5.5875e-09	4.4625e-09	9.5475e-08	2.9362e-08	1.0875e-09	1.1625e-09	1.9125e-09	3.1875e-09	3.375e-10	2.85e-09	1.6725e-08	2.025e-09	1.4925e-08	3.75e-09	1.1625e-09	2.25e-10	3.75e-11	1.125e-10	1.5e-10	2.85e-09	5.25e-09	1.6875e-09	3.375e-10	7.875e-10	3e-10	5.25e-10	2.0625e-09	1.275e-09	1.125e-10	1.125e-10	7.5e-11	5.25e-10	2.25e-10	7.5e-11	1.125e-10	3.5625e-09	3.7875e-09	3.375e-09	5.5875e-09	1.0125e-09	9.15e-09	3.6e-09	3.3375e-09	3.75e-11	3.75e-11	3.75e-11	1.875e-10	1.6875e-09	3.525e-09	2.175e-09	1.05e-09	1.65e-09	3.2062e-08	7.0875e-09	7.125e-10	7.125e-10	4.125e-10	2.625e-10	4.875e-10	1.5e-10	2.625e-10	6.75e-10	1.425e-09	1.95e-09	8.625e-10	1.875e-10	2.625e-10	3.645e-08	1.455e-08	9.075e-09	1.3575e-08	8.7375e-09	1.425e-09
6e-09	5.775e-09	3.375e-09	4.425e-09	1.5e-09	3e-10	2.625e-09	6.9375e-09	3.2962e-08	1.95e-09	2.625e-09	3e-09	4.3125e-09	1.3312e-08	3.975e-09	2.325e-09	6.3e-09	3.825e-09	3.7875e-09	2.1262e-08	3.0112e-08	1.1175e-08	4.875e-10	1.725e-09	4.875e-10	1.5e-10	3.375e-10	1.2375e-09	3e-09	6.825e-09	7.4625e-09	2.1375e-09	4.6875e-09	3.975e-09	1.8e-09	7.125e-10	2.2875e-09	1.5e-09	2.595e-08	6.12e-08	5.8875e-09	3e-10	1.35e-09	4.875e-10	3.9375e-09	3.4875e-09	5.4e-09	1.7625e-09	7.5e-11	1.275e-09	5.175e-09	2.3475e-08	5.25e-10	5.25e-10	6.0375e-09	3.9375e-09	4.125e-10	1.0125e-09	6.4125e-08	2.5725e-08	3.375e-09	1.125e-09	2.5087e-08	2.235e-08	5.9625e-09	7.8375e-09	3.975e-09	2.0887e-08	4.275e-09	3.375e-10	4.875e-10	8.25e-10	3.075e-09	1.5712e-08	1.875e-10	6.375e-10	1.9125e-09	1.1625e-09	1.95e-09	9e-10	8.625e-10	1.05e-09	4.5e-10	3.3e-09	1.875e-10	1.125e-10	1.5e-10	4.125e-10	7.5e-11	1.125e-10	6.375e-10	1.35e-09	3.15e-09	8.25e-10	2.625e-10	1.5e-10	6.375e-10	3.0375e-09	8.625e-10	9e-10	9.75e-10	2.8875e-09	6.75e-10	2.25e-10	3.3375e-09	3.1125e-09	2.925e-09	1.5e-10	2.4375e-09	1.6275e-08	9e-10	2.2875e-09	4.5e-10	3.375e-10	1.05e-09	4.125e-10	3.375e-10	7.5e-11	1.125e-10	1.425e-09	2.2125e-09	6e-10	5.3625e-09	1.7625e-09	4.65e-09	1.35e-09	7.5e-11	3.75e-11
1.4625e-08	8.5125e-09	6.9375e-09	4.8e-09	3e-09	1.0612e-08	2.9625e-09	1.425e-09	1.65e-09	3.6e-09	1.5075e-08	1.6875e-08	2.8875e-09	6.3375e-09	1.08e-08	2.6287e-08	1.875e-09	1.875e-09	5.7375e-09	4.2937e-08	8.9625e-09	7.5e-10	3.375e-10	1.6125e-09	2.4375e-09	2.175e-09	1.3875e-09	2.1e-09	6.75e-10	1.35e-09	2.85e-09	3.4125e-09	1.4625e-09	1.9875e-09	1.0875e-09	1.5e-09	4.0875e-09	2.25e-09	1.245e-08	7.5e-10	4.2375e-09	1.0976e-07	1.7475e-08	1.425e-09	9.6375e-09	2.8312e-08	1.0387e-08	7.3125e-09	1.1625e-09	7.5e-11	1.125e-10	3.75e-09	4.11e-08	3.225e-09	4.125e-10	6.375e-10	5.625e-10	3e-10	3e-10	1.3125e-09	1.2375e-09	1.7625e-09	3.0037e-08	5.715e-08	4.9875e-09	1.0125e-09	2.3625e-09	2.265e-08	1.5787e-08	1.8e-09	8.625e-10	8.025e-09	6.3e-09	1.125e-10	3.75e-10	3.7875e-09	1.575e-09	8.625e-10	3.375e-10	5.25e-10	1.8e-09	2.4375e-09	3.4125e-09	9.75e-10	4.125e-10	4.125e-10	1.65e-09	8.025e-09	2.2312e-08	9.0375e-09	3.75e-10	1.875e-09	2.925e-09	5.25e-09	1.95e-09	3.75e-10	7.875e-10	1.8e-09	4.2375e-09	1.5e-10	1.875e-10	5.625e-10	1.35e-09	7.875e-10	5.625e-10	8.25e-10	5.625e-10	4.875e-10	3.75e-10	5.625e-10	1.725e-09	2.7375e-09	2.5125e-09	1.5e-09	4.9125e-09	8.775e-09	1.6087e-08	1.3162e-08	7.5e-10	3.75e-11	1.125e-10	8.625e-10	1.4212e-08	4.725e-09	7.875e-10	1.2e-09	6.375e-10	3.75e-11
1.08e-08	7.6125e-09	5.925e-09	5.7375e-09	1.185e-08	1.1437e-08	1.1812e-08	9.9e-09	3.525e-09	3.2625e-09	8.5125e-09	1.5e-09	4.1625e-09	2.7e-09	2.7e-09	4.95e-09	1.125e-08	1.4812e-08	4.4812e-08	1.4287e-08	1.0387e-08	1.125e-10	3.75e-10	1.95e-09	2.91e-08	2.5125e-09	3.7875e-09	2.5125e-09	8.25e-10	3.75e-10	8.4375e-09	1.6312e-08	4.6725e-08	1.7925e-08	4.2e-09	5.475e-09	2.1187e-08	1.2075e-08	9.225e-09	4.2375e-09	1.125e-10	3.525e-09	5.2875e-09	3.6e-09	3.1687e-08	2.2687e-08	8.8875e-09	1.0575e-08	3.6375e-09	1.125e-10	1.875e-10	1.5e-10	2.625e-10	1.3125e-09	4.125e-09	1.785e-08	7.875e-10	3.75e-10	2.1e-09	6e-10	3.075e-09	3.3e-09	4.875e-09	8.8875e-09	8.625e-10	3e-10	1.2937e-08	5.0175e-08	3.1125e-09	3.2625e-09	2.55e-09	7.875e-10	1.6537e-08	7.3125e-09	4.5e-10	9.75e-10	1.05e-09	9.375e-10	1.0875e-09	9e-10	4.125e-10	2.475e-09	3.825e-09	1.3875e-09	1.5e-09	4.875e-10	2.325e-09	7.0125e-09	8.3625e-09	7.875e-10	4.5e-10	7.5e-11	2.1e-09	5.1e-09	1.35e-09	3.75e-10	5.5875e-09	1.1737e-08	9.225e-09	3.15e-09	5.625e-10	7.5e-10	2.625e-09	6.375e-10	4.7625e-09	8.025e-09	1.17e-08	8.1e-09	1.575e-09	6.75e-10	3.75e-10	1.0125e-09	9e-10	1.2e-09	1.35e-09	9.1875e-09	1.0312e-08	8.4375e-09	1.9875e-09	1.4025e-08	5.1375e-09	3.3e-09	2.8125e-09	1.6875e-09	5.625e-10	2.25e-10	3.375e-10	1.1625e-09
6.8625e-09	4.95e-09	6.525e-09	3.3975e-08	3.825e-09	1.5075e-08	7.1625e-09	5.3625e-09	3.5625e-09	1.6012e-08	8.4375e-09	7.875e-10	3.375e-09	2.85e-09	6e-09	5.475e-09	3.4875e-09	1.11e-08	8.85e-09	2.6475e-08	3.9e-09	2.6625e-09	1.575e-09	9e-10	5.175e-09	3.3375e-09	2.8387e-08	2.1825e-08	1.0875e-09	6.375e-10	1.4625e-09	2.3775e-08	3.4425e-08	1.575e-09	7.2375e-09	2.01e-08	1.0425e-08	5.325e-09	1.5037e-08	5.475e-09	1.35e-09	1.455e-08	1.23e-08	5.25e-10	4.6125e-09	6.3e-09	2.49e-08	1.7625e-09	3.375e-10	6.375e-10	2.85e-09	1.3875e-09	9.375e-10	7.875e-10	1.65e-09	1.8675e-08	3.6075e-08	3.2025e-08	6.1125e-09	1.3612e-08	1.275e-09	6.375e-10	6.375e-10	3.1275e-08	1.4137e-08	4.725e-09	9.225e-09	4.2e-09	3.4875e-09	1.875e-09	1.5e-10	1.5e-10	2.025e-09	1.125e-10	1.05e-09	1.3875e-09	5.625e-10	7.5e-11	1.875e-10	4.125e-10	7.5e-11	5.625e-10	5.2875e-09	4.2e-09	4.3125e-09	2.4375e-09	2.3625e-09	1.1625e-09	1.7625e-09	5.4375e-09	5.4e-09	3.9375e-09	4.6875e-09	4.125e-10	2.925e-09	3.6937e-08	3.9112e-08	2.0587e-08	6.9375e-09	6.375e-10	9.375e-10	1.8e-09	1.275e-09	5.25e-10	1.8375e-09	3.0375e-09	9e-10	1.125e-10	2.625e-10	3.75e-11	1.0875e-09	4.575e-09	5.2875e-09	3.75e-10	3.75e-10	8.3625e-09	2.1975e-08	3.7237e-08	1.2435e-07	1.35e-09	1.4625e-09	2.2875e-09	1.6125e-09	1.4625e-09	3.75e-11	3.75e-11	7.5e-11	1.5e-10
1.35e-09	7.6125e-09	7.3125e-09	9.075e-09	8.2875e-09	2.8012e-08	4.275e-09	5.3625e-09	1.1737e-08	2.925e-09	4.5e-10	4.875e-10	6.375e-10	1.02e-08	4.8375e-09	4.1625e-09	2.8875e-09	6.2625e-09	2.1375e-09	1.425e-08	1.6162e-08	2.4262e-08	3.3375e-08	7.9875e-09	3.75e-10	7.5e-11	2.55e-09	5.9625e-09	8.175e-09	6.1875e-09	2.25e-09	7.725e-09	1.0012e-08	1.725e-08	1.4962e-08	3.0712e-08	1.0875e-08	8.3625e-09	6.9e-09	1.0725e-08	3.75e-10	1.1625e-09	1.8337e-08	3.675e-09	2.2875e-09	2.8125e-09	4.425e-09	8.25e-10	9.75e-10	2.1e-09	3.825e-09	1.125e-09	4.875e-10	3.2437e-08	3.4125e-08	9.3375e-09	1.2525e-08	1.2375e-08	5.625e-10	7.875e-10	5.625e-10	1.5e-09	1.5225e-08	2.01e-08	1.9275e-08	2.1862e-08	8.0625e-09	2.3625e-09	1.4625e-09	3.4125e-09	1.875e-10	4.5e-10	7.5e-11	1.125e-10	1.425e-09	1.125e-09	6.375e-10	2.0625e-09	1.005e-08	1.41e-08	8.8125e-09	9.3e-09	2.5875e-09	7.875e-10	3.15e-09	3.7875e-09	9e-10	2.625e-09	7.875e-10	1.5e-09	5.7375e-09	1.4325e-08	6.75e-10	1.6125e-09	1.575e-09	4.0125e-09	1.425e-08	5.235e-08	2.5875e-08	3.225e-09	7.125e-10	9.375e-10	6e-10	1.0125e-09	1.2e-09	1.3875e-09	2.775e-09	1.0875e-09	1.125e-10	3e-10	8.625e-10	4.125e-10	1.875e-09	9.375e-10	3e-10	1.125e-10	3.75e-10	5.175e-09	1.7062e-08	3.5437e-08	2.6062e-08	1.275e-09	3e-10	0	1.125e-10	6.375e-10	1.875e-10	3.75e-11
3.8625e-09	2.1e-09	1.0575e-08	5.8875e-09	1.9237e-08	1.4062e-08	8.925e-09	2.9625e-09	2.4375e-09	1.6125e-09	1.8e-09	2.4e-09	5.25e-09	6.3375e-09	3.7125e-09	6.75e-10	6.375e-10	1.8375e-09	1.2e-09	1.6425e-08	5.1712e-08	2.5425e-08	1.1212e-08	9e-09	4.875e-10	1.5e-10	6.375e-10	5.7375e-09	1.5e-09	1.1062e-08	5.5125e-09	2.55e-09	7.875e-10	5.775e-09	5.2237e-08	1.335e-08	9.825e-09	1.305e-08	7.2375e-09	7.875e-09	4.2e-09	3.75e-11	3.75e-11	1.875e-10	2.34e-08	2.3325e-08	7.6125e-09	3.75e-11	2.475e-09	1.8e-08	1.9237e-08	2.625e-09	1.125e-10	6e-10	1.4737e-08	2.8425e-08	1.02e-08	1.4625e-09	6.75e-10	1.1625e-09	6.375e-10	2.55e-09	1.59e-08	2.7225e-08	1.2412e-08	9.375e-10	2.1e-09	3.525e-09	2.175e-09	7.5e-11	5.625e-10	6.75e-10	3.75e-10	3.75e-11	6.375e-10	3.6e-09	1.875e-09	4.1625e-09	9.8625e-09	1.92e-08	1.3425e-08	3.075e-09	9e-10	1.5e-10	1.6875e-09	4.2e-09	5.625e-10	1.65e-09	6.8625e-09	3.675e-09	1.35e-09	8.25e-10	5.25e-10	1.9125e-09	9.375e-10	8.625e-10	2.1375e-09	1.785e-08	1.3725e-08	3.1125e-09	2.25e-10	1.5e-10	6e-10	4.5e-10	4.275e-09	1.725e-09	1.5375e-09	2.2875e-09	1.125e-10	3.75e-11	2.625e-10	1.875e-10	4.5e-10	7.5e-11	4.5e-10	1.8e-09	8.25e-10	9e-10	2.5875e-09	1.95e-09	1.3125e-09	4.9125e-09	1.125e-10	6.375e-10	3.75e-11	1.2375e-09	1.125e-10	3.75e-11
3.75e-10	1.9125e-09	1.3387e-08	3.435e-08	1.1175e-08	1.0575e-08	8.475e-09	7.7625e-09	7.1625e-09	7.725e-09	4.8375e-09	1.725e-09	2.025e-09	2.475e-09	4.1625e-09	3.075e-09	3.375e-09	4.7625e-09	1.0875e-09	3.6e-09	6.54e-08	6e-09	7.5e-09	9.525e-09	3.9e-09	2.625e-10	1.5375e-09	9.375e-10	7.125e-10	2.325e-09	9.1875e-09	2.2875e-09	7.875e-10	5.8125e-09	1.6837e-08	1.6387e-08	5.0962e-08	1.0575e-08	5.9625e-09	4.425e-09	1.3725e-08	9.8625e-09	7.5375e-09	3.375e-10	6.375e-10	1.35e-09	3.375e-10	2.625e-10	5.25e-10	3.375e-10	7.125e-10	3.075e-09	4.5e-10	8.625e-10	3.1125e-09	1.3987e-08	8.8125e-08	9.675e-09	8.25e-10	1.35e-09	1.5e-10	1.2e-09	4.1625e-09	7.4625e-09	9.9375e-09	1.08e-08	1.3087e-08	1.35e-09	6e-10	7.5e-11	1.125e-10	5.625e-10	4.875e-10	1.125e-10	1.5e-10	3e-10	1.3125e-09	4.3875e-09	7.6125e-09	2.2387e-08	2.1375e-09	1.4625e-09	1.9875e-09	1.125e-10	8.25e-10	2.025e-09	4.125e-09	7.125e-10	6e-10	1.725e-09	4.875e-10	1.125e-10	2.25e-09	1.6875e-09	2.25e-10	3.75e-11	3.75e-11	1.1625e-09	2.175e-09	1.5375e-09	1.5e-10	3.75e-11	1.875e-10	3.675e-09	5.0625e-09	5.625e-10	2.0625e-09	4.3125e-09	5.325e-09	1.3125e-09	1.2e-09	2.1e-09	3.45e-09	1.275e-09	3.375e-10	9.75e-10	2.925e-09	9.4875e-09	3.9e-09	3.75e-10	3.75e-10	3.75e-11	3.75e-11	3.75e-11	3.75e-11	1.7625e-09	1.35e-09	6e-10
4.725e-09	8.775e-09	5.7375e-09	1.0125e-09	9.75e-10	2.025e-09	6.1875e-09	2.3512e-08	7.0125e-09	2.7975e-08	6.675e-09	2.1375e-09	2.55e-09	6.525e-09	1.7025e-08	1.7475e-08	1.2375e-08	9.9375e-09	9.375e-10	1.6612e-08	8.6625e-09	9.8625e-09	1.725e-09	2.5125e-09	3.75e-10	7.875e-10	1.0125e-09	1.275e-09	1.8e-09	3.1125e-09	4.125e-10	1.6387e-08	2.0325e-08	1.575e-09	4.875e-10	1.0125e-09	1.29e-08	6.4762e-08	8.325e-09	1.1587e-08	6.1875e-09	3.9e-09	8.475e-09	4.3125e-09	1.125e-10	1.425e-09	3.4875e-09	1.8225e-08	1.665e-08	1.5e-10	7.5e-10	1.95e-09	1.9125e-09	7.5e-10	4.125e-10	4.125e-09	4.95e-09	9.375e-10	1.95e-09	1.35e-09	1.05e-09	1.125e-09	5.8125e-09	1.8037e-08	3.1987e-08	7.275e-09	1.9875e-09	7.125e-10	9.75e-10	1.2375e-09	1.1625e-09	4.0875e-09	2.8125e-09	4.0125e-09	2.475e-09	2.1375e-09	1.1625e-09	2.925e-09	8.0625e-09	2.9625e-09	4.125e-10	2.625e-10	5.625e-10	3.375e-10	2.625e-10	1.125e-09	3.7875e-09	2.475e-09	1.275e-09	7.575e-09	1.35e-09	6.75e-10	2.1e-09	8.625e-09	3.4125e-09	5.0625e-09	3.375e-10	3.375e-10	1.8375e-09	3.225e-09	3.75e-10	3.75e-11	4.5e-10	2.775e-09	1.1137e-08	1.6125e-09	5.2125e-09	1.3125e-09	9.375e-10	7.5e-11	4.125e-10	3.225e-09	6.4125e-09	2.7e-09	1.6125e-09	2.625e-10	8.625e-10	2.025e-09	1.7625e-09	1.3875e-09	1.875e-10	3.75e-11	6e-10	1.5e-10	1.5e-10	3.75e-11	1.8e-09	8.25e-10
7.65e-09	7.9875e-09	4.9875e-09	7.125e-09	1.14e-08	9e-09	1.6875e-09	2.1e-09	1.3312e-08	2.3775e-08	9e-09	7.275e-09	2.2125e-09	1.2187e-08	1.6462e-08	1.0762e-08	5.3625e-09	6.225e-09	9.1125e-09	1.5e-09	4.8e-09	1.9162e-08	7.5e-09	1.2525e-08	2.2875e-09	6.375e-10	1.425e-09	6.9e-09	3.0375e-09	1.35e-09	5.25e-10	1.4625e-09	4.425e-09	4.125e-09	1.4625e-09	2.1e-09	1.4325e-08	3.0375e-09	3.3e-09	5.265e-08	3.6787e-08	1.38e-08	3.225e-09	9.6375e-09	2.8125e-09	1.89e-08	1.3012e-08	9.1125e-09	7.9875e-09	7.8e-09	8.625e-10	4.275e-09	1.65e-08	4.4625e-09	5.625e-10	1.9125e-09	1.5375e-09	3e-09	6e-10	5.625e-10	1.0875e-09	1.1025e-08	1.8675e-08	2.2875e-08	3.675e-09	3.0375e-09	6e-10	2.1225e-08	4.5712e-08	2.7e-09	1.125e-10	2.475e-09	3.675e-09	1.7625e-09	1.125e-09	1.5e-10	2.6625e-09	3.6e-09	7.4625e-09	1.6725e-08	1.8937e-08	3.1875e-09	2.625e-10	3e-10	3.75e-10	2.25e-10	1.125e-09	3.6e-09	2.1375e-09	5.25e-10	7.5e-10	2.625e-10	1.3125e-09	8.8125e-09	6.45e-09	1.6125e-09	4.875e-10	2.625e-10	9.375e-10	1.7325e-08	1.905e-08	3.6862e-08	7.8e-09	3.75e-09	5.625e-10	1.5e-10	1.7625e-09	8.325e-09	4.2e-09	6.75e-10	4.125e-10	1.875e-10	4.125e-10	4.05e-09	4.125e-10	6.375e-10	3.1875e-09	9.75e-10	1.125e-09	4.5e-10	3.75e-11	3.75e-11	2.625e-10	1.5375e-09	7.5e-10	1.575e-09	1.725e-09	7.5e-10
9.6e-09	5.925e-09	4.7625e-09	1.0762e-08	1.4362e-08	1.2375e-08	8.2875e-09	3.0375e-09	1.0575e-08	1.8225e-08	1.05e-09	1.95e-08	2.7375e-09	1.5637e-08	1.26e-08	6.2625e-09	1.0875e-09	8.6625e-09	1.125e-09	5.25e-10	7.875e-10	1.875e-10	2.625e-10	5.775e-09	5.325e-09	3e-10	4.9875e-09	1.1925e-08	1.7175e-08	7.05e-09	3.375e-09	1.9125e-09	2.55e-09	4.0875e-09	5.625e-10	8.8237e-08	1.1437e-08	1.9012e-08	1.3125e-09	9.15e-09	8.925e-09	3.675e-09	2.9887e-08	2.8875e-09	4.5e-10	3.6375e-09	1.515e-08	2.97e-08	6.075e-09	1.575e-09	4.5e-10	2.25e-09	4.2375e-09	2.6625e-09	4.125e-10	1.3125e-09	1.2375e-09	1.125e-09	7.5e-11	3.75e-11	3.5625e-09	6.975e-09	5.4e-09	8.1375e-09	1.1925e-08	2.6625e-09	3.75e-10	2.9887e-08	3.015e-08	2.25e-09	1.5e-10	4.125e-10	7.4625e-09	6.7125e-09	4.0125e-09	7.125e-10	9.6e-09	1.8562e-08	2.3512e-08	1.77e-08	2.2237e-08	1.0125e-08	5.475e-09	2.775e-09	8.625e-10	1.875e-10	5.6625e-09	1.7137e-08	2.8875e-09	6.75e-10	1.875e-10	4.5e-10	3.375e-10	4.125e-10	6.375e-10	7.5e-10	7.875e-10	4.125e-10	4.125e-10	9.3375e-09	1.9875e-08	1.0537e-08	1.275e-09	7.5e-11	1.125e-10	7.5e-11	3.375e-10	4.5e-10	2.1e-09	7.5e-11	5.5125e-09	6e-10	7.875e-10	3.225e-09	6.75e-10	1.95e-09	6.975e-09	2.8125e-09	1.275e-09	3.375e-10	1.3875e-09	3e-10	1.125e-10	4.95e-09	6.7125e-09	5.175e-09	1.0462e-08	3.15e-09
5.625e-09	3.975e-09	1.5675e-08	5.175e-09	7.275e-09	8.85e-09	1.1512e-08	1.4025e-08	6.45e-09	9.825e-09	5.4e-09	2.775e-09	1.5375e-09	2.0625e-09	2.5237e-08	1.035e-08	2.775e-09	1.8e-09	1.3125e-09	2.625e-09	2.3625e-09	1.125e-09	1.3875e-09	1.2375e-09	1.0875e-09	1.125e-09	1.65e-09	2.175e-09	1.305e-08	3.2887e-08	2.43e-08	4.5e-10	2.175e-09	5.5875e-09	6.525e-09	4.1475e-08	2.5087e-08	2.2837e-08	1.0537e-08	7.6125e-09	1.035e-08	9.4125e-09	5.3625e-09	4.0125e-09	2.625e-10	1.5e-10	3e-10	1.5e-08	2.4562e-08	4.875e-10	1.4625e-09	1.1625e-09	6.375e-10	4.125e-10	1.1625e-09	5.5875e-09	5.2125e-09	1.5e-09	5.625e-10	7.875e-10	1.8562e-08	4.3387e-08	1.6462e-08	1.2075e-08	1.425e-08	3.975e-09	7.875e-10	8.25e-10	3.075e-09	2.7375e-09	5.25e-10	1.125e-10	1.35e-09	5.2875e-09	1.0237e-08	5.1e-09	1.875e-09	1.3387e-08	2.805e-08	1.6425e-08	1.7775e-08	1.62e-08	1.4175e-08	2.13e-08	1.5375e-09	6.225e-09	1.3237e-08	1.7362e-08	3.45e-09	6e-10	3.75e-11	7.5e-11	1.125e-10	1.5e-10	4.5e-10	2.25e-10	3e-10	2.625e-10	1.5e-10	2.55e-09	3.375e-10	2.025e-09	7.5e-10	3.375e-10	1.6125e-09	1.5375e-09	3e-10	1.875e-10	3.375e-09	1.65e-09	9.375e-10	3.75e-11	2.25e-10	4.125e-10	1.8375e-09	7.6875e-09	1.0575e-08	1.185e-08	3.0375e-09	1.0125e-09	2.0625e-09	2.2125e-09	6e-10	6.3e-09	2.835e-08	1.5e-08	3.5287e-08	3.3e-09
6.9375e-09	1.1062e-08	1.125e-08	7.425e-09	3.7125e-09	1.6425e-08	1.0575e-08	2.4e-09	5.925e-09	6.3e-09	9.375e-09	4.1625e-09	5.55e-09	3.375e-09	2.325e-09	5.625e-09	1.3875e-09	1.1625e-09	1.7625e-09	2.5125e-09	3.7125e-09	1.0312e-08	7.7625e-09	2.2125e-09	2.9625e-09	2.85e-09	2.25e-09	2.0625e-09	3.1875e-08	6.9375e-08	1.4362e-08	4.125e-10	4.05e-09	1.2e-09	3.75e-10	3.45e-09	8.2875e-09	4.05e-09	7.125e-09	2.2162e-08	1.1287e-08	1.6687e-08	2.4712e-08	1.14e-08	6.375e-10	2.625e-10	6.75e-10	2.6625e-09	8.625e-10	1.875e-10	1.125e-10	1.125e-10	2.25e-10	6.75e-10	3e-09	4.8e-09	1.9162e-08	7.6837e-08	1.41e-08	1.4625e-09	1.8375e-09	2.4825e-08	1.6537e-08	1.575e-09	6.5625e-09	1.77e-08	4.125e-10	3.75e-10	9.375e-10	1.35e-09	4.5e-10	2.2875e-09	1.2075e-08	1.095e-08	3.9375e-09	1.5e-10	1.3875e-09	1.3537e-08	9.3375e-09	1.2037e-08	1.0837e-08	2.6062e-08	1.575e-08	6.525e-09	3.7875e-09	1.1775e-08	3.7125e-09	5.925e-09	6.45e-09	4.5e-10	3.375e-10	4.125e-10	1.275e-09	1.0125e-09	6.375e-10	7.125e-10	8.6625e-09	2.4862e-08	3.4387e-08	6.15e-09	2.5125e-09	7.5e-11	2.25e-10	8.625e-10	4.6125e-09	1.5e-09	3.75e-10	1.875e-10	3e-10	9.4125e-09	5.3625e-09	1.5e-10	1.875e-10	1.0875e-09	3.375e-10	9.75e-10	3.7125e-09	4.05e-09	1.2375e-09	1.7625e-09	5.2875e-09	9.4125e-09	1.4212e-08	1.005e-08	1.2975e-08	1.8e-08	5.2875e-09	4.5e-09
9.1125e-09	1.6425e-08	5.55e-09	6.1875e-09	1.7475e-08	5.5125e-09	1.32e-08	7.6125e-09	7.7625e-09	2.1e-09	2.175e-09	3.9375e-09	1.5562e-08	1.14e-08	3.15e-09	3.375e-10	1.1625e-09	3.6375e-09	6e-10	4.9125e-09	2.73e-08	5.6625e-09	4.8375e-09	9.6e-09	3.3e-09	1.185e-08	1.3312e-08	2.7937e-08	8.4e-09	5.4e-09	1.23e-08	7.5e-10	6.75e-10	7.5e-10	7.875e-10	3e-10	2.0625e-09	6.0637e-08	1.2187e-08	6.6e-09	1.8e-09	1.0875e-09	9.375e-10	6.375e-10	1.2375e-09	1.8e-09	1.1625e-09	5.2125e-09	1.2112e-08	1.1437e-08	1.65e-09	8.25e-10	7.5e-10	5.625e-10	2.7375e-09	2.9625e-09	5.2987e-08	6.0487e-08	6.825e-09	1.1625e-09	2.8875e-09	2.7375e-09	3.3375e-09	4.5e-09	3.375e-08	1.4662e-08	9.825e-09	3.45e-09	4.6875e-09	3e-10	3.375e-10	5.775e-09	4.95e-09	4.275e-09	2.25e-10	2.25e-10	9.375e-10	3.6375e-09	2.625e-09	8.9625e-09	1.0612e-08	1.1512e-08	1.2075e-08	8.8125e-09	2.25e-10	4.575e-09	6.1125e-09	6.375e-09	1.7025e-08	2.3625e-09	3.75e-11	1.5e-10	3.375e-10	4.875e-10	3.375e-10	3.4125e-09	2.8837e-08	3.4612e-08	1.215e-08	3.8175e-08	3.2775e-08	4.875e-10	7.5e-11	2.25e-10	2.25e-10	7.5e-11	2.25e-10	1.5e-10	3.1875e-09	7.65e-09	6.45e-09	3.9375e-09	4.1625e-09	1.5e-09	4.125e-10	7.5e-11	9.375e-10	3.75e-10	3e-10	7.5e-10	5.9625e-09	9.975e-09	8.5875e-09	2.7487e-08	1.125e-08	2.2875e-08	2.3775e-08	7.6125e-09
1.335e-08	2.4e-09	7.8375e-09	7.2e-09	8.025e-09	1.41e-08	5.025e-09	1.0387e-08	4.2e-09	2.2462e-08	3.0375e-09	5.25e-10	1.8375e-09	3.15e-09	4.9125e-09	3.6375e-09	1.95e-09	2.0775e-08	2.9662e-08	1.35e-09	2.1375e-09	9e-10	1.7625e-09	2.2125e-09	3.225e-09	1.7325e-08	1.6987e-08	2.5237e-08	2.1262e-08	7.8375e-09	8.025e-09	3.75e-10	5.625e-10	5.475e-09	2.46e-08	6.675e-09	3.75e-10	2.625e-10	6.9e-09	5.85e-09	2.4712e-08	1.11e-08	1.8375e-09	3.375e-10	9e-10	8.25e-10	6e-10	5.25e-10	3.2625e-09	3.225e-09	2.2875e-09	8.25e-10	1.5e-10	9e-10	8.2125e-09	4.95e-09	1.0875e-09	2.5125e-09	1.425e-09	5.0625e-09	8.775e-09	1.2937e-08	1.3462e-08	1.2e-09	1.125e-10	1.5e-10	1.275e-09	2.1375e-09	7.875e-10	2.625e-10	7.875e-10	1.7625e-09	3.825e-09	1.3125e-09	6.75e-10	6.375e-10	5.25e-10	4.5e-10	2.85e-09	6.075e-09	2.0775e-08	1.725e-08	4.425e-09	7.125e-10	7.5e-11	3e-10	1.125e-10	1.125e-10	1.5e-09	1.125e-09	7.5e-10	2.0625e-09	1.3425e-08	6.825e-09	6.75e-10	4.6687e-08	6.855e-08	4.065e-08	1.2075e-08	4.53e-08	2.145e-08	8.55e-09	1.8e-09	1.5e-10	3.75e-10	6e-10	3.375e-10	3.615e-08	2.115e-08	1.1625e-09	8.5125e-09	2.4375e-09	3.15e-09	3.225e-09	9.75e-10	7.5e-11	1.875e-10	2.25e-10	3e-10	1.5e-10	7.875e-10	7.125e-10	2.1e-09	2.6812e-08	1.1925e-08	5.4e-09	7.05e-09	4.65e-09
1.95e-09	3.7875e-09	4.575e-09	4.4625e-09	8.7375e-09	1.2187e-08	1.2487e-08	5.775e-09	8.925e-09	1.245e-08	1.9537e-08	1.6125e-09	2.55e-09	2.9625e-09	5.25e-10	1.125e-10	8.25e-10	8.25e-10	1.4625e-09	1.575e-09	3.5625e-09	3.6e-09	2.025e-09	2.175e-09	1.7962e-08	3.4875e-09	1.1512e-08	7.305e-08	2.3737e-08	9.0375e-09	6.9375e-09	8.2875e-09	3.75e-10	3.3375e-09	1.2e-08	1.8337e-08	1.5975e-08	3e-10	3.75e-11	1.05e-09	6.75e-09	2.8162e-08	6.375e-10	7.5e-11	1.875e-10	6.375e-10	9.375e-10	8.25e-10	1.425e-09	1.8375e-08	1.815e-08	3.3375e-09	3.375e-10	8.25e-10	1.2375e-09	1.8375e-09	1.1625e-09	1.125e-10	3.15e-09	2.0437e-08	2.61e-08	2.2762e-08	2.4112e-08	7.95e-09	1.95e-09	1.6012e-08	1.3837e-08	3e-09	7.875e-10	7.875e-10	2.8125e-09	6.75e-10	1.875e-10	1.0875e-09	1.2375e-09	1.2375e-09	1.125e-09	4.95e-09	1.1812e-08	5.25e-10	5.625e-10	1.875e-09	7.5e-10	4.875e-10	3.75e-11	7.5e-11	3.75e-10	1.275e-09	5.8875e-09	3.6637e-08	2.6137e-08	1.275e-08	9.375e-09	3.9e-09	1.9125e-09	2.8912e-08	2.9962e-08	5.325e-09	6.7125e-09	4.5712e-08	1.9462e-08	1.1175e-08	9.9e-09	1.875e-09	3e-10	1.5e-10	1.5e-10	9.975e-09	8.25e-09	1.11e-08	5.8125e-09	1.7625e-09	3.075e-09	7.8375e-09	6.525e-09	1.1625e-09	3.75e-11	3.75e-11	4.7625e-09	3.75e-11	3.75e-11	7.5e-10	3e-10	4.35e-09	5.2125e-09	8.7375e-09	1.7625e-09	0
6.0375e-09	2.925e-09	1.9725e-08	9.8625e-09	1.0125e-08	4.5375e-09	6e-09	8.9625e-09	1.1325e-08	1.7925e-08	2.925e-09	5.25e-10	9e-10	2.2125e-09	7.5375e-09	6.8625e-09	4.2075e-08	2.475e-09	2.175e-09	4.6125e-09	5.6625e-09	3.6e-09	1.0237e-08	3.825e-09	2.1337e-08	1.9912e-08	3e-09	4.575e-09	2.625e-08	1.1362e-08	7.575e-09	4.2e-09	1.0012e-08	1.0087e-08	1.8e-09	2.0475e-08	6.225e-09	1.6875e-09	7.125e-10	2.775e-09	5.025e-09	6.375e-09	1.0575e-08	3.15e-09	1.5375e-09	5.8125e-09	2.3512e-08	3.525e-09	1.275e-09	4.6425e-08	1.2525e-08	5.4e-09	1.2e-09	6.75e-10	1.9725e-08	1.455e-08	4.125e-10	1.0275e-08	4.875e-10	9.4125e-09	1.9087e-08	1.74e-08	1.1362e-08	1.035e-08	3.0375e-09	1.2e-09	4.125e-10	3.75e-11	7.5e-11	8.25e-10	1.5375e-09	5.25e-10	7.5e-11	4.875e-10	2.5125e-09	7.6875e-09	6.525e-09	3.675e-09	3.4875e-09	4.875e-10	3e-10	2.25e-10	1.35e-09	7.875e-10	3.9375e-09	1.425e-08	2.76e-08	3.465e-08	1.4287e-08	2.9737e-08	1.185e-08	1.9125e-09	4.9875e-09	4.275e-09	3.75e-11	7.65e-09	4.4625e-09	5.1e-09	2.3287e-08	2.385e-08	1.9425e-08	3.495e-08	7.4625e-09	4.05e-09	7.5e-11	3.75e-11	4.575e-09	8.0625e-09	1.05e-08	4.6125e-09	2.775e-09	3.4125e-09	1.26e-08	8.5875e-09	6.525e-09	1.5e-09	3.7125e-09	2.2125e-08	2.01e-08	4.875e-09	7.5e-11	1.5e-10	5.625e-10	1.35e-09	1.0125e-09	2.625e-10	2.625e-10	3.75e-11
