1.2273e-08	1.0007e-08	1.0931e-08	1.1713e-08	1.119e-08	9.8695e-09	8.125e-09	8.5012e-09	1.0011e-08	9.652e-09	7.5976e-09	6.9189e-09	6.971e-09	7.4269e-09	7.8454e-09	6.9887e-09	7.9077e-09	1.0174e-08	1.3219e-08	1.5376e-08	1.7051e-08	1.8638e-08	1.9082e-08	1.8651e-08	1.7828e-08	1.6841e-08	1.4736e-08	1.3934e-08	1.5138e-08	1.6738e-08	1.7209e-08	1.6558e-08	1.4678e-08	1.412e-08	1.1749e-08	9.2123e-09	7.1844e-09	7.0401e-09	7.7012e-09	8.1084e-09	8.5128e-09	9.0642e-09	1.0099e-08	9.9375e-09	9.2882e-09	8.5876e-09	7.8049e-09	6.955e-09	7.4433e-09	9.3408e-09	1.0497e-08	1.0798e-08	1.0638e-08	9.5288e-09	6.5184e-09	5.9028e-09	6.5695e-09	7.0647e-09	7.031e-09	7.7725e-09	8.8972e-09	9.6453e-09	1.0293e-08	1.0222e-08	1.1337e-08	1.3123e-08	1.3654e-08	1.3558e-08	1.4159e-08	1.4208e-08	1.4137e-08	1.6427e-08	2.0151e-08	2.2828e-08	2.3545e-08	2.2336e-08	2.0107e-08	1.6282e-08	1.2033e-08	8.1151e-09	6.5889e-09	6.6646e-09	8.0035e-09	8.9041e-09	9.8186e-09	1.0128e-08	9.7685e-09	9.7536e-09	9.815e-09	9.2134e-09	8.7067e-09	8.8123e-09	8.7111e-09	8.7188e-09	9.7603e-09	1.0039e-08	9.2636e-09	7.6765e-09	7.1178e-09	8.002e-09	9.0401e-09	1.0117e-08	1.1497e-08	1.2494e-08	1.3529e-08	1.2357e-08	1.1147e-08	1.0047e-08	9.8088e-09	1.1066e-08	1.2177e-08	1.1952e-08	1.1639e-08	1.0987e-08	9.5134e-09	9.3342e-09	1.0031e-08	9.9398e-09	1.0276e-08	1.1718e-08	1.3081e-08	1.3558e-08	1.3463e-08	1.3443e-08	1.3085e-08	1.312e-08	1.2236e-08	1.1889e-08
1.1871e-08	7.1639e-09	7.1769e-09	9.4318e-09	1.0998e-08	1.1472e-08	1.1053e-08	1.1354e-08	1.2085e-08	1.1897e-08	1.1065e-08	9.2668e-09	7.9714e-09	7.0803e-09	6.4975e-09	6.5154e-09	8.9493e-09	1.1629e-08	1.4001e-08	1.5945e-08	1.7229e-08	1.7791e-08	1.7162e-08	1.6649e-08	1.627e-08	1.5549e-08	1.5003e-08	1.4377e-08	1.4738e-08	1.5565e-08	1.5721e-08	1.4686e-08	1.2347e-08	9.8698e-09	8.9901e-09	9.0636e-09	8.613e-09	8.598e-09	9.101e-09	9.5298e-09	9.5039e-09	9.0557e-09	8.333e-09	7.9542e-09	7.2478e-09	7.0013e-09	7.3198e-09	7.9245e-09	8.8639e-09	1.0474e-08	1.1484e-08	1.1932e-08	1.1587e-08	1.0169e-08	8.3458e-09	6.8379e-09	7.3593e-09	7.9932e-09	8.4462e-09	8.7005e-09	8.6525e-09	9.4259e-09	1.0146e-08	1.0461e-08	1.0369e-08	1.2216e-08	1.4216e-08	1.5467e-08	1.5887e-08	1.5417e-08	1.5128e-08	1.6961e-08	1.9442e-08	2.1196e-08	2.1928e-08	2.1159e-08	1.8306e-08	1.4092e-08	1.073e-08	8.9455e-09	7.5142e-09	7.5828e-09	8.3729e-09	9.4508e-09	1.0235e-08	1.0572e-08	1.0596e-08	1.0613e-08	1.0013e-08	8.9714e-09	8.479e-09	8.9107e-09	9.3298e-09	9.6027e-09	9.7126e-09	9.292e-09	8.0093e-09	6.6552e-09	6.7002e-09	7.2482e-09	8.2413e-09	9.0032e-09	1.0566e-08	1.1816e-08	1.2323e-08	1.2426e-08	1.1932e-08	1.1107e-08	1.1021e-08	1.1154e-08	1.2118e-08	1.2559e-08	1.2157e-08	1.0981e-08	9.2104e-09	8.1059e-09	1.0047e-08	1.156e-08	1.2474e-08	1.2883e-08	1.3135e-08	1.3493e-08	1.2966e-08	1.2172e-08	1.2127e-08	1.2112e-08	1.2087e-08	1.273e-08
7.1175e-09	4.8213e-09	6.1475e-09	8.0777e-09	1.0389e-08	1.1836e-08	1.2126e-08	1.2091e-08	1.2591e-08	1.2774e-08	1.2268e-08	1.135e-08	9.7583e-09	7.9222e-09	6.9711e-09	8.0507e-09	1.0467e-08	1.2918e-08	1.4976e-08	1.6344e-08	1.6967e-08	1.6634e-08	1.5825e-08	1.5173e-08	1.515e-08	1.5205e-08	1.5022e-08	1.4093e-08	1.3236e-08	1.3352e-08	1.3144e-08	1.203e-08	1.0405e-08	1.0553e-08	1.0381e-08	9.761e-09	1.0313e-08	1.0881e-08	1.1408e-08	1.2016e-08	1.2066e-08	1.1195e-08	9.9085e-09	8.6225e-09	7.9267e-09	8.1652e-09	8.4997e-09	8.902e-09	9.3838e-09	1.0608e-08	1.185e-08	1.2309e-08	1.2536e-08	1.1855e-08	9.7978e-09	7.339e-09	6.2611e-09	6.9705e-09	7.6914e-09	7.6197e-09	7.4753e-09	7.9985e-09	8.5494e-09	8.7383e-09	8.8868e-09	1.147e-08	1.4036e-08	1.53e-08	1.5311e-08	1.4016e-08	1.3205e-08	1.5681e-08	1.8348e-08	1.9878e-08	2.0201e-08	1.8314e-08	1.5245e-08	1.3492e-08	1.2988e-08	1.2308e-08	1.1021e-08	9.5997e-09	8.3347e-09	8.7947e-09	9.5319e-09	9.7911e-09	9.5839e-09	8.9054e-09	7.6246e-09	7.062e-09	7.8872e-09	8.748e-09	9.2456e-09	9.234e-09	9.1666e-09	9.3136e-09	8.9388e-09	7.6291e-09	7.5643e-09	8.7598e-09	1.0003e-08	1.0777e-08	1.1545e-08	1.2575e-08	1.3011e-08	1.2703e-08	1.1924e-08	1.0905e-08	1.0819e-08	1.1131e-08	1.1744e-08	1.2609e-08	1.26e-08	1.1658e-08	1.0494e-08	1.005e-08	1.0811e-08	1.1671e-08	1.2281e-08	1.2762e-08	1.2995e-08	1.2879e-08	1.2283e-08	1.1439e-08	1.1265e-08	1.1258e-08	1.1771e-08	1.3127e-08
6.5552e-09	5.3923e-09	7.7483e-09	1.0218e-08	1.2293e-08	1.3662e-08	1.4313e-08	1.36e-08	1.1162e-08	1.0531e-08	1.0862e-08	1.0336e-08	9.7468e-09	9.4716e-09	8.9613e-09	9.1553e-09	9.351e-09	1.1407e-08	1.3016e-08	1.3806e-08	1.4121e-08	1.3609e-08	1.3297e-08	1.3447e-08	1.3688e-08	1.4772e-08	1.512e-08	1.4307e-08	1.344e-08	1.316e-08	1.3111e-08	1.2946e-08	1.1526e-08	9.7269e-09	9.2642e-09	9.4773e-09	1.0212e-08	1.1269e-08	1.2219e-08	1.2781e-08	1.2753e-08	1.2271e-08	1.1404e-08	9.5149e-09	8.4155e-09	9.1091e-09	9.7545e-09	1.022e-08	1.1246e-08	1.2625e-08	1.328e-08	1.2776e-08	1.1681e-08	1.1122e-08	9.0052e-09	6.8997e-09	6.8657e-09	7.3732e-09	7.5851e-09	8.2282e-09	8.4609e-09	8.2819e-09	8.0316e-09	7.9463e-09	8.3827e-09	9.6479e-09	1.1346e-08	1.2219e-08	1.2257e-08	1.2628e-08	1.4682e-08	1.7107e-08	1.8768e-08	1.9461e-08	1.8549e-08	1.5401e-08	1.4252e-08	1.4948e-08	1.5439e-08	1.5382e-08	1.5015e-08	1.3852e-08	1.1606e-08	8.9472e-09	7.5807e-09	7.6118e-09	7.4842e-09	5.579e-09	3.2891e-09	4.3399e-09	7.0442e-09	8.8343e-09	9.6434e-09	1.0243e-08	1.1051e-08	1.1161e-08	1.0756e-08	1.0363e-08	1.015e-08	1.0652e-08	1.1424e-08	1.2052e-08	1.2512e-08	1.2531e-08	1.2022e-08	1.1213e-08	9.3008e-09	8.1155e-09	9.4028e-09	1.1184e-08	1.2737e-08	1.336e-08	1.2943e-08	1.1741e-08	1.0849e-08	1.0639e-08	1.0813e-08	1.1107e-08	1.1217e-08	1.1786e-08	1.2474e-08	1.25e-08	1.2078e-08	1.1417e-08	1.1193e-08	1.1254e-08	1.1757e-08	1.4089e-08
9.3674e-09	8.8206e-09	1.0814e-08	1.2747e-08	1.4358e-08	1.5444e-08	1.5743e-08	1.4369e-08	1.0448e-08	9.4028e-09	1.0202e-08	9.4901e-09	9.1936e-09	9.9176e-09	1.0179e-08	1.0219e-08	1.0263e-08	1.0816e-08	1.0942e-08	1.1005e-08	1.0555e-08	1.0538e-08	1.1469e-08	1.2667e-08	1.3354e-08	1.4139e-08	1.4582e-08	1.4212e-08	1.2312e-08	1.0429e-08	9.7217e-09	1.0121e-08	9.7938e-09	9.1334e-09	9.7898e-09	1.0416e-08	1.0693e-08	1.1081e-08	1.1667e-08	1.1924e-08	1.2051e-08	1.1829e-08	1.0882e-08	9.8772e-09	9.9267e-09	1.0236e-08	1.0101e-08	1.0736e-08	1.2043e-08	1.325e-08	1.3731e-08	1.2639e-08	1.076e-08	9.274e-09	8.9026e-09	7.9819e-09	6.4223e-09	5.775e-09	6.2178e-09	7.1837e-09	8.1472e-09	8.8507e-09	9.2493e-09	9.3916e-09	9.9901e-09	1.0405e-08	1.06e-08	1.035e-08	1.0293e-08	1.17e-08	1.3911e-08	1.6063e-08	1.7719e-08	1.805e-08	1.6574e-08	1.4701e-08	1.4591e-08	1.6259e-08	1.7672e-08	1.8074e-08	1.7553e-08	1.5388e-08	1.2157e-08	9.6261e-09	8.5934e-09	8.7535e-09	8.4324e-09	7.2076e-09	6.3054e-09	7.0777e-09	8.7102e-09	9.4791e-09	9.9797e-09	1.0951e-08	1.1805e-08	1.2099e-08	1.2231e-08	1.2236e-08	1.2017e-08	1.1963e-08	1.2552e-08	1.3186e-08	1.2931e-08	1.134e-08	1.0308e-08	1.0076e-08	9.2276e-09	7.9597e-09	9.4244e-09	1.129e-08	1.2435e-08	1.2792e-08	1.2213e-08	1.1271e-08	1.0885e-08	1.0724e-08	1.0681e-08	1.0637e-08	1.049e-08	1.001e-08	9.4783e-09	9.897e-09	1.0827e-08	1.134e-08	1.1231e-08	1.1283e-08	1.1799e-08	1.3714e-08
1.1116e-08	8.9221e-09	1.0889e-08	1.2935e-08	1.4521e-08	1.5275e-08	1.5033e-08	1.2748e-08	9.9932e-09	8.2315e-09	9.2007e-09	1.0692e-08	1.0993e-08	1.093e-08	1.0751e-08	1.0894e-08	1.1344e-08	1.1429e-08	1.19e-08	1.1885e-08	1.0878e-08	1.0395e-08	1.087e-08	1.1033e-08	1.216e-08	1.3918e-08	1.4275e-08	1.3349e-08	1.156e-08	1.0883e-08	1.1448e-08	1.1641e-08	1.0849e-08	1.0145e-08	1.07e-08	1.1135e-08	1.1385e-08	1.1053e-08	9.3908e-09	8.512e-09	7.8237e-09	7.8281e-09	8.1349e-09	8.1064e-09	8.6554e-09	9.9344e-09	1.0693e-08	1.0664e-08	1.0857e-08	1.0959e-08	1.0591e-08	1.0959e-08	1.1414e-08	1.1749e-08	1.1484e-08	9.9325e-09	8.4214e-09	7.2856e-09	7.1483e-09	7.6365e-09	8.6778e-09	1.0168e-08	1.1345e-08	1.2109e-08	1.2582e-08	1.3067e-08	1.3123e-08	1.2542e-08	1.1151e-08	1.0697e-08	1.1523e-08	1.299e-08	1.4574e-08	1.5614e-08	1.601e-08	1.5503e-08	1.6158e-08	1.774e-08	1.865e-08	1.8277e-08	1.6104e-08	1.3392e-08	1.1337e-08	9.8396e-09	8.8275e-09	8.6251e-09	8.7532e-09	9.0667e-09	9.276e-09	9.198e-09	9.2308e-09	9.323e-09	9.3894e-09	9.5499e-09	9.7954e-09	1.0401e-08	1.0838e-08	1.113e-08	1.1428e-08	1.2093e-08	1.3315e-08	1.3432e-08	1.2852e-08	1.1506e-08	1.0611e-08	1.0381e-08	1.0378e-08	1.0904e-08	1.1677e-08	1.2076e-08	1.2071e-08	1.1929e-08	1.0919e-08	1.0369e-08	1.0137e-08	1.025e-08	1.0067e-08	9.468e-09	9.1142e-09	8.8962e-09	8.4432e-09	8.2076e-09	9.4484e-09	1.1017e-08	1.2195e-08	1.2886e-08	1.3812e-08	1.5321e-08
1.1897e-08	1.0293e-08	9.9588e-09	1.0335e-08	1.1938e-08	1.2486e-08	1.1817e-08	1.0708e-08	1.0219e-08	1.0465e-08	1.1859e-08	1.2919e-08	1.3061e-08	1.1945e-08	1.0393e-08	9.7991e-09	1.0941e-08	1.2276e-08	1.303e-08	1.1761e-08	9.7823e-09	9.8274e-09	1.0557e-08	1.2786e-08	1.5231e-08	1.6764e-08	1.5894e-08	1.2804e-08	1.1792e-08	1.1827e-08	1.2555e-08	1.2133e-08	1.0746e-08	1.0239e-08	1.0602e-08	1.0968e-08	1.1083e-08	1.0414e-08	8.4757e-09	6.1393e-09	5.0659e-09	5.0054e-09	6.6052e-09	7.8663e-09	8.7919e-09	9.8823e-09	1.0779e-08	1.102e-08	1.0732e-08	9.7467e-09	9.205e-09	8.9524e-09	1.0189e-08	1.1127e-08	1.1276e-08	1.0786e-08	1.0478e-08	1.057e-08	9.4716e-09	9.2084e-09	1.07e-08	1.2277e-08	1.322e-08	1.3708e-08	1.3873e-08	1.4327e-08	1.4175e-08	1.3688e-08	1.2773e-08	1.1842e-08	1.2079e-08	1.2426e-08	1.2867e-08	1.4598e-08	1.5643e-08	1.559e-08	1.6443e-08	1.7091e-08	1.7219e-08	1.5467e-08	1.2222e-08	1.0703e-08	9.8174e-09	8.1423e-09	6.7556e-09	6.9958e-09	7.8718e-09	9.2622e-09	1.0067e-08	1.0289e-08	1.0194e-08	1.0332e-08	1.0043e-08	9.3958e-09	9.2482e-09	9.8637e-09	1.0457e-08	1.0999e-08	1.1963e-08	1.2958e-08	1.343e-08	1.2992e-08	1.2143e-08	1.1319e-08	1.0983e-08	1.0747e-08	1.1237e-08	1.1949e-08	1.2096e-08	1.1744e-08	1.1522e-08	1.1283e-08	1.0708e-08	1.0648e-08	1.0966e-08	1.0895e-08	9.8408e-09	8.5189e-09	8.3064e-09	8.1576e-09	7.936e-09	8.8947e-09	1.045e-08	1.1679e-08	1.2749e-08	1.3425e-08	1.4288e-08	1.5347e-08
1.5098e-08	1.2758e-08	1.0731e-08	8.8642e-09	8.7723e-09	9.285e-09	9.4289e-09	9.759e-09	9.5079e-09	9.8491e-09	1.0843e-08	1.1276e-08	1.1777e-08	1.1343e-08	1.0562e-08	1.1288e-08	1.2887e-08	1.3919e-08	1.3735e-08	1.2816e-08	1.1714e-08	9.9631e-09	9.5399e-09	1.0738e-08	1.3012e-08	1.3946e-08	1.3585e-08	1.3243e-08	1.2845e-08	1.1827e-08	1.1413e-08	9.5568e-09	8.7557e-09	1.0167e-08	1.1917e-08	1.3821e-08	1.4744e-08	1.3074e-08	9.5418e-09	7.5223e-09	7.315e-09	8.1554e-09	9.3793e-09	1.0148e-08	1.072e-08	1.1276e-08	1.1694e-08	1.105e-08	8.7197e-09	7.0524e-09	5.7783e-09	6.1852e-09	8.7642e-09	1.0631e-08	1.0974e-08	1.0998e-08	1.1344e-08	1.1147e-08	1.0797e-08	1.1329e-08	1.3017e-08	1.4502e-08	1.521e-08	1.5482e-08	1.5223e-08	1.5216e-08	1.5204e-08	1.476e-08	1.3426e-08	1.2112e-08	1.2142e-08	1.3046e-08	1.4212e-08	1.5737e-08	1.7057e-08	1.7356e-08	1.7006e-08	1.6775e-08	1.5379e-08	1.2317e-08	8.6594e-09	8.1325e-09	7.6112e-09	5.5274e-09	4.7827e-09	5.3955e-09	6.8307e-09	9.166e-09	1.1207e-08	1.2116e-08	1.167e-08	1.091e-08	1.0084e-08	9.0135e-09	8.0113e-09	7.6191e-09	7.824e-09	9.0286e-09	1.0462e-08	1.19e-08	1.2248e-08	1.1955e-08	1.137e-08	1.1199e-08	1.1241e-08	1.1192e-08	1.1533e-08	1.1202e-08	1.0274e-08	1.006e-08	1.0123e-08	9.8152e-09	9.6714e-09	1.0006e-08	1.0201e-08	9.5785e-09	9.7212e-09	9.2183e-09	8.4234e-09	8.2856e-09	9.1422e-09	1.1033e-08	1.2718e-08	1.3612e-08	1.4151e-08	1.504e-08	1.6479e-08	1.781e-08
1.3315e-08	9.8582e-09	8.1284e-09	6.0205e-09	5.8177e-09	8.0759e-09	1.0493e-08	1.1728e-08	1.2048e-08	1.2566e-08	1.3151e-08	1.2931e-08	1.168e-08	1.0285e-08	9.6184e-09	1.1515e-08	1.403e-08	1.4819e-08	1.4084e-08	1.3063e-08	1.1784e-08	1.0859e-08	1.1734e-08	1.267e-08	1.3843e-08	1.4545e-08	1.4145e-08	1.2569e-08	1.1081e-08	7.9714e-09	7.1681e-09	7.7133e-09	9.3198e-09	1.1158e-08	1.2543e-08	1.2576e-08	1.2986e-08	1.4538e-08	1.3661e-08	1.1727e-08	9.8608e-09	9.1918e-09	9.1305e-09	9.4845e-09	1.0179e-08	1.0285e-08	1.0403e-08	9.896e-09	7.5385e-09	5.855e-09	6.6011e-09	9.2094e-09	1.1721e-08	1.3321e-08	1.3543e-08	1.3771e-08	1.3353e-08	1.2499e-08	1.1137e-08	1.0642e-08	1.2427e-08	1.409e-08	1.4343e-08	1.2731e-08	1.1615e-08	1.2311e-08	1.2892e-08	1.2896e-08	1.1825e-08	1.0753e-08	1.1167e-08	1.2393e-08	1.4235e-08	1.623e-08	1.7153e-08	1.7208e-08	1.7018e-08	1.6466e-08	1.4498e-08	1.2696e-08	1.1925e-08	1.0895e-08	8.8817e-09	6.8867e-09	7.0278e-09	7.2882e-09	9.048e-09	1.0557e-08	1.0738e-08	1.0522e-08	9.7153e-09	8.7042e-09	8.212e-09	8.4156e-09	8.499e-09	7.229e-09	5.9438e-09	6.129e-09	8.6543e-09	1.0676e-08	1.1386e-08	1.1344e-08	1.1259e-08	1.1565e-08	1.1829e-08	1.2164e-08	1.2091e-08	1.1221e-08	9.8926e-09	8.4989e-09	8.81e-09	9.4323e-09	9.2316e-09	9.3266e-09	9.7043e-09	1.0007e-08	9.913e-09	8.4607e-09	7.444e-09	8.0668e-09	1.0423e-08	1.2838e-08	1.3933e-08	1.4204e-08	1.4917e-08	1.6286e-08	1.7694e-08	1.9038e-08
1.139e-08	7.3955e-09	5.7478e-09	4.0712e-09	4.044e-09	7.7287e-09	1.1213e-08	1.303e-08	1.3772e-08	1.3993e-08	1.2809e-08	1.1687e-08	1.1393e-08	1.0959e-08	9.85e-09	1.0222e-08	1.1554e-08	1.2062e-08	1.2576e-08	1.3639e-08	1.4272e-08	1.387e-08	1.3637e-08	1.5208e-08	1.671e-08	1.5946e-08	1.4758e-08	1.2853e-08	1.0242e-08	7.3935e-09	6.5901e-09	8.0177e-09	1.1251e-08	1.4723e-08	1.6978e-08	1.6961e-08	1.5979e-08	1.2976e-08	1.1198e-08	1.0437e-08	9.1691e-09	8.3477e-09	8.11e-09	8.2318e-09	8.3961e-09	9.5211e-09	1.0439e-08	9.5119e-09	7.6792e-09	6.1534e-09	7.1492e-09	9.9909e-09	1.2828e-08	1.4638e-08	1.5495e-08	1.562e-08	1.503e-08	1.3463e-08	1.2713e-08	1.1515e-08	1.1774e-08	1.2927e-08	1.261e-08	1.0155e-08	9.4782e-09	1.0565e-08	1.1719e-08	1.2491e-08	1.2754e-08	1.0807e-08	8.9208e-09	9.514e-09	1.1515e-08	1.3607e-08	1.4996e-08	1.5648e-08	1.5979e-08	1.509e-08	1.302e-08	1.143e-08	1.09e-08	1.0398e-08	9.3757e-09	9.8578e-09	1.0962e-08	1.0611e-08	1.0303e-08	1.0341e-08	9.5894e-09	8.9326e-09	9.251e-09	9.8906e-09	1.022e-08	1.0612e-08	1.158e-08	1.075e-08	8.7521e-09	8.5434e-09	9.7463e-09	9.7796e-09	9.0704e-09	9.0119e-09	1.0103e-08	1.0894e-08	1.1326e-08	1.1308e-08	1.1079e-08	9.5142e-09	6.9749e-09	4.5318e-09	5.7245e-09	6.8348e-09	7.1205e-09	8.0854e-09	1.0092e-08	1.1371e-08	1.1159e-08	9.151e-09	8.4985e-09	1.0596e-08	1.2682e-08	1.4061e-08	1.4281e-08	1.4584e-08	1.5833e-08	1.7164e-08	1.8377e-08	1.9357e-08
9.7228e-09	6.1411e-09	4.9921e-09	4.8797e-09	6.8098e-09	9.8382e-09	1.2243e-08	1.3635e-08	1.3748e-08	1.3133e-08	1.2655e-08	1.2149e-08	1.1445e-08	1.1338e-08	1.0717e-08	1.0048e-08	8.893e-09	9.122e-09	1.1806e-08	1.3663e-08	1.5108e-08	1.6091e-08	1.668e-08	1.7397e-08	1.7283e-08	1.645e-08	1.5178e-08	1.3116e-08	1.0474e-08	8.0304e-09	7.3715e-09	7.9018e-09	1.0882e-08	1.3892e-08	1.5726e-08	1.5714e-08	1.4424e-08	1.3311e-08	1.2357e-08	1.1119e-08	8.8868e-09	7.6948e-09	7.219e-09	7.5577e-09	9.0932e-09	9.9511e-09	9.6379e-09	9.0889e-09	8.2441e-09	7.785e-09	8.1341e-09	9.7608e-09	1.2607e-08	1.4677e-08	1.5073e-08	1.5026e-08	1.5206e-08	1.4811e-08	1.3453e-08	1.242e-08	1.0462e-08	9.8612e-09	1.0014e-08	9.7669e-09	9.6865e-09	9.4419e-09	9.7018e-09	9.8042e-09	9.8052e-09	9.5522e-09	7.1504e-09	6.8665e-09	7.9508e-09	1.0063e-08	1.236e-08	1.3519e-08	1.3414e-08	1.2676e-08	1.1636e-08	1.0158e-08	1.0015e-08	1.0055e-08	9.2704e-09	9.4667e-09	9.7034e-09	9.4586e-09	9.3774e-09	1.0902e-08	1.2061e-08	1.112e-08	1.2098e-08	1.4165e-08	1.5385e-08	1.6215e-08	1.6148e-08	1.42e-08	1.3682e-08	1.5523e-08	1.5797e-08	1.3868e-08	1.0697e-08	9.9296e-09	1.0177e-08	1.0908e-08	1.1069e-08	1.0111e-08	9.5914e-09	9.1956e-09	7.3124e-09	6.1605e-09	7.731e-09	7.9728e-09	6.4059e-09	6.6121e-09	8.836e-09	1.0293e-08	1.0709e-08	9.7343e-09	7.9421e-09	8.9709e-09	1.1436e-08	1.2452e-08	1.2596e-08	1.3674e-08	1.4858e-08	1.5211e-08	1.5817e-08	1.6703e-08
9.0778e-09	6.7465e-09	6.8929e-09	7.8372e-09	9.0286e-09	1.0912e-08	1.2239e-08	1.2756e-08	1.2762e-08	1.2492e-08	1.1695e-08	1.1058e-08	1.0922e-08	1.015e-08	9.5062e-09	8.4027e-09	6.6199e-09	7.2623e-09	9.8562e-09	1.1888e-08	1.3535e-08	1.5436e-08	1.7064e-08	1.8106e-08	1.8833e-08	1.8536e-08	1.6219e-08	1.4803e-08	1.444e-08	1.3801e-08	1.2526e-08	1.1389e-08	1.2178e-08	1.4145e-08	1.549e-08	1.3791e-08	1.1788e-08	1.1034e-08	1.0546e-08	1.0186e-08	9.4277e-09	8.2497e-09	7.8499e-09	7.7612e-09	8.5609e-09	8.9092e-09	8.0436e-09	6.6052e-09	5.1337e-09	5.7438e-09	7.7092e-09	1.0639e-08	1.2981e-08	1.48e-08	1.5806e-08	1.6051e-08	1.6393e-08	1.5412e-08	1.335e-08	1.1208e-08	8.1252e-09	7.3685e-09	8.713e-09	1.0478e-08	1.1574e-08	1.0652e-08	9.251e-09	9.3994e-09	8.674e-09	8.5002e-09	7.6301e-09	6.0119e-09	6.5085e-09	8.9837e-09	1.0774e-08	1.1417e-08	1.0866e-08	1.0686e-08	1.0277e-08	8.6377e-09	8.599e-09	8.6494e-09	8.5296e-09	8.4656e-09	8.4863e-09	8.7102e-09	1.0777e-08	1.3441e-08	1.4864e-08	1.5615e-08	1.6414e-08	1.6756e-08	1.7252e-08	1.6949e-08	1.7556e-08	1.8305e-08	1.6944e-08	1.5914e-08	1.4905e-08	1.4557e-08	1.3366e-08	1.2326e-08	1.1764e-08	1.0708e-08	1.0068e-08	9.471e-09	8.2914e-09	7.8257e-09	7.514e-09	6.7868e-09	7.7466e-09	7.3942e-09	5.9781e-09	6.6087e-09	8.5194e-09	1.0221e-08	1.0931e-08	1.1044e-08	1.0861e-08	1.0201e-08	1.0315e-08	1.1142e-08	1.2097e-08	1.2723e-08	1.322e-08	1.3359e-08	1.3541e-08	1.4486e-08
1.0675e-08	8.4476e-09	8.1857e-09	7.6695e-09	7.9913e-09	9.3667e-09	1.0904e-08	1.1677e-08	1.2161e-08	1.1703e-08	1.0117e-08	9.7675e-09	1.0646e-08	1.107e-08	1.0498e-08	9.231e-09	8.1704e-09	8.7328e-09	1.0753e-08	1.286e-08	1.5393e-08	1.7268e-08	1.7929e-08	1.775e-08	1.6671e-08	1.4277e-08	1.3411e-08	1.4234e-08	1.5035e-08	1.5507e-08	1.6189e-08	1.5683e-08	1.4833e-08	1.226e-08	1.0709e-08	1.1844e-08	1.1973e-08	1.0291e-08	9.3209e-09	9.5567e-09	9.5147e-09	9.752e-09	9.9508e-09	9.4964e-09	8.7757e-09	8.2359e-09	7.3265e-09	6.0724e-09	4.614e-09	5.5238e-09	8.5272e-09	1.0927e-08	1.2763e-08	1.4097e-08	1.4888e-08	1.534e-08	1.5485e-08	1.4851e-08	1.2174e-08	9.1407e-09	7.6381e-09	7.7655e-09	9.3344e-09	1.0767e-08	1.1432e-08	1.1569e-08	1.1037e-08	9.8323e-09	7.8336e-09	6.9257e-09	7.1723e-09	7.8553e-09	7.2471e-09	7.8091e-09	8.7305e-09	9.4272e-09	1.0196e-08	1.0663e-08	1.0443e-08	9.3677e-09	7.6308e-09	7.0581e-09	8.0508e-09	9.1426e-09	9.5904e-09	1.0089e-08	1.1785e-08	1.3761e-08	1.5195e-08	1.6534e-08	1.7485e-08	1.7476e-08	1.6503e-08	1.5866e-08	1.6854e-08	1.77e-08	1.8806e-08	1.9302e-08	1.7825e-08	1.5119e-08	1.2087e-08	9.4325e-09	8.7556e-09	9.044e-09	8.534e-09	8.4814e-09	8.6515e-09	8.7106e-09	8.4369e-09	7.9513e-09	7.9665e-09	7.6089e-09	7.7116e-09	9.7329e-09	1.19e-08	1.3074e-08	1.3035e-08	1.279e-08	1.2233e-08	1.0871e-08	9.9387e-09	1.0045e-08	1.0247e-08	1.0649e-08	1.1021e-08	1.1062e-08	1.1726e-08	1.2586e-08
1.357e-08	1.0311e-08	9.2872e-09	8.4617e-09	8.9087e-09	9.7152e-09	1.09e-08	1.0843e-08	1.0375e-08	1.0251e-08	1.0246e-08	1.053e-08	1.1242e-08	1.1872e-08	1.153e-08	1.0472e-08	1.0298e-08	1.1422e-08	1.1869e-08	1.2041e-08	1.3399e-08	1.5297e-08	1.5452e-08	1.4615e-08	1.304e-08	1.0663e-08	1.2451e-08	1.5625e-08	1.7525e-08	1.7613e-08	1.6095e-08	1.5468e-08	1.312e-08	9.5028e-09	8.8146e-09	9.8921e-09	9.8848e-09	9.6102e-09	1.0352e-08	1.0879e-08	1.0678e-08	1.0526e-08	1.0449e-08	9.2803e-09	8.0946e-09	6.205e-09	5.372e-09	5.4753e-09	5.4737e-09	7.8693e-09	1.13e-08	1.3403e-08	1.4928e-08	1.6173e-08	1.6415e-08	1.6795e-08	1.6096e-08	1.3323e-08	9.5233e-09	6.3609e-09	4.2111e-09	5.489e-09	8.2773e-09	1.0533e-08	1.1449e-08	1.0505e-08	8.0009e-09	7.3256e-09	7.9703e-09	8.7982e-09	9.1467e-09	1.0318e-08	1.07e-08	9.6915e-09	8.6163e-09	7.7395e-09	8.1294e-09	8.6705e-09	8.8745e-09	8.376e-09	7.391e-09	8.5828e-09	9.2519e-09	9.6618e-09	9.5812e-09	9.7159e-09	1.2213e-08	1.5353e-08	1.7394e-08	1.8377e-08	1.8471e-08	1.7354e-08	1.5987e-08	1.6195e-08	1.8332e-08	1.9204e-08	1.9214e-08	1.9412e-08	1.872e-08	1.6931e-08	1.351e-08	9.6026e-09	8.5383e-09	8.5119e-09	8.2394e-09	8.155e-09	8.3585e-09	8.7407e-09	8.5241e-09	8.2215e-09	8.3173e-09	9.2451e-09	1.0684e-08	1.2206e-08	1.3366e-08	1.2874e-08	1.0992e-08	1.0358e-08	1.0591e-08	1.0225e-08	1.0104e-08	1.0262e-08	9.8083e-09	9.3406e-09	9.0589e-09	9.6362e-09	1.0796e-08	1.1707e-08
1.2576e-08	9.1406e-09	9.4127e-09	9.8804e-09	1.0217e-08	1.1033e-08	1.1337e-08	1.0327e-08	9.0339e-09	9.4974e-09	1.0353e-08	1.1174e-08	1.2214e-08	1.2536e-08	1.2622e-08	1.2518e-08	1.2981e-08	1.4195e-08	1.4982e-08	1.5053e-08	1.3642e-08	1.2037e-08	1.1839e-08	1.162e-08	1.0817e-08	1.2249e-08	1.4276e-08	1.5652e-08	1.6655e-08	1.7203e-08	1.695e-08	1.4198e-08	1.1167e-08	7.3524e-09	6.508e-09	6.1972e-09	7.6939e-09	9.1261e-09	9.9524e-09	1.0188e-08	9.8107e-09	9.3066e-09	8.8599e-09	8.538e-09	7.9315e-09	7.2653e-09	6.6876e-09	6.8594e-09	7.4635e-09	9.2015e-09	1.1593e-08	1.3622e-08	1.5553e-08	1.6963e-08	1.7902e-08	1.7889e-08	1.5066e-08	1.0947e-08	7.1803e-09	3.3687e-09	3.7244e-09	7.1358e-09	1.0275e-08	1.1773e-08	1.1694e-08	1.0602e-08	8.6706e-09	8.082e-09	8.8181e-09	1.0244e-08	1.0924e-08	1.1222e-08	1.0615e-08	8.3895e-09	6.5772e-09	6.4675e-09	6.5274e-09	5.9545e-09	5.1268e-09	5.2932e-09	7.1801e-09	9.6832e-09	1.1576e-08	1.2182e-08	1.1347e-08	9.6277e-09	1.1637e-08	1.4949e-08	1.7057e-08	1.8122e-08	1.8362e-08	1.809e-08	1.7881e-08	1.8117e-08	1.9253e-08	2.0121e-08	2.006e-08	1.8776e-08	1.8422e-08	1.7803e-08	1.4572e-08	1.1511e-08	9.8557e-09	9.6578e-09	9.5005e-09	9.2448e-09	9.1072e-09	8.8919e-09	8.42e-09	8.6514e-09	9.5343e-09	1.0124e-08	1.129e-08	1.2306e-08	1.2543e-08	1.2135e-08	1.0623e-08	9.2541e-09	8.6147e-09	8.6239e-09	9.3726e-09	9.408e-09	8.7803e-09	8.2871e-09	8.7815e-09	9.6743e-09	1.0658e-08	1.1117e-08
1.206e-08	8.8646e-09	1.002e-08	9.718e-09	9.0521e-09	1.0416e-08	1.1115e-08	1.1641e-08	1.0722e-08	8.4264e-09	8.6842e-09	1.0055e-08	1.1471e-08	1.2627e-08	1.3342e-08	1.3519e-08	1.3072e-08	1.253e-08	1.3016e-08	1.2737e-08	1.2587e-08	1.2485e-08	1.2753e-08	1.2465e-08	1.2544e-08	1.4152e-08	1.6327e-08	1.8315e-08	1.8985e-08	1.8127e-08	1.656e-08	1.351e-08	1.053e-08	7.0119e-09	5.224e-09	4.3099e-09	4.9716e-09	6.8902e-09	8.6003e-09	9.3802e-09	8.9739e-09	8.3725e-09	8.0988e-09	7.9672e-09	7.6899e-09	7.8962e-09	8.2745e-09	9.2665e-09	1.1093e-08	1.2894e-08	1.5074e-08	1.7115e-08	1.8569e-08	1.9347e-08	1.9363e-08	1.7223e-08	1.3846e-08	9.0285e-09	4.0846e-09	1.8201e-09	3.9318e-09	7.6609e-09	1.0784e-08	1.2541e-08	1.1838e-08	9.2475e-09	8.8489e-09	8.9542e-09	9.2558e-09	1.0374e-08	1.0911e-08	1.0754e-08	9.5043e-09	6.2079e-09	5.2135e-09	6.0732e-09	6.7875e-09	6.7136e-09	6.8335e-09	7.4197e-09	8.9914e-09	1.0381e-08	1.091e-08	1.0843e-08	1.0517e-08	9.4006e-09	9.5756e-09	1.2497e-08	1.5193e-08	1.687e-08	1.7274e-08	1.7463e-08	1.7679e-08	1.8472e-08	1.9426e-08	1.9713e-08	1.8808e-08	1.7905e-08	1.8409e-08	1.7762e-08	1.4505e-08	1.0337e-08	9.116e-09	9.0591e-09	8.7234e-09	8.6902e-09	9.2864e-09	9.5779e-09	9.7724e-09	1.0245e-08	1.0766e-08	1.111e-08	1.1378e-08	1.1287e-08	1.1399e-08	1.1005e-08	1.0447e-08	9.7378e-09	9.1663e-09	8.9449e-09	9.4566e-09	9.6274e-09	9.1148e-09	8.6338e-09	9.0057e-09	1.0354e-08	1.1715e-08	1.2099e-08
1.0088e-08	7.7249e-09	8.363e-09	8.9577e-09	9.1232e-09	1.1241e-08	1.2095e-08	1.1187e-08	9.489e-09	7.3491e-09	6.748e-09	8.0339e-09	9.4124e-09	1.0816e-08	1.1599e-08	1.2341e-08	1.297e-08	1.3824e-08	1.4682e-08	1.5416e-08	1.6065e-08	1.6791e-08	1.6952e-08	1.6846e-08	1.5431e-08	1.3763e-08	1.4108e-08	1.5277e-08	1.6533e-08	1.7266e-08	1.678e-08	1.477e-08	1.2229e-08	9.7047e-09	7.4772e-09	6.2208e-09	4.2696e-09	5.2652e-09	6.7539e-09	7.4049e-09	7.7181e-09	8.0608e-09	8.2274e-09	7.5512e-09	7.036e-09	7.8463e-09	9.2658e-09	1.1374e-08	1.3376e-08	1.4349e-08	1.5282e-08	1.8463e-08	2.0498e-08	2.0907e-08	1.97e-08	1.6995e-08	1.357e-08	9.0628e-09	4.7508e-09	1.9693e-09	3.8071e-09	6.8742e-09	8.4957e-09	9.2344e-09	9.1555e-09	8.3558e-09	8.0186e-09	8.0704e-09	8.5474e-09	9.9951e-09	1.1392e-08	1.1372e-08	1.0116e-08	9.7596e-09	8.3115e-09	7.0437e-09	7.357e-09	7.9357e-09	8.3744e-09	8.6606e-09	9.7979e-09	1.1162e-08	1.1462e-08	1.1326e-08	9.4999e-09	6.9858e-09	6.6326e-09	9.491e-09	1.2673e-08	1.5224e-08	1.6437e-08	1.6057e-08	1.5211e-08	1.5657e-08	1.6338e-08	1.7224e-08	1.8328e-08	1.8831e-08	1.8657e-08	1.6891e-08	1.4206e-08	1.012e-08	7.3225e-09	6.726e-09	7.8631e-09	9.0168e-09	1.0329e-08	1.1487e-08	1.2271e-08	1.26e-08	1.2524e-08	1.2182e-08	1.1787e-08	1.1517e-08	1.162e-08	1.176e-08	1.139e-08	1.0406e-08	9.397e-09	9.293e-09	9.7631e-09	9.5724e-09	9.0589e-09	8.8035e-09	9.5378e-09	1.0505e-08	1.1568e-08	1.2559e-08
1.1907e-08	1.0508e-08	9.2966e-09	7.5355e-09	7.321e-09	9.1763e-09	1.0702e-08	1.0758e-08	9.5048e-09	9.1346e-09	9.3161e-09	9.8213e-09	9.8905e-09	8.7864e-09	8.1232e-09	8.6683e-09	1.0282e-08	1.3152e-08	1.5547e-08	1.7101e-08	1.7721e-08	1.746e-08	1.7048e-08	1.6415e-08	1.4974e-08	1.4167e-08	1.3805e-08	1.4978e-08	1.5691e-08	1.4805e-08	1.4297e-08	1.4027e-08	1.2695e-08	1.0211e-08	7.5592e-09	6.4866e-09	4.9165e-09	2.7098e-09	4.0505e-09	6.04e-09	7.4508e-09	8.3877e-09	8.914e-09	7.9138e-09	7.2254e-09	8.5064e-09	1.1669e-08	1.4804e-08	1.7298e-08	1.8741e-08	1.9106e-08	1.9969e-08	2.0872e-08	2.1485e-08	2.1325e-08	1.8821e-08	1.5053e-08	8.7117e-09	2.5294e-09	1.3907e-09	3.5303e-09	6.5501e-09	7.8508e-09	7.6198e-09	7.3245e-09	8.0411e-09	8.0979e-09	9.3791e-09	1.0884e-08	1.192e-08	1.2912e-08	1.3488e-08	1.294e-08	1.1856e-08	9.6382e-09	8.0931e-09	6.8137e-09	7.3926e-09	8.0591e-09	7.938e-09	8.5117e-09	9.9279e-09	1.0372e-08	1.0022e-08	7.9993e-09	6.5396e-09	5.9054e-09	7.6253e-09	1.0479e-08	1.3195e-08	1.5247e-08	1.5892e-08	1.5109e-08	1.3788e-08	1.2786e-08	1.3536e-08	1.5855e-08	1.7877e-08	1.8403e-08	1.6386e-08	1.1597e-08	9.663e-09	8.8559e-09	8.6257e-09	8.9131e-09	9.6962e-09	1.0605e-08	1.1323e-08	1.1958e-08	1.2148e-08	1.193e-08	1.1882e-08	1.1999e-08	1.2209e-08	1.2108e-08	1.1556e-08	1.0816e-08	1.0713e-08	1.0928e-08	1.0892e-08	1.0337e-08	9.4968e-09	9.3958e-09	9.7242e-09	1.0512e-08	1.1655e-08	1.2398e-08	1.2836e-08
1.4174e-08	1.209e-08	9.5593e-09	6.2531e-09	5.988e-09	8.651e-09	1.0584e-08	1.0968e-08	1.0091e-08	9.6705e-09	9.9572e-09	9.7427e-09	9.1879e-09	8.3956e-09	7.2005e-09	8.0909e-09	1.0059e-08	1.3256e-08	1.6319e-08	1.8369e-08	1.9612e-08	1.972e-08	1.8998e-08	1.6974e-08	1.493e-08	1.3978e-08	1.3978e-08	1.3753e-08	1.364e-08	1.2942e-08	1.2983e-08	1.2533e-08	1.0554e-08	9.1203e-09	8.6505e-09	7.3467e-09	4.2105e-09	2.3601e-09	1.4517e-09	4.0488e-09	5.9517e-09	6.7225e-09	7.0164e-09	7.1423e-09	6.9186e-09	9.3498e-09	1.2823e-08	1.5464e-08	1.6646e-08	1.7953e-08	1.8801e-08	2.0324e-08	2.1143e-08	2.053e-08	2.0204e-08	1.754e-08	1.3356e-08	8.7305e-09	5.3338e-09	4.0292e-09	4.8204e-09	6.6755e-09	7.6961e-09	8.1915e-09	9.8655e-09	1.0512e-08	1.0575e-08	1.1485e-08	1.2424e-08	1.3234e-08	1.3978e-08	1.4142e-08	1.3666e-08	1.2208e-08	1.0401e-08	8.0129e-09	7.8318e-09	9.2291e-09	9.8595e-09	9.6121e-09	9.5751e-09	1.0734e-08	1.0901e-08	9.4507e-09	7.7832e-09	7.1635e-09	6.8926e-09	8.1811e-09	1.0077e-08	1.2596e-08	1.4961e-08	1.5695e-08	1.3422e-08	1.0744e-08	9.4099e-09	9.3491e-09	1.1281e-08	1.3972e-08	1.4851e-08	1.3079e-08	1.2138e-08	1.0799e-08	1.0285e-08	1.0247e-08	1.0179e-08	1.0644e-08	1.1535e-08	1.2171e-08	1.186e-08	1.0956e-08	1.0758e-08	1.0856e-08	1.1256e-08	1.2157e-08	1.2627e-08	1.2328e-08	1.1568e-08	1.1855e-08	1.2458e-08	1.2246e-08	1.1336e-08	1.0364e-08	1.0302e-08	1.0473e-08	1.0423e-08	1.0767e-08	1.1801e-08	1.2024e-08
1.3416e-08	9.4326e-09	7.9018e-09	7.7512e-09	7.381e-09	8.2132e-09	9.3954e-09	1.0173e-08	1.0422e-08	1.0925e-08	1.0628e-08	1.0838e-08	1.0889e-08	9.7832e-09	8.7448e-09	8.8159e-09	1.0518e-08	1.253e-08	1.5358e-08	1.6929e-08	1.6667e-08	1.6357e-08	1.7095e-08	1.7303e-08	1.6473e-08	1.5609e-08	1.3936e-08	1.275e-08	1.2576e-08	1.2976e-08	1.3897e-08	1.4048e-08	1.3077e-08	1.0212e-08	7.806e-09	5.2896e-09	3.2474e-09	2e-09	1.2247e-09	2.4979e-09	3.2962e-09	4.5803e-09	6.0516e-09	7.0635e-09	7.962e-09	1.0983e-08	1.4718e-08	1.7914e-08	1.9876e-08	2.0758e-08	2.0662e-08	2.0398e-08	2.0045e-08	1.9516e-08	1.8784e-08	1.6354e-08	1.3367e-08	1.0629e-08	8.9096e-09	7.8082e-09	7.8884e-09	9.1022e-09	1.0668e-08	1.074e-08	9.7676e-09	1.014e-08	9.7447e-09	9.9439e-09	1.0188e-08	1.0256e-08	1.1827e-08	1.3074e-08	1.298e-08	1.1393e-08	1.0567e-08	9.8575e-09	9.6042e-09	9.4183e-09	9.317e-09	8.6442e-09	8.8933e-09	8.6334e-09	7.6901e-09	6.9213e-09	6.7928e-09	6.3398e-09	6.8389e-09	9.1219e-09	1.2161e-08	1.4434e-08	1.5355e-08	1.4206e-08	1.2153e-08	9.7843e-09	8.2359e-09	8.7978e-09	9.5786e-09	1.0906e-08	1.2539e-08	1.3079e-08	1.2133e-08	1.1754e-08	1.1716e-08	1.1321e-08	1.1149e-08	1.1072e-08	1.1255e-08	1.1615e-08	1.1088e-08	1.1013e-08	1.1296e-08	1.0317e-08	1.0676e-08	1.2257e-08	1.3019e-08	1.264e-08	1.2174e-08	1.2389e-08	1.207e-08	1.2189e-08	1.1922e-08	1.1596e-08	1.1146e-08	1.0652e-08	1.0224e-08	1.0857e-08	1.2181e-08	1.3252e-08
1.0964e-08	9.165e-09	8.9156e-09	7.9971e-09	8.0892e-09	8.771e-09	9.796e-09	1.1778e-08	1.3436e-08	1.3952e-08	1.3304e-08	1.238e-08	1.0905e-08	9.5734e-09	6.9833e-09	6.0165e-09	7.8958e-09	1.0867e-08	1.3725e-08	1.6016e-08	1.7119e-08	1.7814e-08	1.82e-08	1.7366e-08	1.6073e-08	1.3836e-08	1.1931e-08	1.0592e-08	1.2021e-08	1.406e-08	1.5058e-08	1.4699e-08	1.2004e-08	8.2213e-09	5.3249e-09	4.2077e-09	3.9143e-09	3.37e-09	3.3427e-09	2.5444e-09	1.4232e-09	3.2073e-09	5.9412e-09	8.0563e-09	9.6797e-09	1.1336e-08	1.463e-08	1.8207e-08	1.9787e-08	2.0503e-08	2.121e-08	2.139e-08	2.0222e-08	1.9394e-08	1.7611e-08	1.5436e-08	1.2637e-08	9.9124e-09	9.6482e-09	9.5456e-09	9.6861e-09	1.0641e-08	1.2295e-08	1.3201e-08	1.2845e-08	1.1716e-08	1.0954e-08	1.0018e-08	9.1564e-09	8.0044e-09	8.6516e-09	9.9725e-09	9.5388e-09	8.2648e-09	8.0226e-09	8.4406e-09	1.0527e-08	1.1399e-08	1.0569e-08	1.0099e-08	9.7447e-09	8.6071e-09	7.2419e-09	6.3704e-09	5.7243e-09	6.2205e-09	7.9985e-09	1.0604e-08	1.2673e-08	1.4017e-08	1.4441e-08	1.3509e-08	1.1941e-08	9.7497e-09	8.2361e-09	7.7801e-09	8.9852e-09	1.0935e-08	1.2195e-08	1.2502e-08	1.2483e-08	1.3164e-08	1.3871e-08	1.3905e-08	1.3779e-08	1.3466e-08	1.3036e-08	1.2218e-08	1.1463e-08	1.0728e-08	1.019e-08	1.0083e-08	1.0707e-08	1.1702e-08	1.1934e-08	1.1911e-08	1.2546e-08	1.3385e-08	1.3276e-08	1.2884e-08	1.2014e-08	1.0429e-08	9.2333e-09	9.1428e-09	9.5712e-09	1.0402e-08	1.1736e-08	1.2573e-08
1.2281e-08	9.4584e-09	8.5348e-09	8.3607e-09	9.3648e-09	9.8336e-09	1.1097e-08	1.2916e-08	1.4451e-08	1.478e-08	1.2301e-08	1.0715e-08	1.0059e-08	9.713e-09	8.1523e-09	6.3534e-09	7.0576e-09	9.2009e-09	1.25e-08	1.5443e-08	1.699e-08	1.8109e-08	1.8243e-08	1.7177e-08	1.3848e-08	1.1705e-08	1.1957e-08	1.1371e-08	1.1179e-08	1.2626e-08	1.3508e-08	1.2255e-08	9.7166e-09	7.1269e-09	6.7113e-09	7.2714e-09	6.3611e-09	5.2901e-09	4.4544e-09	2.8317e-09	1.3887e-09	2.7748e-09	5.6696e-09	8.105e-09	9.6988e-09	1.066e-08	1.4091e-08	1.7493e-08	1.9403e-08	2.0333e-08	2.024e-08	1.9638e-08	1.9355e-08	1.8398e-08	1.6838e-08	1.4146e-08	1.2537e-08	1.1478e-08	1.0302e-08	9.7116e-09	1.0072e-08	1.1164e-08	1.2947e-08	1.4153e-08	1.4341e-08	1.2967e-08	1.1137e-08	1.033e-08	1.0141e-08	9.3425e-09	8.3861e-09	8.2014e-09	8.5457e-09	8.7643e-09	9.1998e-09	9.8354e-09	1.1122e-08	1.2116e-08	1.1446e-08	1.0697e-08	1.0381e-08	9.5797e-09	8.0191e-09	6.7753e-09	5.9134e-09	7.4086e-09	1.0418e-08	1.3114e-08	1.4758e-08	1.5027e-08	1.3774e-08	1.2391e-08	1.1821e-08	1.1392e-08	1.0959e-08	1.0507e-08	9.1524e-09	9.4511e-09	1.0328e-08	1.0158e-08	9.5551e-09	9.9648e-09	1.0419e-08	1.0289e-08	9.98e-09	1.0054e-08	1.0169e-08	1.0134e-08	9.8875e-09	1.0466e-08	1.012e-08	9.7199e-09	1.0876e-08	1.2379e-08	1.3496e-08	1.4334e-08	1.5342e-08	1.601e-08	1.5747e-08	1.4076e-08	1.1935e-08	1.0001e-08	9.3479e-09	9.5488e-09	1.0097e-08	1.0276e-08	1.0904e-08	1.239e-08
1.3656e-08	1.083e-08	9.9852e-09	8.6735e-09	9.6924e-09	1.1709e-08	1.3332e-08	1.4148e-08	1.3441e-08	1.2288e-08	1.2525e-08	1.2218e-08	1.1235e-08	9.9854e-09	7.7883e-09	5.4439e-09	5.6309e-09	7.3677e-09	1.0437e-08	1.3509e-08	1.5308e-08	1.6724e-08	1.7129e-08	1.4405e-08	1.3261e-08	1.3618e-08	1.3935e-08	1.4037e-08	1.3825e-08	1.3096e-08	1.133e-08	8.6534e-09	7.707e-09	7.4001e-09	7.1804e-09	6.6901e-09	5.072e-09	4.6851e-09	4.8058e-09	4.7891e-09	3.3264e-09	2.9111e-09	5.1407e-09	8.1616e-09	1.0042e-08	1.1231e-08	1.3249e-08	1.5157e-08	1.6539e-08	1.787e-08	1.8486e-08	1.847e-08	1.7652e-08	1.6076e-08	1.448e-08	1.4753e-08	1.4079e-08	1.2774e-08	1.2374e-08	1.239e-08	1.3379e-08	1.4774e-08	1.5829e-08	1.6204e-08	1.5652e-08	1.4759e-08	1.3506e-08	1.1811e-08	9.1651e-09	7.4415e-09	6.8766e-09	7.5697e-09	8.2659e-09	8.6066e-09	9.1661e-09	1.0221e-08	1.0873e-08	1.0708e-08	9.9792e-09	9.5613e-09	8.9847e-09	7.4453e-09	6.0536e-09	6.7489e-09	7.4715e-09	8.7795e-09	1.2022e-08	1.4943e-08	1.651e-08	1.6749e-08	1.5987e-08	1.5013e-08	1.2036e-08	1.0457e-08	1.0289e-08	9.8796e-09	9.5413e-09	9.2058e-09	8.9961e-09	8.9069e-09	9.3639e-09	9.3886e-09	9.2622e-09	9.9185e-09	1.0907e-08	1.0986e-08	1.1137e-08	1.1091e-08	1.1013e-08	1.0619e-08	1.0017e-08	8.963e-09	9.7108e-09	1.1134e-08	1.2455e-08	1.4069e-08	1.5059e-08	1.3997e-08	1.2801e-08	1.2414e-08	1.2114e-08	1.1509e-08	1.1221e-08	1.157e-08	1.1719e-08	1.0514e-08	1.0306e-08	1.0985e-08
1.5414e-08	1.2226e-08	1.1223e-08	9.9393e-09	8.763e-09	9.7311e-09	1.1722e-08	1.2958e-08	1.3525e-08	1.2729e-08	1.2398e-08	1.1728e-08	1.1018e-08	1.0501e-08	9.4749e-09	6.6525e-09	4.1798e-09	5.7023e-09	9.4805e-09	1.3059e-08	1.5288e-08	1.6657e-08	1.7164e-08	1.5745e-08	1.4184e-08	1.3254e-08	1.3632e-08	1.3831e-08	1.2884e-08	1.2142e-08	1.044e-08	8.476e-09	7.4924e-09	8.0249e-09	9.2566e-09	1.007e-08	1.0172e-08	8.6873e-09	7.616e-09	6.5609e-09	4.5365e-09	3.648e-09	4.9652e-09	8.1165e-09	1.1297e-08	1.3279e-08	1.3705e-08	1.3077e-08	1.204e-08	1.2775e-08	1.3445e-08	1.3826e-08	1.4118e-08	1.3311e-08	1.2972e-08	1.2833e-08	1.2813e-08	1.3046e-08	1.3487e-08	1.3194e-08	1.3403e-08	1.4916e-08	1.5718e-08	1.5888e-08	1.514e-08	1.4321e-08	1.256e-08	9.6484e-09	6.6775e-09	6.5598e-09	6.5966e-09	7.1155e-09	7.8564e-09	7.7885e-09	7.8573e-09	9.6642e-09	1.0751e-08	1.0855e-08	9.6709e-09	8.6898e-09	8.0318e-09	7.7602e-09	7.4923e-09	9.2829e-09	1.1493e-08	1.2613e-08	1.4409e-08	1.6634e-08	1.7849e-08	1.7929e-08	1.7552e-08	1.6264e-08	1.3828e-08	1.2892e-08	1.2473e-08	1.0772e-08	1.0554e-08	9.0501e-09	7.8019e-09	8.4767e-09	9.3981e-09	9.955e-09	1.0284e-08	1.0664e-08	1.1512e-08	1.1351e-08	1.0997e-08	1.1105e-08	1.1129e-08	1.1085e-08	1.0298e-08	9.9423e-09	9.3829e-09	1.0016e-08	1.1881e-08	1.3224e-08	1.3438e-08	1.3246e-08	1.2766e-08	1.2092e-08	1.0851e-08	1.0369e-08	1.0264e-08	1.0191e-08	1.1058e-08	1.1089e-08	1.0584e-08	9.823e-09
1.4666e-08	1.2064e-08	1.2149e-08	1.1806e-08	1.1115e-08	1.1462e-08	1.254e-08	1.3516e-08	1.4101e-08	1.2949e-08	1.2275e-08	1.1915e-08	1.078e-08	9.5729e-09	9.5113e-09	8.3306e-09	6.6792e-09	7.8938e-09	9.2475e-09	1.0912e-08	1.2839e-08	1.3644e-08	1.313e-08	1.3112e-08	1.2498e-08	1.1161e-08	1.2126e-08	1.2516e-08	1.1569e-08	1.1043e-08	1.0215e-08	9.4467e-09	8.9912e-09	9.3441e-09	1.0145e-08	1.0559e-08	9.91e-09	9.6313e-09	9.3866e-09	8.2065e-09	6.8985e-09	4.4652e-09	4.9511e-09	8.9613e-09	1.2221e-08	1.4214e-08	1.511e-08	1.4661e-08	1.2801e-08	1.0512e-08	9.6489e-09	9.7389e-09	1.0526e-08	1.1358e-08	1.2427e-08	1.3519e-08	1.3595e-08	1.2995e-08	1.2905e-08	1.2773e-08	1.33e-08	1.4105e-08	1.4822e-08	1.5238e-08	1.4788e-08	1.4217e-08	1.1951e-08	1.0178e-08	8.9601e-09	7.6819e-09	7.2783e-09	7.5836e-09	7.647e-09	7.3973e-09	7.401e-09	8.4641e-09	9.1656e-09	9.2405e-09	9.6547e-09	1.0262e-08	1.0535e-08	1.0526e-08	1.0362e-08	1.1708e-08	1.338e-08	1.4109e-08	1.4886e-08	1.615e-08	1.7359e-08	1.7607e-08	1.683e-08	1.5389e-08	1.367e-08	1.2964e-08	1.223e-08	1.0165e-08	8.2011e-09	7.0763e-09	7.8388e-09	9.5955e-09	1.1057e-08	1.1525e-08	1.1665e-08	1.1915e-08	1.1866e-08	1.1553e-08	1.1769e-08	1.1795e-08	1.1445e-08	1.1051e-08	1.065e-08	1.0332e-08	9.5244e-09	1.0114e-08	1.2004e-08	1.2986e-08	1.2609e-08	1.2175e-08	1.1918e-08	1.0895e-08	1.0576e-08	1.0518e-08	9.9081e-09	1.0066e-08	1.0556e-08	1.0923e-08	1.002e-08	8.741e-09
1.3564e-08	1.1402e-08	1.1691e-08	1.1748e-08	1.1314e-08	1.0449e-08	1.1325e-08	1.3088e-08	1.4445e-08	1.436e-08	1.4012e-08	1.2925e-08	1.1594e-08	1.0879e-08	1.0756e-08	1.1309e-08	1.2035e-08	1.2772e-08	1.2713e-08	1.0905e-08	9.908e-09	1.1486e-08	1.2895e-08	1.2732e-08	1.1865e-08	9.3266e-09	8.8952e-09	9.6513e-09	1.0218e-08	9.5566e-09	8.1176e-09	8.6318e-09	9.151e-09	1.038e-08	1.1237e-08	1.0277e-08	9.2683e-09	8.8313e-09	7.9327e-09	7.0017e-09	6.8267e-09	6.8403e-09	7.8143e-09	9.4824e-09	1.1333e-08	1.2725e-08	1.2822e-08	1.2478e-08	1.1571e-08	1.0474e-08	9.2599e-09	9.6033e-09	9.8773e-09	9.3398e-09	9.6645e-09	1.0627e-08	1.107e-08	1.1468e-08	1.2099e-08	1.193e-08	1.2483e-08	1.3284e-08	1.4158e-08	1.5617e-08	1.5946e-08	1.5093e-08	1.4329e-08	1.2483e-08	9.9581e-09	7.213e-09	7.4896e-09	8.4661e-09	9.5386e-09	9.9819e-09	8.9558e-09	8.8543e-09	1.0159e-08	1.1951e-08	1.3733e-08	1.4543e-08	1.4056e-08	1.2776e-08	1.2329e-08	1.3196e-08	1.3877e-08	1.3696e-08	1.3262e-08	1.3833e-08	1.4717e-08	1.4505e-08	1.4341e-08	1.4146e-08	1.3813e-08	1.4297e-08	1.2442e-08	9.8567e-09	8.9321e-09	8.3113e-09	9.7183e-09	1.1664e-08	1.2403e-08	1.2214e-08	1.1204e-08	9.6647e-09	1.0059e-08	1.045e-08	9.8532e-09	9.6666e-09	9.9949e-09	1.0345e-08	1.0281e-08	1.0542e-08	1.0555e-08	1.0828e-08	1.1408e-08	1.2666e-08	1.3494e-08	1.3017e-08	1.1292e-08	1.0275e-08	1.0655e-08	1.0915e-08	1.0286e-08	9.4924e-09	1.0004e-08	1.0358e-08	1.0214e-08	9.2255e-09
1.1619e-08	1.0083e-08	1.1418e-08	1.1819e-08	1.1979e-08	1.1942e-08	1.2271e-08	1.194e-08	1.2812e-08	1.3991e-08	1.3936e-08	1.2889e-08	1.1717e-08	1.1566e-08	1.1901e-08	1.167e-08	1.1251e-08	1.1007e-08	1.032e-08	1.0228e-08	1.0651e-08	1.1084e-08	1.1841e-08	1.2337e-08	1.2051e-08	1.1367e-08	1.2098e-08	1.1247e-08	1.0341e-08	9.9158e-09	8.6337e-09	8.0874e-09	9.178e-09	1.0607e-08	1.1173e-08	1.0018e-08	6.7276e-09	4.8106e-09	5.647e-09	6.8278e-09	7.0321e-09	6.9749e-09	8.1803e-09	1.0139e-08	1.1733e-08	1.3356e-08	1.3727e-08	1.3249e-08	1.2305e-08	1.1694e-08	1.1105e-08	1.1663e-08	1.216e-08	1.12e-08	1.0188e-08	9.9822e-09	1.0287e-08	1.0486e-08	1.0916e-08	1.1537e-08	1.3618e-08	1.5369e-08	1.6347e-08	1.6414e-08	1.5671e-08	1.5704e-08	1.5673e-08	1.4243e-08	1.1712e-08	1.0026e-08	9.1558e-09	1.0004e-08	1.0967e-08	1.0924e-08	9.7643e-09	9.7478e-09	1.18e-08	1.3878e-08	1.4807e-08	1.4541e-08	1.3116e-08	1.2502e-08	1.2922e-08	1.3867e-08	1.4569e-08	1.371e-08	1.0327e-08	7.8431e-09	7.3415e-09	7.6432e-09	8.9563e-09	9.6906e-09	1.0376e-08	1.0544e-08	1.0365e-08	1.0485e-08	1.0085e-08	9.9897e-09	1.0635e-08	1.1478e-08	1.1401e-08	1.1276e-08	1.049e-08	9.2629e-09	9.1544e-09	1.0198e-08	1.0868e-08	1.0678e-08	1.0628e-08	1.1131e-08	1.1699e-08	1.1538e-08	1.1363e-08	1.1828e-08	1.2338e-08	1.2556e-08	1.2371e-08	1.1799e-08	1.1171e-08	1.0826e-08	1.0687e-08	1.0926e-08	1.0917e-08	1.1251e-08	1.1527e-08	1.1332e-08	1.1365e-08	1.1013e-08
1.0639e-08	9.4949e-09	1.1569e-08	1.2768e-08	1.3184e-08	1.2119e-08	1.1376e-08	1.1659e-08	1.1928e-08	1.2651e-08	1.3638e-08	1.2652e-08	1.2323e-08	1.3021e-08	1.3238e-08	1.3409e-08	1.2808e-08	1.2666e-08	1.2388e-08	1.1334e-08	1.0788e-08	1.153e-08	1.2344e-08	1.1503e-08	1.0583e-08	1.0833e-08	1.0657e-08	9.4526e-09	8.3803e-09	7.7922e-09	7.6207e-09	8.0717e-09	1.0255e-08	1.1709e-08	1.0719e-08	8.0496e-09	5.7505e-09	3.3266e-09	4.2744e-09	5.431e-09	6.0179e-09	6.6548e-09	8.1942e-09	1.0502e-08	1.2132e-08	1.2836e-08	1.2613e-08	1.223e-08	1.2671e-08	1.2437e-08	1.205e-08	1.3022e-08	1.3984e-08	1.432e-08	1.4056e-08	1.2974e-08	1.1615e-08	9.3294e-09	8.4214e-09	9.5785e-09	1.2585e-08	1.4922e-08	1.5975e-08	1.6201e-08	1.6061e-08	1.6121e-08	1.6041e-08	1.4827e-08	1.2795e-08	1.1397e-08	1.059e-08	1.0474e-08	1.0746e-08	1.0635e-08	1.011e-08	1.0503e-08	1.1662e-08	1.3287e-08	1.4368e-08	1.4344e-08	1.3128e-08	1.2773e-08	1.3218e-08	1.3078e-08	1.2747e-08	1.1753e-08	9.0855e-09	7.2954e-09	7.6449e-09	8.8284e-09	9.8597e-09	1.0589e-08	1.0439e-08	9.57e-09	9.2061e-09	1.0043e-08	1.0457e-08	9.7312e-09	8.6425e-09	8.8333e-09	9.3659e-09	1.0189e-08	1.1243e-08	1.1928e-08	1.2507e-08	1.1866e-08	1.1152e-08	1.1109e-08	1.1509e-08	1.1969e-08	1.2248e-08	1.1893e-08	1.1403e-08	1.1577e-08	1.1797e-08	1.16e-08	1.1139e-08	1.071e-08	1.0338e-08	1.0845e-08	1.2081e-08	1.2489e-08	1.1706e-08	1.0979e-08	1.0935e-08	1.1476e-08	1.115e-08	9.9745e-09
9.8662e-09	9.3826e-09	1.0855e-08	1.2141e-08	1.2421e-08	1.1758e-08	1.0278e-08	9.9311e-09	1.0372e-08	1.0386e-08	9.3375e-09	8.0731e-09	9.3016e-09	1.1118e-08	1.2769e-08	1.4022e-08	1.4983e-08	1.5111e-08	1.5339e-08	1.5301e-08	1.5151e-08	1.4982e-08	1.3193e-08	1.2215e-08	1.2702e-08	1.2937e-08	1.1814e-08	1.0734e-08	1.0619e-08	1.0825e-08	1.028e-08	8.9972e-09	8.8668e-09	9.1066e-09	9.6227e-09	7.8278e-09	5.0869e-09	4.1911e-09	5.4499e-09	6.3029e-09	6.2686e-09	6.5e-09	8.0693e-09	1.0075e-08	1.1182e-08	1.1411e-08	1.155e-08	1.2122e-08	1.2651e-08	1.1481e-08	1.0637e-08	1.2007e-08	1.2767e-08	1.3055e-08	1.3929e-08	1.4615e-08	1.4591e-08	1.2982e-08	1.1388e-08	1.2423e-08	1.432e-08	1.5581e-08	1.5769e-08	1.4788e-08	1.3587e-08	1.38e-08	1.4403e-08	1.4177e-08	1.2925e-08	1.1167e-08	1.1214e-08	1.128e-08	1.1423e-08	1.1942e-08	1.1849e-08	1.1098e-08	1.0564e-08	1.0762e-08	1.1694e-08	1.1721e-08	1.1709e-08	1.2259e-08	1.3029e-08	1.2308e-08	1.1063e-08	1.0154e-08	8.3371e-09	7.0323e-09	7.2604e-09	8.4749e-09	1.0183e-08	1.1159e-08	1.0918e-08	9.595e-09	8.0108e-09	8.1212e-09	8.9825e-09	9.2681e-09	8.4395e-09	7.79e-09	8.7391e-09	1.0143e-08	1.2561e-08	1.3916e-08	1.3669e-08	1.2528e-08	1.1389e-08	1.1083e-08	1.1288e-08	1.202e-08	1.2608e-08	1.2025e-08	1.1476e-08	1.1246e-08	1.0736e-08	1.0956e-08	1.1489e-08	1.1024e-08	1.0863e-08	1.1259e-08	1.141e-08	1.1941e-08	1.136e-08	1.0457e-08	1.1332e-08	1.2974e-08	1.3177e-08	1.2132e-08
1.0132e-08	8.6628e-09	9.4146e-09	1.0141e-08	1.0329e-08	8.8741e-09	8.1251e-09	9.9157e-09	1.0451e-08	1.024e-08	9.5635e-09	8.3553e-09	8.6946e-09	1.0313e-08	1.1779e-08	1.3008e-08	1.3035e-08	1.275e-08	1.4318e-08	1.6019e-08	1.6656e-08	1.5785e-08	1.4566e-08	1.3756e-08	1.3932e-08	1.4304e-08	1.3884e-08	1.1818e-08	1.1386e-08	1.1346e-08	1.0765e-08	9.9714e-09	1.0263e-08	1.0923e-08	1.0778e-08	9.0849e-09	6.8958e-09	6.0909e-09	7.3977e-09	8.5075e-09	7.9535e-09	7.6777e-09	8.7587e-09	1.0056e-08	1.0864e-08	1.1373e-08	1.1876e-08	1.2654e-08	1.3374e-08	1.2833e-08	1.1041e-08	1.0788e-08	1.3046e-08	1.5224e-08	1.6373e-08	1.5673e-08	1.4979e-08	1.3689e-08	1.3058e-08	1.3774e-08	1.3928e-08	1.3463e-08	1.2885e-08	1.2769e-08	1.2291e-08	1.2418e-08	1.3699e-08	1.4281e-08	1.2749e-08	1.1621e-08	1.1422e-08	1.1799e-08	1.1833e-08	1.1445e-08	1.0881e-08	1.0867e-08	1.0016e-08	9.0571e-09	8.9549e-09	9.9059e-09	1.0605e-08	1.1003e-08	1.1181e-08	1.0413e-08	9.0496e-09	8.6865e-09	8.6344e-09	8.3998e-09	8.1948e-09	8.4144e-09	9.4508e-09	9.8244e-09	9.4772e-09	8.5846e-09	6.8345e-09	6.7279e-09	8.0904e-09	9.4941e-09	1.0713e-08	1.0643e-08	1.0544e-08	1.0985e-08	1.1654e-08	1.1646e-08	1.1137e-08	1.0872e-08	1.0817e-08	1.0712e-08	1.0998e-08	1.1512e-08	1.1489e-08	1.088e-08	1.0972e-08	1.1062e-08	1.1049e-08	1.1582e-08	1.2363e-08	1.2152e-08	1.1392e-08	1.1255e-08	1.2199e-08	1.2394e-08	1.1704e-08	1.1576e-08	1.3187e-08	1.4631e-08	1.4459e-08	1.4089e-08
9.1473e-09	7.6382e-09	8.6383e-09	9.4546e-09	9.5566e-09	8.7868e-09	7.989e-09	8.3373e-09	8.9673e-09	9.2612e-09	8.7322e-09	7.0744e-09	6.4165e-09	6.367e-09	7.144e-09	8.2366e-09	1.1513e-08	1.5443e-08	1.7637e-08	1.8839e-08	1.9353e-08	1.886e-08	1.7002e-08	1.4668e-08	1.4747e-08	1.6072e-08	1.6373e-08	1.4733e-08	1.2535e-08	1.2134e-08	1.2427e-08	1.3063e-08	1.2948e-08	1.1822e-08	1.0428e-08	9.3718e-09	8.2172e-09	7.434e-09	7.6725e-09	8.1687e-09	7.728e-09	8.8304e-09	1.0518e-08	1.1755e-08	1.1855e-08	1.1266e-08	1.1951e-08	1.3318e-08	1.3482e-08	1.2163e-08	1.1297e-08	1.18e-08	1.4152e-08	1.6425e-08	1.7254e-08	1.6531e-08	1.5237e-08	1.3566e-08	1.1958e-08	1.1308e-08	1.0728e-08	1.0439e-08	1.1054e-08	1.1894e-08	1.1877e-08	1.1464e-08	1.184e-08	1.1406e-08	1.1931e-08	1.2451e-08	1.2517e-08	1.1684e-08	1.0874e-08	1.0218e-08	9.442e-09	8.8647e-09	8.5606e-09	7.3834e-09	7.8644e-09	9.6358e-09	1.0842e-08	1.1591e-08	1.1377e-08	1.0217e-08	9.5947e-09	9.2572e-09	8.6305e-09	8.6022e-09	8.9348e-09	9.6053e-09	1.0423e-08	9.9721e-09	8.9148e-09	7.2182e-09	5.4368e-09	6.6074e-09	8.5553e-09	1.0084e-08	1.098e-08	1.0836e-08	1.0435e-08	1.0496e-08	1.1015e-08	1.11e-08	1.0696e-08	1.035e-08	1.0289e-08	1.0081e-08	1.0191e-08	1.0756e-08	1.1149e-08	1.0557e-08	1.0265e-08	1.0818e-08	1.1606e-08	1.2251e-08	1.2432e-08	1.2494e-08	1.2879e-08	1.3497e-08	1.362e-08	1.3132e-08	1.3078e-08	1.3965e-08	1.4646e-08	1.4319e-08	1.323e-08	1.2558e-08
8.7679e-09	7.2202e-09	8.3622e-09	9.2997e-09	9.2441e-09	8.0355e-09	6.8679e-09	6.952e-09	6.5991e-09	6.9292e-09	7.6237e-09	8.4286e-09	8.4801e-09	6.6071e-09	6.6216e-09	9.294e-09	1.2901e-08	1.6527e-08	1.8799e-08	1.9979e-08	1.9898e-08	1.8669e-08	1.7528e-08	1.6539e-08	1.643e-08	1.6974e-08	1.6801e-08	1.4833e-08	1.19e-08	1.0235e-08	9.9223e-09	9.9742e-09	1.1119e-08	1.251e-08	1.2559e-08	1.131e-08	8.801e-09	8.1051e-09	8.7302e-09	8.8614e-09	9.5169e-09	1.1791e-08	1.375e-08	1.4758e-08	1.4835e-08	1.3769e-08	1.2668e-08	1.2489e-08	1.19e-08	1.0575e-08	9.1299e-09	9.71e-09	1.2401e-08	1.4396e-08	1.5025e-08	1.4118e-08	1.3262e-08	1.2658e-08	1.1411e-08	1.0795e-08	1.1398e-08	1.2047e-08	1.2231e-08	1.1887e-08	1.1707e-08	1.2204e-08	1.1805e-08	1.1264e-08	1.121e-08	1.0552e-08	1.0092e-08	1.0355e-08	1.0377e-08	1.0301e-08	9.4811e-09	8.4665e-09	8.7754e-09	8.529e-09	8.1597e-09	9.2033e-09	1.0212e-08	1.0361e-08	9.949e-09	9.4213e-09	9.4909e-09	9.5404e-09	9.7105e-09	9.912e-09	9.6181e-09	9.8032e-09	9.6998e-09	9.5381e-09	9.6362e-09	9.2184e-09	7.4936e-09	7.5234e-09	9.1989e-09	1.0873e-08	1.1281e-08	1.0931e-08	1.0898e-08	1.0741e-08	1.0637e-08	1.0226e-08	9.9503e-09	9.897e-09	9.6919e-09	9.6722e-09	9.9469e-09	1.031e-08	9.476e-09	9.2215e-09	1.0181e-08	1.112e-08	1.0935e-08	1.0938e-08	1.2367e-08	1.437e-08	1.5563e-08	1.5854e-08	1.5298e-08	1.445e-08	1.3991e-08	1.4124e-08	1.4501e-08	1.3813e-08	1.1819e-08	9.6721e-09
8.0666e-09	5.99e-09	6.2665e-09	7.7658e-09	9.1052e-09	9.2591e-09	7.6567e-09	7.6199e-09	8.2784e-09	7.8053e-09	8.6475e-09	1.0144e-08	1.0702e-08	1.0499e-08	1.0557e-08	1.1002e-08	1.1478e-08	1.473e-08	1.7836e-08	1.9415e-08	1.9509e-08	1.797e-08	1.67e-08	1.547e-08	1.5141e-08	1.5563e-08	1.5412e-08	1.4269e-08	1.2274e-08	1.1708e-08	1.2306e-08	1.2357e-08	1.2431e-08	1.2228e-08	1.1311e-08	1.0497e-08	9.3507e-09	7.8694e-09	8.2493e-09	9.4128e-09	1.1312e-08	1.2973e-08	1.4224e-08	1.466e-08	1.4514e-08	1.3085e-08	9.9369e-09	8.6385e-09	8.4477e-09	6.7059e-09	6.1915e-09	7.5061e-09	9.5547e-09	1.1531e-08	1.2409e-08	1.2588e-08	1.2896e-08	1.2178e-08	1.1266e-08	1.1764e-08	1.2728e-08	1.3616e-08	1.3943e-08	1.3774e-08	1.3298e-08	1.2749e-08	1.1191e-08	1.0654e-08	1.0388e-08	9.7851e-09	9.5158e-09	1.0003e-08	1.0491e-08	1.1006e-08	1.0885e-08	1.0952e-08	1.1255e-08	1.0397e-08	9.1738e-09	9.4799e-09	9.594e-09	8.4321e-09	8.1925e-09	8.7987e-09	9.593e-09	9.8725e-09	9.9982e-09	9.6084e-09	9.1762e-09	9.829e-09	1.0695e-08	1.1539e-08	1.2505e-08	1.2037e-08	1.1095e-08	1.0667e-08	1.1471e-08	1.2508e-08	1.2516e-08	1.1622e-08	1.0838e-08	1.0426e-08	1.0112e-08	9.4775e-09	9.1858e-09	8.6418e-09	8.0209e-09	8.7575e-09	9.9492e-09	1.0481e-08	1.0119e-08	9.629e-09	9.9619e-09	9.8441e-09	9.8289e-09	1.0414e-08	1.2087e-08	1.3935e-08	1.5456e-08	1.5906e-08	1.5238e-08	1.4744e-08	1.4748e-08	1.444e-08	1.3609e-08	1.2395e-08	1.0153e-08	8.6469e-09
8.0783e-09	5.2475e-09	5.2674e-09	6.6239e-09	8.547e-09	9.6341e-09	1.0566e-08	1.0538e-08	9.9097e-09	1.0027e-08	1.1442e-08	1.2372e-08	1.2014e-08	1.1155e-08	1.173e-08	1.2491e-08	1.2736e-08	1.3925e-08	1.5817e-08	1.694e-08	1.6979e-08	1.5465e-08	1.3012e-08	1.2263e-08	1.0831e-08	9.7444e-09	1.0764e-08	1.1093e-08	1.1432e-08	1.2693e-08	1.4533e-08	1.5456e-08	1.525e-08	1.4675e-08	1.3741e-08	1.3157e-08	1.2328e-08	1.168e-08	1.1974e-08	1.2675e-08	1.3192e-08	1.3412e-08	1.3144e-08	1.2541e-08	1.1945e-08	1.0287e-08	8.4977e-09	8.2951e-09	7.2124e-09	6.024e-09	5.4858e-09	6.081e-09	7.9401e-09	9.9906e-09	1.1268e-08	1.1525e-08	1.1086e-08	1.0514e-08	1.1361e-08	1.3431e-08	1.4934e-08	1.5593e-08	1.4646e-08	1.3223e-08	1.2356e-08	1.1138e-08	9.9776e-09	9.0729e-09	9.1118e-09	8.9951e-09	9.5985e-09	1.0169e-08	1.0664e-08	1.1143e-08	1.1345e-08	1.1942e-08	1.2011e-08	1.0596e-08	9.2594e-09	9.1135e-09	8.8431e-09	8.0212e-09	7.9649e-09	8.0626e-09	8.4741e-09	9.3954e-09	1e-08	9.8557e-09	9.4691e-09	1.0173e-08	1.2098e-08	1.3736e-08	1.4277e-08	1.374e-08	1.3481e-08	1.3096e-08	1.3171e-08	1.3665e-08	1.319e-08	1.1425e-08	9.9537e-09	9.5581e-09	9.2092e-09	8.6085e-09	8.2908e-09	8.3763e-09	9.2743e-09	1.0461e-08	1.0787e-08	1.0682e-08	1.0893e-08	1.1126e-08	1.0531e-08	1.0072e-08	1.1136e-08	1.2263e-08	1.3088e-08	1.4237e-08	1.5365e-08	1.5833e-08	1.5284e-08	1.3574e-08	1.3017e-08	1.2971e-08	1.2049e-08	1.0253e-08	8.0933e-09	7.2671e-09
1.052e-08	7.0541e-09	6.8537e-09	7.4792e-09	8.6423e-09	9.4773e-09	1.0067e-08	1.0368e-08	9.7807e-09	9.769e-09	1.0908e-08	1.1747e-08	1.1224e-08	1.1536e-08	1.3281e-08	1.4476e-08	1.4613e-08	1.4648e-08	1.5232e-08	1.5792e-08	1.5044e-08	1.1605e-08	9.2295e-09	8.8068e-09	8.3933e-09	8.0034e-09	8.5846e-09	9.9356e-09	1.1898e-08	1.4671e-08	1.6232e-08	1.6467e-08	1.5786e-08	1.4281e-08	1.2583e-08	1.1695e-08	1.217e-08	1.2982e-08	1.358e-08	1.3721e-08	1.3897e-08	1.3961e-08	1.2889e-08	1.1033e-08	1.0224e-08	1.0597e-08	1.1315e-08	1.2096e-08	1.1707e-08	9.1682e-09	5.0601e-09	4.9137e-09	7.3661e-09	9.3129e-09	1.0432e-08	1.0488e-08	1.0351e-08	1.0317e-08	1.2041e-08	1.4529e-08	1.6369e-08	1.6833e-08	1.5261e-08	1.2948e-08	1.0845e-08	9.6558e-09	7.7794e-09	7.2839e-09	8.1374e-09	8.928e-09	9.5144e-09	1.0144e-08	1.1096e-08	1.1587e-08	1.1766e-08	1.2316e-08	1.1639e-08	1.0396e-08	9.219e-09	8.4594e-09	7.5377e-09	7.6032e-09	7.9038e-09	8.3947e-09	8.9267e-09	9.7364e-09	1.0652e-08	1.1418e-08	1.1015e-08	1.0606e-08	1.1708e-08	1.2514e-08	1.2988e-08	1.2334e-08	1.2063e-08	1.2233e-08	1.2899e-08	1.3447e-08	1.3167e-08	1.1773e-08	1.02e-08	9.855e-09	9.5208e-09	8.7179e-09	8.3119e-09	8.3921e-09	9.2462e-09	1.0825e-08	1.1635e-08	1.145e-08	1.1086e-08	1.0872e-08	1.1271e-08	1.2358e-08	1.3469e-08	1.4674e-08	1.5666e-08	1.6437e-08	1.7045e-08	1.682e-08	1.45e-08	1.1416e-08	1.1074e-08	1.1347e-08	1.0389e-08	7.9923e-09	5.9713e-09	6.8406e-09
1.1304e-08	7.0489e-09	6.6381e-09	7.5681e-09	8.3379e-09	8.9016e-09	9.205e-09	8.4805e-09	7.7417e-09	8.2151e-09	9.762e-09	1.1426e-08	1.2176e-08	1.3294e-08	1.5315e-08	1.6219e-08	1.5631e-08	1.3903e-08	1.3382e-08	1.405e-08	1.3858e-08	1.202e-08	9.8039e-09	9.0722e-09	1.0501e-08	1.1991e-08	1.2998e-08	1.393e-08	1.4966e-08	1.7052e-08	1.8309e-08	1.796e-08	1.5191e-08	1.1277e-08	8.4905e-09	8.6065e-09	1.0604e-08	1.2416e-08	1.3296e-08	1.2908e-08	1.1805e-08	1.1192e-08	9.8935e-09	8.6046e-09	8.4311e-09	9.5379e-09	1.082e-08	1.1226e-08	1.0216e-08	8.6719e-09	8.1513e-09	7.2764e-09	8.1596e-09	1.0277e-08	1.1172e-08	1.0747e-08	1.0927e-08	1.2204e-08	1.4102e-08	1.546e-08	1.5747e-08	1.5368e-08	1.4592e-08	1.2913e-08	1.095e-08	8.3895e-09	6.3999e-09	6.2713e-09	8.2306e-09	9.6561e-09	1.0303e-08	1.0648e-08	1.1654e-08	1.2554e-08	1.2858e-08	1.2609e-08	1.1792e-08	1.0564e-08	9.9581e-09	9.1567e-09	8.071e-09	7.8818e-09	8.4011e-09	8.9066e-09	9.5076e-09	1.0457e-08	1.1843e-08	1.2787e-08	1.2125e-08	1.0636e-08	1.0655e-08	1.1259e-08	1.1289e-08	1.0084e-08	9.3288e-09	1.0981e-08	1.26e-08	1.3111e-08	1.2754e-08	1.127e-08	1.0378e-08	1.0545e-08	1.0247e-08	9.2935e-09	9.6096e-09	1.0565e-08	1.1195e-08	1.0859e-08	1.0648e-08	1.1125e-08	1.0829e-08	1.0295e-08	1.0488e-08	1.1616e-08	1.2687e-08	1.3831e-08	1.4986e-08	1.5635e-08	1.5477e-08	1.4758e-08	1.3432e-08	1.2235e-08	1.1711e-08	1.0558e-08	9.0504e-09	7.8782e-09	9.0611e-09	1.1038e-08
9.6812e-09	5.4628e-09	4.8227e-09	5.7994e-09	6.9832e-09	7.6945e-09	8.4153e-09	8.8087e-09	9.4148e-09	1.0626e-08	1.24e-08	1.354e-08	1.3788e-08	1.3302e-08	1.3992e-08	1.4649e-08	1.3567e-08	1.114e-08	9.9145e-09	1.1868e-08	1.2672e-08	1.1574e-08	1.0066e-08	9.9842e-09	1.1593e-08	1.2937e-08	1.3573e-08	1.3843e-08	1.4301e-08	1.6233e-08	1.7517e-08	1.7067e-08	1.352e-08	9.6908e-09	9.3715e-09	1.0625e-08	1.2182e-08	1.369e-08	1.4789e-08	1.4596e-08	1.2685e-08	1.0132e-08	9.5717e-09	1.0118e-08	1.0759e-08	1.2043e-08	1.3259e-08	1.372e-08	1.3815e-08	1.3597e-08	1.3771e-08	1.3797e-08	1.4061e-08	1.3304e-08	1.0987e-08	9.2227e-09	9.7454e-09	1.1571e-08	1.3711e-08	1.4452e-08	1.4089e-08	1.4121e-08	1.4197e-08	1.2993e-08	1.1292e-08	8.4382e-09	6.2379e-09	5.6258e-09	7.4623e-09	9.1722e-09	9.727e-09	9.6127e-09	9.8243e-09	1.0567e-08	1.1119e-08	1.0744e-08	9.7272e-09	8.2888e-09	7.5213e-09	7.8097e-09	7.6611e-09	7.6025e-09	7.9268e-09	8.7095e-09	9.02e-09	9.7743e-09	1.1138e-08	1.2163e-08	1.1747e-08	9.5992e-09	8.5384e-09	9.4409e-09	1.0013e-08	1.0193e-08	1.0789e-08	1.1263e-08	1.1955e-08	1.2248e-08	1.0974e-08	9.7855e-09	1.0234e-08	1.091e-08	1.1052e-08	1.0781e-08	1.0089e-08	1.068e-08	1.1842e-08	1.1387e-08	1.0541e-08	1.0554e-08	9.9493e-09	9.5738e-09	1.0303e-08	1.1333e-08	1.1311e-08	1.1524e-08	1.2361e-08	1.3256e-08	1.3582e-08	1.299e-08	1.2471e-08	1.3237e-08	1.3771e-08	1.3447e-08	1.2076e-08	1.13e-08	1.267e-08	1.4969e-08
9.4715e-09	5.2883e-09	4.3713e-09	5.3254e-09	7.0127e-09	8.3783e-09	9.1419e-09	9.5991e-09	1.0677e-08	1.2608e-08	1.375e-08	1.4261e-08	1.4574e-08	1.3241e-08	1.1987e-08	1.1862e-08	1.0999e-08	1.0433e-08	1.1044e-08	1.2323e-08	1.2439e-08	1.0731e-08	1.0026e-08	1.1106e-08	1.2027e-08	1.1732e-08	1.1111e-08	1.2163e-08	1.3862e-08	1.5758e-08	1.631e-08	1.4564e-08	1.1122e-08	9.1049e-09	9.9851e-09	1.142e-08	1.2733e-08	1.4935e-08	1.6667e-08	1.6831e-08	1.5098e-08	1.265e-08	1.1204e-08	1.0205e-08	1.0155e-08	1.1748e-08	1.3345e-08	1.3837e-08	1.3674e-08	1.3344e-08	1.3702e-08	1.4302e-08	1.4599e-08	1.4246e-08	1.2932e-08	1.0566e-08	1.0001e-08	1.1176e-08	1.2518e-08	1.2228e-08	1.1226e-08	1.2049e-08	1.2947e-08	1.2644e-08	1.2282e-08	1.1421e-08	1.0293e-08	8.1995e-09	7.4102e-09	8.6972e-09	9.5473e-09	9.4248e-09	8.9784e-09	9.268e-09	1.0004e-08	9.6854e-09	8.7741e-09	8.1456e-09	7.4478e-09	7.2076e-09	7.4092e-09	8.2994e-09	9.788e-09	1.0361e-08	1.0031e-08	1.0331e-08	1.1134e-08	1.1197e-08	9.9779e-09	8.5691e-09	8.2365e-09	8.7294e-09	9.4336e-09	9.9267e-09	1.074e-08	1.1761e-08	1.2618e-08	1.2136e-08	9.9601e-09	9.3331e-09	1.0286e-08	1.0503e-08	1.0874e-08	1.138e-08	1.1896e-08	1.2061e-08	1.1602e-08	1.0539e-08	1.0405e-08	1.0601e-08	1.0659e-08	1.0746e-08	1.1158e-08	1.1227e-08	1.0731e-08	1.0446e-08	1.0733e-08	1.1385e-08	1.1129e-08	1.05e-08	1.0813e-08	1.3088e-08	1.4331e-08	1.4166e-08	1.3402e-08	1.3574e-08	1.4852e-08	1.61e-08
8.3098e-09	6.1834e-09	5.4219e-09	6.0321e-09	7.8905e-09	9.3548e-09	1.0384e-08	1.193e-08	1.4114e-08	1.5825e-08	1.6596e-08	1.6183e-08	1.5023e-08	1.2311e-08	8.9739e-09	7.9329e-09	8.0613e-09	9.6425e-09	1.1899e-08	1.3011e-08	1.1521e-08	9.5332e-09	9.1688e-09	1.022e-08	1.0755e-08	1.0161e-08	9.1826e-09	9.3295e-09	1.1902e-08	1.4096e-08	1.4054e-08	1.241e-08	1.0253e-08	1.0444e-08	1.2297e-08	1.3611e-08	1.4132e-08	1.5346e-08	1.6342e-08	1.6144e-08	1.446e-08	1.2449e-08	1.1195e-08	1.1532e-08	1.112e-08	1.0379e-08	1.1615e-08	1.2278e-08	1.278e-08	1.3834e-08	1.5092e-08	1.58e-08	1.5289e-08	1.3727e-08	1.1312e-08	9.5596e-09	9.4044e-09	9.7492e-09	1.0656e-08	1.1521e-08	1.2455e-08	1.3191e-08	1.2715e-08	1.2768e-08	1.3889e-08	1.3584e-08	1.2984e-08	1.1359e-08	9.2016e-09	8.6113e-09	8.5625e-09	9.0434e-09	9.1687e-09	8.8175e-09	8.9769e-09	9.0712e-09	8.9569e-09	8.7104e-09	8.0666e-09	7.5696e-09	7.8895e-09	8.0834e-09	9.1525e-09	1.0641e-08	1.0734e-08	1.0444e-08	1.0619e-08	1.0242e-08	9.3656e-09	8.4014e-09	7.9758e-09	8.7943e-09	9.6723e-09	1.0509e-08	1.1648e-08	1.2558e-08	1.3043e-08	1.2067e-08	1.046e-08	9.9149e-09	9.54e-09	9.9328e-09	1.0884e-08	1.1742e-08	1.2844e-08	1.3538e-08	1.3012e-08	1.139e-08	1.0611e-08	1.1342e-08	1.2202e-08	1.2189e-08	1.1545e-08	1.0265e-08	9.4156e-09	9.498e-09	9.9353e-09	1.015e-08	1.0626e-08	1.0877e-08	1.2008e-08	1.3211e-08	1.3688e-08	1.3233e-08	1.2117e-08	1.2634e-08	1.3961e-08	1.5279e-08
1.3866e-08	5.9274e-09	6.5526e-09	8.2855e-09	9.542e-09	1.0068e-08	1.0735e-08	1.2784e-08	1.5303e-08	1.6823e-08	1.6838e-08	1.502e-08	1.2448e-08	8.8887e-09	6.794e-09	6.0369e-09	6.5992e-09	8.1714e-09	9.913e-09	9.9294e-09	9.3932e-09	8.8336e-09	8.7552e-09	9.5112e-09	9.6242e-09	9.614e-09	9.8306e-09	1.0349e-08	1.2149e-08	1.349e-08	1.3734e-08	1.2981e-08	1.2299e-08	1.3744e-08	1.5043e-08	1.5709e-08	1.5748e-08	1.5582e-08	1.5692e-08	1.4597e-08	1.2369e-08	1.0713e-08	1.1153e-08	1.2747e-08	1.3178e-08	1.1579e-08	1.0175e-08	9.8266e-09	1.0269e-08	1.2719e-08	1.5199e-08	1.6268e-08	1.5072e-08	1.1937e-08	9.5172e-09	8.4355e-09	9.6763e-09	1.0541e-08	1.1358e-08	1.2441e-08	1.3979e-08	1.4754e-08	1.3608e-08	1.2979e-08	1.391e-08	1.3738e-08	1.276e-08	1.1453e-08	9.3722e-09	8.4327e-09	8.8285e-09	9.6994e-09	9.4239e-09	8.9166e-09	9.1258e-09	9.3063e-09	9.3619e-09	9.4303e-09	9.2927e-09	8.8979e-09	8.8531e-09	9.3515e-09	9.2246e-09	1.0599e-08	1.0783e-08	1.016e-08	1.0064e-08	9.967e-09	9.477e-09	8.3854e-09	8.1115e-09	8.8087e-09	9.7142e-09	1.0524e-08	1.0909e-08	1.077e-08	1.052e-08	1.0812e-08	1.0609e-08	9.7509e-09	9.6916e-09	9.9596e-09	9.961e-09	1.1126e-08	1.3214e-08	1.421e-08	1.3863e-08	1.2726e-08	1.1354e-08	1.1846e-08	1.2765e-08	1.2602e-08	1.1396e-08	9.0132e-09	9.2858e-09	1.0691e-08	1.1233e-08	1.1374e-08	1.1747e-08	1.1456e-08	1.2564e-08	1.3708e-08	1.3768e-08	1.3164e-08	1.1818e-08	1.1674e-08	1.1813e-08	1.2251e-08
1.3826e-08	1.0689e-08	1.2083e-08	1.2788e-08	1.3089e-08	1.2588e-08	1.2135e-08	1.1588e-08	1.1902e-08	1.3573e-08	1.4069e-08	1.3136e-08	1.128e-08	7.7684e-09	7.6378e-09	7.4404e-09	7.7238e-09	9.1335e-09	9.675e-09	8.4085e-09	7.1272e-09	5.6274e-09	5.4437e-09	6.4411e-09	7.8649e-09	9.0138e-09	9.7541e-09	1.0705e-08	1.2009e-08	1.29e-08	1.3526e-08	1.3501e-08	1.3309e-08	1.4198e-08	1.5404e-08	1.6336e-08	1.6405e-08	1.5404e-08	1.3538e-08	1.077e-08	8.9356e-09	9.148e-09	1.1328e-08	1.3086e-08	1.431e-08	1.4142e-08	1.1435e-08	8.8161e-09	9.6195e-09	1.174e-08	1.349e-08	1.3694e-08	1.2152e-08	1.0094e-08	8.5308e-09	9.3705e-09	1.1151e-08	1.2425e-08	1.3674e-08	1.4933e-08	1.5782e-08	1.6057e-08	1.4774e-08	1.4136e-08	1.4401e-08	1.3575e-08	1.1692e-08	9.9729e-09	8.8318e-09	8.548e-09	9.0084e-09	9.6417e-09	9.7296e-09	9.5298e-09	9.295e-09	8.9626e-09	9.3199e-09	9.7301e-09	9.8085e-09	9.9502e-09	1.0234e-08	1.0557e-08	9.9787e-09	9.9785e-09	1.0814e-08	1.1686e-08	1.2227e-08	1.1573e-08	9.9645e-09	8.1967e-09	7.728e-09	8.0517e-09	8.6131e-09	9.9548e-09	1.1253e-08	1.1414e-08	1.0906e-08	1.0339e-08	1.0153e-08	9.727e-09	9.2328e-09	1.0134e-08	1.2724e-08	1.4499e-08	1.4948e-08	1.4841e-08	1.4454e-08	1.3279e-08	1.1098e-08	1.0343e-08	1.0503e-08	1.0184e-08	1.0247e-08	9.9295e-09	1.0836e-08	1.226e-08	1.2655e-08	1.257e-08	1.2697e-08	1.2712e-08	1.2431e-08	1.2156e-08	1.1919e-08	1.1043e-08	9.7865e-09	9.7826e-09	1.0415e-08	1.166e-08
1.733e-08	1.4363e-08	1.4614e-08	1.3739e-08	1.2558e-08	1.2137e-08	1.1311e-08	1.0604e-08	9.6389e-09	1.0398e-08	1.1258e-08	1.1709e-08	1.0906e-08	9.5781e-09	8.9819e-09	8.3666e-09	9.0419e-09	1.0475e-08	1.0601e-08	8.9002e-09	7.6076e-09	6.1483e-09	5.6366e-09	7.2689e-09	8.7341e-09	9.7164e-09	1.0714e-08	1.1545e-08	1.1663e-08	1.1043e-08	1.0827e-08	1.0365e-08	9.9984e-09	1.1974e-08	1.4656e-08	1.5645e-08	1.4953e-08	1.3498e-08	1.1822e-08	1.0046e-08	9.8275e-09	1.1886e-08	1.3273e-08	1.3469e-08	1.3811e-08	1.3455e-08	1.2083e-08	1.0073e-08	1.0084e-08	1.1588e-08	1.2145e-08	1.1415e-08	1.0794e-08	1.1486e-08	1.1893e-08	1.1463e-08	1.1901e-08	1.2533e-08	1.3295e-08	1.4981e-08	1.6328e-08	1.5895e-08	1.39e-08	1.2537e-08	1.2899e-08	1.2269e-08	1.05e-08	9.4922e-09	9.0528e-09	9.0532e-09	8.6975e-09	8.6934e-09	8.8803e-09	9.1952e-09	9.4358e-09	9.2584e-09	9.0513e-09	9.3103e-09	9.0794e-09	9.504e-09	1.0462e-08	1.0585e-08	1.0481e-08	9.5144e-09	9.7196e-09	1.0795e-08	1.1374e-08	1.1204e-08	1.014e-08	8.2271e-09	6.9377e-09	6.2743e-09	6.5423e-09	8.6158e-09	1.0532e-08	1.1472e-08	1.2041e-08	1.3201e-08	1.385e-08	1.3905e-08	1.3984e-08	1.5246e-08	1.6494e-08	1.6355e-08	1.5473e-08	1.4893e-08	1.434e-08	1.3149e-08	1.1097e-08	1.0643e-08	1.1651e-08	1.2242e-08	1.313e-08	1.3497e-08	1.3273e-08	1.2882e-08	1.2323e-08	1.1905e-08	1.1969e-08	1.1112e-08	1.0306e-08	9.2696e-09	8.1491e-09	7.79e-09	7.6663e-09	7.2368e-09	8.6954e-09	1.1812e-08
1.6327e-08	1.3166e-08	1.2895e-08	1.309e-08	1.3166e-08	1.3098e-08	1.1952e-08	1.0145e-08	9.1559e-09	9.5427e-09	1.0456e-08	1.0377e-08	9.8023e-09	9.7425e-09	9.3931e-09	8.8477e-09	9.1535e-09	9.9485e-09	9.5446e-09	8.7234e-09	8.7008e-09	9.1487e-09	1.0396e-08	1.2017e-08	1.1787e-08	1.067e-08	1.106e-08	1.1688e-08	1.1786e-08	1.0996e-08	9.2362e-09	8.2487e-09	9.3738e-09	1.1753e-08	1.3535e-08	1.3817e-08	1.2876e-08	1.1877e-08	1.1429e-08	1.0593e-08	1.0855e-08	1.2654e-08	1.4668e-08	1.6251e-08	1.6784e-08	1.6067e-08	1.4329e-08	1.1274e-08	8.8003e-09	9.5552e-09	1.0413e-08	1.0178e-08	1.0081e-08	1.1245e-08	1.2175e-08	1.1796e-08	1.0685e-08	1.0924e-08	1.131e-08	1.2441e-08	1.3588e-08	1.4169e-08	1.2547e-08	1.0264e-08	1.0135e-08	1.0812e-08	1.0549e-08	9.7896e-09	1.004e-08	9.5874e-09	7.972e-09	8.3415e-09	9.8291e-09	1.0607e-08	1.0378e-08	8.7401e-09	7.5853e-09	8.1692e-09	9.1425e-09	1.0244e-08	1.2359e-08	1.4322e-08	1.5218e-08	1.4941e-08	1.3577e-08	1.1451e-08	1.0489e-08	1.0506e-08	9.7255e-09	8.5957e-09	7.3893e-09	5.6105e-09	5.3925e-09	7.254e-09	8.8677e-09	9.6218e-09	1.1361e-08	1.3008e-08	1.3986e-08	1.4244e-08	1.4809e-08	1.5671e-08	1.6724e-08	1.6852e-08	1.5183e-08	1.2977e-08	1.2058e-08	1.0906e-08	9.6805e-09	1.0291e-08	1.2232e-08	1.3615e-08	1.367e-08	1.4149e-08	1.4056e-08	1.3435e-08	1.2735e-08	1.2033e-08	1.115e-08	9.9353e-09	8.8819e-09	8.6942e-09	9.3647e-09	9.8886e-09	8.7963e-09	6.799e-09	7.8886e-09	1.2435e-08
1.2786e-08	9.0853e-09	9.7163e-09	1.1334e-08	1.2037e-08	1.2476e-08	1.2382e-08	1.2171e-08	1.2992e-08	1.2764e-08	1.2066e-08	1.1615e-08	9.5937e-09	9.6181e-09	9.8279e-09	9.2529e-09	9.6258e-09	1.0138e-08	1.0482e-08	1.0303e-08	1.0622e-08	1.1208e-08	1.1658e-08	1.162e-08	1.0513e-08	1.0026e-08	1.1088e-08	1.2097e-08	1.2514e-08	1.1394e-08	8.6447e-09	7.9643e-09	9.7635e-09	1.2049e-08	1.3517e-08	1.334e-08	1.0947e-08	1.0556e-08	1.153e-08	1.2003e-08	1.3634e-08	1.5549e-08	1.6563e-08	1.7592e-08	1.7807e-08	1.6354e-08	1.4018e-08	1.1661e-08	9.4592e-09	9.3893e-09	9.7417e-09	9.6399e-09	9.109e-09	9.4665e-09	1.1028e-08	1.1069e-08	9.0292e-09	7.673e-09	7.7965e-09	8.6616e-09	1.0557e-08	1.1798e-08	1.1579e-08	1.05e-08	9.4749e-09	9.5909e-09	9.7792e-09	1.0363e-08	1.0596e-08	9.4565e-09	8.5352e-09	8.6865e-09	9.6877e-09	1.0892e-08	1.1446e-08	1.0553e-08	8.7098e-09	8.2988e-09	9.4818e-09	1.1355e-08	1.2728e-08	1.4076e-08	1.4809e-08	1.4896e-08	1.3694e-08	1.1481e-08	1.0784e-08	1.0235e-08	9.7645e-09	9.2626e-09	8.5693e-09	7.5325e-09	7.3902e-09	7.7822e-09	8.662e-09	8.8183e-09	1.0772e-08	1.3694e-08	1.5221e-08	1.5141e-08	1.5809e-08	1.6398e-08	1.6405e-08	1.6105e-08	1.4807e-08	1.2461e-08	9.9161e-09	8.1531e-09	9.4482e-09	1.1942e-08	1.3631e-08	1.4294e-08	1.3802e-08	1.3078e-08	1.2147e-08	1.1402e-08	1.1288e-08	1.1416e-08	1.1884e-08	1.262e-08	1.2729e-08	1.232e-08	1.1481e-08	1.0054e-08	8.2003e-09	6.0327e-09	5.7235e-09	8.5581e-09
1.0038e-08	7.8907e-09	9.8975e-09	1.2345e-08	1.352e-08	1.3073e-08	1.2379e-08	1.2547e-08	1.337e-08	1.3953e-08	1.3799e-08	1.3452e-08	1.3119e-08	1.1813e-08	9.6552e-09	7.5121e-09	7.11e-09	8.262e-09	9.6358e-09	1.0609e-08	1.0789e-08	1.0456e-08	1.0499e-08	1.0342e-08	8.9233e-09	7.6731e-09	8.7705e-09	1.0843e-08	1.2072e-08	1.1558e-08	1.0154e-08	9.9775e-09	1.0634e-08	1.205e-08	1.273e-08	1.2537e-08	1.241e-08	1.1812e-08	1.1512e-08	1.1648e-08	1.3599e-08	1.5338e-08	1.6997e-08	1.8179e-08	1.8519e-08	1.7134e-08	1.4697e-08	1.4926e-08	1.3934e-08	1.192e-08	9.3885e-09	7.8673e-09	9.522e-09	1.0876e-08	1.1109e-08	1.1178e-08	1.0251e-08	8.3756e-09	7.0982e-09	6.3491e-09	7.0716e-09	8.7483e-09	9.4017e-09	8.9687e-09	8.6006e-09	7.8281e-09	7.7241e-09	8.414e-09	8.3836e-09	7.2876e-09	7.8441e-09	9.2171e-09	1.0406e-08	1.1072e-08	1.0881e-08	1.0478e-08	9.0888e-09	8.092e-09	8.6971e-09	1.0605e-08	1.2698e-08	1.5174e-08	1.6367e-08	1.6061e-08	1.5416e-08	1.3822e-08	1.1556e-08	9.9334e-09	8.5345e-09	7.709e-09	7.4336e-09	7.9197e-09	8.7641e-09	9.521e-09	9.6659e-09	9.8301e-09	1.2157e-08	1.5063e-08	1.6958e-08	1.7046e-08	1.6574e-08	1.6946e-08	1.638e-08	1.4758e-08	1.2881e-08	1.0999e-08	1.0286e-08	1.0478e-08	1.2065e-08	1.3666e-08	1.4415e-08	1.471e-08	1.3824e-08	1.2545e-08	1.104e-08	1.0182e-08	9.8692e-09	1.0185e-08	1.1465e-08	1.2459e-08	1.2667e-08	1.2308e-08	1.1391e-08	9.8882e-09	8.0706e-09	5.9935e-09	5.4533e-09	6.7513e-09
7.27e-09	5.3885e-09	8.5528e-09	1.1867e-08	1.3721e-08	1.3738e-08	1.3294e-08	1.3383e-08	1.5059e-08	1.6551e-08	1.6986e-08	1.5688e-08	1.3406e-08	1.0665e-08	8.5133e-09	6.7933e-09	5.6544e-09	6.4047e-09	7.7149e-09	9.5145e-09	1.0785e-08	1.087e-08	1.0304e-08	8.8933e-09	7.3379e-09	8.0408e-09	9.8864e-09	1.1778e-08	1.2708e-08	1.2615e-08	1.2255e-08	1.2091e-08	1.2325e-08	1.2946e-08	1.4174e-08	1.4625e-08	1.4347e-08	1.3836e-08	1.2662e-08	1.2554e-08	1.3215e-08	1.4854e-08	1.6016e-08	1.5823e-08	1.5357e-08	1.5188e-08	1.4872e-08	1.3647e-08	1.1779e-08	1.0701e-08	9.7598e-09	9.9478e-09	1.114e-08	1.2226e-08	1.1979e-08	1.0643e-08	9.3142e-09	7.9704e-09	6.4936e-09	4.9969e-09	5.5952e-09	7.3631e-09	8.3418e-09	7.8813e-09	7.781e-09	6.9902e-09	6.0308e-09	6.6522e-09	7.7012e-09	7.738e-09	7.6046e-09	8.917e-09	1.0389e-08	1.0874e-08	1.0409e-08	9.5013e-09	8.5824e-09	8.7433e-09	9.8788e-09	1.2026e-08	1.4504e-08	1.6522e-08	1.7414e-08	1.7673e-08	1.7264e-08	1.499e-08	1.084e-08	7.7188e-09	6.8612e-09	6.5151e-09	6.354e-09	7.6456e-09	9.4824e-09	1.0813e-08	1.1237e-08	1.2695e-08	1.5251e-08	1.7346e-08	1.8147e-08	1.7669e-08	1.7031e-08	1.6814e-08	1.5416e-08	1.2831e-08	1.0602e-08	9.9809e-09	1.1495e-08	1.2983e-08	1.3882e-08	1.3776e-08	1.2518e-08	1.1094e-08	9.8714e-09	9.8705e-09	1.0131e-08	1.1056e-08	1.1908e-08	1.2478e-08	1.2781e-08	1.2901e-08	1.3042e-08	1.2197e-08	9.9482e-09	7.0462e-09	5.5345e-09	5.5414e-09	6.9227e-09	1.0603e-08
1.0019e-08	7.4982e-09	8.5948e-09	1.148e-08	1.3561e-08	1.3747e-08	1.2068e-08	1.2379e-08	1.5413e-08	1.7756e-08	1.8708e-08	1.7728e-08	1.4909e-08	1.0868e-08	8.9148e-09	8.4093e-09	7.5525e-09	8.1722e-09	9.1954e-09	9.3013e-09	8.8603e-09	8.5458e-09	8.0556e-09	7.8805e-09	7.6147e-09	7.9491e-09	1.0011e-08	1.1677e-08	1.2172e-08	1.188e-08	1.1542e-08	1.0839e-08	1.0362e-08	1.0773e-08	1.2167e-08	1.286e-08	1.1646e-08	1.108e-08	1.2104e-08	1.2468e-08	1.214e-08	1.2862e-08	1.3491e-08	1.353e-08	1.4971e-08	1.6341e-08	1.6053e-08	1.4274e-08	1.2339e-08	9.9825e-09	9.2281e-09	1.0072e-08	1.0939e-08	1.1422e-08	1.0543e-08	9.5297e-09	9.2191e-09	9.3373e-09	9.0279e-09	8.0589e-09	7.7744e-09	8.2253e-09	8.0147e-09	7.1296e-09	6.8189e-09	6.8555e-09	7.0747e-09	7.934e-09	8.9693e-09	8.8899e-09	8.602e-09	9.0113e-09	9.8005e-09	1.0174e-08	9.5536e-09	8.8091e-09	8.5557e-09	8.0059e-09	8.4796e-09	1.1288e-08	1.5107e-08	1.7794e-08	1.9014e-08	1.838e-08	1.6918e-08	1.5079e-08	1.2765e-08	1.0816e-08	8.8383e-09	8.4867e-09	9.3888e-09	1.0429e-08	1.1667e-08	1.2303e-08	1.2894e-08	1.4822e-08	1.6876e-08	1.8103e-08	1.8754e-08	1.8178e-08	1.6574e-08	1.5152e-08	1.3605e-08	1.1693e-08	8.9026e-09	7.8299e-09	1.0168e-08	1.1914e-08	1.2533e-08	1.1897e-08	1.0786e-08	9.3632e-09	9.6056e-09	1.0042e-08	1.0472e-08	1.1315e-08	1.1741e-08	1.1853e-08	1.1976e-08	1.2398e-08	1.246e-08	1.097e-08	8.7204e-09	5.0428e-09	4.1642e-09	6.9733e-09	1.0103e-08	1.236e-08
1.0837e-08	8.8736e-09	9.9409e-09	1.1691e-08	1.2346e-08	1.1861e-08	1.185e-08	1.4298e-08	1.7625e-08	1.9262e-08	1.932e-08	1.7811e-08	1.4651e-08	1.2422e-08	1.0454e-08	9.254e-09	9.2242e-09	9.909e-09	9.3103e-09	7.1041e-09	5.5915e-09	5.7538e-09	6.7201e-09	8.1777e-09	9.1698e-09	9.3797e-09	1.0036e-08	1.0926e-08	1.1082e-08	1.0604e-08	9.9922e-09	9.9023e-09	9.0713e-09	8.5033e-09	9.4054e-09	1.0146e-08	1.0473e-08	1.0216e-08	1.1619e-08	1.1901e-08	1.1793e-08	1.3187e-08	1.4672e-08	1.6075e-08	1.6818e-08	1.6257e-08	1.5828e-08	1.4204e-08	1.1357e-08	9.1024e-09	7.6703e-09	7.8487e-09	7.8939e-09	8.5158e-09	9.1327e-09	9.5228e-09	1.0462e-08	1.1386e-08	1.1199e-08	1.04e-08	9.6368e-09	8.165e-09	7.8043e-09	7.7893e-09	7.3769e-09	7.3583e-09	7.9203e-09	8.6038e-09	8.7352e-09	9.1953e-09	1.0265e-08	1.1189e-08	1.0934e-08	1.0006e-08	8.6656e-09	7.6936e-09	8.1114e-09	8.7797e-09	9.131e-09	9.8786e-09	1.2637e-08	1.569e-08	1.7562e-08	1.8032e-08	1.7098e-08	1.5684e-08	1.4411e-08	1.3952e-08	1.2869e-08	1.1278e-08	1.2195e-08	1.3697e-08	1.4638e-08	1.5413e-08	1.6135e-08	1.641e-08	1.6377e-08	1.6725e-08	1.661e-08	1.5873e-08	1.462e-08	1.3332e-08	1.2455e-08	1.0372e-08	7.1424e-09	6.7194e-09	8.7386e-09	1.108e-08	1.2169e-08	1.1994e-08	1.1267e-08	1.0039e-08	9.573e-09	9.9716e-09	1.0243e-08	1.0435e-08	1.0805e-08	1.12e-08	1.1558e-08	1.129e-08	1.0783e-08	9.3586e-09	7.6892e-09	5.2084e-09	4.7329e-09	8.583e-09	1.196e-08	1.3438e-08
1.0226e-08	8.6853e-09	1.0786e-08	1.2313e-08	1.231e-08	1.1877e-08	1.3394e-08	1.631e-08	1.8821e-08	1.9752e-08	1.9319e-08	1.7455e-08	1.4132e-08	1.0893e-08	9.4752e-09	9.0957e-09	8.986e-09	9.2749e-09	8.8257e-09	7.6322e-09	6.3031e-09	6.6881e-09	7.9096e-09	8.9379e-09	9.1804e-09	8.2665e-09	8.0523e-09	8.7601e-09	1.0357e-08	1.1919e-08	1.2722e-08	1.2216e-08	1.0452e-08	8.5108e-09	7.082e-09	7.3095e-09	8.158e-09	1.0883e-08	1.2617e-08	1.1494e-08	9.6617e-09	1.1664e-08	1.4104e-08	1.5495e-08	1.5679e-08	1.4621e-08	1.265e-08	1.096e-08	9.1796e-09	8.368e-09	8.6353e-09	8.692e-09	8.2677e-09	7.9602e-09	8.8976e-09	1.093e-08	1.2725e-08	1.3795e-08	1.3483e-08	1.1914e-08	9.9786e-09	8.6792e-09	8.8522e-09	9.2383e-09	8.6733e-09	8.0075e-09	8.1284e-09	8.5711e-09	8.67e-09	9.505e-09	1.0908e-08	1.1617e-08	1.1362e-08	1.0306e-08	8.339e-09	8.1168e-09	9.4379e-09	9.6835e-09	9.0742e-09	8.7388e-09	1.0526e-08	1.3961e-08	1.6379e-08	1.8052e-08	1.8522e-08	1.7929e-08	1.6351e-08	1.3351e-08	1.2189e-08	1.2228e-08	1.3473e-08	1.5227e-08	1.6417e-08	1.7056e-08	1.7121e-08	1.6363e-08	1.4597e-08	1.3162e-08	1.3291e-08	1.3172e-08	1.2787e-08	1.2454e-08	1.1531e-08	1.0733e-08	9.9833e-09	9.4311e-09	1.064e-08	1.2273e-08	1.2967e-08	1.2688e-08	1.1443e-08	9.0307e-09	8.3254e-09	8.3325e-09	7.9166e-09	8.2235e-09	9.3692e-09	1.0139e-08	1.0203e-08	1.0296e-08	9.855e-09	9.2482e-09	8.6312e-09	8.0957e-09	8.3443e-09	1.0089e-08	1.1571e-08	1.2397e-08
1.0858e-08	9.518e-09	1.1048e-08	1.2115e-08	1.173e-08	1.0499e-08	1.2647e-08	1.6019e-08	1.8315e-08	1.9313e-08	1.8771e-08	1.6311e-08	1.328e-08	1.086e-08	1.0567e-08	1.0375e-08	1.0224e-08	9.8466e-09	9.3282e-09	7.9606e-09	6.8838e-09	7.3093e-09	8.4283e-09	8.7662e-09	9.3786e-09	9.6345e-09	8.8912e-09	9.3451e-09	1.0573e-08	1.1e-08	1.1026e-08	1.0721e-08	1.0059e-08	8.5351e-09	6.7593e-09	7.138e-09	1.0082e-08	1.2e-08	1.2238e-08	1.2392e-08	1.2059e-08	1.1082e-08	1.1404e-08	1.2874e-08	1.3371e-08	1.1554e-08	9.5257e-09	8.3221e-09	8.6788e-09	9.2943e-09	9.3996e-09	7.8633e-09	7.6877e-09	8.4912e-09	1.0186e-08	1.2578e-08	1.4216e-08	1.4475e-08	1.3551e-08	1.1967e-08	1.036e-08	1.0438e-08	1.1626e-08	1.2001e-08	1.0493e-08	9.2358e-09	8.8424e-09	9.0487e-09	8.9673e-09	8.8846e-09	9.467e-09	9.8265e-09	1.0193e-08	1.0283e-08	9.3998e-09	9.1607e-09	9.4811e-09	9.5452e-09	9.7198e-09	1.042e-08	1.3219e-08	1.6261e-08	1.8408e-08	1.969e-08	1.9934e-08	1.8741e-08	1.689e-08	1.3706e-08	1.0684e-08	9.3073e-09	1.1e-08	1.3532e-08	1.5481e-08	1.672e-08	1.6547e-08	1.4721e-08	1.1752e-08	9.5325e-09	9.5741e-09	9.8434e-09	1.0367e-08	1.1031e-08	1.1034e-08	1.1618e-08	1.1982e-08	1.2115e-08	1.2528e-08	1.3868e-08	1.4612e-08	1.4155e-08	1.1842e-08	8.0473e-09	5.9214e-09	6.8289e-09	7.5734e-09	8.5556e-09	9.4506e-09	9.8119e-09	8.9433e-09	8.8049e-09	9.2892e-09	1.0677e-08	1.1236e-08	1.1037e-08	1.131e-08	1.144e-08	1.0789e-08	1.0187e-08
1.3193e-08	1.0895e-08	1.0786e-08	1.1956e-08	1.1999e-08	1.0722e-08	1.2166e-08	1.4395e-08	1.645e-08	1.7511e-08	1.689e-08	1.4295e-08	1.1415e-08	9.2231e-09	9.2516e-09	1.0062e-08	9.8239e-09	9.5874e-09	9.1749e-09	8.0122e-09	7.4047e-09	8.9086e-09	1.1073e-08	1.2262e-08	1.2106e-08	1.1304e-08	1.0544e-08	1.0506e-08	1.1517e-08	1.2259e-08	1.217e-08	1.0894e-08	8.7795e-09	6.2748e-09	4.4892e-09	5.281e-09	8.3764e-09	1.0807e-08	1.1972e-08	1.2126e-08	1.1772e-08	1.0611e-08	1.0296e-08	1.1482e-08	1.2215e-08	1.0773e-08	9.2719e-09	9.4601e-09	9.5504e-09	9.74e-09	9.7303e-09	8.9595e-09	8.3521e-09	1.0067e-08	1.2267e-08	1.3967e-08	1.4914e-08	1.4596e-08	1.3321e-08	1.1537e-08	1.0957e-08	1.1988e-08	1.3313e-08	1.2746e-08	9.9234e-09	9.6378e-09	1.0591e-08	1.0813e-08	1.0298e-08	1.0343e-08	1.1696e-08	1.2669e-08	1.2415e-08	1.1546e-08	1.0886e-08	1.044e-08	9.6634e-09	9.009e-09	9.2262e-09	1.0931e-08	1.375e-08	1.6395e-08	1.8109e-08	1.9338e-08	1.965e-08	1.7897e-08	1.5425e-08	1.2313e-08	6.8361e-09	5.1249e-09	7.0878e-09	9.4035e-09	1.1307e-08	1.2344e-08	1.2726e-08	1.2149e-08	1.0457e-08	9.4527e-09	9.3747e-09	9.149e-09	8.2921e-09	9.4398e-09	1.1095e-08	1.1786e-08	1.2029e-08	1.2201e-08	1.373e-08	1.5641e-08	1.6073e-08	1.5343e-08	1.3212e-08	9.5251e-09	8.3523e-09	9.1096e-09	9.6026e-09	9.4207e-09	1.0319e-08	1.1295e-08	1.0682e-08	9.012e-09	8.5875e-09	9.5175e-09	1.0288e-08	1.084e-08	1.2018e-08	1.2266e-08	1.0914e-08	9.602e-09
1.5891e-08	1.3102e-08	1.1863e-08	1.2031e-08	1.2804e-08	1.2723e-08	1.2598e-08	1.3135e-08	1.3788e-08	1.3875e-08	1.3373e-08	1.2239e-08	1.0325e-08	9.3325e-09	8.7827e-09	8.8329e-09	9.6821e-09	9.8529e-09	9.5308e-09	8.8779e-09	7.1197e-09	8.2179e-09	1.1405e-08	1.3296e-08	1.3583e-08	1.3268e-08	1.1778e-08	1.1492e-08	1.2398e-08	1.2559e-08	1.2016e-08	9.8511e-09	7.6366e-09	5.2826e-09	3.7025e-09	5.7835e-09	8.2883e-09	9.6583e-09	1.0658e-08	1.1459e-08	1.0635e-08	8.7949e-09	9.7892e-09	1.1466e-08	1.2329e-08	1.2316e-08	1.178e-08	1.129e-08	9.9955e-09	8.5149e-09	8.401e-09	8.6327e-09	9.7358e-09	1.2179e-08	1.4557e-08	1.576e-08	1.5809e-08	1.4884e-08	1.2587e-08	1.0454e-08	1.0076e-08	1.1358e-08	1.3195e-08	1.3564e-08	1.2025e-08	1.2005e-08	1.2605e-08	1.2399e-08	1.1235e-08	1.0282e-08	1.134e-08	1.2367e-08	1.2694e-08	1.2754e-08	1.1915e-08	1.0407e-08	8.6723e-09	7.4134e-09	7.7297e-09	9.8021e-09	1.3326e-08	1.6153e-08	1.7685e-08	1.8286e-08	1.794e-08	1.7177e-08	1.5052e-08	1.1538e-08	7.2238e-09	4.784e-09	6.7638e-09	9.3916e-09	1.0692e-08	1.0698e-08	1.0715e-08	9.8842e-09	8.6946e-09	8.7398e-09	9.4506e-09	8.2422e-09	6.7361e-09	8.5459e-09	1.0461e-08	1.1207e-08	1.0946e-08	1.2538e-08	1.537e-08	1.7295e-08	1.7715e-08	1.6221e-08	1.434e-08	1.2525e-08	1.1734e-08	1.1447e-08	1.1493e-08	1.1202e-08	1.061e-08	1.0639e-08	1.0693e-08	9.6986e-09	8.0249e-09	7.7615e-09	8.4e-09	9.3203e-09	1.1585e-08	1.2754e-08	1.1567e-08	8.2096e-09
1.6502e-08	1.4258e-08	1.3903e-08	1.38e-08	1.5102e-08	1.5833e-08	1.4912e-08	1.3209e-08	1.0234e-08	8.0232e-09	8.1334e-09	8.9497e-09	9.2162e-09	9.4993e-09	9.4388e-09	9.3089e-09	9.8275e-09	1.0054e-08	9.0814e-09	8.021e-09	7.7962e-09	5.9962e-09	8.1658e-09	1.0784e-08	1.1868e-08	1.1189e-08	1.0481e-08	1.1209e-08	1.2165e-08	1.2046e-08	1.1032e-08	9.1995e-09	6.3738e-09	4.9123e-09	6.2834e-09	1.0089e-08	1.2868e-08	1.4225e-08	1.4391e-08	1.3221e-08	1.1475e-08	8.8588e-09	8.3247e-09	9.7171e-09	1.0658e-08	1.1179e-08	1.1354e-08	1.1251e-08	1.1049e-08	9.6761e-09	9.1323e-09	9.991e-09	1.2404e-08	1.4742e-08	1.6608e-08	1.7677e-08	1.7234e-08	1.5191e-08	1.3126e-08	1.1095e-08	1.0031e-08	1.2349e-08	1.491e-08	1.613e-08	1.6127e-08	1.6409e-08	1.6355e-08	1.4973e-08	1.143e-08	9.7988e-09	1.0484e-08	1.1448e-08	1.237e-08	1.2278e-08	1.0643e-08	8.5187e-09	7.0386e-09	6.6845e-09	7.0695e-09	8.3491e-09	1.0668e-08	1.2901e-08	1.4486e-08	1.5035e-08	1.4865e-08	1.4456e-08	1.2086e-08	9.2103e-09	7.3659e-09	6.395e-09	7.3039e-09	8.17e-09	8.0205e-09	8.5619e-09	9.3923e-09	9.6134e-09	9.4728e-09	9.1262e-09	8.1474e-09	6.6814e-09	6.6068e-09	8.6448e-09	1.0313e-08	1.1328e-08	1.1509e-08	1.2708e-08	1.5256e-08	1.7175e-08	1.725e-08	1.5989e-08	1.4028e-08	1.2408e-08	1.1223e-08	1.0901e-08	1.0597e-08	1.0481e-08	1.127e-08	1.2331e-08	1.3113e-08	1.3342e-08	1.1825e-08	1.0287e-08	1.0167e-08	1.0449e-08	1.0858e-08	1.1384e-08	1.032e-08	7.8552e-09
1.6798e-08	1.3957e-08	1.3577e-08	1.3356e-08	1.3435e-08	1.325e-08	1.2052e-08	1.0645e-08	9.323e-09	8.5426e-09	7.7762e-09	7.8306e-09	8.0159e-09	8.1208e-09	8.3404e-09	8.4578e-09	8.5043e-09	8.8633e-09	9.6633e-09	1.017e-08	1.0509e-08	1.0187e-08	1.0835e-08	1.1772e-08	1.2478e-08	1.1904e-08	1.1817e-08	1.2863e-08	1.2957e-08	1.1728e-08	9.682e-09	6.7141e-09	5.6599e-09	7.3116e-09	1.0106e-08	1.2236e-08	1.3738e-08	1.4415e-08	1.413e-08	1.2433e-08	1.085e-08	8.328e-09	8.1143e-09	8.9645e-09	1.0717e-08	1.1992e-08	1.2661e-08	1.2386e-08	1.2034e-08	1.1256e-08	1.0928e-08	1.2381e-08	1.4804e-08	1.688e-08	1.8035e-08	1.7801e-08	1.6348e-08	1.4489e-08	1.3376e-08	1.217e-08	1.1553e-08	1.3179e-08	1.4751e-08	1.54e-08	1.5404e-08	1.5451e-08	1.5574e-08	1.5281e-08	1.4818e-08	1.3314e-08	1.092e-08	1.042e-08	1.0832e-08	9.9882e-09	8.4643e-09	7.1747e-09	7.055e-09	8.1802e-09	9.627e-09	9.6824e-09	8.9576e-09	9.6254e-09	1.0676e-08	1.1549e-08	1.2035e-08	1.128e-08	9.5187e-09	8.1994e-09	7.4078e-09	6.8962e-09	6.4944e-09	6.917e-09	7.1995e-09	8.0085e-09	9.0796e-09	1.0002e-08	1.0293e-08	8.3473e-09	5.7772e-09	5.5256e-09	6.0408e-09	7.4423e-09	9.3033e-09	1.0825e-08	1.1724e-08	1.2697e-08	1.467e-08	1.6402e-08	1.6439e-08	1.4441e-08	1.3063e-08	1.1991e-08	1.13e-08	1.0767e-08	1.0735e-08	1.1207e-08	1.2668e-08	1.4e-08	1.4679e-08	1.4775e-08	1.4373e-08	1.3038e-08	1.2139e-08	1.2128e-08	1.2256e-08	1.1802e-08	1.0062e-08	6.8218e-09
1.4198e-08	1.1061e-08	1.1288e-08	1.18e-08	1.2816e-08	1.4018e-08	1.3694e-08	1.1822e-08	9.6762e-09	8.332e-09	7.3319e-09	6.8046e-09	6.6617e-09	6.0377e-09	6.5474e-09	7.398e-09	8.545e-09	1.0267e-08	1.1493e-08	1.2518e-08	1.3006e-08	1.3636e-08	1.4219e-08	1.4015e-08	1.3708e-08	1.2756e-08	1.1574e-08	1.1184e-08	1.0599e-08	1.0307e-08	9.3884e-09	7.3944e-09	6.6386e-09	8.0647e-09	1.0892e-08	1.3422e-08	1.4839e-08	1.4668e-08	1.3574e-08	1.2489e-08	1.1206e-08	9.5533e-09	8.2551e-09	9.2959e-09	1.1161e-08	1.2551e-08	1.2667e-08	1.194e-08	1.1341e-08	1.1192e-08	1.219e-08	1.3308e-08	1.4049e-08	1.4675e-08	1.5271e-08	1.5673e-08	1.5371e-08	1.4864e-08	1.4571e-08	1.4319e-08	1.4266e-08	1.4918e-08	1.5451e-08	1.614e-08	1.6863e-08	1.6707e-08	1.566e-08	1.5205e-08	1.4484e-08	1.4033e-08	1.0824e-08	7.6856e-09	7.5526e-09	7.8643e-09	7.6502e-09	8.5926e-09	9.9153e-09	1.1043e-08	1.1401e-08	9.8815e-09	7.9626e-09	7.1002e-09	7.126e-09	7.3448e-09	8.042e-09	9.3294e-09	9.9188e-09	9.4279e-09	9.1592e-09	8.5447e-09	7.0522e-09	6.1062e-09	6.4139e-09	7.3415e-09	9.1415e-09	1.032e-08	1.0001e-08	8.2676e-09	6.9878e-09	6.3806e-09	5.4171e-09	4.7999e-09	6.4363e-09	8.7517e-09	9.9098e-09	1.1689e-08	1.407e-08	1.5618e-08	1.5824e-08	1.4871e-08	1.3688e-08	1.2802e-08	1.1916e-08	1.1558e-08	1.1832e-08	1.2609e-08	1.4185e-08	1.5817e-08	1.6105e-08	1.4672e-08	1.356e-08	1.2874e-08	1.2855e-08	1.2917e-08	1.2613e-08	1.1516e-08	1.0033e-08	8.1353e-09
1.2935e-08	1.0641e-08	1.0737e-08	1.0696e-08	1.2495e-08	1.4057e-08	1.4574e-08	1.4449e-08	1.3457e-08	1.0163e-08	5.9907e-09	4.4433e-09	4.9387e-09	4.6022e-09	4.4623e-09	6.1267e-09	7.8451e-09	9.3572e-09	1.0194e-08	1.0796e-08	1.1946e-08	1.2715e-08	1.2408e-08	1.1604e-08	1.2085e-08	1.2793e-08	1.2943e-08	1.2348e-08	1.1746e-08	1.1705e-08	1.1714e-08	1.084e-08	9.8778e-09	1.0178e-08	1.2702e-08	1.503e-08	1.5986e-08	1.6016e-08	1.5091e-08	1.3487e-08	1.3568e-08	1.2588e-08	9.5114e-09	9.82e-09	1.1259e-08	1.1568e-08	1.1077e-08	1.058e-08	1.1077e-08	1.2256e-08	1.3224e-08	1.3017e-08	1.2328e-08	1.2562e-08	1.2811e-08	1.2709e-08	1.2915e-08	1.3675e-08	1.448e-08	1.4906e-08	1.5385e-08	1.5691e-08	1.5898e-08	1.6195e-08	1.6779e-08	1.7067e-08	1.688e-08	1.605e-08	1.4466e-08	1.3322e-08	1.1083e-08	8.1344e-09	7.1126e-09	7.4694e-09	8.9023e-09	1.0676e-08	1.1835e-08	1.2304e-08	1.1925e-08	1.0036e-08	6.3756e-09	4.9591e-09	5.6461e-09	7.6408e-09	8.8999e-09	9.183e-09	8.1671e-09	7.9947e-09	7.5922e-09	6.5407e-09	5.2945e-09	4.0898e-09	4.2133e-09	6.4349e-09	8.0239e-09	8.3511e-09	7.6988e-09	7.7612e-09	9.4482e-09	1.0649e-08	1.0396e-08	8.457e-09	6.7339e-09	7.8144e-09	8.4857e-09	1.0047e-08	1.2942e-08	1.4575e-08	1.4856e-08	1.3783e-08	1.2454e-08	1.1809e-08	1.1384e-08	1.1572e-08	1.2509e-08	1.4179e-08	1.5387e-08	1.5769e-08	1.6018e-08	1.5173e-08	1.4168e-08	1.4092e-08	1.4124e-08	1.3648e-08	1.2488e-08	1.1342e-08	1.0122e-08	8.7074e-09
1.0306e-08	8.1464e-09	9.055e-09	1.1273e-08	1.3639e-08	1.5297e-08	1.6303e-08	1.5533e-08	1.3417e-08	1.0201e-08	6.9246e-09	5.8832e-09	6.064e-09	4.4832e-09	3.5984e-09	5.2844e-09	8.0111e-09	1.0311e-08	1.1531e-08	1.1671e-08	1.1526e-08	1.1203e-08	1.1796e-08	1.1897e-08	1.195e-08	1.2108e-08	1.2241e-08	1.1984e-08	1.2419e-08	1.2672e-08	1.2304e-08	1.2577e-08	1.3214e-08	1.3884e-08	1.4477e-08	1.473e-08	1.4895e-08	1.4719e-08	1.4312e-08	1.4459e-08	1.3516e-08	1.2852e-08	1.2585e-08	1.2042e-08	1.1182e-08	9.0721e-09	7.9737e-09	7.8226e-09	9.0616e-09	1.1092e-08	1.1938e-08	1.0937e-08	9.6331e-09	8.8014e-09	9.1174e-09	1.0308e-08	1.1796e-08	1.3322e-08	1.439e-08	1.4626e-08	1.5206e-08	1.5414e-08	1.5614e-08	1.6475e-08	1.7201e-08	1.7139e-08	1.6703e-08	1.6163e-08	1.5644e-08	1.5493e-08	1.4014e-08	1.159e-08	9.8145e-09	8.9305e-09	9.4945e-09	1.0906e-08	1.2231e-08	1.2231e-08	1.0784e-08	7.4117e-09	4.2727e-09	3.7113e-09	6.3827e-09	8.3943e-09	9.6859e-09	1.0133e-08	9.7938e-09	9.1698e-09	8.2798e-09	5.0876e-09	2.937e-09	2.9785e-09	4.1619e-09	5.8389e-09	7.4266e-09	7.5527e-09	6.973e-09	8.3325e-09	1.0608e-08	1.1159e-08	1.0788e-08	1.0327e-08	9.8749e-09	9.0391e-09	9.2738e-09	1.089e-08	1.3735e-08	1.5187e-08	1.5176e-08	1.4538e-08	1.3756e-08	1.248e-08	1.1518e-08	1.1955e-08	1.347e-08	1.4972e-08	1.5382e-08	1.4702e-08	1.3551e-08	1.2435e-08	1.2594e-08	1.3131e-08	1.348e-08	1.3055e-08	1.216e-08	1.1018e-08	9.8257e-09	9.2992e-09
9.7165e-09	7.7911e-09	7.9595e-09	9.9793e-09	1.3095e-08	1.485e-08	1.5503e-08	1.5614e-08	1.4532e-08	1.1505e-08	6.7834e-09	4.1884e-09	4.1071e-09	6.2527e-09	7.6264e-09	9.0166e-09	1.0537e-08	1.1471e-08	1.1677e-08	1.1372e-08	1.1171e-08	1.2366e-08	1.4017e-08	1.5277e-08	1.4861e-08	1.2584e-08	1.0345e-08	8.0447e-09	8.7323e-09	1.0462e-08	1.1443e-08	1.1839e-08	1.2033e-08	1.2659e-08	1.3562e-08	1.4895e-08	1.5694e-08	1.6463e-08	1.7109e-08	1.6781e-08	1.6484e-08	1.6053e-08	1.4003e-08	1.2402e-08	1.0849e-08	9.4308e-09	9.6249e-09	1.09e-08	1.1327e-08	9.9652e-09	7.8822e-09	6.4526e-09	5.5215e-09	6.372e-09	7.6514e-09	8.801e-09	1.0247e-08	1.1648e-08	1.2328e-08	1.2677e-08	1.2749e-08	1.16e-08	1.1542e-08	1.3294e-08	1.4919e-08	1.5389e-08	1.5836e-08	1.619e-08	1.5537e-08	1.4157e-08	1.2679e-08	1.2054e-08	1.1628e-08	1.1631e-08	1.2126e-08	1.2305e-08	1.1582e-08	9.686e-09	7.464e-09	5.1258e-09	3.206e-09	5.7444e-09	8.7493e-09	9.902e-09	9.6604e-09	9.737e-09	9.9237e-09	8.6533e-09	7.0286e-09	5.4785e-09	5.0143e-09	6.2902e-09	8.3922e-09	9.8708e-09	1.026e-08	8.577e-09	7.7253e-09	1.0477e-08	1.2788e-08	1.3924e-08	1.4199e-08	1.4367e-08	1.4272e-08	1.2462e-08	1.0614e-08	1.1101e-08	1.2556e-08	1.402e-08	1.4692e-08	1.4392e-08	1.3807e-08	1.2798e-08	1.1597e-08	1.0993e-08	1.183e-08	1.3236e-08	1.384e-08	1.3485e-08	1.2494e-08	1.1847e-08	1.251e-08	1.2746e-08	1.149e-08	1.0726e-08	1.0171e-08	9.5808e-09	9.2649e-09	8.7944e-09
1.0152e-08	9.8583e-09	1.0912e-08	1.2331e-08	1.3762e-08	1.5069e-08	1.5071e-08	1.3396e-08	1.1637e-08	1.0606e-08	9.0871e-09	8.1309e-09	8.3878e-09	1.0248e-08	1.1342e-08	1.2063e-08	1.2135e-08	1.1679e-08	1.0757e-08	9.9181e-09	9.4353e-09	1.011e-08	1.0352e-08	9.9936e-09	9.5867e-09	9.3694e-09	9.1695e-09	8.337e-09	8.6857e-09	1.0084e-08	1.0995e-08	1.0773e-08	1.0887e-08	1.221e-08	1.3576e-08	1.4341e-08	1.5094e-08	1.6269e-08	1.6727e-08	1.5297e-08	1.3831e-08	1.2765e-08	1.2081e-08	1.0945e-08	1.0724e-08	9.9557e-09	1.0851e-08	1.1845e-08	1.1363e-08	9.946e-09	8.5011e-09	6.4709e-09	5.9262e-09	7.4648e-09	9.2034e-09	9.843e-09	1.0433e-08	1.1397e-08	1.2048e-08	1.1967e-08	9.7243e-09	9.2304e-09	9.962e-09	1.134e-08	1.3015e-08	1.431e-08	1.556e-08	1.5893e-08	1.4895e-08	1.3302e-08	1.2684e-08	1.315e-08	1.344e-08	1.396e-08	1.4473e-08	1.4708e-08	1.3545e-08	1.0864e-08	6.5138e-09	4.2394e-09	5.6856e-09	8.8486e-09	1.0245e-08	1.0274e-08	9.0971e-09	8.1509e-09	7.822e-09	8.2369e-09	8.8642e-09	9.663e-09	1.0434e-08	1.0832e-08	1.0593e-08	1.0123e-08	1.0786e-08	1.1665e-08	1.1732e-08	1.2959e-08	1.4028e-08	1.4783e-08	1.4726e-08	1.4011e-08	1.3226e-08	1.2974e-08	1.18e-08	1.0048e-08	1.0188e-08	1.0924e-08	1.1703e-08	1.2017e-08	1.1828e-08	1.115e-08	1.0927e-08	1.1019e-08	1.0883e-08	1.1412e-08	1.213e-08	1.2133e-08	1.2167e-08	1.2664e-08	1.3226e-08	1.289e-08	1.0993e-08	9.5182e-09	9.5409e-09	9.6809e-09	9.3077e-09	9.1975e-09
1.3084e-08	1.0982e-08	1.1885e-08	1.3518e-08	1.4058e-08	1.3157e-08	1.3279e-08	1.4149e-08	1.4823e-08	1.4432e-08	1.3094e-08	1.1351e-08	1.0055e-08	1.0209e-08	1.1024e-08	1.0985e-08	9.829e-09	8.3982e-09	7.9513e-09	7.914e-09	8.0233e-09	8.4681e-09	9.3283e-09	1.0212e-08	1.0963e-08	1.0763e-08	9.5356e-09	8.0732e-09	8.0035e-09	9.1795e-09	9.2398e-09	7.5215e-09	7.2118e-09	9.2406e-09	1.093e-08	1.1836e-08	1.28e-08	1.357e-08	1.373e-08	1.3822e-08	1.4093e-08	1.3786e-08	1.2034e-08	1.1462e-08	1.1995e-08	1.3391e-08	1.5024e-08	1.5604e-08	1.5122e-08	1.3652e-08	1.0652e-08	6.9471e-09	5.7947e-09	6.313e-09	7.8486e-09	8.5894e-09	9.4356e-09	1.0303e-08	1.083e-08	1.0933e-08	9.9192e-09	8.7399e-09	8.6115e-09	9.5459e-09	1.1081e-08	1.2416e-08	1.3032e-08	1.3102e-08	1.2725e-08	1.2324e-08	1.2866e-08	1.3886e-08	1.4709e-08	1.4913e-08	1.4564e-08	1.3702e-08	1.217e-08	1.0531e-08	8.1987e-09	7.2031e-09	8.1122e-09	1.0189e-08	1.2001e-08	1.2395e-08	1.1943e-08	1.1797e-08	1.1249e-08	9.0335e-09	8.9075e-09	1.0085e-08	1.0903e-08	1.1416e-08	1.25e-08	1.3713e-08	1.3955e-08	1.3531e-08	1.3878e-08	1.5721e-08	1.697e-08	1.742e-08	1.7144e-08	1.6624e-08	1.4945e-08	1.2682e-08	9.2866e-09	7.8468e-09	7.5682e-09	6.9388e-09	8.0957e-09	8.3672e-09	7.5353e-09	7.5162e-09	8.0638e-09	8.4316e-09	8.4253e-09	9.5283e-09	1.0008e-08	1.0383e-08	1.1581e-08	1.2958e-08	1.354e-08	1.2876e-08	1.105e-08	1.0107e-08	1.0205e-08	1.0623e-08	1.1616e-08	1.2974e-08
1.514e-08	1.27e-08	1.1455e-08	1.1515e-08	1.175e-08	1.2487e-08	1.4327e-08	1.573e-08	1.6369e-08	1.6194e-08	1.5076e-08	1.3768e-08	1.2803e-08	1.2273e-08	1.1585e-08	1.0814e-08	9.9675e-09	8.668e-09	6.8378e-09	7.1578e-09	8.1602e-09	8.8075e-09	9.263e-09	1.0214e-08	1.0728e-08	1.0436e-08	1.0125e-08	9.5338e-09	8.4818e-09	7.5882e-09	7.5828e-09	6.4744e-09	5.2694e-09	6.6627e-09	8.3455e-09	8.913e-09	8.7923e-09	8.8447e-09	1.0599e-08	1.2631e-08	1.3704e-08	1.3504e-08	1.2678e-08	1.2426e-08	1.2992e-08	1.3925e-08	1.4943e-08	1.5663e-08	1.5663e-08	1.4006e-08	1.0417e-08	7.286e-09	6.0898e-09	5.9626e-09	6.5834e-09	6.729e-09	6.891e-09	8.0852e-09	9.2628e-09	9.5502e-09	9.3289e-09	8.8236e-09	8.5276e-09	8.704e-09	9.4039e-09	1.0409e-08	1.137e-08	1.2541e-08	1.3563e-08	1.434e-08	1.5476e-08	1.6923e-08	1.7703e-08	1.7588e-08	1.6511e-08	1.4882e-08	1.3068e-08	1.1627e-08	9.5684e-09	9.3026e-09	1.109e-08	1.3402e-08	1.4506e-08	1.4493e-08	1.4241e-08	1.3363e-08	1.1489e-08	9.4309e-09	9.0789e-09	9.6997e-09	1.1268e-08	1.2368e-08	1.3684e-08	1.4979e-08	1.5224e-08	1.3962e-08	1.3458e-08	1.5363e-08	1.7045e-08	1.7625e-08	1.7226e-08	1.5716e-08	1.3424e-08	1.1218e-08	8.0601e-09	7.2517e-09	7.1564e-09	6.3304e-09	6.5157e-09	6.2465e-09	4.8444e-09	4.7711e-09	5.6893e-09	7.4808e-09	8.9525e-09	1.0006e-08	1.0764e-08	1.1156e-08	1.2129e-08	1.346e-08	1.3824e-08	1.3348e-08	1.2245e-08	1.1343e-08	1.0933e-08	1.0614e-08	1.0143e-08	1.0605e-08
1.5014e-08	1.2964e-08	1.1928e-08	1.1642e-08	1.2078e-08	1.2728e-08	1.3729e-08	1.4595e-08	1.4834e-08	1.4877e-08	1.4389e-08	1.462e-08	1.4435e-08	1.3411e-08	1.1947e-08	9.9292e-09	9.8598e-09	8.6158e-09	6.8435e-09	7.5111e-09	8.9032e-09	1.0143e-08	1.0542e-08	1.0133e-08	1.0332e-08	1.0617e-08	1.0722e-08	1.0566e-08	9.3292e-09	7.663e-09	6.4439e-09	5.5173e-09	4.8747e-09	5.8423e-09	6.5038e-09	6.6606e-09	7.2523e-09	8.9394e-09	1.0765e-08	1.2048e-08	1.2699e-08	1.2989e-08	1.333e-08	1.3545e-08	1.3617e-08	1.4213e-08	1.4681e-08	1.4697e-08	1.4465e-08	1.2787e-08	9.9038e-09	8.6519e-09	8.1816e-09	7.9452e-09	7.1896e-09	6.9342e-09	8.1039e-09	9.5032e-09	1.021e-08	1.024e-08	9.8935e-09	9.0536e-09	8.5501e-09	9.0615e-09	8.8494e-09	8.9153e-09	1.0532e-08	1.2546e-08	1.3854e-08	1.4598e-08	1.5755e-08	1.6636e-08	1.6894e-08	1.6782e-08	1.5881e-08	1.3948e-08	1.2053e-08	1.0895e-08	9.2454e-09	9.3932e-09	1.1686e-08	1.3882e-08	1.5408e-08	1.6122e-08	1.5366e-08	1.2533e-08	9.755e-09	9.4101e-09	9.3762e-09	1.0155e-08	1.3048e-08	1.5624e-08	1.7147e-08	1.7858e-08	1.7316e-08	1.5341e-08	1.3404e-08	1.4284e-08	1.5957e-08	1.6534e-08	1.5434e-08	1.2326e-08	1.0081e-08	9.1647e-09	8.0083e-09	7.6195e-09	7.5808e-09	7.0832e-09	6.6388e-09	5.5268e-09	2.9694e-09	2.1277e-09	3.9721e-09	6.2757e-09	8.09e-09	9.3719e-09	1.0147e-08	1.094e-08	1.2213e-08	1.3286e-08	1.3438e-08	1.3543e-08	1.3509e-08	1.3335e-08	1.2949e-08	1.213e-08	1.0804e-08	1.1579e-08
1.4921e-08	1.2489e-08	1.2422e-08	1.224e-08	1.2502e-08	1.2849e-08	1.3056e-08	1.3218e-08	1.3054e-08	1.2856e-08	1.2953e-08	1.2941e-08	1.2814e-08	1.2557e-08	1.1624e-08	1.0341e-08	9.313e-09	8.3144e-09	6.4041e-09	7.0912e-09	9.0195e-09	1.0641e-08	1.1659e-08	1.2252e-08	1.2501e-08	1.1858e-08	1.1462e-08	1.1312e-08	9.9553e-09	8.2033e-09	7.5962e-09	6.2685e-09	6.0479e-09	6.4491e-09	7.5176e-09	8.1982e-09	9.4205e-09	1.0642e-08	1.1416e-08	1.1803e-08	1.2021e-08	1.1922e-08	1.2225e-08	1.2767e-08	1.3307e-08	1.4108e-08	1.4896e-08	1.5304e-08	1.5142e-08	1.368e-08	1.242e-08	1.1599e-08	1.0029e-08	8.3061e-09	7.7369e-09	7.4222e-09	7.7952e-09	9.0765e-09	1.0283e-08	1.0441e-08	9.6698e-09	8.1453e-09	7.4358e-09	7.3658e-09	8.3309e-09	9.3788e-09	1.1469e-08	1.2919e-08	1.3316e-08	1.3188e-08	1.3587e-08	1.4438e-08	1.4903e-08	1.3786e-08	1.2686e-08	1.0646e-08	8.7566e-09	7.9789e-09	8.9455e-09	1.0802e-08	1.3278e-08	1.5139e-08	1.5952e-08	1.5616e-08	1.4073e-08	1.1513e-08	9.2943e-09	7.5164e-09	7.8649e-09	1.0719e-08	1.4601e-08	1.7967e-08	1.9795e-08	2.0307e-08	1.9254e-08	1.6489e-08	1.4119e-08	1.3308e-08	1.3838e-08	1.4385e-08	1.3888e-08	1.3445e-08	1.2864e-08	1.1759e-08	9.5337e-09	8.1477e-09	6.7086e-09	7.1333e-09	7.6119e-09	6.7148e-09	4.8331e-09	4.14e-09	4.5337e-09	5.3152e-09	6.7794e-09	7.7837e-09	8.2824e-09	9.3174e-09	1.0619e-08	1.1688e-08	1.2429e-08	1.3347e-08	1.402e-08	1.3987e-08	1.3307e-08	1.2664e-08	1.2115e-08	1.2914e-08
1.4363e-08	1.2515e-08	1.1911e-08	1.1929e-08	1.2304e-08	1.1886e-08	1.1742e-08	1.1482e-08	9.7021e-09	8.3101e-09	8.9962e-09	1.0202e-08	1.1326e-08	1.1703e-08	1.0805e-08	1.0641e-08	9.6163e-09	8.8037e-09	8.875e-09	1.0313e-08	1.1358e-08	1.2402e-08	1.3461e-08	1.4436e-08	1.4683e-08	1.3721e-08	1.2474e-08	1.1041e-08	1.0807e-08	1.0496e-08	9.9001e-09	8.97e-09	9.0418e-09	1.012e-08	1.0902e-08	1.1442e-08	1.1812e-08	1.1788e-08	1.148e-08	1.0155e-08	9.3051e-09	9.6166e-09	1.0756e-08	1.2238e-08	1.3399e-08	1.4832e-08	1.6015e-08	1.653e-08	1.6225e-08	1.5415e-08	1.2896e-08	1.1573e-08	1.0562e-08	9.769e-09	9.8683e-09	9.2158e-09	9.0183e-09	8.7584e-09	8.1509e-09	7.7735e-09	6.8142e-09	5.863e-09	7.227e-09	9.4813e-09	1.0843e-08	1.1444e-08	1.2064e-08	1.2026e-08	1.1016e-08	9.7357e-09	9.2115e-09	8.6375e-09	7.6289e-09	6.889e-09	6.7116e-09	7.7751e-09	8.05e-09	8.3765e-09	9.1759e-09	1.0496e-08	1.244e-08	1.3872e-08	1.4517e-08	1.4528e-08	1.328e-08	1.0813e-08	9.259e-09	9.3656e-09	1.0797e-08	1.3366e-08	1.6837e-08	1.9328e-08	2.0512e-08	2.0114e-08	1.7553e-08	1.4708e-08	1.2004e-08	1.0982e-08	1.2697e-08	1.4466e-08	1.563e-08	1.6072e-08	1.558e-08	1.4583e-08	1.1853e-08	9.8677e-09	9.8235e-09	1.0284e-08	9.809e-09	8.3492e-09	8.0084e-09	8.5513e-09	8.5528e-09	8.1874e-09	8.0047e-09	8.4044e-09	8.6824e-09	8.1055e-09	7.5521e-09	6.0384e-09	6.4072e-09	8.4202e-09	1.0399e-08	1.1893e-08	1.3187e-08	1.4048e-08	1.4648e-08	1.5641e-08
1.3239e-08	1.0282e-08	9.6914e-09	1.0612e-08	1.197e-08	1.2465e-08	1.2097e-08	1.0865e-08	8.1052e-09	7.9342e-09	9.6329e-09	1.1297e-08	1.2209e-08	1.2328e-08	1.2261e-08	1.2034e-08	1.1984e-08	1.1626e-08	1.1406e-08	1.1539e-08	1.142e-08	1.1528e-08	1.2874e-08	1.366e-08	1.2832e-08	1.188e-08	1.1859e-08	1.1799e-08	1.1221e-08	9.7807e-09	1.0178e-08	1.109e-08	1.1283e-08	1.0893e-08	1.0572e-08	1.1116e-08	1.1433e-08	1.0465e-08	8.8255e-09	7.9425e-09	7.9344e-09	8.6772e-09	1.0464e-08	1.2622e-08	1.4823e-08	1.6299e-08	1.697e-08	1.6353e-08	1.5492e-08	1.4652e-08	1.3879e-08	1.355e-08	1.2635e-08	1.1113e-08	1.064e-08	1.038e-08	9.7302e-09	9.2355e-09	8.592e-09	8.3953e-09	7.322e-09	5.0706e-09	6.8674e-09	9.0626e-09	1.0402e-08	1.1257e-08	1.1271e-08	9.9145e-09	8.2801e-09	7.7791e-09	7.7527e-09	7.013e-09	6.5848e-09	6.5833e-09	7.2615e-09	8.3597e-09	8.9508e-09	9.1996e-09	9.8595e-09	1.1195e-08	1.2497e-08	1.3191e-08	1.3503e-08	1.2815e-08	1.1705e-08	1.1106e-08	1.1598e-08	1.2374e-08	1.363e-08	1.5936e-08	1.8059e-08	1.9431e-08	1.9927e-08	1.9184e-08	1.6696e-08	1.3709e-08	1.0997e-08	1.0581e-08	1.2576e-08	1.4158e-08	1.519e-08	1.5552e-08	1.5059e-08	1.4249e-08	1.2756e-08	1.0662e-08	9.9946e-09	9.982e-09	8.5803e-09	7.4077e-09	8.088e-09	8.968e-09	9.142e-09	8.1826e-09	7.5138e-09	8.2634e-09	8.5739e-09	8.0175e-09	6.6792e-09	3.7135e-09	3.1517e-09	6.1709e-09	9.358e-09	1.1837e-08	1.4021e-08	1.6238e-08	1.8199e-08	1.944e-08
1.1402e-08	1.0499e-08	1.0964e-08	1.2047e-08	1.2592e-08	1.1474e-08	9.4211e-09	7.8318e-09	7.2579e-09	9.0623e-09	1.1917e-08	1.4011e-08	1.5145e-08	1.4901e-08	1.3903e-08	1.3253e-08	1.2888e-08	1.2707e-08	1.2374e-08	1.1935e-08	1.1566e-08	1.1802e-08	1.2286e-08	1.259e-08	1.2074e-08	1.192e-08	1.169e-08	1.1091e-08	1.0545e-08	9.7248e-09	9.9443e-09	9.9123e-09	9.1334e-09	9.2562e-09	8.9837e-09	9.7631e-09	1.0425e-08	1.0279e-08	9.5326e-09	7.7396e-09	6.8908e-09	8.3703e-09	1.0311e-08	1.2687e-08	1.4503e-08	1.5421e-08	1.571e-08	1.5266e-08	1.5089e-08	1.5204e-08	1.4778e-08	1.33e-08	1.1789e-08	1.0921e-08	1.1296e-08	1.0554e-08	9.2782e-09	7.9107e-09	7.1252e-09	6.6246e-09	6.1196e-09	6.0121e-09	7.1342e-09	9.0693e-09	9.8039e-09	1.0315e-08	1.043e-08	1.0392e-08	1.0319e-08	9.8795e-09	8.9186e-09	7.5982e-09	7.0722e-09	6.9622e-09	7.0976e-09	7.2917e-09	7.4805e-09	8.7259e-09	1.0357e-08	1.1656e-08	1.2145e-08	1.2341e-08	1.2365e-08	1.251e-08	1.2738e-08	1.2577e-08	1.3045e-08	1.4015e-08	1.5921e-08	1.7762e-08	1.9037e-08	1.9632e-08	1.9245e-08	1.7748e-08	1.5925e-08	1.35e-08	1.12e-08	1.0147e-08	1.2213e-08	1.41e-08	1.5065e-08	1.5277e-08	1.5247e-08	1.4921e-08	1.3961e-08	1.2882e-08	1.1915e-08	1.0424e-08	9.5276e-09	9.0431e-09	9.7023e-09	1.0248e-08	1.0226e-08	9.9992e-09	9.7904e-09	9.4201e-09	8.9717e-09	7.777e-09	5.4039e-09	2.3442e-09	1.2421e-09	3.2049e-09	5.5957e-09	8.6795e-09	1.297e-08	1.6428e-08	1.833e-08	1.9053e-08
1.2841e-08	1.0847e-08	1.0811e-08	1.1216e-08	1.1226e-08	1.06e-08	9.7049e-09	8.8029e-09	8.3649e-09	1.0515e-08	1.2858e-08	1.3755e-08	1.3674e-08	1.3407e-08	1.333e-08	1.3154e-08	1.3013e-08	1.2688e-08	1.2742e-08	1.2473e-08	1.2414e-08	1.2971e-08	1.364e-08	1.3675e-08	1.283e-08	1.2016e-08	1.1314e-08	1.0916e-08	9.503e-09	9.1639e-09	9.8084e-09	9.5804e-09	9.0137e-09	9.5507e-09	9.8878e-09	1.0156e-08	1.0038e-08	9.5232e-09	8.6352e-09	7.5109e-09	5.8508e-09	6.3375e-09	8.1759e-09	9.9439e-09	1.0945e-08	1.291e-08	1.4705e-08	1.5429e-08	1.5785e-08	1.5838e-08	1.521e-08	1.3419e-08	1.073e-08	9.7827e-09	1.0305e-08	1.0735e-08	1.0575e-08	9.6516e-09	8.8817e-09	8.8034e-09	8.7478e-09	9.2409e-09	1.0907e-08	1.232e-08	1.2768e-08	1.2585e-08	1.1808e-08	1.0435e-08	9.0112e-09	8.4898e-09	8.3776e-09	7.6626e-09	6.88e-09	6.7673e-09	7.4341e-09	8.3484e-09	8.6289e-09	8.8032e-09	9.1896e-09	1.0002e-08	1.0849e-08	1.0818e-08	1.0574e-08	1.0813e-08	1.1123e-08	1.1422e-08	1.1822e-08	1.1798e-08	1.3683e-08	1.6467e-08	1.7621e-08	1.7312e-08	1.6272e-08	1.677e-08	1.6577e-08	1.4948e-08	1.3365e-08	1.1926e-08	1.0634e-08	1.1526e-08	1.3818e-08	1.5839e-08	1.6794e-08	1.6352e-08	1.539e-08	1.4818e-08	1.3799e-08	1.2859e-08	1.2553e-08	1.1661e-08	1.1153e-08	1.0569e-08	1.0112e-08	1.0371e-08	1.0563e-08	1.0312e-08	9.036e-09	6.9202e-09	5.1728e-09	3.8761e-09	3.8243e-09	3.8949e-09	4.0899e-09	8.0824e-09	1.2059e-08	1.4559e-08	1.5642e-08	1.6287e-08
1.3862e-08	1.1668e-08	1.1199e-08	1.0734e-08	1.0277e-08	1.0004e-08	9.4403e-09	9.2316e-09	1.064e-08	1.2639e-08	1.4591e-08	1.5137e-08	1.468e-08	1.3482e-08	1.231e-08	1.1567e-08	1.1833e-08	1.253e-08	1.2357e-08	1.1818e-08	1.2085e-08	1.3392e-08	1.3877e-08	1.3083e-08	1.1149e-08	1.0519e-08	1.0673e-08	1.0545e-08	9.3423e-09	7.7207e-09	7.3488e-09	8.1909e-09	8.5286e-09	9.0891e-09	9.2235e-09	1.0356e-08	1.1166e-08	1.0534e-08	1.0174e-08	9.327e-09	7.9169e-09	7.2207e-09	8.6206e-09	9.9077e-09	1.174e-08	1.341e-08	1.3813e-08	1.3916e-08	1.3944e-08	1.3668e-08	1.3051e-08	1.1351e-08	8.9664e-09	8.4838e-09	9.4936e-09	1.024e-08	1.03e-08	9.7314e-09	9.0644e-09	9.4168e-09	9.9188e-09	1.0613e-08	1.2209e-08	1.3523e-08	1.3749e-08	1.3074e-08	1.3008e-08	1.2682e-08	1.1598e-08	1.0481e-08	9.4018e-09	8.25e-09	7.2718e-09	7.2594e-09	7.7111e-09	8.807e-09	9.9805e-09	1.0229e-08	9.4151e-09	8.8904e-09	9.3408e-09	9.2152e-09	8.5935e-09	8.1618e-09	9.3786e-09	1.0629e-08	1.1457e-08	1.1445e-08	1.1591e-08	1.4814e-08	1.7829e-08	1.9215e-08	1.9399e-08	1.9196e-08	1.8561e-08	1.7496e-08	1.509e-08	1.2921e-08	1.1631e-08	9.5785e-09	1.1304e-08	1.4086e-08	1.6191e-08	1.7471e-08	1.6876e-08	1.4992e-08	1.3077e-08	1.1474e-08	1.0771e-08	1.0458e-08	1.0059e-08	9.5029e-09	9.1215e-09	9.0715e-09	9.4515e-09	9.3559e-09	8.7199e-09	7.38e-09	7.1796e-09	7.3917e-09	7.0403e-09	5.7144e-09	4.6189e-09	8.2197e-09	1.1668e-08	1.319e-08	1.399e-08	1.4749e-08
1.5636e-08	1.1992e-08	1.0076e-08	1.0078e-08	1.0072e-08	9.7608e-09	9.9115e-09	1.07e-08	1.2083e-08	1.3747e-08	1.4997e-08	1.572e-08	1.5523e-08	1.3855e-08	1.1589e-08	1.0477e-08	1.1212e-08	1.1872e-08	1.1352e-08	1.0876e-08	1.156e-08	1.2563e-08	1.2458e-08	1.1253e-08	1.0559e-08	1.0414e-08	1.0554e-08	1.0096e-08	8.7884e-09	8.6743e-09	9.5572e-09	9.7601e-09	9.1737e-09	8.9278e-09	8.5388e-09	9.3437e-09	1.0962e-08	1.2019e-08	1.1639e-08	1.0454e-08	1.0001e-08	9.9823e-09	1.0434e-08	1.0791e-08	1.0746e-08	1.1639e-08	1.2225e-08	1.1555e-08	1.1122e-08	1.06e-08	9.7208e-09	9.3071e-09	8.3837e-09	8.2586e-09	8.9066e-09	9.5943e-09	9.8508e-09	9.7587e-09	8.7332e-09	8.0539e-09	8.794e-09	1.1453e-08	1.3827e-08	1.4756e-08	1.5004e-08	1.3972e-08	1.291e-08	1.2314e-08	1.1822e-08	1.0953e-08	1.0283e-08	9.1661e-09	8.4105e-09	9.5104e-09	1.0582e-08	1.1103e-08	1.1592e-08	1.2241e-08	1.2265e-08	1.0678e-08	7.9591e-09	6.9855e-09	6.4787e-09	6.6352e-09	8.1478e-09	9.6514e-09	1.0842e-08	1.1763e-08	1.1828e-08	1.4287e-08	1.7465e-08	1.9466e-08	2.0491e-08	2.0505e-08	1.8566e-08	1.6041e-08	1.4616e-08	1.3253e-08	1.264e-08	1.2177e-08	1.3679e-08	1.5235e-08	1.6047e-08	1.6284e-08	1.543e-08	1.3452e-08	1.1275e-08	9.4247e-09	8.1571e-09	7.7489e-09	7.4922e-09	7.4554e-09	8.9897e-09	1.0358e-08	1.0836e-08	1.0733e-08	1.0114e-08	8.6834e-09	8.3062e-09	8.2057e-09	7.9056e-09	6.9445e-09	6.6207e-09	9.1495e-09	1.1347e-08	1.2061e-08	1.2365e-08	1.3099e-08
1.5474e-08	1.16e-08	9.7618e-09	1.063e-08	1.0953e-08	1.1232e-08	1.2484e-08	1.3163e-08	1.3174e-08	1.3521e-08	1.3841e-08	1.3748e-08	1.2827e-08	1.1787e-08	1.0577e-08	9.7292e-09	1.0287e-08	1.0766e-08	1.0661e-08	1.2352e-08	1.4121e-08	1.4911e-08	1.3919e-08	1.194e-08	1.0762e-08	1.0683e-08	1.0682e-08	9.9849e-09	9.142e-09	8.1766e-09	8.2848e-09	8.7102e-09	8.7422e-09	8.6646e-09	7.7387e-09	8.3547e-09	1.0126e-08	1.0691e-08	9.6696e-09	9.159e-09	9.2817e-09	9.9177e-09	1.0761e-08	1.1097e-08	1.0982e-08	1.1526e-08	1.2112e-08	1.2055e-08	1.2019e-08	1.144e-08	1.0215e-08	1.0217e-08	1.1111e-08	1.0299e-08	8.2519e-09	8.5254e-09	8.9233e-09	8.7447e-09	8.6718e-09	9.3378e-09	1.064e-08	1.1941e-08	1.3226e-08	1.3956e-08	1.3348e-08	1.2441e-08	1.2113e-08	1.1795e-08	1.0834e-08	1.0176e-08	9.9322e-09	9.823e-09	1.0108e-08	1.1193e-08	1.1924e-08	1.168e-08	1.0283e-08	9.9415e-09	1.0292e-08	9.7812e-09	7.5388e-09	7.1654e-09	7.8275e-09	8.1049e-09	8.8515e-09	9.8867e-09	1.1195e-08	1.2644e-08	1.4127e-08	1.5611e-08	1.71e-08	1.8514e-08	1.9378e-08	1.929e-08	1.7966e-08	1.6691e-08	1.5774e-08	1.5426e-08	1.5862e-08	1.5997e-08	1.5653e-08	1.5813e-08	1.601e-08	1.5766e-08	1.3891e-08	1.0645e-08	7.1911e-09	5.9998e-09	7.5823e-09	8.9753e-09	9.3662e-09	8.421e-09	9.169e-09	1.0531e-08	9.918e-09	8.8924e-09	8.9848e-09	8.4124e-09	8.1912e-09	8.179e-09	7.6019e-09	6.1498e-09	6.8965e-09	1.003e-08	1.1949e-08	1.2578e-08	1.2429e-08	1.3194e-08
1.6361e-08	1.2438e-08	1.091e-08	1.0295e-08	1.019e-08	1.0974e-08	1.1559e-08	1.1942e-08	1.2512e-08	1.3082e-08	1.3014e-08	1.2384e-08	1.1965e-08	1.1871e-08	1.1964e-08	1.2251e-08	1.1968e-08	1.1662e-08	1.0801e-08	1.178e-08	1.2455e-08	1.166e-08	1.0621e-08	8.7617e-09	8.2773e-09	9.1543e-09	9.7789e-09	9.7502e-09	8.8174e-09	7.5516e-09	7.0391e-09	7.2598e-09	8.2661e-09	9.7756e-09	1.0739e-08	1.0906e-08	1.1709e-08	1.2159e-08	1.222e-08	1.2484e-08	1.3201e-08	1.3847e-08	1.382e-08	1.2803e-08	1.2339e-08	1.2703e-08	1.2672e-08	1.2603e-08	1.2789e-08	1.2814e-08	1.2102e-08	1.0738e-08	1.0079e-08	1.0109e-08	8.9483e-09	7.2765e-09	7.681e-09	7.9618e-09	8.2479e-09	9.2181e-09	1.094e-08	1.2201e-08	1.2299e-08	1.1623e-08	1.1775e-08	1.1783e-08	1.1057e-08	9.9244e-09	9.091e-09	8.5374e-09	8.2864e-09	8.3315e-09	9.3993e-09	1.0421e-08	1.1248e-08	1.121e-08	1.087e-08	1.1369e-08	1.15e-08	1.1866e-08	1.1694e-08	1.1081e-08	1.0711e-08	9.9724e-09	9.4999e-09	9.6792e-09	1.0717e-08	1.22e-08	1.3161e-08	1.3848e-08	1.4821e-08	1.6044e-08	1.7083e-08	1.6981e-08	1.6216e-08	1.4969e-08	1.3476e-08	1.3102e-08	1.3303e-08	1.4396e-08	1.5458e-08	1.5962e-08	1.5781e-08	1.5032e-08	1.2361e-08	8.4238e-09	5.2792e-09	6.7438e-09	1.0097e-08	1.2097e-08	1.2861e-08	1.231e-08	1.0722e-08	1.0429e-08	1.0443e-08	9.3244e-09	8.8703e-09	9.1984e-09	9.5046e-09	8.7225e-09	7.1198e-09	6.1699e-09	6.5427e-09	8.6254e-09	1.0682e-08	1.2376e-08	1.3611e-08	1.4626e-08
1.606e-08	1.2768e-08	1.1042e-08	1.0779e-08	1.0647e-08	1.0693e-08	1.0947e-08	1.1386e-08	1.2181e-08	1.292e-08	1.157e-08	1.0018e-08	1.021e-08	1.1201e-08	1.2371e-08	1.3473e-08	1.4081e-08	1.4231e-08	1.3705e-08	1.2402e-08	1.126e-08	9.3939e-09	6.9958e-09	5.5002e-09	7.0634e-09	8.891e-09	9.4826e-09	9.5868e-09	9.4175e-09	9.1207e-09	8.811e-09	8.5147e-09	8.8203e-09	9.6325e-09	1.0525e-08	1.1208e-08	1.1531e-08	1.1319e-08	1.1721e-08	1.2862e-08	1.3881e-08	1.4388e-08	1.447e-08	1.361e-08	1.2835e-08	1.2309e-08	1.1821e-08	1.2011e-08	1.3096e-08	1.4356e-08	1.4505e-08	1.3123e-08	1.2e-08	1.0597e-08	8.4672e-09	5.6258e-09	6.2503e-09	7.8489e-09	8.8133e-09	9.2043e-09	1.0583e-08	1.1907e-08	1.2481e-08	1.2371e-08	1.2347e-08	1.1937e-08	1.1111e-08	1.0112e-08	8.3982e-09	7.8461e-09	9.2969e-09	1.0587e-08	1.1512e-08	1.1985e-08	1.2178e-08	1.1489e-08	1.1833e-08	1.3769e-08	1.5673e-08	1.6764e-08	1.614e-08	1.3574e-08	1.1042e-08	1.0113e-08	8.8748e-09	8.224e-09	8.7705e-09	9.6788e-09	1.0613e-08	1.0282e-08	1.0857e-08	1.244e-08	1.3503e-08	1.3744e-08	1.2916e-08	1.2466e-08	1.123e-08	1.136e-08	1.2282e-08	1.3638e-08	1.4772e-08	1.4748e-08	1.3902e-08	1.2653e-08	1.0219e-08	8.6222e-09	7.1896e-09	8.6072e-09	1.0867e-08	1.212e-08	1.1243e-08	1.1312e-08	1.1375e-08	1.1749e-08	1.1723e-08	1.1393e-08	1.0268e-08	8.5863e-09	8.2383e-09	8.3797e-09	8.7329e-09	9.3416e-09	9.0956e-09	9.8025e-09	1.1008e-08	1.2604e-08	1.4299e-08	1.4986e-08
1.5849e-08	1.3223e-08	1.2795e-08	1.1848e-08	1.1237e-08	1.0827e-08	1.1256e-08	1.2022e-08	1.3075e-08	1.3498e-08	1.2755e-08	1.1282e-08	9.5257e-09	8.7228e-09	9.5692e-09	1.1313e-08	1.2401e-08	1.2262e-08	1.1772e-08	1.1275e-08	9.6673e-09	7.8432e-09	6.122e-09	5.188e-09	6.3599e-09	7.7267e-09	8.519e-09	8.4028e-09	8.1609e-09	8.6621e-09	9.3771e-09	9.8683e-09	1.0352e-08	1.1172e-08	1.1788e-08	1.1909e-08	1.1819e-08	1.1834e-08	1.2277e-08	1.3117e-08	1.3983e-08	1.4075e-08	1.3762e-08	1.3688e-08	1.2991e-08	1.1852e-08	1.1053e-08	1.2051e-08	1.3202e-08	1.4329e-08	1.5298e-08	1.5155e-08	1.4486e-08	1.1992e-08	9.7722e-09	7.4503e-09	7.2778e-09	8.7213e-09	9.7685e-09	1.0053e-08	1.0627e-08	1.168e-08	1.2854e-08	1.4072e-08	1.4812e-08	1.4792e-08	1.3352e-08	1.1825e-08	1.126e-08	1.0702e-08	1.0952e-08	1.168e-08	1.2814e-08	1.3296e-08	1.255e-08	1.1368e-08	1.1999e-08	1.4613e-08	1.6751e-08	1.7266e-08	1.6058e-08	1.4426e-08	1.1022e-08	8.1536e-09	7.3487e-09	6.5186e-09	6.6866e-09	7.6666e-09	7.9775e-09	7.1047e-09	7.5341e-09	9.1014e-09	9.7087e-09	9.5653e-09	9.6201e-09	9.4899e-09	9.2148e-09	9.4165e-09	1.0384e-08	1.1775e-08	1.2543e-08	1.2152e-08	1.1293e-08	1.1073e-08	1.0511e-08	1.0111e-08	1.0306e-08	1.0609e-08	1.194e-08	1.3393e-08	1.3265e-08	1.2321e-08	1.1941e-08	1.1581e-08	1.0901e-08	1.0214e-08	1.0054e-08	9.6172e-09	9.2717e-09	1.0304e-08	1.1128e-08	1.1257e-08	1.0831e-08	1.0767e-08	1.1421e-08	1.3266e-08	1.4842e-08	1.4733e-08
1.5158e-08	1.3018e-08	1.2549e-08	1.1535e-08	1.0811e-08	9.851e-09	8.9832e-09	1.0331e-08	1.1535e-08	1.1717e-08	1.1288e-08	1.0522e-08	8.6237e-09	7.2075e-09	7.4514e-09	9.0108e-09	1.0591e-08	1.146e-08	1.1671e-08	1.1415e-08	1.1297e-08	1.1227e-08	1.0592e-08	9.1046e-09	7.7188e-09	8.0964e-09	8.8053e-09	8.6087e-09	8.4696e-09	9.8667e-09	1.13e-08	1.1682e-08	1.1823e-08	1.2608e-08	1.3007e-08	1.2805e-08	1.2188e-08	1.218e-08	1.2417e-08	1.3177e-08	1.3905e-08	1.393e-08	1.3529e-08	1.3345e-08	1.3314e-08	1.2916e-08	1.2588e-08	1.4438e-08	1.6913e-08	1.8988e-08	1.9475e-08	1.7922e-08	1.4912e-08	1.2162e-08	1.0667e-08	1.0364e-08	1.0066e-08	8.8576e-09	8.9893e-09	8.8146e-09	8.1326e-09	9.4443e-09	1.0868e-08	1.2126e-08	1.3023e-08	1.2702e-08	1.1895e-08	1.0685e-08	1.0177e-08	9.3513e-09	8.7641e-09	9.3726e-09	9.877e-09	1.0166e-08	9.6197e-09	9.0885e-09	1.1337e-08	1.4549e-08	1.6819e-08	1.754e-08	1.6693e-08	1.3492e-08	1.0739e-08	7.3758e-09	6.704e-09	6.7107e-09	7.0509e-09	7.472e-09	7.0404e-09	5.9953e-09	6.7836e-09	8.2442e-09	8.4163e-09	8.18e-09	8.9751e-09	1.093e-08	1.215e-08	1.2359e-08	1.1937e-08	1.0442e-08	9.5968e-09	9.2154e-09	9.0796e-09	1.0135e-08	1.142e-08	1.2907e-08	1.388e-08	1.329e-08	1.3292e-08	1.3495e-08	1.281e-08	1.2256e-08	1.2309e-08	1.2087e-08	1.0763e-08	9.8191e-09	9.0891e-09	8.8484e-09	9.1057e-09	9.3052e-09	1.0435e-08	1.121e-08	1.1328e-08	1.1911e-08	1.3325e-08	1.4618e-08	1.5523e-08	1.5238e-08
1.4545e-08	1.2503e-08	1.136e-08	9.8387e-09	8.8974e-09	7.5141e-09	7.6068e-09	8.3765e-09	9.4556e-09	1.0118e-08	1.0231e-08	1.019e-08	9.4791e-09	7.3233e-09	7.2096e-09	8.2352e-09	8.9982e-09	1.0138e-08	1.2164e-08	1.3469e-08	1.3396e-08	1.2852e-08	1.2827e-08	1.2504e-08	1.1862e-08	1.1688e-08	1.1074e-08	1.0248e-08	1.048e-08	1.2545e-08	1.4205e-08	1.3944e-08	1.2665e-08	1.1926e-08	1.1462e-08	1.1628e-08	1.1777e-08	1.1815e-08	1.1764e-08	1.1529e-08	1.0938e-08	1.1647e-08	1.2856e-08	1.3657e-08	1.358e-08	1.3954e-08	1.4074e-08	1.5588e-08	1.7587e-08	1.9583e-08	2.0275e-08	1.8953e-08	1.7299e-08	1.6155e-08	1.5356e-08	1.4593e-08	1.3482e-08	1.1677e-08	9.8854e-09	7.7027e-09	5.6171e-09	5.5833e-09	7.2444e-09	8.4993e-09	9.4317e-09	1.0603e-08	1.1044e-08	1.0525e-08	9.2813e-09	7.372e-09	6.1217e-09	6.2239e-09	6.4093e-09	6.7972e-09	6.9732e-09	6.474e-09	9.0317e-09	1.271e-08	1.5843e-08	1.7203e-08	1.6132e-08	1.4303e-08	1.2328e-08	1.0821e-08	8.043e-09	6.5135e-09	6.6775e-09	7.3689e-09	7.7054e-09	7.3079e-09	7.9326e-09	8.9058e-09	8.563e-09	9.7712e-09	1.2384e-08	1.3786e-08	1.3938e-08	1.407e-08	1.4416e-08	1.366e-08	1.0872e-08	7.6991e-09	7.5179e-09	7.8852e-09	1.0055e-08	1.2091e-08	1.274e-08	1.212e-08	1.1402e-08	1.0611e-08	9.5376e-09	1.0032e-08	1.1252e-08	1.0939e-08	9.6495e-09	9.2852e-09	8.7617e-09	8.5846e-09	9.4875e-09	9.6961e-09	1.049e-08	1.2333e-08	1.3799e-08	1.4858e-08	1.5658e-08	1.6131e-08	1.6251e-08	1.528e-08
1.4948e-08	1.1982e-08	1.0789e-08	9.7202e-09	8.0953e-09	7.0446e-09	5.8044e-09	5.959e-09	6.9168e-09	8.0137e-09	7.9104e-09	9.0683e-09	9.9111e-09	9.4416e-09	8.1247e-09	8.5339e-09	9.6921e-09	1.1303e-08	1.3588e-08	1.4696e-08	1.4361e-08	1.3647e-08	1.3302e-08	1.36e-08	1.3537e-08	1.2378e-08	1.1103e-08	1.1121e-08	1.2837e-08	1.4408e-08	1.4726e-08	1.3658e-08	1.1588e-08	9.5683e-09	9.8386e-09	1.0685e-08	1.0676e-08	1.0111e-08	9.4083e-09	9.0647e-09	9.7466e-09	1.1714e-08	1.3366e-08	1.4138e-08	1.47e-08	1.4891e-08	1.5155e-08	1.6173e-08	1.8039e-08	1.953e-08	2.0539e-08	2.1349e-08	2.1282e-08	2.0894e-08	2.0474e-08	1.9918e-08	1.8459e-08	1.6389e-08	1.3442e-08	9.8722e-09	6.9138e-09	4.6143e-09	4.7053e-09	6.0036e-09	7.1004e-09	7.9638e-09	8.5061e-09	8.4643e-09	7.3607e-09	5.2671e-09	3.6901e-09	3.6733e-09	4.1494e-09	4.9995e-09	5.5159e-09	5.2168e-09	6.3185e-09	1.0015e-08	1.3157e-08	1.4954e-08	1.5268e-08	1.4378e-08	1.3265e-08	1.143e-08	9.9931e-09	8.7588e-09	8.4386e-09	8.9825e-09	9.1694e-09	8.918e-09	9.3573e-09	9.4805e-09	9.0159e-09	9.8799e-09	1.1683e-08	1.2605e-08	1.2395e-08	1.2014e-08	1.1169e-08	1.03e-08	9.402e-09	7.721e-09	7.8034e-09	1.0493e-08	1.313e-08	1.4461e-08	1.4138e-08	1.2106e-08	9.7706e-09	6.6918e-09	6.2597e-09	7.5394e-09	9.614e-09	1.005e-08	9.497e-09	9.4301e-09	8.5957e-09	8.4337e-09	9.1603e-09	9.8767e-09	1.1968e-08	1.4405e-08	1.5827e-08	1.6764e-08	1.7315e-08	1.7476e-08	1.7086e-08	1.5983e-08
1.3894e-08	9.8337e-09	8.3344e-09	7.5461e-09	6.906e-09	6.6491e-09	6.2201e-09	5.025e-09	6.3905e-09	8.956e-09	1.1389e-08	1.2503e-08	1.2619e-08	1.1366e-08	9.7032e-09	9.795e-09	1.075e-08	1.1855e-08	1.3855e-08	1.466e-08	1.4369e-08	1.3739e-08	1.2814e-08	1.3207e-08	1.3554e-08	1.2779e-08	1.1157e-08	1.0669e-08	1.1617e-08	1.3187e-08	1.3268e-08	1.2371e-08	1.0301e-08	9.3846e-09	9.7422e-09	9.7203e-09	9.4904e-09	9.1504e-09	8.8063e-09	8.7331e-09	9.1267e-09	1.0123e-08	1.1169e-08	1.2563e-08	1.4255e-08	1.5245e-08	1.619e-08	1.6839e-08	1.7857e-08	1.9267e-08	2.0676e-08	2.2371e-08	2.3618e-08	2.4226e-08	2.4542e-08	2.4223e-08	2.2963e-08	1.9923e-08	1.6353e-08	1.225e-08	8.3192e-09	6.0096e-09	5.3013e-09	5.7172e-09	6.8689e-09	7.3765e-09	7.0188e-09	6.7078e-09	4.485e-09	1.7646e-09	1.2925e-09	1.7921e-09	2.4832e-09	3.563e-09	3.9755e-09	3.2945e-09	3.2054e-09	5.4176e-09	9.4903e-09	1.2777e-08	1.472e-08	1.5256e-08	1.4569e-08	1.2368e-08	1.1496e-08	1.1127e-08	1.0459e-08	9.6154e-09	8.4821e-09	8.097e-09	9.3292e-09	9.8124e-09	9.9162e-09	1.0729e-08	1.137e-08	1.1442e-08	1.2078e-08	1.2786e-08	1.2545e-08	1.1095e-08	9.6011e-09	8.1765e-09	8.4901e-09	1.1159e-08	1.3087e-08	1.3493e-08	1.3143e-08	1.1358e-08	7.8663e-09	6.1813e-09	6.8401e-09	8.4161e-09	9.7764e-09	1.0366e-08	1.0237e-08	1.0084e-08	9.7047e-09	8.8179e-09	9.1952e-09	1.1843e-08	1.4155e-08	1.5749e-08	1.6826e-08	1.7117e-08	1.6603e-08	1.5155e-08	1.4593e-08	1.5046e-08
1.0449e-08	7.263e-09	6.7508e-09	7.1431e-09	7.266e-09	6.7065e-09	5.6303e-09	5.15e-09	7.1576e-09	1.0789e-08	1.3545e-08	1.4512e-08	1.3606e-08	1.1918e-08	1.1354e-08	1.1457e-08	1.2729e-08	1.4198e-08	1.5252e-08	1.5958e-08	1.6009e-08	1.4705e-08	1.3433e-08	1.3882e-08	1.3724e-08	1.2018e-08	9.6914e-09	8.7322e-09	9.3311e-09	1.0928e-08	1.1317e-08	1.0113e-08	9.6889e-09	1.0495e-08	1.0754e-08	1.0323e-08	9.6187e-09	8.658e-09	7.9968e-09	7.8707e-09	8.1765e-09	8.2135e-09	8.6654e-09	1.0837e-08	1.3054e-08	1.4843e-08	1.5841e-08	1.6528e-08	1.6586e-08	1.642e-08	1.8302e-08	2.1884e-08	2.4721e-08	2.608e-08	2.6579e-08	2.6187e-08	2.3852e-08	2.1578e-08	1.9052e-08	1.6063e-08	1.0884e-08	8.624e-09	7.8153e-09	6.1445e-09	6.6267e-09	6.7439e-09	6.4839e-09	5.5698e-09	4.3697e-09	2.198e-09	1.1064e-09	8.9084e-10	1.82e-09	3.2335e-09	3.8278e-09	3.1477e-09	1.9053e-09	2.1273e-09	4.1545e-09	8.6159e-09	1.2475e-08	1.3992e-08	1.3695e-08	1.2119e-08	1.2029e-08	1.2157e-08	1.1e-08	9.6867e-09	9.289e-09	9.7813e-09	1.0101e-08	1.0254e-08	1.0972e-08	1.1497e-08	1.1403e-08	1.1271e-08	1.2072e-08	1.3282e-08	1.3087e-08	1.2661e-08	1.221e-08	1.1686e-08	1.1802e-08	1.2428e-08	1.3086e-08	1.3106e-08	1.1186e-08	9.0785e-09	7.6439e-09	6.6765e-09	7.1892e-09	8.0624e-09	9.4096e-09	1.0436e-08	1.0403e-08	1.0695e-08	1.1066e-08	1.017e-08	1.0224e-08	1.2664e-08	1.4305e-08	1.4921e-08	1.4638e-08	1.4744e-08	1.4803e-08	1.4233e-08	1.4216e-08	1.5529e-08
1.1764e-08	8.6026e-09	7.7954e-09	8.2358e-09	8.1291e-09	7.7006e-09	7.1441e-09	6.7707e-09	6.9262e-09	8.6987e-09	1.1359e-08	1.33e-08	1.4099e-08	1.4174e-08	1.3774e-08	1.2998e-08	1.3666e-08	1.5084e-08	1.6295e-08	1.6941e-08	1.6786e-08	1.5165e-08	1.2351e-08	1.0129e-08	9.6001e-09	9.3065e-09	8.7312e-09	7.6702e-09	7.8562e-09	8.4898e-09	9.0552e-09	9.5579e-09	1.0346e-08	1.0408e-08	8.808e-09	7.8488e-09	7.7818e-09	8.1308e-09	8.7529e-09	8.8676e-09	9.0139e-09	9.5153e-09	9.9115e-09	1.0603e-08	1.1223e-08	1.1736e-08	1.2861e-08	1.3931e-08	1.3824e-08	1.444e-08	1.7842e-08	2.1498e-08	2.4183e-08	2.5654e-08	2.6918e-08	2.6419e-08	2.5403e-08	2.3321e-08	2.0842e-08	1.7269e-08	1.468e-08	1.2775e-08	1.0592e-08	9.4986e-09	8.9669e-09	8.6066e-09	7.3046e-09	4.6195e-09	2.9718e-09	2.5747e-09	1.2798e-09	0	9.2497e-10	2.7453e-09	3.6828e-09	3.587e-09	2.9783e-09	2.6941e-09	5.2504e-09	1.0228e-08	1.3715e-08	1.5421e-08	1.4944e-08	1.3277e-08	1.3001e-08	1.2764e-08	1.1594e-08	1.061e-08	9.7638e-09	9.555e-09	1.0263e-08	1.0636e-08	1.1195e-08	1.1163e-08	1.0718e-08	1.0332e-08	1.0541e-08	1.1422e-08	1.142e-08	1.0343e-08	9.2995e-09	1.0441e-08	1.1861e-08	1.2799e-08	1.2979e-08	1.1962e-08	9.9597e-09	9.0862e-09	6.9177e-09	5.4977e-09	6.4258e-09	8.4105e-09	1.0161e-08	1.132e-08	1.2207e-08	1.2716e-08	1.2155e-08	1.1603e-08	1.1763e-08	1.2927e-08	1.4295e-08	1.4684e-08	1.4132e-08	1.3018e-08	1.236e-08	1.2787e-08	1.4947e-08	1.6464e-08
1.3584e-08	9.8685e-09	9.0607e-09	9.045e-09	9.2751e-09	8.8318e-09	8.3137e-09	8.2715e-09	8.0672e-09	8.4566e-09	9.687e-09	1.1264e-08	1.2634e-08	1.3784e-08	1.4493e-08	1.3813e-08	1.3591e-08	1.4461e-08	1.5481e-08	1.65e-08	1.6092e-08	1.3387e-08	1.0087e-08	6.6597e-09	6.6291e-09	7.426e-09	7.8466e-09	8.006e-09	8.1994e-09	7.466e-09	7.5173e-09	8.8577e-09	9.1648e-09	8.8427e-09	7.9799e-09	6.5119e-09	7.5687e-09	9.4839e-09	1.1155e-08	1.2055e-08	1.1986e-08	1.168e-08	1.1303e-08	1.0948e-08	1.0337e-08	9.7345e-09	1.0934e-08	1.2838e-08	1.389e-08	1.5622e-08	1.9188e-08	2.2648e-08	2.4822e-08	2.5985e-08	2.6652e-08	2.6709e-08	2.6502e-08	2.4877e-08	2.2068e-08	1.9606e-08	1.7307e-08	1.4715e-08	1.1042e-08	7.7052e-09	6.0028e-09	5.175e-09	4.5119e-09	3.5534e-09	2.9942e-09	3.1618e-09	3.4904e-09	4.0636e-09	4.6834e-09	5.0383e-09	4.4256e-09	3.0295e-09	2.2351e-09	2.7491e-09	5.7233e-09	9.8538e-09	1.2914e-08	1.3991e-08	1.4424e-08	1.451e-08	1.4035e-08	1.2906e-08	1.1391e-08	1.0772e-08	1.0303e-08	1.0447e-08	1.104e-08	1.0938e-08	1.0675e-08	1.0106e-08	9.7535e-09	9.8491e-09	1.0465e-08	1.1167e-08	1.0867e-08	9.3321e-09	8.6305e-09	9.0119e-09	1.0117e-08	1.0911e-08	1.0903e-08	1.052e-08	1.0423e-08	9.352e-09	6.9977e-09	4.0578e-09	4.3872e-09	7.3802e-09	1.0621e-08	1.311e-08	1.3944e-08	1.3942e-08	1.3327e-08	1.229e-08	1.2359e-08	1.2845e-08	1.3692e-08	1.3605e-08	1.2552e-08	1.1056e-08	1.1133e-08	1.4636e-08	1.7657e-08	1.8768e-08
1.3223e-08	9.7339e-09	9.2463e-09	9.7983e-09	1.0223e-08	1.0319e-08	1.0085e-08	9.8638e-09	8.889e-09	8.4866e-09	8.9219e-09	1.0021e-08	1.1261e-08	1.2147e-08	1.3049e-08	1.2691e-08	1.2138e-08	1.3417e-08	1.4879e-08	1.5348e-08	1.4134e-08	1.1688e-08	8.5651e-09	6.8083e-09	7.4035e-09	8.8497e-09	1.0208e-08	1.1081e-08	1.1245e-08	1.0354e-08	9.7681e-09	9.1327e-09	8.9625e-09	9.323e-09	9.6006e-09	8.3043e-09	7.8715e-09	9.7552e-09	1.1408e-08	1.1962e-08	1.122e-08	1.0297e-08	1.0711e-08	1.0298e-08	8.9469e-09	7.6337e-09	8.1091e-09	9.5346e-09	1.0543e-08	1.4389e-08	1.8714e-08	2.1974e-08	2.3957e-08	2.5501e-08	2.7515e-08	2.865e-08	2.7497e-08	2.5316e-08	2.312e-08	2.0646e-08	1.6969e-08	1.3055e-08	9.9157e-09	6.927e-09	6.0248e-09	5.7597e-09	5.0794e-09	4.4458e-09	5.5163e-09	6.2186e-09	5.9197e-09	5.3476e-09	5.0414e-09	4.8415e-09	3.9121e-09	2.5365e-09	8.2852e-10	1.4572e-09	4.6342e-09	9.1557e-09	1.2385e-08	1.3623e-08	1.3418e-08	1.2985e-08	1.2851e-08	1.2662e-08	1.1979e-08	1.0513e-08	1.0534e-08	1.1198e-08	1.1318e-08	1.0666e-08	9.387e-09	9.1905e-09	9.7456e-09	1.0543e-08	1.1362e-08	1.1516e-08	1.0984e-08	1.0347e-08	9.8847e-09	9.8254e-09	1.0766e-08	1.1412e-08	1.1128e-08	1.1147e-08	1.0509e-08	9.7806e-09	8.3055e-09	7.7389e-09	5.5522e-09	6.3886e-09	1.0305e-08	1.2488e-08	1.3662e-08	1.4247e-08	1.3743e-08	1.2613e-08	1.2388e-08	1.2516e-08	1.2616e-08	1.2218e-08	1.1266e-08	1.1492e-08	1.2649e-08	1.3996e-08	1.5918e-08	1.7233e-08
1.3954e-08	1.0575e-08	9.5396e-09	1.0249e-08	1.1144e-08	1.1576e-08	1.1718e-08	1.1263e-08	1.0602e-08	9.8396e-09	9.4097e-09	9.6151e-09	1.058e-08	1.1477e-08	1.1696e-08	1.1107e-08	1.0863e-08	1.243e-08	1.3835e-08	1.371e-08	1.142e-08	8.7451e-09	7.7339e-09	6.6167e-09	7.4284e-09	8.5738e-09	9.6335e-09	1.073e-08	1.1153e-08	1.104e-08	1.1231e-08	1.149e-08	1.1595e-08	1.1153e-08	1.0676e-08	1.0323e-08	9.7071e-09	9.8266e-09	9.9485e-09	1.0084e-08	1.0112e-08	1.0348e-08	1.0199e-08	9.5337e-09	7.6132e-09	6.4221e-09	6.8381e-09	8.0333e-09	1.0868e-08	1.4797e-08	1.8275e-08	2.1544e-08	2.4002e-08	2.5136e-08	2.6258e-08	2.5895e-08	2.4503e-08	2.3106e-08	2.038e-08	1.6841e-08	1.3382e-08	1.1952e-08	1.0516e-08	8.6142e-09	8.4587e-09	8.564e-09	8.2064e-09	8.1441e-09	8.7361e-09	9.3031e-09	9.0342e-09	8.4143e-09	7.0102e-09	4.7318e-09	3.1277e-09	3.6144e-09	3.3582e-09	3.7347e-09	5.9958e-09	1.0281e-08	1.3091e-08	1.376e-08	1.3009e-08	1.2717e-08	1.1704e-08	1.0166e-08	8.7015e-09	8.0583e-09	8.728e-09	9.9464e-09	1.0608e-08	1.0361e-08	9.1939e-09	8.7505e-09	9.2478e-09	9.6082e-09	1.005e-08	1.044e-08	1.0442e-08	1.072e-08	1.1415e-08	1.1837e-08	1.1418e-08	1.127e-08	1.1269e-08	1.0603e-08	1.0222e-08	1.0445e-08	1.0113e-08	9.6461e-09	8.8865e-09	8.9067e-09	1.1273e-08	1.3052e-08	1.3633e-08	1.2628e-08	1.0711e-08	1.0036e-08	1.0737e-08	1.1776e-08	1.2864e-08	1.3229e-08	1.3573e-08	1.4049e-08	1.3627e-08	1.3096e-08	1.3622e-08	1.3904e-08
1.3485e-08	1.1181e-08	1.0107e-08	1.013e-08	1.0331e-08	1.0766e-08	1.0818e-08	1.0712e-08	1.073e-08	1.037e-08	1.1417e-08	1.2372e-08	1.2556e-08	1.2125e-08	1.101e-08	1.0027e-08	1.0398e-08	1.1806e-08	1.3061e-08	1.2257e-08	1.1313e-08	9.9704e-09	9.2153e-09	8.4424e-09	8.7582e-09	9.0016e-09	9.4142e-09	1.0051e-08	1.0944e-08	1.1579e-08	1.3112e-08	1.3624e-08	1.3828e-08	1.3847e-08	1.2416e-08	1.1171e-08	1.0871e-08	1.016e-08	9.3171e-09	9.6502e-09	1.0295e-08	1.0435e-08	8.4764e-09	6.3805e-09	4.5452e-09	3.6204e-09	3.9813e-09	5.4769e-09	9.6364e-09	1.3091e-08	1.5804e-08	1.8568e-08	2.1216e-08	2.3175e-08	2.3717e-08	2.2378e-08	2.0798e-08	1.8621e-08	1.5701e-08	1.3089e-08	1.3311e-08	1.2732e-08	1.0503e-08	1.0108e-08	1.0416e-08	1.0635e-08	1.0402e-08	1.0477e-08	1.1302e-08	1.1466e-08	1.0951e-08	9.8872e-09	7.8151e-09	6.7753e-09	6.8925e-09	7.0506e-09	7.2948e-09	7.5802e-09	8.9226e-09	1.1428e-08	1.315e-08	1.3727e-08	1.3126e-08	1.1968e-08	1.0067e-08	7.2191e-09	6.409e-09	7.1584e-09	8.5055e-09	9.5669e-09	1.0207e-08	1.098e-08	1.0588e-08	9.1744e-09	8.8473e-09	9.0486e-09	9.7561e-09	1.0773e-08	1.1424e-08	1.2069e-08	1.2157e-08	1.1864e-08	1.2113e-08	1.1974e-08	1.1226e-08	1.0143e-08	9.978e-09	1.1007e-08	1.2197e-08	1.2844e-08	1.1951e-08	1.0933e-08	1.1031e-08	1.1065e-08	1.1158e-08	1.0571e-08	8.9727e-09	8.5196e-09	1.0345e-08	1.231e-08	1.3554e-08	1.4456e-08	1.4614e-08	1.3533e-08	1.2157e-08	1.1833e-08	1.179e-08	1.1957e-08
1.3835e-08	1.0812e-08	1.1031e-08	1.2464e-08	1.2949e-08	1.2352e-08	1.1965e-08	1.16e-08	1.1565e-08	1.0964e-08	1.0978e-08	1.1529e-08	1.1375e-08	9.773e-09	8.6102e-09	8.5286e-09	9.9106e-09	1.1516e-08	1.2116e-08	1.2203e-08	1.1613e-08	1.1214e-08	1.0558e-08	1.029e-08	9.9393e-09	9.5782e-09	1.0132e-08	1.1427e-08	1.276e-08	1.4e-08	1.5248e-08	1.562e-08	1.5026e-08	1.3913e-08	1.2302e-08	1.0777e-08	1.0531e-08	1.0517e-08	1.0462e-08	9.8992e-09	8.4383e-09	6.633e-09	6.0176e-09	5.1687e-09	3.703e-09	2.8836e-09	2.2363e-09	3.3579e-09	6.4826e-09	9.8926e-09	1.2593e-08	1.5387e-08	1.8618e-08	2.0284e-08	2.0193e-08	1.7842e-08	1.4659e-08	1.2255e-08	1.2259e-08	1.2433e-08	1.3082e-08	1.2273e-08	1.0573e-08	1.0615e-08	1.1977e-08	1.2459e-08	1.1588e-08	1.1959e-08	1.3159e-08	1.3186e-08	1.1958e-08	1.0244e-08	9.2138e-09	8.8462e-09	9.1012e-09	9.4926e-09	1.0541e-08	1.1652e-08	1.2805e-08	1.4523e-08	1.553e-08	1.4814e-08	1.319e-08	1.0757e-08	7.3341e-09	6.8086e-09	8.2554e-09	9.5755e-09	1.0177e-08	1.0572e-08	1.1157e-08	1.1711e-08	1.1164e-08	9.6884e-09	9.7903e-09	1.0793e-08	1.1007e-08	1.0926e-08	1.0528e-08	1.0955e-08	1.2132e-08	1.2669e-08	1.2679e-08	1.2292e-08	1.0549e-08	1.0216e-08	1.1823e-08	1.3281e-08	1.3792e-08	1.3146e-08	1.1576e-08	1.1131e-08	1.1646e-08	1.2169e-08	1.1407e-08	1.0313e-08	9.8664e-09	9.6051e-09	9.5895e-09	1.0428e-08	1.1849e-08	1.2574e-08	1.2933e-08	1.1899e-08	1.0438e-08	1.0034e-08	1.0188e-08	9.8859e-09
1.4304e-08	1.2354e-08	1.2761e-08	1.3044e-08	1.3177e-08	1.2965e-08	1.2409e-08	1.1661e-08	1.1326e-08	1.1607e-08	1.0717e-08	9.7692e-09	9.2988e-09	8.244e-09	8.1433e-09	9.8348e-09	1.1803e-08	1.313e-08	1.2988e-08	1.1562e-08	1.0116e-08	9.479e-09	9.9079e-09	9.9215e-09	9.6509e-09	9.5225e-09	9.3765e-09	1.0342e-08	1.1908e-08	1.3813e-08	1.5256e-08	1.5308e-08	1.4103e-08	1.311e-08	1.1461e-08	1.097e-08	1.0414e-08	9.1702e-09	8.8928e-09	8.8349e-09	7.4419e-09	5.8404e-09	5.6608e-09	5.3093e-09	4.8613e-09	4.7073e-09	4.1261e-09	4.3776e-09	6.2563e-09	8.8699e-09	1.1089e-08	1.4309e-08	1.7249e-08	1.8651e-08	1.9048e-08	1.7712e-08	1.6169e-08	1.6184e-08	1.6245e-08	1.5959e-08	1.4437e-08	1.3014e-08	1.3135e-08	1.3672e-08	1.3327e-08	1.2188e-08	1.2008e-08	1.2263e-08	1.2885e-08	1.2948e-08	1.177e-08	1.0387e-08	9.9738e-09	9.7136e-09	9.3387e-09	9.4076e-09	1.0244e-08	1.1372e-08	1.2563e-08	1.3497e-08	1.2947e-08	1.1166e-08	1.0704e-08	9.442e-09	7.4345e-09	7.0276e-09	8.4014e-09	9.3036e-09	9.1911e-09	9.5188e-09	1.0487e-08	1.1697e-08	1.244e-08	1.3234e-08	1.3848e-08	1.3642e-08	1.2897e-08	1.1478e-08	9.6937e-09	8.6551e-09	8.1427e-09	1.0125e-08	1.2495e-08	1.2832e-08	1.1769e-08	1.0932e-08	1.0976e-08	1.2219e-08	1.3412e-08	1.2904e-08	1.0555e-08	9.9277e-09	1.016e-08	1.0067e-08	1.0262e-08	1.1255e-08	1.1929e-08	1.1679e-08	1.0686e-08	9.9321e-09	1.0717e-08	1.1863e-08	1.2669e-08	1.2186e-08	1.1213e-08	1.0617e-08	1.0539e-08	1.1184e-08
1.3161e-08	1.1279e-08	1.211e-08	1.3054e-08	1.2836e-08	1.1872e-08	1.0495e-08	9.6273e-09	1.06e-08	1.1839e-08	1.2368e-08	1.184e-08	1.0259e-08	8.5374e-09	9.5927e-09	1.1937e-08	1.4e-08	1.4864e-08	1.3792e-08	1.1975e-08	1.0987e-08	9.6664e-09	9.1472e-09	9.8433e-09	1.0121e-08	1.0617e-08	1.1175e-08	1.025e-08	9.4791e-09	1.0852e-08	1.3151e-08	1.3924e-08	1.2403e-08	9.765e-09	8.8555e-09	9.4734e-09	9.7951e-09	8.7434e-09	7.4939e-09	6.6846e-09	5.3968e-09	4.9414e-09	5.3061e-09	5.8598e-09	7.3105e-09	8.5187e-09	8.8819e-09	8.5821e-09	8.0417e-09	9.2856e-09	1.2335e-08	1.6151e-08	1.9341e-08	2.11e-08	2.164e-08	2.119e-08	2.0151e-08	1.8151e-08	1.5937e-08	1.482e-08	1.3863e-08	1.3065e-08	1.2334e-08	1.1673e-08	1.0964e-08	1.0664e-08	1.108e-08	1.1458e-08	1.1816e-08	1.2228e-08	1.1433e-08	1.0212e-08	9.2558e-09	8.2975e-09	7.5149e-09	7.4806e-09	8.162e-09	8.9279e-09	1.0669e-08	1.1995e-08	1.2176e-08	1.1643e-08	1.0862e-08	9.513e-09	8.5753e-09	8.8412e-09	8.8916e-09	9.2304e-09	9.4388e-09	9.454e-09	9.7098e-09	1.083e-08	1.2511e-08	1.405e-08	1.5139e-08	1.5019e-08	1.3401e-08	1.1647e-08	1.062e-08	9.8693e-09	1.0955e-08	1.285e-08	1.2982e-08	1.1644e-08	1.1057e-08	1.1008e-08	1.0937e-08	1.1188e-08	1.0537e-08	9.7911e-09	8.633e-09	8.3981e-09	9.1843e-09	9.8094e-09	1.0451e-08	1.131e-08	1.1591e-08	1.1366e-08	1.0642e-08	1.0033e-08	1.0919e-08	1.2106e-08	1.2427e-08	1.2104e-08	1.2152e-08	1.2165e-08	1.2387e-08	1.2771e-08
1.28e-08	1.095e-08	1.1839e-08	1.1764e-08	1.1439e-08	1.0757e-08	9.9551e-09	8.9842e-09	9.4243e-09	1.0469e-08	1.1208e-08	1.0762e-08	9.8211e-09	8.6856e-09	1.0668e-08	1.3298e-08	1.4714e-08	1.473e-08	1.3854e-08	1.3168e-08	1.3106e-08	1.2906e-08	1.2138e-08	1.2094e-08	1.2205e-08	1.106e-08	9.4543e-09	7.5958e-09	6.9508e-09	8.9836e-09	1.1149e-08	1.197e-08	1.1156e-08	1.1326e-08	1.2086e-08	1.182e-08	1.0822e-08	9.7092e-09	7.8554e-09	6.4728e-09	6.0634e-09	4.9974e-09	5.997e-09	8.455e-09	1.0691e-08	1.2075e-08	1.2167e-08	1.1087e-08	1.014e-08	1.0546e-08	1.274e-08	1.6341e-08	1.8929e-08	1.9809e-08	1.9684e-08	1.975e-08	1.8849e-08	1.6626e-08	1.3643e-08	1.3004e-08	1.3058e-08	1.2104e-08	1.1345e-08	1.0471e-08	9.3433e-09	8.7403e-09	8.4759e-09	8.7555e-09	9.3593e-09	1.0316e-08	1.0041e-08	8.9893e-09	7.7371e-09	6.2311e-09	5.6115e-09	6.3323e-09	7.9892e-09	9.8629e-09	1.1661e-08	1.2925e-08	1.2802e-08	1.2291e-08	1.2819e-08	1.2494e-08	1.1462e-08	1.137e-08	1.1192e-08	1.145e-08	1.1531e-08	1.0981e-08	9.6327e-09	9.2893e-09	1.1201e-08	1.3664e-08	1.5019e-08	1.4648e-08	1.3639e-08	1.1981e-08	1.0539e-08	9.4585e-09	1.0141e-08	1.1347e-08	1.1497e-08	1.1631e-08	1.1204e-08	1.0306e-08	9.8308e-09	9.4391e-09	9.2487e-09	9.7749e-09	1.0232e-08	1.0375e-08	1.0365e-08	1.0226e-08	1.1138e-08	1.1587e-08	1.1698e-08	1.0773e-08	9.5258e-09	9.7517e-09	1.0762e-08	1.1762e-08	1.2166e-08	1.2498e-08	1.2756e-08	1.2684e-08	1.2628e-08	1.3415e-08
1.365e-08	9.9838e-09	9.9767e-09	1.0362e-08	1.1074e-08	1.1623e-08	1.1711e-08	1.1361e-08	1.1243e-08	1.2078e-08	1.2557e-08	1.1613e-08	9.607e-09	8.8774e-09	1.0505e-08	1.2674e-08	1.4098e-08	1.3625e-08	1.3013e-08	1.3112e-08	1.2528e-08	1.1457e-08	1.1103e-08	1.0984e-08	1.0422e-08	9.0754e-09	7.8798e-09	5.8917e-09	5.0343e-09	7.5803e-09	1.0737e-08	1.2835e-08	1.3546e-08	1.3588e-08	1.315e-08	1.1575e-08	9.5217e-09	7.9312e-09	7.4237e-09	7.1738e-09	7.5814e-09	8.4659e-09	9.9122e-09	1.1228e-08	1.2071e-08	1.2375e-08	1.2727e-08	1.2362e-08	1.2504e-08	1.2733e-08	1.401e-08	1.7175e-08	1.9695e-08	2.0462e-08	1.9869e-08	1.8846e-08	1.723e-08	1.3986e-08	1.0843e-08	1.1003e-08	1.1905e-08	1.1772e-08	1.0925e-08	9.48e-09	8.3831e-09	6.9998e-09	6.1065e-09	6.1221e-09	7.2964e-09	7.723e-09	7.2632e-09	7.0054e-09	6.6034e-09	7.7316e-09	9.016e-09	9.5503e-09	9.6322e-09	1.0084e-08	1.1376e-08	1.2756e-08	1.3597e-08	1.3969e-08	1.3669e-08	1.2808e-08	1.1416e-08	1.0654e-08	1.0707e-08	1.1384e-08	1.1728e-08	1.2112e-08	1.2343e-08	1.2132e-08	1.2726e-08	1.3148e-08	1.3431e-08	1.3079e-08	1.1767e-08	1.0975e-08	1.0304e-08	9.0991e-09	8.5946e-09	9.796e-09	1.0499e-08	1.094e-08	1.0874e-08	1.1081e-08	1.1271e-08	1.1072e-08	1.0992e-08	1.1202e-08	1.211e-08	1.2865e-08	1.2476e-08	1.1653e-08	1.1299e-08	1.1486e-08	1.1495e-08	1.0489e-08	9.1919e-09	9.1901e-09	1.0042e-08	1.0968e-08	1.1362e-08	1.15e-08	1.2481e-08	1.262e-08	1.1596e-08	1.2133e-08
1.326e-08	1.1014e-08	1.1276e-08	1.1063e-08	1.0845e-08	1.1686e-08	1.2384e-08	1.2632e-08	1.2228e-08	1.1142e-08	1.1053e-08	1.0822e-08	9.831e-09	8.9564e-09	9.8875e-09	1.1823e-08	1.2955e-08	1.2405e-08	1.2788e-08	1.4209e-08	1.437e-08	1.3065e-08	1.2596e-08	1.2488e-08	1.1427e-08	1.0005e-08	8.761e-09	7.0179e-09	6.3754e-09	6.748e-09	8.6603e-09	1.0561e-08	1.2049e-08	1.2554e-08	1.1752e-08	9.9716e-09	8.4965e-09	7.7097e-09	7.7703e-09	7.7816e-09	8.1774e-09	9.5329e-09	1.0924e-08	1.2241e-08	1.3203e-08	1.3182e-08	1.2508e-08	1.2666e-08	1.3891e-08	1.5e-08	1.5208e-08	1.5571e-08	1.6483e-08	1.7849e-08	1.8535e-08	1.7549e-08	1.4402e-08	1.1713e-08	1.1704e-08	1.1356e-08	1.0507e-08	9.4647e-09	9.2189e-09	8.2946e-09	6.939e-09	5.2734e-09	5.2214e-09	5.9529e-09	6.472e-09	5.9917e-09	5.218e-09	5.7263e-09	7.6679e-09	9.7945e-09	1.1133e-08	1.1704e-08	1.1516e-08	1.0642e-08	9.8234e-09	1.0183e-08	1.0819e-08	1.1847e-08	1.2241e-08	1.1748e-08	1.1679e-08	1.248e-08	1.3969e-08	1.5237e-08	1.5751e-08	1.6414e-08	1.6495e-08	1.5379e-08	1.3476e-08	1.1698e-08	1.1387e-08	1.1113e-08	1.0747e-08	1.1087e-08	1.0911e-08	1.0536e-08	1.058e-08	1.0354e-08	8.9471e-09	9.4203e-09	1.0806e-08	1.2056e-08	1.2478e-08	1.244e-08	1.27e-08	1.3083e-08	1.3686e-08	1.3998e-08	1.3439e-08	1.25e-08	1.2019e-08	1.2593e-08	1.2873e-08	1.1969e-08	1.0952e-08	1.0149e-08	9.5974e-09	9.4301e-09	9.0022e-09	8.4572e-09	8.8405e-09	8.7895e-09	9.3646e-09	1.092e-08
1.2175e-08	9.6587e-09	1.0299e-08	1.0983e-08	1.1727e-08	1.1623e-08	1.1757e-08	1.1854e-08	1.0925e-08	9.3941e-09	8.6011e-09	8.9891e-09	1.0118e-08	1.126e-08	1.1699e-08	1.1228e-08	1.1571e-08	1.2524e-08	1.3639e-08	1.4352e-08	1.4621e-08	1.4845e-08	1.5152e-08	1.4736e-08	1.3196e-08	1.1269e-08	1.0332e-08	1.1139e-08	1.116e-08	9.6095e-09	8.0667e-09	8.0554e-09	8.6679e-09	9.1961e-09	8.8358e-09	8.4522e-09	8.6353e-09	8.1137e-09	7.8483e-09	8.6079e-09	9.425e-09	1.0203e-08	1.1087e-08	1.133e-08	1.1789e-08	1.2291e-08	1.3234e-08	1.4659e-08	1.5664e-08	1.5698e-08	1.5392e-08	1.5214e-08	1.5782e-08	1.7024e-08	1.6947e-08	1.4714e-08	1.2112e-08	1.0967e-08	1.1216e-08	1.159e-08	1.0971e-08	1.0065e-08	1.0316e-08	8.9816e-09	7.6438e-09	6.9708e-09	7.4502e-09	8.6055e-09	8.7826e-09	7.1261e-09	5.2078e-09	6.4788e-09	8.9297e-09	1.0337e-08	1.0518e-08	1.034e-08	1.0045e-08	9.2302e-09	7.4331e-09	6.7172e-09	7.8954e-09	9.5541e-09	1.0487e-08	1.1133e-08	1.25e-08	1.4782e-08	1.5879e-08	1.5727e-08	1.4975e-08	1.4901e-08	1.4511e-08	1.3889e-08	1.1929e-08	1.0079e-08	9.7063e-09	1.0168e-08	1.067e-08	1.055e-08	1.1299e-08	1.2451e-08	1.2749e-08	1.1673e-08	1.0393e-08	1.0797e-08	1.1969e-08	1.2808e-08	1.325e-08	1.3309e-08	1.3199e-08	1.3225e-08	1.3692e-08	1.3544e-08	1.2858e-08	1.2481e-08	1.1689e-08	1.1223e-08	1.2107e-08	1.2522e-08	1.1996e-08	1.1654e-08	1.115e-08	1.0336e-08	8.7868e-09	6.6527e-09	5.7953e-09	6.2951e-09	1.0271e-08	1.4404e-08
1.1641e-08	9.4007e-09	1.0781e-08	1.1818e-08	1.2739e-08	1.3012e-08	1.2864e-08	1.2061e-08	1.0461e-08	8.7549e-09	8.7302e-09	9.3893e-09	1.0583e-08	1.1498e-08	1.1797e-08	1.1535e-08	1.1212e-08	1.0746e-08	1.1156e-08	1.1439e-08	1.1905e-08	1.3304e-08	1.4425e-08	1.4716e-08	1.4371e-08	1.3874e-08	1.2727e-08	1.1377e-08	1.0834e-08	9.743e-09	9.0141e-09	8.79e-09	9.1649e-09	8.8039e-09	8.2619e-09	8.1908e-09	8.3485e-09	8.2448e-09	7.8832e-09	7.5991e-09	7.6652e-09	8.6205e-09	9.3952e-09	9.8329e-09	1.1574e-08	1.3728e-08	1.4899e-08	1.5455e-08	1.5599e-08	1.5371e-08	1.4447e-08	1.3769e-08	1.4154e-08	1.5062e-08	1.5069e-08	1.426e-08	1.2959e-08	1.3396e-08	1.3406e-08	1.2672e-08	1.2203e-08	1.2801e-08	1.2746e-08	1.1599e-08	1.0877e-08	9.2153e-09	7.9959e-09	8.1239e-09	8.1844e-09	7.6333e-09	6.9209e-09	8.5278e-09	9.5949e-09	9.6197e-09	9.4554e-09	9.0664e-09	8.2408e-09	6.9827e-09	6.2054e-09	6.226e-09	7.8373e-09	9.9791e-09	1.091e-08	1.1314e-08	1.3079e-08	1.5032e-08	1.6113e-08	1.6182e-08	1.5571e-08	1.5432e-08	1.4734e-08	1.2767e-08	1.0955e-08	9.5841e-09	9.7842e-09	1.0306e-08	1.0694e-08	1.0908e-08	1.1855e-08	1.2886e-08	1.3508e-08	1.3066e-08	1.1903e-08	1.1596e-08	1.188e-08	1.1705e-08	1.1245e-08	1.1246e-08	1.1377e-08	1.153e-08	1.1741e-08	1.1779e-08	1.1654e-08	1.1527e-08	1.0621e-08	1.02e-08	1.0881e-08	1.12e-08	1.0847e-08	9.8478e-09	8.6523e-09	8.7692e-09	7.969e-09	7.9724e-09	8.5062e-09	1.0167e-08	1.4866e-08	1.8391e-08
1.2933e-08	9.71e-09	9.5996e-09	1.0795e-08	1.2031e-08	1.2636e-08	1.2688e-08	1.1331e-08	9.8983e-09	9.2031e-09	8.8151e-09	9.1239e-09	9.9924e-09	1.0627e-08	1.1363e-08	1.1771e-08	1.0957e-08	9.6701e-09	1.0837e-08	1.2203e-08	1.2912e-08	1.333e-08	1.3134e-08	1.3236e-08	1.3682e-08	1.3682e-08	1.3529e-08	1.3362e-08	1.2597e-08	1.1233e-08	1.0378e-08	1.0003e-08	1.0078e-08	9.6834e-09	9.0246e-09	8.8308e-09	7.9141e-09	7.691e-09	7.9062e-09	7.2603e-09	6.5499e-09	6.9777e-09	8.5862e-09	1.0531e-08	1.279e-08	1.4316e-08	1.4535e-08	1.3734e-08	1.4212e-08	1.4933e-08	1.4962e-08	1.415e-08	1.3979e-08	1.4841e-08	1.5138e-08	1.4238e-08	1.3033e-08	1.2731e-08	1.2547e-08	1.2407e-08	1.3599e-08	1.4852e-08	1.4152e-08	1.1995e-08	1.0781e-08	9.766e-09	9.5501e-09	9.9703e-09	9.9783e-09	9.2094e-09	8.6475e-09	9.0501e-09	9.6305e-09	9.7742e-09	1.018e-08	1.0336e-08	9.4011e-09	7.1601e-09	6.4624e-09	6.7541e-09	7.3229e-09	8.6513e-09	9.8359e-09	1.073e-08	1.2172e-08	1.3245e-08	1.3987e-08	1.4579e-08	1.3802e-08	1.2616e-08	1.2656e-08	1.3106e-08	1.2647e-08	1.1533e-08	1.0828e-08	1.0062e-08	1.0586e-08	1.1186e-08	1.1799e-08	1.2246e-08	1.2988e-08	1.31e-08	1.2235e-08	1.1519e-08	1.1096e-08	1.1215e-08	1.1166e-08	1.0482e-08	1.0132e-08	1.0649e-08	1.1176e-08	1.09e-08	9.3993e-09	8.2991e-09	7.9987e-09	8.0703e-09	8.6717e-09	9.7891e-09	1.0223e-08	1.0176e-08	1.0048e-08	1.0009e-08	1.0539e-08	1.1142e-08	1.1681e-08	1.332e-08	1.6563e-08	1.905e-08
1.206e-08	9.5696e-09	1.0128e-08	1.1375e-08	1.2169e-08	1.2035e-08	1.1595e-08	1.036e-08	9.3828e-09	9.0138e-09	9.0539e-09	9.1974e-09	9.4791e-09	1.0737e-08	1.2446e-08	1.2554e-08	1.094e-08	1.0119e-08	1.0734e-08	1.197e-08	1.2126e-08	1.1118e-08	1.0613e-08	1.1965e-08	1.4418e-08	1.5895e-08	1.5852e-08	1.4665e-08	1.3525e-08	1.2354e-08	1.1266e-08	1.0407e-08	1.0243e-08	9.7837e-09	8.8034e-09	8.6751e-09	7.6665e-09	6.3357e-09	5.9652e-09	5.2215e-09	4.0982e-09	4.4465e-09	7.4635e-09	1.0967e-08	1.3254e-08	1.3977e-08	1.3061e-08	1.2558e-08	1.3916e-08	1.485e-08	1.4823e-08	1.3772e-08	1.3581e-08	1.3917e-08	1.4981e-08	1.5856e-08	1.5643e-08	1.5569e-08	1.6218e-08	1.7498e-08	1.8136e-08	1.7551e-08	1.5637e-08	1.4294e-08	1.3567e-08	1.1337e-08	9.2967e-09	1.013e-08	9.6246e-09	8.4498e-09	8.2378e-09	8.9596e-09	1.0268e-08	1.1293e-08	1.1756e-08	1.1471e-08	1.011e-08	7.8388e-09	6.3169e-09	6.4375e-09	7.0007e-09	8.2214e-09	8.9509e-09	9.9733e-09	1.1191e-08	1.113e-08	1.0468e-08	1.0948e-08	1.1896e-08	1.306e-08	1.2914e-08	1.1863e-08	1.209e-08	1.1618e-08	1.0167e-08	9.6462e-09	9.8595e-09	1.0605e-08	1.1399e-08	1.195e-08	1.1777e-08	1.1268e-08	1.007e-08	9.3597e-09	9.9968e-09	1.0319e-08	1.0287e-08	1.0042e-08	9.4053e-09	9.6895e-09	1.0083e-08	1.0022e-08	8.9502e-09	7.3884e-09	7.1758e-09	7.404e-09	8.455e-09	9.7303e-09	1.0602e-08	1.1307e-08	1.1353e-08	1.137e-08	1.2409e-08	1.2547e-08	1.3586e-08	1.6021e-08	1.8457e-08	2.031e-08
1.1756e-08	8.5646e-09	9.0397e-09	1.0014e-08	1.0271e-08	1.0085e-08	9.1778e-09	8.0398e-09	7.7729e-09	8.1279e-09	9.1194e-09	9.8158e-09	1.0466e-08	1.1385e-08	1.25e-08	1.214e-08	1.1316e-08	1.0656e-08	1.14e-08	1.2242e-08	1.1864e-08	1.1526e-08	1.2633e-08	1.45e-08	1.5832e-08	1.7064e-08	1.7318e-08	1.6216e-08	1.4449e-08	1.3217e-08	1.1748e-08	1.1484e-08	1.2217e-08	1.1938e-08	1.0599e-08	9.6051e-09	8.5564e-09	7.2727e-09	5.5959e-09	4.7717e-09	4.0506e-09	4.525e-09	7.8103e-09	1.1766e-08	1.3631e-08	1.3642e-08	1.143e-08	1.0983e-08	1.2509e-08	1.342e-08	1.3334e-08	1.2811e-08	1.3258e-08	1.5151e-08	1.6703e-08	1.7545e-08	1.7271e-08	1.6411e-08	1.6539e-08	1.7686e-08	1.8365e-08	1.7902e-08	1.6444e-08	1.5182e-08	1.4012e-08	1.2661e-08	1.0611e-08	7.9299e-09	6.3534e-09	6.7579e-09	7.0999e-09	8.0081e-09	9.5379e-09	1.0845e-08	1.1273e-08	1.0769e-08	1.0121e-08	8.5119e-09	6.8779e-09	7.2703e-09	7.947e-09	8.1342e-09	8.2206e-09	8.6739e-09	9.6999e-09	9.8e-09	9.8265e-09	9.9684e-09	1.1134e-08	1.2425e-08	1.2511e-08	1.1836e-08	1.1057e-08	9.666e-09	9.2559e-09	1.0034e-08	1.0486e-08	1.0923e-08	1.1772e-08	1.1288e-08	1.0066e-08	8.252e-09	7.9129e-09	8.7602e-09	9.8641e-09	1.1002e-08	1.1276e-08	1.1017e-08	1.0672e-08	9.6537e-09	8.9133e-09	9.6121e-09	9.8317e-09	8.7009e-09	7.6407e-09	7.8357e-09	8.5243e-09	1.0067e-08	1.1845e-08	1.2811e-08	1.1746e-08	1.1818e-08	1.2072e-08	1.1827e-08	1.4071e-08	1.7172e-08	1.9503e-08	2.089e-08
1.2631e-08	9.9838e-09	9.4432e-09	8.8414e-09	8.19e-09	7.2666e-09	6.6542e-09	5.4778e-09	6.062e-09	7.3407e-09	8.7409e-09	1.042e-08	1.2223e-08	1.3772e-08	1.4503e-08	1.3774e-08	1.2136e-08	1.0963e-08	1.1047e-08	1.175e-08	1.2442e-08	1.2611e-08	1.239e-08	1.3419e-08	1.4861e-08	1.5917e-08	1.5504e-08	1.4397e-08	1.3108e-08	1.2626e-08	1.3118e-08	1.4261e-08	1.4232e-08	1.3875e-08	1.3492e-08	1.2619e-08	1.1108e-08	9.122e-09	6.8265e-09	6.0034e-09	6.3056e-09	7.8251e-09	1.0601e-08	1.2879e-08	1.3551e-08	1.245e-08	1.0112e-08	8.0018e-09	8.8949e-09	1.034e-08	1.076e-08	1.0938e-08	1.2573e-08	1.4625e-08	1.6061e-08	1.6643e-08	1.6294e-08	1.5539e-08	1.6041e-08	1.6135e-08	1.5612e-08	1.6241e-08	1.699e-08	1.6725e-08	1.6037e-08	1.323e-08	1.079e-08	9.6646e-09	9.3087e-09	9.1697e-09	8.4092e-09	8.9756e-09	1.0288e-08	1.1153e-08	1.0964e-08	1.0128e-08	8.7477e-09	7.8711e-09	7.5223e-09	7.9338e-09	8.1144e-09	7.2497e-09	6.3785e-09	6.8756e-09	8.1369e-09	9.3205e-09	9.8069e-09	9.4459e-09	1.0034e-08	1.1248e-08	1.1465e-08	1.0873e-08	9.3223e-09	9.0285e-09	9.6287e-09	1.0752e-08	1.1531e-08	1.1663e-08	1.1319e-08	1.0613e-08	9.3672e-09	8.4225e-09	8.0444e-09	8.8265e-09	1.0288e-08	1.1689e-08	1.2185e-08	1.1659e-08	1.039e-08	8.6909e-09	8.4896e-09	9.8053e-09	1.1107e-08	1.117e-08	9.6354e-09	9.2602e-09	9.9557e-09	1.0529e-08	1.0647e-08	1.1415e-08	1.1875e-08	1.1313e-08	1.0541e-08	1.1358e-08	1.4388e-08	1.7722e-08	1.9699e-08	2.0559e-08
1.2101e-08	1.0161e-08	9.3973e-09	8.5053e-09	7.3313e-09	6.378e-09	4.6729e-09	4.6691e-09	6.0215e-09	6.8296e-09	7.973e-09	9.6569e-09	1.2193e-08	1.4095e-08	1.4885e-08	1.4067e-08	1.1941e-08	1.0686e-08	1.0998e-08	1.1787e-08	1.1834e-08	1.2261e-08	1.3382e-08	1.422e-08	1.472e-08	1.4644e-08	1.4519e-08	1.4448e-08	1.4765e-08	1.5118e-08	1.5624e-08	1.5987e-08	1.5951e-08	1.5207e-08	1.3567e-08	1.217e-08	1.087e-08	9.5966e-09	8.6066e-09	8.474e-09	9.5322e-09	1.1425e-08	1.3237e-08	1.3947e-08	1.2778e-08	1.1179e-08	9.3322e-09	7.256e-09	6.3434e-09	7.6642e-09	8.5678e-09	9.8445e-09	1.1576e-08	1.3287e-08	1.5393e-08	1.6174e-08	1.4963e-08	1.332e-08	1.3521e-08	1.3975e-08	1.6055e-08	1.863e-08	1.9914e-08	1.9571e-08	1.7291e-08	1.4586e-08	1.2146e-08	1.1886e-08	1.1476e-08	1.0511e-08	8.9942e-09	9.045e-09	1.0076e-08	1.0267e-08	9.2805e-09	8.6753e-09	8.3675e-09	7.4605e-09	7.4552e-09	7.8813e-09	7.2807e-09	6.024e-09	5.4152e-09	5.8686e-09	6.8198e-09	8.2173e-09	8.2292e-09	7.7998e-09	8.7759e-09	1.0147e-08	1.0454e-08	9.4735e-09	8.0965e-09	8.1663e-09	9.3309e-09	1.0047e-08	1.0389e-08	1.0936e-08	1.1071e-08	1.0136e-08	9.2432e-09	8.9247e-09	8.6864e-09	8.6191e-09	1.0438e-08	1.1728e-08	1.2077e-08	1.1859e-08	1.1292e-08	1.1258e-08	1.1811e-08	1.263e-08	1.2222e-08	1.1003e-08	9.066e-09	9.652e-09	1.1421e-08	1.2639e-08	1.3076e-08	1.2359e-08	1.1464e-08	1.0171e-08	9.6303e-09	1.221e-08	1.5243e-08	1.6925e-08	1.7848e-08	1.7947e-08
1.0555e-08	8.5083e-09	7.4641e-09	7.1396e-09	7.2495e-09	6.7775e-09	6.281e-09	7.0786e-09	8.2324e-09	8.9199e-09	9.355e-09	1.0071e-08	1.1385e-08	1.296e-08	1.3705e-08	1.2832e-08	1.0854e-08	9.5717e-09	1.068e-08	1.1448e-08	1.1212e-08	1.2044e-08	1.3148e-08	1.3387e-08	1.2856e-08	1.2973e-08	1.3487e-08	1.4127e-08	1.4603e-08	1.518e-08	1.6474e-08	1.7511e-08	1.7609e-08	1.6291e-08	1.4506e-08	1.2088e-08	1.0455e-08	9.7945e-09	9.8669e-09	1.0176e-08	1.1799e-08	1.3286e-08	1.4009e-08	1.3743e-08	1.2803e-08	1.1537e-08	9.933e-09	8.4205e-09	7.2804e-09	7.6932e-09	8.863e-09	1.0066e-08	1.0618e-08	1.0957e-08	1.2746e-08	1.4453e-08	1.5084e-08	1.4545e-08	1.4689e-08	1.6929e-08	1.9363e-08	2.0597e-08	2.0513e-08	1.8905e-08	1.6145e-08	1.412e-08	1.2477e-08	1.1672e-08	1.1573e-08	1.1257e-08	9.7677e-09	8.1857e-09	8.7077e-09	9.5834e-09	9.242e-09	8.3608e-09	8.2762e-09	8.1227e-09	8.6545e-09	8.5413e-09	7.8955e-09	6.5879e-09	5.9048e-09	7.003e-09	8.2955e-09	8.3571e-09	7.4842e-09	7.4871e-09	7.8545e-09	8.0992e-09	7.7008e-09	6.9026e-09	6.9767e-09	7.2232e-09	7.5355e-09	7.4156e-09	7.7776e-09	9.0106e-09	9.2931e-09	8.9115e-09	8.5073e-09	8.4074e-09	8.4718e-09	8.8722e-09	9.4844e-09	1.0384e-08	1.1269e-08	1.1789e-08	1.1574e-08	1.1686e-08	1.2543e-08	1.3071e-08	1.279e-08	1.2426e-08	1.1362e-08	1.1251e-08	1.2466e-08	1.3349e-08	1.3328e-08	1.2763e-08	1.222e-08	1.2583e-08	1.3487e-08	1.4971e-08	1.5954e-08	1.6144e-08	1.5424e-08	1.4652e-08
9.462e-09	7.5518e-09	7.1219e-09	7.4858e-09	7.6252e-09	7.0258e-09	6.9608e-09	8.0537e-09	8.7891e-09	9.2995e-09	1.0093e-08	1.0962e-08	1.2116e-08	1.2994e-08	1.3465e-08	1.3344e-08	1.2554e-08	1.1981e-08	1.1787e-08	1.1316e-08	1.0404e-08	1.0687e-08	1.1273e-08	1.1378e-08	1.1458e-08	1.2219e-08	1.327e-08	1.4227e-08	1.4854e-08	1.5135e-08	1.4948e-08	1.5124e-08	1.4351e-08	1.3279e-08	1.2295e-08	1.0705e-08	1.061e-08	1.1019e-08	1.106e-08	1.1294e-08	1.3356e-08	1.4852e-08	1.4283e-08	1.3132e-08	1.335e-08	1.2794e-08	1.1368e-08	9.8952e-09	8.6069e-09	7.6696e-09	8.3391e-09	8.9813e-09	8.2521e-09	8.6455e-09	1.2116e-08	1.5142e-08	1.644e-08	1.6015e-08	1.5825e-08	1.7664e-08	1.9698e-08	2.0562e-08	1.9864e-08	1.787e-08	1.5048e-08	1.5267e-08	1.5758e-08	1.525e-08	1.4121e-08	1.2044e-08	9.9099e-09	8.059e-09	7.0272e-09	7.6642e-09	8.3627e-09	8.4261e-09	8.2871e-09	8.1047e-09	9.0532e-09	9.9426e-09	9.9337e-09	9.0783e-09	8.9724e-09	9.2928e-09	9.3029e-09	8.7206e-09	7.6579e-09	6.3503e-09	6.2119e-09	5.9898e-09	6.0351e-09	6.4434e-09	6.9233e-09	7.3449e-09	7.6236e-09	7.3288e-09	6.9738e-09	6.7944e-09	6.843e-09	6.7514e-09	6.9505e-09	7.4106e-09	7.6191e-09	7.8301e-09	8.1215e-09	8.7852e-09	9.4979e-09	9.8769e-09	9.97e-09	1.0826e-08	1.177e-08	1.3226e-08	1.437e-08	1.4452e-08	1.3849e-08	1.3324e-08	1.3561e-08	1.4167e-08	1.3813e-08	1.35e-08	1.3816e-08	1.3994e-08	1.3742e-08	1.3885e-08	1.4652e-08	1.58e-08	1.6066e-08	1.5248e-08
8.956e-09	6.1268e-09	5.9667e-09	6.9185e-09	7.47e-09	6.263e-09	6.4392e-09	7.9812e-09	8.2918e-09	8.7438e-09	9.9806e-09	1.1025e-08	1.2318e-08	1.3254e-08	1.3681e-08	1.3554e-08	1.31e-08	1.2756e-08	1.2566e-08	1.1706e-08	1.1267e-08	1.2057e-08	1.3086e-08	1.3393e-08	1.2963e-08	1.316e-08	1.4333e-08	1.4731e-08	1.4653e-08	1.4785e-08	1.4481e-08	1.3518e-08	1.2654e-08	1.257e-08	1.0848e-08	8.8497e-09	9.2758e-09	1.107e-08	1.2387e-08	1.2867e-08	1.381e-08	1.4698e-08	1.5142e-08	1.5584e-08	1.5136e-08	1.3693e-08	1.1398e-08	9.5487e-09	7.3844e-09	5.4334e-09	6.7437e-09	8.4606e-09	9.3598e-09	1.0744e-08	1.3805e-08	1.6384e-08	1.7508e-08	1.7717e-08	1.7022e-08	1.6977e-08	1.9067e-08	1.9979e-08	1.775e-08	1.5296e-08	1.3435e-08	1.2164e-08	1.2687e-08	1.2809e-08	1.2016e-08	1.1196e-08	8.9272e-09	7.1974e-09	7.5717e-09	8.3774e-09	9.3611e-09	1.0136e-08	1.0707e-08	1.0739e-08	1.0938e-08	1.078e-08	1.0176e-08	9.6406e-09	9.7941e-09	9.9102e-09	9.3976e-09	7.2728e-09	5.2089e-09	5.1337e-09	5.3298e-09	5.7166e-09	6.3366e-09	7.2724e-09	8.5031e-09	9.1279e-09	9.0317e-09	7.7544e-09	6.9967e-09	6.6605e-09	6.1263e-09	6.194e-09	6.6135e-09	7.1012e-09	7.451e-09	7.5318e-09	7.7191e-09	8.3931e-09	9.0646e-09	9.1783e-09	9.3102e-09	9.8965e-09	1.1556e-08	1.3149e-08	1.4453e-08	1.487e-08	1.489e-08	1.4694e-08	1.4278e-08	1.3445e-08	1.2469e-08	1.2686e-08	1.3029e-08	1.3472e-08	1.3852e-08	1.4557e-08	1.5058e-08	1.5859e-08	1.6863e-08	1.6564e-08
9.287e-09	6.8186e-09	6.9555e-09	7.1518e-09	7.3683e-09	7.1421e-09	6.9073e-09	6.7712e-09	6.7412e-09	7.2712e-09	8.9656e-09	1.0945e-08	1.2063e-08	1.2644e-08	1.2736e-08	1.2806e-08	1.2655e-08	1.1914e-08	1.1431e-08	1.0913e-08	1.0205e-08	1.1252e-08	1.2555e-08	1.2479e-08	1.3265e-08	1.4696e-08	1.5393e-08	1.5252e-08	1.4681e-08	1.4118e-08	1.378e-08	1.3698e-08	1.3728e-08	1.2808e-08	1.0767e-08	1.0116e-08	1.1744e-08	1.374e-08	1.49e-08	1.5151e-08	1.532e-08	1.5928e-08	1.6348e-08	1.6212e-08	1.5534e-08	1.5013e-08	1.2325e-08	9.8526e-09	7.6474e-09	5.2411e-09	6.8676e-09	9.5929e-09	1.1722e-08	1.3258e-08	1.4459e-08	1.6285e-08	1.8049e-08	1.8017e-08	1.6864e-08	1.6614e-08	1.6689e-08	1.5461e-08	1.4185e-08	1.34e-08	1.2355e-08	1.0706e-08	9.9073e-09	1.0304e-08	1.0379e-08	9.5171e-09	9.0065e-09	8.0648e-09	6.5954e-09	6.5935e-09	7.5269e-09	9.2645e-09	1.1104e-08	1.2164e-08	1.2317e-08	1.1604e-08	9.9831e-09	8.1807e-09	7.7709e-09	7.8526e-09	7.5147e-09	6.5174e-09	6.1988e-09	6.9686e-09	8.4294e-09	9.3269e-09	9.8379e-09	9.6498e-09	9.4266e-09	9.9923e-09	9.4869e-09	8.1088e-09	6.3091e-09	5.7606e-09	5.8636e-09	6.6607e-09	7.0864e-09	7.7419e-09	8.297e-09	8.2396e-09	7.6488e-09	7.9377e-09	8.8579e-09	9.0226e-09	9.6959e-09	1.054e-08	1.1106e-08	1.1418e-08	1.2226e-08	1.309e-08	1.397e-08	1.4108e-08	1.3626e-08	1.2775e-08	1.2041e-08	1.1927e-08	1.2647e-08	1.3184e-08	1.3921e-08	1.4922e-08	1.535e-08	1.6569e-08	1.8391e-08	1.903e-08
1.1009e-08	8.5608e-09	7.427e-09	7.7485e-09	7.9541e-09	6.1812e-09	4.6392e-09	4.0311e-09	5.0289e-09	6.7783e-09	9.1452e-09	1.0553e-08	1.1045e-08	1.1019e-08	1.0854e-08	1.14e-08	1.1831e-08	1.1777e-08	1.1495e-08	1.1718e-08	1.2496e-08	1.3633e-08	1.3964e-08	1.358e-08	1.3539e-08	1.4205e-08	1.4785e-08	1.4659e-08	1.3683e-08	1.2563e-08	1.2624e-08	1.3245e-08	1.2945e-08	1.3224e-08	1.4421e-08	1.4598e-08	1.503e-08	1.5412e-08	1.5319e-08	1.5333e-08	1.5189e-08	1.6437e-08	1.7688e-08	1.7928e-08	1.7231e-08	1.582e-08	1.3984e-08	1.1597e-08	9.5707e-09	8.5941e-09	7.1525e-09	8.1699e-09	1.0355e-08	1.2392e-08	1.3652e-08	1.5137e-08	1.6434e-08	1.6749e-08	1.6621e-08	1.6134e-08	1.4791e-08	1.2545e-08	1.1509e-08	1.1511e-08	1.0733e-08	9.0509e-09	8.0272e-09	7.9892e-09	8.1694e-09	8.2608e-09	8.1847e-09	8.0041e-09	6.8897e-09	6.2907e-09	7.2875e-09	8.6393e-09	1.0839e-08	1.2653e-08	1.3214e-08	1.2449e-08	1.0457e-08	7.8187e-09	5.5465e-09	4.8261e-09	5.3782e-09	6.1335e-09	6.7889e-09	9.3152e-09	1.1563e-08	1.2443e-08	1.2208e-08	1.138e-08	1.1001e-08	1.0994e-08	1.0247e-08	8.1445e-09	5.889e-09	5.8984e-09	6.6814e-09	7.3103e-09	7.6727e-09	8.256e-09	8.8346e-09	9.1076e-09	8.8666e-09	7.9926e-09	9.051e-09	1.0458e-08	1.1294e-08	1.2048e-08	1.22e-08	1.1483e-08	1.0438e-08	1.0443e-08	1.1044e-08	1.1415e-08	1.1521e-08	1.0653e-08	1.0057e-08	1.1493e-08	1.3685e-08	1.513e-08	1.6173e-08	1.6317e-08	1.5857e-08	1.512e-08	1.7181e-08	2.018e-08
1.1308e-08	9.904e-09	9.5764e-09	8.1069e-09	7.0072e-09	5.4335e-09	4.0286e-09	4.0434e-09	4.6727e-09	6.0476e-09	7.6037e-09	8.31e-09	8.8651e-09	9.3182e-09	1.0191e-08	1.1098e-08	1.1789e-08	1.2121e-08	1.2018e-08	1.1727e-08	1.3079e-08	1.4405e-08	1.4943e-08	1.4683e-08	1.3657e-08	1.3216e-08	1.3957e-08	1.4691e-08	1.4265e-08	1.2576e-08	1.2378e-08	1.3409e-08	1.4921e-08	1.6261e-08	1.723e-08	1.6799e-08	1.5205e-08	1.551e-08	1.6297e-08	1.6273e-08	1.5233e-08	1.5093e-08	1.6411e-08	1.7525e-08	1.7876e-08	1.7382e-08	1.5875e-08	1.3895e-08	1.2369e-08	1.1595e-08	9.7813e-09	9.1681e-09	1.0908e-08	1.2645e-08	1.324e-08	1.314e-08	1.3258e-08	1.4e-08	1.4479e-08	1.4131e-08	1.2607e-08	1.0527e-08	9.7666e-09	1.0302e-08	9.4348e-09	7.482e-09	7.0155e-09	7.1741e-09	6.8912e-09	6.6136e-09	6.6613e-09	6.9481e-09	7.235e-09	7.183e-09	6.7634e-09	7.3243e-09	9.1086e-09	1.126e-08	1.2435e-08	1.1675e-08	9.513e-09	6.9352e-09	6.1488e-09	6.3398e-09	5.7578e-09	6.2693e-09	8.6932e-09	1.0828e-08	1.2333e-08	1.2768e-08	1.2194e-08	1.1732e-08	1.2013e-08	1.1348e-08	1.0605e-08	9.9919e-09	7.9914e-09	5.6418e-09	6.2798e-09	7.0745e-09	7.6146e-09	8.6345e-09	9.9327e-09	1.0652e-08	1.0517e-08	9.9185e-09	9.5672e-09	9.9666e-09	9.9729e-09	9.9807e-09	9.3682e-09	9.4902e-09	1.0927e-08	1.2092e-08	1.35e-08	1.4938e-08	1.5632e-08	1.4643e-08	1.2206e-08	1.1272e-08	1.3189e-08	1.4957e-08	1.5713e-08	1.5016e-08	1.4047e-08	1.1991e-08	1.3267e-08	1.8524e-08
1.0146e-08	8.7936e-09	7.5328e-09	6.8667e-09	6.2294e-09	5.345e-09	5.0507e-09	5.57e-09	5.6229e-09	6.5917e-09	8.3642e-09	9.9915e-09	1.1487e-08	1.2012e-08	1.1042e-08	1.0536e-08	1.1035e-08	1.1643e-08	1.2181e-08	1.2614e-08	1.2942e-08	1.3955e-08	1.4714e-08	1.4553e-08	1.3828e-08	1.2859e-08	1.2748e-08	1.3527e-08	1.3566e-08	1.2357e-08	1.2817e-08	1.4354e-08	1.5277e-08	1.5802e-08	1.5953e-08	1.6202e-08	1.7016e-08	1.7199e-08	1.6477e-08	1.5693e-08	1.614e-08	1.5631e-08	1.4713e-08	1.4663e-08	1.4908e-08	1.5043e-08	1.4808e-08	1.3928e-08	1.3038e-08	1.1995e-08	1.045e-08	1.0533e-08	1.2216e-08	1.3281e-08	1.2614e-08	1.1306e-08	1.128e-08	1.2413e-08	1.353e-08	1.3371e-08	1.1236e-08	1.0781e-08	1.1637e-08	1.1707e-08	1.0441e-08	8.8308e-09	8.5624e-09	8.6904e-09	7.2249e-09	6.475e-09	6.548e-09	6.9514e-09	8.0938e-09	8.4371e-09	7.1037e-09	7.1386e-09	8.5074e-09	1.0733e-08	1.2153e-08	1.1724e-08	9.9172e-09	8.1944e-09	7.3931e-09	6.9743e-09	6.4407e-09	7.1146e-09	9.4648e-09	1.1425e-08	1.2366e-08	1.2171e-08	1.1223e-08	1.0663e-08	1.1009e-08	1.125e-08	1.0343e-08	9.3103e-09	8.5249e-09	7.7406e-09	7.3599e-09	6.8592e-09	6.5128e-09	7.7833e-09	9.0942e-09	9.3944e-09	9.0161e-09	8.186e-09	6.726e-09	6.5436e-09	7.7095e-09	8.679e-09	8.6034e-09	1.0317e-08	1.3172e-08	1.5128e-08	1.605e-08	1.6189e-08	1.6533e-08	1.687e-08	1.5168e-08	1.3219e-08	1.3898e-08	1.4787e-08	1.501e-08	1.4333e-08	1.3413e-08	1.266e-08	1.1964e-08	1.5286e-08
1.131e-08	8.3746e-09	6.8512e-09	7.073e-09	7.8345e-09	8.6447e-09	7.6502e-09	5.7043e-09	5.7585e-09	7.1394e-09	8.9451e-09	1.1254e-08	1.2715e-08	1.2414e-08	1.0792e-08	9.264e-09	8.7649e-09	9.4859e-09	1.0897e-08	1.1786e-08	1.2113e-08	1.2529e-08	1.2184e-08	1.1928e-08	1.2687e-08	1.2889e-08	1.2703e-08	1.3298e-08	1.306e-08	1.2017e-08	1.1767e-08	1.2667e-08	1.3624e-08	1.5422e-08	1.673e-08	1.7211e-08	1.6807e-08	1.7438e-08	1.8356e-08	1.8056e-08	1.69e-08	1.5457e-08	1.5231e-08	1.4347e-08	1.2126e-08	1.2067e-08	1.2953e-08	1.3144e-08	1.2784e-08	1.317e-08	1.3653e-08	1.4151e-08	1.4656e-08	1.3561e-08	1.1581e-08	9.7527e-09	9.8083e-09	1.129e-08	1.212e-08	1.2382e-08	1.2295e-08	1.2134e-08	1.2204e-08	1.1953e-08	1.111e-08	1.0045e-08	9.192e-09	9.0025e-09	8.673e-09	8.0164e-09	8.4644e-09	8.9114e-09	9.0913e-09	9.5199e-09	1.0428e-08	1.0797e-08	1.037e-08	1.0539e-08	1.1585e-08	1.1544e-08	9.6646e-09	7.3657e-09	6.1351e-09	5.6381e-09	5.612e-09	6.3746e-09	8.3473e-09	9.8279e-09	1.0305e-08	1.0159e-08	9.779e-09	1.0066e-08	1.0883e-08	1.0966e-08	1.0096e-08	9.9798e-09	9.703e-09	8.9677e-09	7.898e-09	7.0055e-09	6.1006e-09	6.2058e-09	6.7107e-09	7.1209e-09	7.4917e-09	8.2181e-09	8.3612e-09	7.8666e-09	7.1585e-09	6.9399e-09	7.9328e-09	1.1276e-08	1.408e-08	1.6223e-08	1.7449e-08	1.7955e-08	1.7966e-08	1.6996e-08	1.5026e-08	1.348e-08	1.2993e-08	1.3616e-08	1.381e-08	1.3167e-08	1.3094e-08	1.3568e-08	1.4082e-08	1.4504e-08
1.1147e-08	7.2861e-09	5.2843e-09	6.4209e-09	8.0106e-09	8.116e-09	7.8922e-09	6.9587e-09	6.4826e-09	7.4568e-09	9.2042e-09	1.1048e-08	1.222e-08	1.1583e-08	1.0169e-08	9.5901e-09	8.0934e-09	8.4603e-09	1.0322e-08	1.2329e-08	1.3539e-08	1.2995e-08	1.1883e-08	1.1624e-08	1.2083e-08	1.235e-08	1.2208e-08	1.1514e-08	1.1947e-08	1.332e-08	1.454e-08	1.5047e-08	1.5344e-08	1.541e-08	1.6065e-08	1.6525e-08	1.7054e-08	1.7767e-08	1.9033e-08	1.969e-08	1.9718e-08	1.8902e-08	1.7966e-08	1.7241e-08	1.4733e-08	1.1033e-08	9.972e-09	1.1204e-08	1.2672e-08	1.336e-08	1.3481e-08	1.3149e-08	1.2467e-08	1.1408e-08	9.9783e-09	8.1884e-09	7.896e-09	9.7184e-09	1.1167e-08	1.1247e-08	1.16e-08	1.2654e-08	1.2672e-08	1.1102e-08	9.8976e-09	9.6006e-09	1.0355e-08	1.097e-08	1.1218e-08	1.0503e-08	9.8561e-09	9.4234e-09	9.1953e-09	9.7968e-09	1.0768e-08	1.1096e-08	1.0989e-08	1.1224e-08	1.1144e-08	1.0356e-08	8.8158e-09	7.1804e-09	7.0219e-09	7.3541e-09	7.2798e-09	6.8489e-09	6.7e-09	7.0245e-09	7.8008e-09	8.3499e-09	8.8022e-09	8.8281e-09	9.2223e-09	9.8191e-09	1.0067e-08	9.6963e-09	8.8722e-09	8.5291e-09	8.4116e-09	7.3574e-09	6.5043e-09	6.6686e-09	6.8079e-09	7.0558e-09	7.6283e-09	8.0504e-09	8.4646e-09	8.6828e-09	7.832e-09	7.1259e-09	9.5057e-09	1.3247e-08	1.603e-08	1.7452e-08	1.8274e-08	1.862e-08	1.8276e-08	1.6312e-08	1.3004e-08	1.1201e-08	1.0953e-08	1.1539e-08	1.2778e-08	1.3088e-08	1.3372e-08	1.4246e-08	1.5843e-08	1.684e-08
1.1191e-08	7.3062e-09	6.8543e-09	7.8792e-09	9.2715e-09	8.6554e-09	8.1701e-09	7.3181e-09	6.8263e-09	6.5933e-09	7.8492e-09	9.5593e-09	1.0552e-08	9.6677e-09	8.9807e-09	8.7966e-09	8.0874e-09	9.7652e-09	1.2291e-08	1.3636e-08	1.3693e-08	1.288e-08	1.2561e-08	1.2371e-08	1.1618e-08	1.0948e-08	1.0769e-08	1.0417e-08	1.157e-08	1.3775e-08	1.5683e-08	1.6636e-08	1.581e-08	1.3217e-08	1.2089e-08	1.3226e-08	1.5566e-08	1.7389e-08	1.8965e-08	1.9807e-08	2.042e-08	2.0495e-08	1.8919e-08	1.6338e-08	1.3826e-08	1.2351e-08	1.0738e-08	1.0276e-08	1.1194e-08	1.2748e-08	1.3459e-08	1.3902e-08	1.412e-08	1.31e-08	1.0809e-08	8.9387e-09	9.3207e-09	1.0707e-08	1.1159e-08	1.1757e-08	1.2599e-08	1.3208e-08	1.2835e-08	1.1819e-08	1.144e-08	1.1488e-08	1.1223e-08	1.1074e-08	1.0964e-08	1.0795e-08	1.0354e-08	9.8503e-09	9.3633e-09	9.5557e-09	1.0012e-08	1.0416e-08	1.0943e-08	1.1839e-08	1.1899e-08	1.0715e-08	1.0759e-08	1.0318e-08	9.1902e-09	8.2252e-09	7.1494e-09	6.2537e-09	6.0852e-09	5.8166e-09	5.502e-09	6.0082e-09	6.4339e-09	6.7431e-09	7.7706e-09	8.5323e-09	8.8164e-09	8.7889e-09	8.5036e-09	8.1598e-09	6.8045e-09	5.3414e-09	5.6523e-09	6.8207e-09	7.3183e-09	7.7268e-09	8.5574e-09	9.0566e-09	8.8126e-09	8.7419e-09	8.5917e-09	8.7366e-09	1.1317e-08	1.418e-08	1.6186e-08	1.6378e-08	1.5414e-08	1.5596e-08	1.5905e-08	1.4928e-08	1.3901e-08	1.3113e-08	1.3166e-08	1.1989e-08	1.1702e-08	1.2238e-08	1.2052e-08	1.4459e-08	1.8006e-08	2.0358e-08
1.0202e-08	1.0049e-08	1.1136e-08	1.1592e-08	1.1169e-08	9.1434e-09	7.5449e-09	6.6792e-09	5.96e-09	5.6875e-09	6.5299e-09	7.8927e-09	8.4457e-09	8.579e-09	8.1311e-09	8.1173e-09	9.3051e-09	1.0856e-08	1.2616e-08	1.3345e-08	1.3234e-08	1.2691e-08	1.1752e-08	1.0827e-08	9.8834e-09	9.2744e-09	9.3942e-09	1.0639e-08	1.3199e-08	1.5534e-08	1.6525e-08	1.6481e-08	1.549e-08	1.409e-08	1.3255e-08	1.3459e-08	1.4069e-08	1.5158e-08	1.641e-08	1.8075e-08	1.9573e-08	2.0065e-08	1.8985e-08	1.7373e-08	1.5305e-08	1.2996e-08	1.0874e-08	1.0809e-08	1.1487e-08	1.2191e-08	1.2323e-08	1.1692e-08	1.1557e-08	1.0961e-08	1.0021e-08	1.0263e-08	1.1578e-08	1.2803e-08	1.3726e-08	1.4037e-08	1.3147e-08	1.208e-08	1.0563e-08	8.9364e-09	9.8924e-09	1.146e-08	1.2337e-08	1.2206e-08	1.0725e-08	9.5556e-09	9.3621e-09	1.0002e-08	1.0535e-08	1.1039e-08	1.1356e-08	1.146e-08	1.2356e-08	1.3265e-08	1.2981e-08	1.1826e-08	1.0669e-08	9.7957e-09	8.1635e-09	6.9941e-09	6.6026e-09	6.0446e-09	6.102e-09	6.7146e-09	7.3444e-09	8.4959e-09	9.3374e-09	8.8596e-09	8.052e-09	8.0497e-09	8.4494e-09	8.0785e-09	7.2191e-09	6.3137e-09	4.9065e-09	4.4566e-09	5.4912e-09	7.068e-09	8.151e-09	8.6439e-09	9.0846e-09	9.4999e-09	1.0022e-08	1.0781e-08	1.0781e-08	9.3611e-09	1.0217e-08	1.2374e-08	1.4184e-08	1.5146e-08	1.5011e-08	1.5474e-08	1.6095e-08	1.491e-08	1.3441e-08	1.3417e-08	1.304e-08	1.2086e-08	1.0956e-08	1.0924e-08	1.2017e-08	1.3379e-08	1.7703e-08	2.1283e-08
1.355e-08	1.2575e-08	1.3344e-08	1.3558e-08	1.2013e-08	8.8965e-09	5.2867e-09	4.3111e-09	4.8031e-09	5.9073e-09	7.5141e-09	8.3685e-09	8.2651e-09	8.4773e-09	8.6344e-09	9.4724e-09	9.9349e-09	1.048e-08	1.1663e-08	1.1895e-08	1.1858e-08	1.1761e-08	1.1068e-08	1.036e-08	9.307e-09	8.3801e-09	9.3735e-09	1.054e-08	1.2966e-08	1.5759e-08	1.7103e-08	1.6583e-08	1.5517e-08	1.4306e-08	1.4098e-08	1.3169e-08	1.2078e-08	1.3022e-08	1.4124e-08	1.5398e-08	1.7083e-08	1.8249e-08	1.832e-08	1.75e-08	1.5807e-08	1.3429e-08	1.1682e-08	1.1201e-08	1.1255e-08	1.1131e-08	1.1091e-08	1.0721e-08	1.0024e-08	1.0251e-08	1.1275e-08	1.2282e-08	1.3822e-08	1.4588e-08	1.4537e-08	1.4269e-08	1.28e-08	1.1604e-08	1.1085e-08	1.0288e-08	1.0177e-08	1.142e-08	1.2666e-08	1.2414e-08	1.0775e-08	8.6201e-09	9.0738e-09	1.1024e-08	1.2393e-08	1.2328e-08	1.1663e-08	1.1908e-08	1.2833e-08	1.3605e-08	1.3285e-08	1.1137e-08	9.0014e-09	7.5022e-09	7.4311e-09	6.8865e-09	6.6377e-09	7.0938e-09	7.0876e-09	7.9261e-09	9.717e-09	1.1215e-08	1.1954e-08	1.1587e-08	1.0229e-08	8.5596e-09	6.0226e-09	4.7125e-09	5.3854e-09	5.7347e-09	5.3243e-09	6.2785e-09	7.5614e-09	8.2264e-09	8.335e-09	8.0968e-09	8.3364e-09	8.313e-09	8.5097e-09	9.9856e-09	1.1509e-08	1.1563e-08	1.1625e-08	1.2454e-08	1.3046e-08	1.3917e-08	1.4141e-08	1.4209e-08	1.4319e-08	1.4508e-08	1.3567e-08	1.2643e-08	1.1759e-08	1.0908e-08	1.0712e-08	1.2009e-08	1.429e-08	1.5257e-08	1.654e-08	1.9355e-08
1.6759e-08	1.5295e-08	1.4939e-08	1.4022e-08	1.1546e-08	8.2208e-09	4.8365e-09	4.0546e-09	4.9129e-09	7.0125e-09	9.1538e-09	1.0079e-08	1.0265e-08	1.0001e-08	1.0324e-08	1.0625e-08	9.835e-09	9.6824e-09	1.0406e-08	1.066e-08	1.0556e-08	1.0415e-08	1.0329e-08	9.7202e-09	8.7084e-09	8.3906e-09	8.6747e-09	9.5977e-09	1.159e-08	1.3748e-08	1.5111e-08	1.4802e-08	1.3144e-08	1.2787e-08	1.3022e-08	1.2478e-08	1.1677e-08	1.1515e-08	1.2284e-08	1.3337e-08	1.4531e-08	1.6291e-08	1.7639e-08	1.7541e-08	1.4947e-08	1.2751e-08	1.165e-08	1.208e-08	1.2409e-08	1.2331e-08	1.2157e-08	1.1472e-08	1.0658e-08	1.1227e-08	1.2333e-08	1.2912e-08	1.3721e-08	1.4241e-08	1.4284e-08	1.384e-08	1.2701e-08	1.1947e-08	1.1621e-08	1.1281e-08	1.0399e-08	1.0963e-08	1.1788e-08	1.2229e-08	1.2591e-08	1.2019e-08	1.0566e-08	1.0047e-08	1.072e-08	1.1171e-08	1.1038e-08	1.1661e-08	1.2274e-08	1.2177e-08	1.193e-08	9.8341e-09	7.6996e-09	8.2627e-09	9.7057e-09	1.0092e-08	8.9281e-09	8.2395e-09	8.6554e-09	9.4896e-09	1.0559e-08	1.1074e-08	1.1149e-08	1.1196e-08	1.079e-08	9.6168e-09	8.3877e-09	7.1095e-09	6.8503e-09	6.951e-09	6.6544e-09	8.2086e-09	9.6388e-09	1.0123e-08	9.3527e-09	8.3202e-09	8.592e-09	9.4293e-09	9.8994e-09	1.0747e-08	1.1049e-08	1.0868e-08	9.5155e-09	9.2507e-09	9.8403e-09	1.1531e-08	1.2528e-08	1.3656e-08	1.4327e-08	1.3663e-08	1.1731e-08	9.7104e-09	8.9748e-09	1.0361e-08	1.2628e-08	1.409e-08	1.4785e-08	1.6015e-08	1.709e-08	1.7493e-08
1.7183e-08	1.5007e-08	1.4198e-08	1.3067e-08	1.0366e-08	7.3795e-09	4.9312e-09	4.3267e-09	6.2366e-09	9.5662e-09	1.2403e-08	1.4158e-08	1.4816e-08	1.3659e-08	1.159e-08	1.0064e-08	9.6682e-09	9.8476e-09	1.032e-08	1.0776e-08	9.8126e-09	9.0931e-09	8.9734e-09	9.013e-09	8.6614e-09	7.9181e-09	7.8436e-09	8.6407e-09	9.9986e-09	1.0995e-08	1.1597e-08	1.1099e-08	1.0738e-08	1.1879e-08	1.3354e-08	1.42e-08	1.436e-08	1.4069e-08	1.3765e-08	1.3194e-08	1.335e-08	1.3752e-08	1.4475e-08	1.3933e-08	1.3463e-08	1.2256e-08	1.1097e-08	1.0689e-08	1.083e-08	1.1954e-08	1.2736e-08	1.2166e-08	1.1691e-08	1.2401e-08	1.3382e-08	1.4072e-08	1.4049e-08	1.3227e-08	1.2443e-08	1.2037e-08	1.088e-08	1.0726e-08	1.1258e-08	1.0625e-08	9.5418e-09	9.3497e-09	1.0484e-08	1.2205e-08	1.2783e-08	1.2456e-08	1.2436e-08	1.1863e-08	1.0975e-08	1.0852e-08	1.1683e-08	1.2138e-08	1.1634e-08	1.0514e-08	1.0314e-08	1.0215e-08	9.5791e-09	1.0478e-08	1.1244e-08	1.099e-08	1.0387e-08	9.8764e-09	1.0188e-08	1.0777e-08	1.0982e-08	1.0813e-08	1.0895e-08	1.1317e-08	1.1843e-08	1.2286e-08	1.2326e-08	1.1959e-08	1.1538e-08	1.0331e-08	7.9888e-09	7.4565e-09	8.7528e-09	9.4649e-09	8.7662e-09	8.2515e-09	9.566e-09	1.1792e-08	1.3115e-08	1.289e-08	1.1689e-08	1.0342e-08	7.7109e-09	5.4801e-09	5.7698e-09	6.5338e-09	8.4947e-09	1.0939e-08	1.2214e-08	1.2348e-08	1.1309e-08	1.0238e-08	9.0083e-09	9.0813e-09	1.1935e-08	1.4391e-08	1.6028e-08	1.6881e-08	1.7471e-08	1.7896e-08
2.1003e-08	1.3886e-08	1.2203e-08	9.4407e-09	7.7917e-09	6.5666e-09	6.0064e-09	6.7285e-09	8.8594e-09	1.0955e-08	1.2524e-08	1.3234e-08	1.343e-08	1.3423e-08	1.2446e-08	1.0417e-08	1.0168e-08	1.0549e-08	1.0732e-08	1.0559e-08	9.6017e-09	8.4276e-09	7.8576e-09	8.2342e-09	8.2945e-09	7.9816e-09	8.3793e-09	9.1943e-09	1.0294e-08	1.0951e-08	1.1154e-08	1.038e-08	1.0026e-08	1.1236e-08	1.2763e-08	1.3265e-08	1.328e-08	1.376e-08	1.359e-08	1.3169e-08	1.3081e-08	1.2741e-08	1.2997e-08	1.3456e-08	1.3478e-08	1.3097e-08	1.2639e-08	1.2046e-08	1.2213e-08	1.2768e-08	1.2694e-08	1.2018e-08	1.1678e-08	1.1528e-08	1.1648e-08	1.3225e-08	1.4497e-08	1.4229e-08	1.4257e-08	1.3719e-08	1.2989e-08	1.2652e-08	1.1875e-08	1.1098e-08	1.1036e-08	1.2805e-08	1.4441e-08	1.5201e-08	1.4816e-08	1.3848e-08	1.1967e-08	1.0301e-08	9.8615e-09	9.9704e-09	1.0009e-08	1.1066e-08	1.1784e-08	1.1955e-08	1.1736e-08	1.1088e-08	1.0867e-08	1.0583e-08	1.0301e-08	1.0121e-08	9.8471e-09	9.9464e-09	1.0476e-08	1.0529e-08	9.7156e-09	8.0684e-09	6.5799e-09	7.1202e-09	8.3505e-09	1.0021e-08	1.0958e-08	1.0895e-08	1.0458e-08	9.9051e-09	7.8895e-09	6.4348e-09	7.1098e-09	8.0012e-09	7.8191e-09	8.9527e-09	1.2106e-08	1.3727e-08	1.3664e-08	1.2558e-08	1.0881e-08	8.6605e-09	7.1564e-09	5.8226e-09	5.3015e-09	5.6135e-09	8.7947e-09	1.2113e-08	1.3808e-08	1.3953e-08	1.3476e-08	1.2966e-08	1.1672e-08	9.9343e-09	1.1912e-08	1.4982e-08	1.6341e-08	1.6818e-08	1.6795e-08	1.6043e-08
1.9852e-08	1.4515e-08	1.2169e-08	1.0365e-08	8.3999e-09	6.6619e-09	7.2101e-09	8.2343e-09	9.3128e-09	1.0832e-08	1.2602e-08	1.388e-08	1.4381e-08	1.4396e-08	1.3515e-08	1.2613e-08	1.1235e-08	9.8446e-09	9.0342e-09	9.2211e-09	9.14e-09	9.0344e-09	8.1887e-09	6.7467e-09	5.6769e-09	5.9443e-09	7.2157e-09	8.1374e-09	9.2672e-09	1.0431e-08	1.0785e-08	1.1091e-08	1.1038e-08	1.1767e-08	1.2932e-08	1.3694e-08	1.3765e-08	1.3763e-08	1.3291e-08	1.3742e-08	1.4669e-08	1.4054e-08	1.2553e-08	1.2148e-08	1.1497e-08	1.1957e-08	1.2166e-08	1.1409e-08	1.0501e-08	1.043e-08	9.9259e-09	1.0289e-08	1.0623e-08	1.1853e-08	1.3815e-08	1.4867e-08	1.4583e-08	1.4496e-08	1.4481e-08	1.3948e-08	1.3169e-08	1.2035e-08	1.1908e-08	1.1936e-08	1.2091e-08	1.2734e-08	1.3821e-08	1.4521e-08	1.4391e-08	1.3617e-08	1.2499e-08	1.0876e-08	9.5547e-09	9.0893e-09	7.9669e-09	8.7319e-09	1.0963e-08	1.1693e-08	1.3024e-08	1.3823e-08	1.3815e-08	1.3238e-08	1.251e-08	1.0827e-08	9.4454e-09	8.6288e-09	8.6155e-09	8.7131e-09	8.4694e-09	8.1784e-09	9.4169e-09	1.1108e-08	1.2193e-08	1.2282e-08	1.1869e-08	1.1238e-08	9.7294e-09	8.4834e-09	7.6832e-09	6.5949e-09	7.2053e-09	6.8781e-09	7.0597e-09	1.0504e-08	1.3492e-08	1.3651e-08	1.2155e-08	9.6958e-09	8.8073e-09	8.6269e-09	8.3002e-09	8.0852e-09	7.3824e-09	7.4049e-09	9.7792e-09	1.1047e-08	1.1617e-08	1.2398e-08	1.3042e-08	1.3345e-08	1.2809e-08	1.1529e-08	1.1455e-08	1.3499e-08	1.5518e-08	1.5706e-08	1.5379e-08	1.5274e-08
1.9963e-08	1.5443e-08	1.3722e-08	1.1576e-08	9.3207e-09	8.3957e-09	7.434e-09	7.1264e-09	8.4165e-09	9.6381e-09	1.0831e-08	1.2566e-08	1.3403e-08	1.3665e-08	1.2991e-08	1.2604e-08	1.2014e-08	1.049e-08	8.7277e-09	8.8548e-09	9.4807e-09	9.8278e-09	9.0501e-09	7.5492e-09	7.6394e-09	8.3325e-09	8.7786e-09	9.335e-09	9.5227e-09	9.3182e-09	9.4176e-09	9.4621e-09	9.5088e-09	1.0851e-08	1.218e-08	1.3251e-08	1.4123e-08	1.444e-08	1.4362e-08	1.4557e-08	1.3876e-08	1.2999e-08	1.3158e-08	1.362e-08	1.3319e-08	1.3024e-08	1.255e-08	1.0995e-08	9.0635e-09	8.0214e-09	8.0957e-09	9.0506e-09	1.0253e-08	1.1178e-08	1.1835e-08	1.2716e-08	1.3257e-08	1.2473e-08	1.2351e-08	1.2421e-08	1.2212e-08	1.198e-08	1.2234e-08	1.2799e-08	1.3198e-08	1.3622e-08	1.4123e-08	1.4323e-08	1.4338e-08	1.322e-08	1.1433e-08	9.6659e-09	8.3303e-09	7.8683e-09	8.0985e-09	9.5035e-09	1.1595e-08	1.2766e-08	1.336e-08	1.3925e-08	1.4573e-08	1.4822e-08	1.4392e-08	1.2792e-08	1.1436e-08	9.842e-09	7.8641e-09	7.1676e-09	7.6282e-09	8.6757e-09	9.3692e-09	1.1343e-08	1.2831e-08	1.2929e-08	1.2116e-08	1.1555e-08	1.0949e-08	1.1425e-08	1.1818e-08	1.1053e-08	9.8132e-09	8.8809e-09	8.9926e-09	9.8218e-09	1.0936e-08	1.1554e-08	9.9447e-09	7.8764e-09	7.3254e-09	7.416e-09	8.5028e-09	9.3774e-09	9.6968e-09	9.4572e-09	9.9664e-09	1.0487e-08	9.9899e-09	1.0084e-08	1.1232e-08	1.1666e-08	1.1649e-08	1.1015e-08	1.0902e-08	1.2855e-08	1.5056e-08	1.6128e-08	1.6e-08	1.5091e-08
1.9928e-08	1.6508e-08	1.4489e-08	1.1977e-08	1.0733e-08	1.1109e-08	1.0162e-08	8.0585e-09	8.2829e-09	9.8526e-09	1.0182e-08	1.0519e-08	9.6686e-09	9.9348e-09	1.094e-08	1.1487e-08	1.1309e-08	1.0091e-08	9.2854e-09	9.2121e-09	9.7905e-09	9.6415e-09	9.1197e-09	8.8045e-09	9.1822e-09	1.0376e-08	1.0746e-08	1.0402e-08	9.6124e-09	9.1103e-09	9.48e-09	1.0475e-08	1.1429e-08	1.3004e-08	1.4132e-08	1.3884e-08	1.3257e-08	1.2831e-08	1.2376e-08	1.1964e-08	1.1452e-08	1.0656e-08	1.1866e-08	1.2415e-08	1.2551e-08	1.3123e-08	1.2914e-08	1.192e-08	1.0944e-08	9.8155e-09	9.1544e-09	9.6896e-09	1.0749e-08	1.1655e-08	1.2586e-08	1.3019e-08	1.2474e-08	1.2263e-08	1.2182e-08	1.1572e-08	1.1276e-08	1.1693e-08	1.1996e-08	1.2067e-08	1.1869e-08	1.1064e-08	1.1295e-08	1.1871e-08	1.2138e-08	1.1499e-08	9.842e-09	7.6128e-09	6.4292e-09	6.4554e-09	7.062e-09	7.6376e-09	9.4878e-09	1.1417e-08	1.2442e-08	1.3006e-08	1.3423e-08	1.4315e-08	1.4182e-08	1.3156e-08	1.2807e-08	1.2341e-08	1.155e-08	1.1571e-08	1.2538e-08	1.2583e-08	1.1265e-08	1.1261e-08	1.3119e-08	1.4572e-08	1.4974e-08	1.4473e-08	1.3273e-08	1.3607e-08	1.3924e-08	1.2729e-08	9.8363e-09	8.0526e-09	8.8661e-09	9.2262e-09	9.0364e-09	8.798e-09	9.0089e-09	9.3029e-09	8.6553e-09	7.9052e-09	8.172e-09	9.1153e-09	1.0386e-08	1.1517e-08	1.2285e-08	1.3266e-08	1.3586e-08	1.2896e-08	1.1584e-08	9.1781e-09	7.3474e-09	7.2778e-09	9.2267e-09	1.1537e-08	1.2726e-08	1.344e-08	1.4208e-08	1.4718e-08
1.6253e-08	1.3084e-08	1.2353e-08	1.1094e-08	1.1173e-08	1.1209e-08	1.1925e-08	1.2396e-08	1.1473e-08	1.0397e-08	9.7561e-09	8.9507e-09	7.7876e-09	8.3711e-09	9.0727e-09	1.007e-08	1.0625e-08	1.0574e-08	1.0948e-08	1.1481e-08	1.0991e-08	9.5873e-09	8.6522e-09	9.1325e-09	1.0168e-08	1.0987e-08	1.0731e-08	1.0325e-08	1.025e-08	1.073e-08	1.1466e-08	1.2354e-08	1.4024e-08	1.5109e-08	1.5093e-08	1.4193e-08	1.3955e-08	1.5134e-08	1.5519e-08	1.3912e-08	1.1388e-08	9.5619e-09	9.9304e-09	1.0459e-08	1.0854e-08	1.1659e-08	1.2005e-08	1.1405e-08	1.0423e-08	9.4882e-09	9.2298e-09	9.4802e-09	1.0073e-08	1.0739e-08	1.1224e-08	1.199e-08	1.283e-08	1.3072e-08	1.2959e-08	1.2471e-08	1.2029e-08	1.1731e-08	1.1736e-08	1.1784e-08	1.1717e-08	1.0518e-08	1.0065e-08	1.1081e-08	1.1711e-08	1.1019e-08	8.3375e-09	5.5553e-09	4.9586e-09	5.4124e-09	5.6252e-09	6.2296e-09	8.1069e-09	1.0396e-08	1.1746e-08	1.1723e-08	1.1167e-08	1.1613e-08	1.2021e-08	1.1571e-08	1.1763e-08	1.2645e-08	1.3734e-08	1.4529e-08	1.4845e-08	1.4541e-08	1.4293e-08	1.3779e-08	1.3524e-08	1.3707e-08	1.4463e-08	1.4874e-08	1.5353e-08	1.5669e-08	1.5379e-08	1.4353e-08	1.1788e-08	9.4056e-09	9.1537e-09	9.0702e-09	8.7995e-09	9.0785e-09	9.6204e-09	9.5428e-09	8.0594e-09	6.3864e-09	5.7543e-09	6.806e-09	9.1393e-09	1.079e-08	1.2101e-08	1.3235e-08	1.3762e-08	1.3897e-08	1.3325e-08	1.1852e-08	1.1321e-08	1.0068e-08	7.2736e-09	8.2414e-09	1.0808e-08	1.2462e-08	1.3396e-08	1.433e-08
1.3562e-08	1.1555e-08	1.1317e-08	1.1963e-08	1.3178e-08	1.3693e-08	1.4013e-08	1.359e-08	1.2573e-08	1.103e-08	9.3687e-09	7.8951e-09	6.4813e-09	6.9426e-09	8.5328e-09	9.9094e-09	1.0596e-08	1.072e-08	1.132e-08	1.169e-08	1.1113e-08	1.0991e-08	1.0554e-08	9.8407e-09	1.0371e-08	1.0023e-08	9.6343e-09	1.0585e-08	1.1502e-08	1.1851e-08	1.1628e-08	1.1851e-08	1.2879e-08	1.319e-08	1.2722e-08	1.2563e-08	1.3411e-08	1.3333e-08	1.4097e-08	1.3344e-08	1.0457e-08	8.292e-09	9.3218e-09	1.0547e-08	1.1246e-08	1.2253e-08	1.2445e-08	1.2298e-08	1.1601e-08	1.0391e-08	1.009e-08	1.0657e-08	1.0657e-08	1.059e-08	1.095e-08	1.2165e-08	1.2866e-08	1.3207e-08	1.274e-08	1.22e-08	1.1738e-08	1.1429e-08	1.1543e-08	1.2507e-08	1.3462e-08	1.3701e-08	1.3315e-08	1.2892e-08	1.1738e-08	9.1755e-09	6.126e-09	4.8783e-09	4.1837e-09	3.4332e-09	3.4083e-09	5.533e-09	8.5073e-09	1.0578e-08	1.1704e-08	1.2199e-08	1.2438e-08	1.1856e-08	1.0927e-08	1.0812e-08	1.1602e-08	1.3125e-08	1.472e-08	1.5234e-08	1.5363e-08	1.5402e-08	1.5532e-08	1.5578e-08	1.4383e-08	1.3432e-08	1.3221e-08	1.3369e-08	1.4301e-08	1.5575e-08	1.6006e-08	1.505e-08	1.291e-08	1.0928e-08	9.798e-09	8.3412e-09	8.2245e-09	8.912e-09	8.7935e-09	7.8705e-09	6.2674e-09	4.6902e-09	4.1903e-09	6.6753e-09	9.4651e-09	1.1052e-08	1.1382e-08	1.1592e-08	1.2996e-08	1.4128e-08	1.4173e-08	1.3703e-08	1.3583e-08	1.2518e-08	9.2316e-09	7.1566e-09	8.9299e-09	1.1529e-08	1.3319e-08	1.4596e-08
1.3194e-08	1.0174e-08	1.1107e-08	1.3534e-08	1.5581e-08	1.6387e-08	1.6253e-08	1.502e-08	1.2924e-08	1.0796e-08	7.6452e-09	5.8151e-09	5.6528e-09	5.958e-09	7.5825e-09	9.1308e-09	9.6873e-09	9.9123e-09	1.1082e-08	1.1574e-08	1.1271e-08	1.1339e-08	1.1309e-08	1.141e-08	1.1053e-08	9.9775e-09	9.7133e-09	1.1154e-08	1.3325e-08	1.385e-08	1.2554e-08	1.1952e-08	1.2107e-08	1.2311e-08	1.1684e-08	1.2319e-08	1.3702e-08	1.4033e-08	1.3019e-08	1.0828e-08	9.389e-09	7.6002e-09	8.6886e-09	1.0747e-08	1.2243e-08	1.2895e-08	1.2838e-08	1.187e-08	1.0833e-08	9.9384e-09	9.9461e-09	1.007e-08	9.5342e-09	9.2892e-09	9.9319e-09	1.0845e-08	1.1551e-08	1.2214e-08	1.219e-08	1.1274e-08	1.0283e-08	1.0914e-08	1.1617e-08	1.2357e-08	1.2788e-08	1.2516e-08	1.2373e-08	1.1073e-08	9.4049e-09	7.3082e-09	5.2536e-09	4.4455e-09	4.9554e-09	5.3417e-09	6.5147e-09	9.5243e-09	1.1947e-08	1.3535e-08	1.4286e-08	1.4579e-08	1.4144e-08	1.2845e-08	1.0792e-08	9.3896e-09	1.0843e-08	1.2932e-08	1.4398e-08	1.5172e-08	1.5518e-08	1.6153e-08	1.6367e-08	1.5803e-08	1.3904e-08	1.3087e-08	1.3432e-08	1.3166e-08	1.2996e-08	1.3753e-08	1.468e-08	1.4902e-08	1.3261e-08	1.127e-08	1.0377e-08	9.5373e-09	8.6173e-09	9.7068e-09	1.0562e-08	1.006e-08	8.3768e-09	6.7104e-09	6.5847e-09	7.6063e-09	8.4007e-09	9.6995e-09	1.0765e-08	1.1137e-08	1.23e-08	1.3113e-08	1.3917e-08	1.4275e-08	1.3216e-08	1.1181e-08	9.2676e-09	6.4203e-09	6.7804e-09	1.0513e-08	1.276e-08	1.3799e-08
1.1573e-08	8.1994e-09	1.0399e-08	1.3503e-08	1.6054e-08	1.7552e-08	1.7295e-08	1.5322e-08	1.2914e-08	1.0804e-08	8.9415e-09	7.4416e-09	6.1869e-09	5.9509e-09	7.6335e-09	9.158e-09	1.0389e-08	1.1327e-08	1.171e-08	1.1853e-08	1.1233e-08	1.0443e-08	9.7134e-09	9.6344e-09	1.0448e-08	1.0783e-08	1.0831e-08	1.2056e-08	1.3178e-08	1.2701e-08	1.1788e-08	1.1311e-08	1.1153e-08	1.1538e-08	1.2093e-08	1.253e-08	1.317e-08	1.4056e-08	1.3949e-08	1.2872e-08	1.1369e-08	1.0112e-08	1.0364e-08	1.1243e-08	1.1679e-08	1.1845e-08	1.1835e-08	1.0961e-08	9.3918e-09	9.3015e-09	9.8744e-09	9.6806e-09	8.7289e-09	8.6401e-09	9.2804e-09	1.0128e-08	1.1051e-08	1.1995e-08	1.2054e-08	1.1054e-08	9.6241e-09	9.3582e-09	1.0157e-08	1.1076e-08	1.1704e-08	1.236e-08	1.2103e-08	1.0891e-08	9.1252e-09	6.8062e-09	5.6566e-09	6.1335e-09	7.2444e-09	8.15e-09	9.4618e-09	1.1591e-08	1.3546e-08	1.42e-08	1.4407e-08	1.4267e-08	1.331e-08	1.2667e-08	1.1579e-08	9.5655e-09	8.9888e-09	1.0761e-08	1.2342e-08	1.2681e-08	1.3394e-08	1.4406e-08	1.467e-08	1.4083e-08	1.267e-08	1.2405e-08	1.325e-08	1.3592e-08	1.3024e-08	1.3143e-08	1.4163e-08	1.4984e-08	1.4291e-08	1.2221e-08	1.1021e-08	1.0805e-08	1.1256e-08	1.2425e-08	1.3143e-08	1.2869e-08	1.1433e-08	9.9216e-09	9.3657e-09	9.059e-09	9.0336e-09	9.9116e-09	1.0932e-08	1.1506e-08	1.1872e-08	1.1652e-08	1.2117e-08	1.2505e-08	1.1365e-08	9.5643e-09	8.1268e-09	6.6304e-09	6.2225e-09	8.5761e-09	1.2031e-08	1.365e-08
1.1625e-08	9.6052e-09	1.1544e-08	1.3564e-08	1.4879e-08	1.5893e-08	1.5323e-08	1.3589e-08	1.2311e-08	1.126e-08	1.0038e-08	8.5485e-09	6.3925e-09	6.5055e-09	8.2773e-09	9.5221e-09	9.7248e-09	9.6667e-09	9.819e-09	1.0004e-08	1.0417e-08	1.0452e-08	1.0697e-08	1.1288e-08	1.1819e-08	1.17e-08	1.115e-08	1.1597e-08	1.2204e-08	1.1937e-08	1.2017e-08	1.2891e-08	1.3062e-08	1.2152e-08	1.1207e-08	1.1824e-08	1.3121e-08	1.3922e-08	1.4133e-08	1.4005e-08	1.4657e-08	1.475e-08	1.3684e-08	1.1975e-08	1.0738e-08	1.0509e-08	1.0578e-08	1.0059e-08	9.7393e-09	9.7561e-09	9.7018e-09	9.023e-09	8.7744e-09	9.1439e-09	9.6852e-09	9.8158e-09	1.0386e-08	1.0716e-08	1.067e-08	9.7735e-09	8.6573e-09	7.9734e-09	7.9599e-09	9.3256e-09	1.1193e-08	1.2548e-08	1.2231e-08	9.9034e-09	8.683e-09	7.0665e-09	6.2059e-09	6.7122e-09	8.4029e-09	1.0245e-08	1.1751e-08	1.2268e-08	1.2606e-08	1.2851e-08	1.3745e-08	1.4212e-08	1.2945e-08	1.1084e-08	1.0483e-08	9.7306e-09	9.0574e-09	1.033e-08	1.1708e-08	1.245e-08	1.292e-08	1.3203e-08	1.3545e-08	1.2577e-08	1.1806e-08	1.2859e-08	1.4047e-08	1.4636e-08	1.4657e-08	1.4215e-08	1.508e-08	1.6055e-08	1.5168e-08	1.257e-08	1.0928e-08	1.0953e-08	1.2367e-08	1.2923e-08	1.297e-08	1.2626e-08	1.1936e-08	1.0979e-08	1.0182e-08	9.8915e-09	1.0386e-08	1.0982e-08	1.0911e-08	1.046e-08	9.8953e-09	1.0706e-08	1.1964e-08	1.1889e-08	1.0026e-08	8.5485e-09	7.9177e-09	6.8114e-09	6.5614e-09	8.8532e-09	1.2009e-08	1.4151e-08
1.6277e-08	1.4601e-08	1.4497e-08	1.3422e-08	1.1878e-08	1.1932e-08	1.1816e-08	1.0759e-08	9.9735e-09	8.9567e-09	8.5979e-09	7.3769e-09	6.5864e-09	7.7873e-09	9.8547e-09	1.1198e-08	1.1457e-08	1.0675e-08	9.5465e-09	8.7421e-09	9.4171e-09	1.0323e-08	1.0779e-08	1.1645e-08	1.2196e-08	1.1916e-08	1.1741e-08	1.2527e-08	1.2923e-08	1.2574e-08	1.21e-08	1.2611e-08	1.2775e-08	1.2286e-08	1.1198e-08	1.1106e-08	1.2394e-08	1.392e-08	1.4877e-08	1.4921e-08	1.4232e-08	1.3584e-08	1.2982e-08	1.2299e-08	1.0635e-08	9.9893e-09	1.0678e-08	1.1394e-08	1.1637e-08	1.0989e-08	9.8045e-09	9.7702e-09	1.0573e-08	1.0949e-08	9.8345e-09	8.908e-09	9.2948e-09	9.3289e-09	8.5643e-09	6.9203e-09	6.1329e-09	6.7743e-09	8.2173e-09	1.0549e-08	1.2037e-08	1.1832e-08	1.0601e-08	9.3889e-09	8.6235e-09	8.4959e-09	7.7337e-09	8.0356e-09	1.0285e-08	1.2269e-08	1.289e-08	1.1683e-08	1.1395e-08	1.184e-08	1.2671e-08	1.3729e-08	1.36e-08	1.2278e-08	1.1697e-08	1.0499e-08	9.4151e-09	9.1125e-09	9.9616e-09	1.1104e-08	1.1844e-08	1.2193e-08	1.1903e-08	1.1425e-08	1.191e-08	1.3942e-08	1.5752e-08	1.7071e-08	1.7193e-08	1.6225e-08	1.6232e-08	1.6459e-08	1.5466e-08	1.3971e-08	1.2857e-08	1.248e-08	1.2204e-08	1.1155e-08	1.0619e-08	1.052e-08	1.0725e-08	9.7687e-09	8.4845e-09	8.2552e-09	9.0037e-09	9.7842e-09	9.6515e-09	8.8504e-09	8.7251e-09	1.0789e-08	1.2405e-08	1.2741e-08	1.1612e-08	1.0131e-08	9.269e-09	8.8109e-09	8.7047e-09	8.733e-09	1.0552e-08	1.3522e-08
1.5136e-08	1.3985e-08	1.447e-08	1.5176e-08	1.4948e-08	1.389e-08	1.2326e-08	1.0719e-08	1.057e-08	1.0243e-08	9.7317e-09	9.6104e-09	9.3409e-09	9.2741e-09	9.8658e-09	9.8412e-09	1.0131e-08	9.6797e-09	8.4432e-09	7.1502e-09	6.934e-09	7.3804e-09	8.4745e-09	9.7947e-09	1.0601e-08	1.0486e-08	1.0278e-08	1.0821e-08	1.1733e-08	1.2086e-08	1.1891e-08	1.1815e-08	1.2187e-08	1.197e-08	1.1904e-08	1.2155e-08	1.2653e-08	1.316e-08	1.3468e-08	1.3983e-08	1.4331e-08	1.4194e-08	1.3142e-08	1.1985e-08	1.0733e-08	9.8107e-09	1.0241e-08	1.1207e-08	1.1878e-08	1.1584e-08	1.0677e-08	1.0712e-08	1.1729e-08	1.2207e-08	1.1067e-08	9.5113e-09	9.2214e-09	9.458e-09	8.9868e-09	7.5027e-09	7.1385e-09	8.6128e-09	1.1195e-08	1.3241e-08	1.3893e-08	1.265e-08	1.0679e-08	9.1659e-09	8.3515e-09	8.3636e-09	7.8843e-09	8.4752e-09	1.0893e-08	1.2683e-08	1.2543e-08	9.9771e-09	9.4395e-09	1.0808e-08	1.3032e-08	1.5446e-08	1.6501e-08	1.5552e-08	1.2989e-08	1.0917e-08	9.8191e-09	7.628e-09	7.2354e-09	8.8256e-09	1.0098e-08	1.0571e-08	1.0252e-08	9.3616e-09	1.004e-08	1.2485e-08	1.5155e-08	1.7088e-08	1.7276e-08	1.6677e-08	1.6365e-08	1.6591e-08	1.6813e-08	1.6722e-08	1.5937e-08	1.4451e-08	1.2279e-08	9.6095e-09	9.1347e-09	1.0315e-08	1.1021e-08	9.9692e-09	7.772e-09	6.3068e-09	6.5135e-09	7.7058e-09	8.0175e-09	7.8092e-09	9.4468e-09	1.1633e-08	1.2808e-08	1.2909e-08	1.1789e-08	1.065e-08	9.6914e-09	9.6366e-09	1.0369e-08	1.0494e-08	1.0907e-08	1.2221e-08
1.6026e-08	1.3682e-08	1.3428e-08	1.3742e-08	1.3714e-08	1.3045e-08	1.3246e-08	1.3148e-08	1.2028e-08	1.0855e-08	1.0176e-08	1.0106e-08	1.0397e-08	1.1067e-08	1.2108e-08	1.2326e-08	1.1543e-08	9.436e-09	7.5627e-09	5.8555e-09	5.5926e-09	6.131e-09	7.126e-09	8.6366e-09	9.4982e-09	9.4971e-09	9.2068e-09	9.8035e-09	1.0968e-08	1.2139e-08	1.2592e-08	1.2567e-08	1.2477e-08	1.207e-08	1.1583e-08	1.1782e-08	1.2136e-08	1.2812e-08	1.4264e-08	1.4586e-08	1.4229e-08	1.3828e-08	1.2336e-08	1.0836e-08	8.6564e-09	7.6656e-09	8.2164e-09	9.3064e-09	1.0329e-08	1.0022e-08	9.7539e-09	1.1016e-08	1.2107e-08	1.2013e-08	1.119e-08	1.0883e-08	1.1024e-08	1.0932e-08	1.053e-08	1.0224e-08	9.896e-09	1.126e-08	1.27e-08	1.2993e-08	1.347e-08	1.2193e-08	9.8073e-09	8.6689e-09	7.8242e-09	7.78e-09	7.7277e-09	8.3161e-09	9.7965e-09	1.1243e-08	1.1779e-08	1.0744e-08	9.108e-09	1.1043e-08	1.4011e-08	1.5926e-08	1.7023e-08	1.7754e-08	1.6037e-08	1.3734e-08	1.2255e-08	9.7201e-09	7.9412e-09	9.2155e-09	1.0473e-08	1.028e-08	8.7211e-09	8.1393e-09	9.415e-09	1.0687e-08	1.2366e-08	1.4839e-08	1.6005e-08	1.6363e-08	1.6026e-08	1.5689e-08	1.6139e-08	1.5639e-08	1.4547e-08	1.3973e-08	1.3252e-08	1.2112e-08	1.1832e-08	1.1439e-08	1.0383e-08	8.8721e-09	7.4604e-09	7.1283e-09	6.4368e-09	6.723e-09	7.2534e-09	7.3224e-09	9.5947e-09	1.2031e-08	1.2968e-08	1.2676e-08	1.2207e-08	1.1661e-08	1.0098e-08	9.8273e-09	1.0781e-08	1.0437e-08	1.0315e-08	1.1183e-08
1.774e-08	1.6418e-08	1.5929e-08	1.4788e-08	1.3791e-08	1.3029e-08	1.2935e-08	1.1806e-08	1.0867e-08	1.0111e-08	9.8523e-09	1.0782e-08	1.1027e-08	1.0849e-08	1.144e-08	1.1434e-08	1.0071e-08	8.7939e-09	8.0289e-09	7.4701e-09	8.306e-09	9.8491e-09	1.0281e-08	9.8406e-09	9.4339e-09	8.8116e-09	8.8465e-09	9.6485e-09	1.1032e-08	1.2432e-08	1.2727e-08	1.2276e-08	1.172e-08	1.1482e-08	1.0692e-08	9.4602e-09	9.1686e-09	9.2604e-09	8.9686e-09	9.6957e-09	1.0467e-08	1.0635e-08	1.029e-08	9.7467e-09	8.4347e-09	7.4944e-09	7.5803e-09	8.3454e-09	9.453e-09	9.2635e-09	8.8921e-09	9.8104e-09	1.0539e-08	1.0308e-08	1.0389e-08	1.1634e-08	1.3424e-08	1.4338e-08	1.4369e-08	1.4049e-08	1.3878e-08	1.5086e-08	1.5763e-08	1.4905e-08	1.3363e-08	1.1595e-08	8.962e-09	7.5388e-09	7.4664e-09	8.3466e-09	9.1471e-09	9.2604e-09	9.7051e-09	1.1186e-08	1.2051e-08	1.1154e-08	9.1745e-09	1.1201e-08	1.4583e-08	1.6456e-08	1.6716e-08	1.583e-08	1.5036e-08	1.3939e-08	1.1742e-08	9.2863e-09	8.9531e-09	9.9929e-09	1.1335e-08	1.1423e-08	9.7302e-09	8.7872e-09	9.9002e-09	1.1382e-08	1.2681e-08	1.3713e-08	1.491e-08	1.6345e-08	1.7231e-08	1.6913e-08	1.6579e-08	1.6259e-08	1.5536e-08	1.4919e-08	1.429e-08	1.3461e-08	1.2302e-08	1.0869e-08	9.1732e-09	7.8119e-09	6.9925e-09	5.9152e-09	5.1069e-09	5.3218e-09	5.6389e-09	7.2785e-09	1.0524e-08	1.2441e-08	1.2798e-08	1.2702e-08	1.2712e-08	1.2452e-08	1.146e-08	1.0683e-08	1.0321e-08	9.2655e-09	8.6193e-09	8.659e-09
1.7551e-08	1.4897e-08	1.4491e-08	1.3636e-08	1.3561e-08	1.4368e-08	1.4342e-08	1.3396e-08	1.2553e-08	1.2411e-08	1.2617e-08	1.1798e-08	9.6124e-09	9.1219e-09	9.1329e-09	8.331e-09	6.3664e-09	5.4987e-09	6.5706e-09	8.6475e-09	1.0582e-08	1.1998e-08	1.2661e-08	1.1741e-08	1.0727e-08	1.0618e-08	1.1493e-08	1.2376e-08	1.2489e-08	1.2446e-08	1.2295e-08	1.1534e-08	1.1286e-08	1.0989e-08	9.9317e-09	8.7987e-09	8.1018e-09	8.1761e-09	7.9558e-09	8.3619e-09	9.0209e-09	9.3744e-09	9.7586e-09	9.7348e-09	9.5667e-09	9.6872e-09	9.6478e-09	9.7291e-09	9.9442e-09	9.3938e-09	8.9935e-09	8.6257e-09	8.9711e-09	9.3428e-09	9.4599e-09	1.1211e-08	1.3515e-08	1.4684e-08	1.5548e-08	1.5914e-08	1.5312e-08	1.341e-08	1.1629e-08	1.0538e-08	8.8923e-09	7.695e-09	6.707e-09	6.4434e-09	7.308e-09	8.62e-09	9.4447e-09	1.0174e-08	1.1005e-08	1.1951e-08	1.1986e-08	9.9682e-09	8.8231e-09	1.2035e-08	1.5204e-08	1.6987e-08	1.7953e-08	1.74e-08	1.5263e-08	1.3187e-08	1.0933e-08	8.461e-09	9.2933e-09	1.1546e-08	1.2782e-08	1.3354e-08	1.1876e-08	1.086e-08	1.2236e-08	1.4e-08	1.4545e-08	1.4121e-08	1.5514e-08	1.8305e-08	1.9756e-08	1.97e-08	1.8269e-08	1.5852e-08	1.4362e-08	1.3125e-08	1.2068e-08	1.1037e-08	9.2702e-09	7.8164e-09	6.7668e-09	6.5725e-09	6.9501e-09	6.5195e-09	6.1955e-09	6.6483e-09	6.0375e-09	7.535e-09	1.0621e-08	1.2156e-08	1.2989e-08	1.3278e-08	1.3344e-08	1.3436e-08	1.2907e-08	1.1625e-08	1.053e-08	8.4586e-09	6.2402e-09	5.9016e-09
1.6902e-08	1.3517e-08	1.2271e-08	1.2625e-08	1.4764e-08	1.6094e-08	1.5703e-08	1.5307e-08	1.4178e-08	1.2195e-08	1.1061e-08	9.8699e-09	8.6948e-09	8.5128e-09	8.2761e-09	7.3656e-09	6.1109e-09	6.0821e-09	7.8175e-09	9.5799e-09	1.1277e-08	1.241e-08	1.2112e-08	1.1475e-08	1.1705e-08	1.2584e-08	1.3249e-08	1.3272e-08	1.2623e-08	1.1643e-08	1.1305e-08	1.0479e-08	9.8072e-09	9.7735e-09	9.269e-09	8.8781e-09	8.66e-09	8.8291e-09	9.3749e-09	9.7791e-09	9.6816e-09	9.6402e-09	9.4558e-09	9.5147e-09	9.4583e-09	9.4928e-09	9.5661e-09	1.0121e-08	1.0537e-08	1.0833e-08	1.0941e-08	9.7784e-09	8.8116e-09	8.2791e-09	8.9147e-09	1.1181e-08	1.3176e-08	1.4215e-08	1.4439e-08	1.4375e-08	1.3579e-08	1.2462e-08	1.1548e-08	9.897e-09	7.968e-09	6.8392e-09	6.4935e-09	6.8711e-09	7.8276e-09	8.7466e-09	9.1495e-09	9.961e-09	1.1276e-08	1.186e-08	1.1186e-08	9.9677e-09	9.0337e-09	1.2191e-08	1.5706e-08	1.8098e-08	1.8466e-08	1.6664e-08	1.4381e-08	1.2878e-08	1.1201e-08	9.9097e-09	1.0688e-08	1.1753e-08	1.2042e-08	1.1961e-08	1.1342e-08	1.1775e-08	1.3889e-08	1.5085e-08	1.5486e-08	1.5969e-08	1.7653e-08	1.9081e-08	1.8955e-08	1.7823e-08	1.7253e-08	1.5229e-08	1.1255e-08	1.0584e-08	9.9505e-09	9.4933e-09	8.7817e-09	7.4685e-09	7.1134e-09	8.0126e-09	9.6128e-09	1.0156e-08	9.6814e-09	8.8255e-09	7.3456e-09	7.232e-09	8.6079e-09	9.5024e-09	1.0343e-08	1.1073e-08	1.193e-08	1.2411e-08	1.2016e-08	1.1365e-08	1.121e-08	1.0054e-08	8.2824e-09	7.0173e-09
1.4658e-08	1.0393e-08	1.0482e-08	1.2425e-08	1.4845e-08	1.6263e-08	1.5805e-08	1.4791e-08	1.4306e-08	1.3623e-08	1.2535e-08	1.0208e-08	8.8941e-09	9.4434e-09	1e-08	9.3327e-09	8.4246e-09	7.8327e-09	8.3673e-09	9.3251e-09	1.0423e-08	1.1166e-08	1.0954e-08	1.1697e-08	1.2284e-08	1.2526e-08	1.2461e-08	1.1672e-08	1.209e-08	1.2618e-08	1.2499e-08	1.1991e-08	1.0217e-08	1.0047e-08	1.0728e-08	1.1037e-08	1.0375e-08	1.0027e-08	1.0089e-08	9.3304e-09	8.3495e-09	9.4814e-09	1.0912e-08	1.0917e-08	1.0014e-08	1.0065e-08	9.8088e-09	9.3328e-09	9.6899e-09	1.0266e-08	1.0467e-08	9.8269e-09	8.69e-09	8.2318e-09	9.0738e-09	1.114e-08	1.2786e-08	1.3178e-08	1.2615e-08	1.2472e-08	1.1475e-08	1.061e-08	9.3711e-09	7.1275e-09	4.8037e-09	4.21e-09	5.0036e-09	5.9753e-09	6.9529e-09	7.4116e-09	8.0651e-09	9.4161e-09	1.0482e-08	1.1103e-08	1.0825e-08	1.1102e-08	1.1745e-08	1.2876e-08	1.3959e-08	1.4739e-08	1.5173e-08	1.5394e-08	1.5392e-08	1.459e-08	1.2595e-08	1.1564e-08	1.1935e-08	1.1957e-08	1.2936e-08	1.456e-08	1.6169e-08	1.7626e-08	1.8222e-08	1.7185e-08	1.571e-08	1.5384e-08	1.673e-08	1.8343e-08	1.8898e-08	1.8467e-08	1.6962e-08	1.3665e-08	9.6305e-09	7.7257e-09	8.0804e-09	8.4724e-09	8.797e-09	9.6328e-09	1.1612e-08	1.2386e-08	1.2849e-08	1.297e-08	1.235e-08	1.088e-08	8.6826e-09	6.8814e-09	5.5941e-09	6.3407e-09	7.3325e-09	7.8084e-09	9.0531e-09	1.1026e-08	1.1485e-08	1.128e-08	1.1098e-08	1.014e-08	8.0237e-09	6.9732e-09
1.2164e-08	1.0397e-08	1.2354e-08	1.4369e-08	1.5778e-08	1.6665e-08	1.6083e-08	1.4889e-08	1.3769e-08	1.2494e-08	1.158e-08	1.0731e-08	9.3632e-09	9.8689e-09	9.5147e-09	8.0839e-09	7.6485e-09	7.7869e-09	8.2418e-09	8.946e-09	9.8461e-09	1.1098e-08	1.1725e-08	1.1665e-08	1.1965e-08	1.2725e-08	1.3077e-08	1.3071e-08	1.2852e-08	1.3251e-08	1.2965e-08	1.3076e-08	1.2293e-08	1.0685e-08	1.0619e-08	1.1147e-08	1.0855e-08	9.6505e-09	8.5632e-09	7.6749e-09	8.2208e-09	1.0073e-08	1.1251e-08	1.1524e-08	1.0756e-08	9.7939e-09	8.7076e-09	8.5377e-09	8.8084e-09	8.9505e-09	9.6383e-09	1.0044e-08	9.3603e-09	8.9177e-09	9.5185e-09	1.0562e-08	1.1152e-08	1.062e-08	9.7042e-09	9.7035e-09	1.0653e-08	1.0867e-08	9.6861e-09	8.3685e-09	6.9937e-09	5.6845e-09	5.3669e-09	5.2829e-09	5.7481e-09	6.4626e-09	7.9102e-09	9.7151e-09	1.0227e-08	1.0075e-08	1.1133e-08	1.2785e-08	1.3743e-08	1.372e-08	1.3001e-08	1.2077e-08	1.0656e-08	1.0611e-08	1.1702e-08	1.2588e-08	1.3742e-08	1.4296e-08	1.4683e-08	1.586e-08	1.676e-08	1.8478e-08	2.0151e-08	2.0588e-08	1.9595e-08	1.7824e-08	1.5538e-08	1.4227e-08	1.6995e-08	1.8709e-08	1.8734e-08	1.7958e-08	1.6509e-08	1.4177e-08	1.1154e-08	8.5203e-09	7.3593e-09	8.2469e-09	8.9148e-09	9.9148e-09	1.2584e-08	1.4102e-08	1.3192e-08	1.2048e-08	1.049e-08	8.9973e-09	8.4077e-09	6.7486e-09	4.904e-09	6.1008e-09	7.6501e-09	7.3286e-09	6.8782e-09	8.1552e-09	9.2432e-09	1.0068e-08	1.1064e-08	1.1283e-08	1.0021e-08	8.6874e-09
1.3705e-08	1.2217e-08	1.2724e-08	1.3957e-08	1.5749e-08	1.6434e-08	1.5223e-08	1.4315e-08	1.3849e-08	1.3372e-08	1.258e-08	1.1784e-08	1.0745e-08	1.0396e-08	1.0111e-08	9.8347e-09	1.0276e-08	1.0364e-08	9.0741e-09	7.6938e-09	7.4319e-09	9.2838e-09	1.0693e-08	1.1583e-08	1.1595e-08	1.1373e-08	1.1065e-08	1.139e-08	1.1863e-08	1.303e-08	1.3407e-08	1.1961e-08	1.0803e-08	9.7122e-09	9.1447e-09	8.6001e-09	9.1632e-09	9.9268e-09	9.4302e-09	8.5326e-09	8.2365e-09	9.1782e-09	1.0594e-08	1.1298e-08	1.0804e-08	1.0745e-08	1.0621e-08	1.0128e-08	9.1619e-09	9.0204e-09	9.7665e-09	1.0208e-08	9.5686e-09	8.5487e-09	8.8142e-09	9.8615e-09	1.0666e-08	1.0237e-08	9.4923e-09	8.7892e-09	8.6447e-09	8.8382e-09	8.5555e-09	7.7406e-09	7.1125e-09	5.6619e-09	4.2766e-09	4.3704e-09	4.418e-09	5.095e-09	7.2238e-09	9.3728e-09	1.0648e-08	1.0952e-08	1.2223e-08	1.3813e-08	1.4542e-08	1.4058e-08	1.264e-08	1.1326e-08	1.068e-08	1.0656e-08	1.2445e-08	1.5271e-08	1.7261e-08	1.8627e-08	2.0321e-08	2.1434e-08	2.1848e-08	2.198e-08	2.0702e-08	1.8005e-08	1.6465e-08	1.5256e-08	1.4089e-08	1.373e-08	1.6699e-08	1.8304e-08	1.7945e-08	1.7068e-08	1.565e-08	1.3559e-08	1.0533e-08	7.6836e-09	6.7646e-09	7.4918e-09	8.8881e-09	1.0456e-08	1.2172e-08	1.3167e-08	1.2634e-08	1.1332e-08	1.0255e-08	8.6291e-09	7.4213e-09	7.2664e-09	9.3387e-09	1.1195e-08	1.1195e-08	9.3459e-09	5.8951e-09	4.2612e-09	7.0143e-09	9.1476e-09	9.7793e-09	9.1518e-09	8.4434e-09	8.2182e-09
