3.9263e-07	4.526e-07	4.2151e-07	4.2017e-07	2.8367e-07	4.0791e-07	4.1114e-07	4.7793e-07	4.1212e-07	4.6148e-07	4.4108e-07	4.4881e-07	4.4562e-07	3.0628e-07	4.7049e-07	4.6521e-07	3.0104e-07	4.0364e-07	3.5673e-07	3.5674e-07	2.2778e-07	4.9609e-07	2.0603e-07	2.585e-07	1.0078e-07	4.7196e-07	4.2531e-07	3.2823e-07	1.0923e-07	2.502e-07	1.7212e-08	2.9037e-07	1.8194e-08	6.5933e-07	4.2478e-07	3.8049e-07	5.4763e-07	3.67e-07	4.8018e-07	2.1468e-07	1.3811e-07	2.7368e-07	1.3905e-07	1.2931e-07	5.0491e-07	5.027e-07	6.9324e-07	4.6888e-07	5.5769e-07	5.0159e-07	4.6968e-07	2.8384e-07	1.902e-07	2.0596e-07	2.4935e-07	5.1196e-07	3.0553e-07	6.1761e-07	4.6934e-07	2.7835e-07	2.2638e-07	7.1602e-07	3.477e-07	6.1545e-07	5.0247e-07	5.0588e-07	5.2295e-07	3.9808e-07	4.3262e-07	4.3652e-07	5.9103e-07	5.1779e-07	2.5725e-07	2.4203e-07	6.7193e-07	5.5819e-07	5.066e-07	3.7051e-07	4.6202e-07	5.5573e-07	4.7492e-07	4.5078e-07	5.1254e-07	5.1022e-07	5.2635e-07	4.7273e-07	5.4897e-07	5.1481e-07	4.6205e-07	5.6162e-07	4.7024e-07	3.5755e-07	4.723e-07	3.2895e-07	2.415e-07	6.1744e-07	5.9393e-07	5.5066e-07	4.0419e-07	5.2505e-07	4.3768e-07	5.7794e-07	2.869e-07	4.5067e-07	5.1693e-07	3.4883e-07	3.2333e-07	2.1383e-07	2.6356e-07	6.8443e-07	1.9862e-07	5.4778e-07	1.8599e-07	1.2592e-07	2.9456e-07	5.5935e-07	5.7225e-07	4.0695e-07	4.2436e-07	5.4665e-07	4.406e-07	2.2648e-07	5.0533e-07	5.2015e-07	3.514e-07	3.303e-07	1.797e-07	2.553e-07
4.3621e-07	3.7782e-07	3.854e-07	3.7742e-07	3.082e-07	3.8796e-07	4.0721e-07	2.9298e-07	3.906e-07	3.6649e-07	2.1252e-07	2.0131e-07	5.2186e-07	2.585e-07	2.5513e-07	4.9199e-07	1.3672e-07	2.9429e-07	6.4605e-07	3.42e-07	3.822e-07	5.3375e-07	4.3242e-07	1.1788e-07	1.3817e-07	5.3462e-07	5.7588e-07	4.681e-07	4.6057e-07	3.9232e-07	1.9511e-07	3.2749e-07	2.6603e-07	5.9277e-07	4.8425e-07	4.6592e-07	2.9526e-07	1.6225e-07	5.1884e-07	4.6912e-07	4.3504e-07	2.9633e-07	2.9877e-07	5.2595e-07	2.4016e-07	4.5362e-07	5.3372e-07	5.1479e-07	4.9173e-07	4.3968e-07	4.6001e-07	1.8439e-07	7.5492e-08	2.8028e-07	6.9867e-07	4.1439e-07	4.7256e-07	5.0886e-07	4.2565e-07	4.1632e-07	4.1853e-07	5.2597e-07	4.6283e-07	4.1532e-07	5.513e-07	5.0941e-07	4.6273e-07	3.6317e-07	3.9149e-07	4.6829e-07	1.4748e-07	1.524e-07	7.4576e-07	3.5093e-07	4.5796e-07	4.5961e-07	4.6749e-07	4.97e-07	5.4835e-07	3.124e-07	5.7066e-07	2.9624e-07	4.8915e-07	3.6368e-07	3.1564e-07	3.0421e-07	2.5411e-07	1.2913e-07	2.2562e-07	7.3645e-07	1.5835e-07	1.048e-07	2.1539e-07	4.0815e-07	3.936e-07	2.6344e-07	1.8526e-07	1.1817e-07	2.5959e-07	3.6722e-07	4.4691e-07	5.062e-07	3.0839e-07	2.3876e-07	3.8426e-07	3.3199e-07	4.0508e-07	5.7308e-07	3.4014e-07	2.927e-07	3.9891e-07	5.8709e-07	5.6339e-07	3.9626e-07	6.7091e-07	6.3596e-07	3.567e-07	3.4088e-07	3.524e-07	1.8804e-07	2.7737e-07	4.1575e-07	2.5836e-07	4.6195e-07	3.3779e-07	5.2909e-07	5.6501e-07	3.6713e-07
3.647e-07	4.5789e-07	9.7969e-08	4.2036e-07	3.4488e-07	4.6177e-07	4.1433e-07	4.3327e-07	2.6374e-07	2.8437e-07	4.0066e-07	4.1259e-07	3.0804e-07	4.9922e-07	3.7555e-07	4.1204e-07	4.5393e-07	3.813e-07	4.7062e-07	4.2927e-07	3.6856e-07	3.9072e-07	2.8959e-07	5.6717e-07	4.4657e-07	4.3574e-07	3.3307e-07	3.1569e-08	8.4485e-08	3.687e-07	3.4932e-07	6.9635e-07	4.6569e-07	4.4938e-07	4.8148e-07	4.672e-07	4.6056e-07	4.3473e-07	4.704e-07	4.3237e-07	4.6673e-07	4.2263e-07	4.7727e-07	4.4026e-07	9.1404e-08	4.0944e-07	3.4877e-07	5.7396e-07	3.3866e-07	2.3471e-07	8.46e-08	7.3316e-08	2.3217e-07	1.9786e-07	2.219e-07	6.3718e-07	5.8487e-07	5.1674e-07	2.4382e-07	2.3677e-07	3.5167e-07	1.7704e-07	2.5302e-07	1.478e-07	2.612e-07	2.5636e-07	2.2048e-07	2.3035e-07	2.6931e-07	3.3768e-07	3.8812e-07	4.5521e-07	5.8043e-07	4.1033e-07	1.4626e-07	4.5451e-07	6.3062e-07	2.5524e-07	1.4316e-07	1.8681e-07	4.4662e-07	5.4753e-07	3.0236e-07	5.2815e-07	4.2897e-07	3.7655e-07	3.3673e-07	1.4072e-07	2.083e-07	5.8641e-07	3.1837e-07	2.3238e-07	1.4685e-07	2.8939e-07	2.6899e-07	1.3478e-07	3.2712e-07	4.7896e-07	3.3054e-07	5.7355e-07	2.9241e-07	2.5233e-07	3.3971e-07	4.7467e-07	5.3861e-07	1.5657e-07	2.1935e-07	3.6537e-07	4.9764e-07	4.1496e-07	3.916e-07	3.703e-07	4.4425e-07	7.1448e-07	4.4137e-07	4.8552e-07	3.2063e-07	3.23e-07	4.1589e-07	3.1659e-07	3.3887e-07	2.9335e-07	4.7193e-07	5.0917e-07	7.0406e-07	6.012e-07	5.4893e-07	3.1257e-07
2.0578e-07	1.4049e-07	5.4178e-07	4.1215e-07	4.2033e-07	3.2272e-07	2.8845e-07	1.3691e-07	2.5418e-07	2.306e-07	2.2542e-07	1.8137e-07	2.1774e-07	3.0865e-07	5.7329e-07	4.9964e-07	4.1936e-07	3.2812e-07	5.4848e-07	3.8299e-07	3.1478e-07	1.3993e-07	1.4379e-07	5.9214e-07	3.7866e-07	2.3699e-07	1.1527e-07	1.3271e-08	0	4.2229e-08	4.3317e-07	6.2521e-07	1.922e-07	5.7456e-07	4.507e-07	3.6482e-07	4.2457e-07	5.3347e-07	2.9824e-07	3.7395e-07	3.5213e-07	2.2958e-07	2.834e-07	1.2223e-07	4.0573e-07	2.56e-07	5.6365e-07	4.6784e-07	4.7812e-07	2.8875e-07	3.0135e-07	1.6928e-07	3.9012e-07	6.4216e-07	5.0293e-07	4.9779e-07	4.6577e-07	5.1846e-07	3.7274e-07	8.7559e-08	2.4022e-07	5.6697e-07	3.4602e-07	6.0474e-07	5.3664e-07	3.2285e-07	3.001e-07	2.0676e-07	3.1109e-07	2.5458e-07	1.8307e-07	1.9523e-07	7.2968e-07	5.591e-07	4.3779e-07	5.1962e-07	4.0749e-07	3.3906e-07	3.2061e-07	5.2634e-07	1.2285e-07	2.4259e-07	1.359e-07	2.1252e-07	6.2528e-07	7.7045e-07	4.4979e-07	2.9301e-07	1.0461e-07	1.3623e-07	1.7246e-07	1.8015e-07	1.4456e-07	2.0265e-07	3.5644e-07	2.9915e-07	3.6174e-07	3.9917e-07	1.6161e-07	3.0002e-07	1.9338e-07	1.8119e-07	4.4081e-07	6.2179e-07	3.0743e-07	3.0912e-07	3.1231e-07	3.188e-07	1.4578e-07	3.799e-07	1.702e-07	4.2509e-07	3.768e-07	5.4859e-07	6.126e-07	6.4313e-07	3.5881e-07	4.3468e-07	5.0758e-07	4.9371e-07	3.9839e-07	4.9143e-07	6.5403e-07	5.6936e-07	4.0594e-07	5.451e-07	4.0126e-07	5.4264e-07
3.9088e-07	3.763e-07	4.3356e-07	4.5081e-07	4.3451e-07	4.3781e-07	4.2334e-07	4.3215e-07	2.0929e-07	1.5331e-07	5.0668e-07	1.6599e-07	3.0366e-07	4.6056e-07	1.3177e-07	3.3221e-07	1.65e-07	8.0101e-08	3.2719e-07	1.3343e-07	8.6187e-08	1.8399e-07	2.3702e-07	3.8605e-07	4.9533e-07	3.0813e-07	1.6976e-07	6.7417e-07	2.7383e-07	1.8987e-07	2.4953e-07	2.2456e-07	2.6942e-07	5.8318e-07	1.7935e-07	2.7186e-07	1.7414e-07	1.4328e-07	2.3816e-07	2.0723e-07	2.2831e-07	5.4852e-07	6.3249e-07	5.4474e-07	4.2778e-07	3.2777e-07	1.3439e-07	2.3294e-07	1.8292e-07	1.6361e-07	2.574e-07	2.6071e-07	2.7924e-07	6.707e-07	6.7494e-07	4.7398e-07	5.8439e-07	5.2105e-07	2.4858e-07	3.7466e-07	6.5621e-07	3.9316e-07	2.8722e-07	1.4634e-07	3.9418e-07	5.0155e-07	4.2119e-07	4.7515e-07	9.5993e-08	1.3012e-07	1.8784e-07	9.2066e-08	5.3787e-07	2.9941e-07	4.4285e-07	2.9181e-07	2.6657e-07	6.3599e-07	4.1785e-07	4.5123e-07	1.5787e-07	3.2618e-07	4.6969e-07	3.7272e-07	5.2621e-07	3.4228e-07	1.8073e-07	1.3487e-07	1.6079e-07	1.4789e-07	1.6398e-07	1.755e-07	1.4138e-07	1.2323e-07	1.4033e-07	1.232e-07	1.6115e-07	4.0213e-07	3.5905e-07	3.16e-07	3.3926e-07	4.8375e-07	3.288e-07	3.2513e-07	4.6741e-07	3.6316e-07	3.6643e-07	3.6369e-07	3.4813e-07	6.5189e-07	2.9575e-07	2.8552e-07	3.1687e-07	3.7639e-07	4.2675e-07	5.363e-07	2.7826e-07	5.747e-07	5.3383e-07	5.2352e-07	3.52e-07	3.421e-07	5.4247e-07	5.1465e-07	6.5074e-07	4.9617e-07	5.1548e-07	3.3118e-07
3.7509e-07	1.5182e-07	5.6556e-07	4.2663e-07	4.2172e-07	4.1479e-07	4.0508e-07	1.5443e-07	1.5863e-07	5.6859e-07	3.9632e-07	4.5291e-07	4.3997e-07	2.3654e-07	1.7366e-07	3.3326e-07	3.2055e-07	5.925e-07	4.5278e-07	4.3362e-07	3.3691e-07	3.6876e-07	4.7875e-07	1.738e-07	5.1742e-07	3.5883e-07	1.4377e-07	5.1214e-07	4.9924e-07	4.5286e-07	4.6782e-07	4.0097e-07	3.7059e-07	4.558e-07	3.763e-07	4.8325e-07	3.9341e-07	3.9724e-07	4.542e-07	1.3339e-07	1.4112e-07	3.5589e-07	3.7475e-07	4.7128e-07	3.9145e-07	3.6955e-07	4.2116e-07	2.6951e-07	4.596e-07	3.2914e-07	5.2482e-07	5.4102e-07	4.9276e-07	4.7706e-07	4.6701e-07	4.3998e-07	4.9867e-07	3.4653e-07	4.2607e-07	3.0619e-07	4.4221e-07	5.0176e-07	4.1825e-07	4.343e-07	5.0612e-07	5.4175e-07	4.1526e-07	3.4267e-07	5.658e-07	3.2149e-07	2.8733e-07	5.4559e-07	4.1588e-07	4.5065e-07	4.8924e-07	4.8748e-07	4.7084e-07	3.115e-07	3.4117e-07	5.5875e-07	4.8038e-07	2.6895e-07	5.9626e-07	3.9965e-07	3.0808e-07	6.0677e-07	4.1683e-07	2.7779e-07	5.3189e-07	2.1491e-07	3.2587e-07	4.0875e-07	5.1657e-07	5.6862e-07	3.0132e-07	2.0308e-07	5.7677e-07	2.6706e-07	2.8645e-07	2.9665e-07	3.018e-07	4.866e-07	3.7812e-07	4.6639e-07	3.5708e-07	3.311e-07	5.0784e-07	5.2281e-07	6.526e-07	4.1163e-07	2.8792e-07	3.6742e-07	5.0299e-07	5.646e-07	4.1746e-07	3.5525e-07	3.8353e-07	3.0894e-07	2.9728e-07	5.6282e-07	2.4037e-07	2.4401e-07	4.7025e-07	4.3721e-07	6.2742e-07	5.0667e-07	4.3775e-07	2.747e-07
2.3841e-07	4.0443e-07	4.3698e-07	4.5997e-07	3.9214e-07	4.1749e-07	4.2166e-07	4.0771e-07	1.7975e-07	3.596e-07	3.5904e-07	4.5773e-08	4.8063e-07	4.4947e-07	4.1197e-07	4.155e-08	3.2089e-07	5.2654e-07	4.3659e-07	4.46e-07	2.78e-07	4.6896e-07	7.8324e-08	3.3194e-07	4.6852e-07	3.405e-07	2.2894e-07	1.0804e-07	2.8988e-07	8.9899e-08	4.0858e-07	5.1388e-07	5.02e-07	4.4496e-07	4.2104e-07	3.1162e-07	2.0415e-07	4.9695e-07	3.0642e-07	4.5496e-07	5.2565e-07	4.6873e-07	3.7603e-07	3.4064e-07	5.1408e-07	2.995e-07	4.3177e-07	3.7369e-07	5.9993e-07	4.8027e-07	4.7379e-07	4.7668e-07	4.4702e-07	4.7826e-07	4.669e-07	4.5562e-07	4.3181e-07	3.3731e-07	4.2409e-07	5.4004e-07	4.0002e-07	5.2902e-07	4.4941e-07	3.9384e-07	4.5463e-07	4.0671e-07	3.928e-07	5.2196e-07	4.6417e-07	5.0044e-07	4.2001e-07	5.0221e-07	4.1562e-07	3.9774e-07	5.2318e-07	4.2284e-07	4.2708e-07	3.7364e-07	5.1393e-07	3.1609e-07	4.8702e-07	4.7389e-07	4.931e-07	3.4314e-07	5.6915e-07	3.9291e-07	5.1227e-07	1.2936e-07	4.6106e-07	4.5543e-07	5.4311e-07	4.7978e-07	4.4588e-07	5.1065e-07	4.7116e-07	5.3451e-07	5.5048e-07	4.2681e-07	4.819e-07	4.7474e-07	3.801e-07	5.1206e-07	2.6787e-07	2.8463e-07	4.5834e-07	2.2442e-07	3.1382e-07	5.1887e-07	4.591e-07	4.0739e-07	6.6768e-07	4.839e-07	5.4195e-07	1.8196e-07	1.376e-07	2.2963e-07	6.7648e-07	4.5523e-07	4.1766e-07	4.675e-07	3.9659e-07	3.6288e-07	3.2524e-07	5.5122e-07	4.5293e-07	5.6202e-07	2.063e-07	1.7113e-07
2.8952e-07	1.1054e-07	6.0911e-07	4.1797e-07	4.2079e-07	3.9799e-07	4.2541e-07	2.7515e-07	3.4403e-08	1.6659e-07	8.9872e-08	1.5813e-08	2.5927e-07	3.5887e-07	3.0187e-07	4.6406e-07	2.9626e-07	1.8117e-07	5.4706e-07	4.6419e-07	4.1818e-07	4.048e-07	1.3634e-07	4.3604e-07	1.1205e-07	1.9695e-07	1.3032e-07	1.7397e-07	5.8989e-07	3.2274e-07	3.1093e-07	2.4557e-07	5.2862e-07	3.7289e-07	2.2829e-07	3.7631e-07	2.1994e-07	3.2989e-07	2.0487e-07	5.7612e-07	2.7095e-07	5.0908e-07	3.4401e-07	1.6353e-07	4.3919e-07	5.6932e-07	2.8736e-07	2.7675e-07	7.0939e-07	4.5027e-07	4.9179e-07	4.7458e-07	4.6547e-07	4.1402e-07	4.9829e-07	4.4561e-07	4.575e-07	4.4636e-07	2.7814e-07	2.7083e-07	4.7352e-07	3.7606e-07	5.0477e-07	5.0638e-07	3.4382e-07	4.2907e-07	4.4294e-07	4.2468e-07	3.0941e-07	3.6075e-07	5.9813e-07	2.3412e-07	3.9286e-07	4.6899e-07	4.7106e-07	5.0853e-07	5.0253e-07	3.6821e-07	2.2594e-07	2.5635e-07	5.5883e-07	3.9875e-07	4.3044e-07	4.3265e-07	4.7511e-07	4.8546e-07	1.9788e-07	4.7531e-07	4.7471e-07	1.7025e-07	2.1357e-07	5.3146e-07	3.1186e-07	1.052e-07	3.6152e-07	3.6227e-07	4.8284e-07	3.0468e-07	4.9368e-07	4.281e-07	3.8483e-07	4.1625e-07	2.1001e-07	2.8171e-07	5.6548e-07	3.3909e-07	2.2243e-07	6.1221e-07	1.5655e-07	4.1463e-07	3.0345e-07	6.9795e-07	3.3244e-07	5.7935e-07	1.7555e-07	4.6168e-07	4.3922e-07	4.7822e-07	6.3126e-07	3.8969e-07	5.223e-07	3.4267e-07	4.1149e-07	5.9273e-07	5.1646e-07	3.3815e-07	3.6249e-07	1.5178e-07
3.4795e-07	4.6259e-07	3.7155e-07	4.4209e-07	4.0403e-07	4.3617e-07	3.6856e-07	3.812e-07	5.7468e-08	1.4421e-07	1.1327e-07	1.606e-07	5.7791e-07	4.5634e-07	2.1236e-07	4.1944e-07	3.4201e-07	5.93e-07	3.5612e-07	3.8121e-07	3.598e-07	5.2885e-07	1.6675e-07	2.9137e-07	5.484e-07	4.785e-07	2.1848e-07	2.6558e-07	5.8805e-07	4.4319e-07	4.3479e-07	4.4684e-07	4.6803e-07	4.4272e-07	4.4988e-07	4.3076e-07	3.2813e-07	4.4704e-07	3.0489e-07	1.8838e-07	5.3117e-07	5.3582e-07	4.0514e-07	2.3995e-07	3.3277e-07	4.6459e-07	5.7251e-07	3.9282e-07	5.3588e-07	4.3677e-07	5.2254e-07	4.7173e-07	4.8842e-07	4.5483e-07	4.4377e-07	4.983e-07	4.9129e-07	3.9979e-07	3.6226e-07	4.5293e-07	3.9058e-07	3.9249e-07	3.4356e-07	3.1971e-07	3.463e-07	6.3674e-07	4.4298e-07	3.5786e-07	5.331e-07	4.7146e-07	5.3881e-07	3.8949e-07	4.0209e-07	5.4497e-07	2.9635e-07	3.643e-07	5.1686e-07	5.6317e-07	4.431e-07	3.0023e-07	4.9985e-07	4.0464e-07	3.9643e-07	2.9027e-07	5.7272e-07	3.5328e-07	3.4709e-07	4.4715e-07	4.4565e-07	1.914e-07	2.5894e-07	4.343e-07	9.5188e-08	1.6224e-07	3.2852e-07	4.5854e-07	6.1971e-07	6.6821e-07	4.6001e-07	3.8055e-07	5.0202e-07	4.5597e-07	1.8286e-07	5.9739e-07	3.7745e-07	3.0981e-07	3.8459e-07	3.1732e-07	2.3174e-07	5.6827e-07	6.5951e-07	2.7034e-07	3.494e-07	5.2257e-07	2.3432e-07	3.2811e-07	3.1168e-07	4.8644e-07	5.683e-07	3.7788e-07	4.356e-07	5.5208e-07	3.8746e-07	4.6651e-07	4.2504e-07	6.2897e-07	2.4808e-07	1.5869e-07
3.3269e-07	3e-07	2.0839e-07	5.592e-07	4.0156e-07	3.818e-07	3.6121e-07	3.4944e-07	3.3853e-07	3.2837e-07	1.4601e-07	2.7509e-07	4.4313e-07	2.1e-07	1.8687e-07	4.6744e-07	2.3491e-07	2.9476e-07	3.5657e-07	4.8096e-07	3.4214e-07	3.9487e-07	5.5286e-07	4.4415e-07	4.3943e-07	4.0223e-07	4.4423e-07	4.3992e-07	4.1083e-07	4.5032e-07	4.3881e-07	4.5018e-07	3.9235e-07	1.6132e-07	1.788e-07	1.572e-07	4.1446e-07	4.0238e-07	5.648e-07	3.4404e-07	5.4696e-07	3.7671e-07	3.5935e-07	2.4712e-07	3.2692e-07	3.4594e-07	4.5908e-07	4.4547e-07	5.6187e-07	2.1886e-07	5.5866e-07	4.5868e-07	4.897e-07	4.9323e-07	3.1908e-07	4.4089e-07	4.6189e-07	4.0643e-07	4.5747e-07	4.9835e-07	2.876e-07	4.8159e-07	3.2665e-07	5.1715e-07	4.2307e-07	4.149e-07	4.4422e-07	5.328e-07	4.0141e-07	4.595e-07	4.4979e-07	4.8324e-07	2.4576e-07	4.5857e-07	4.771e-07	4.4478e-07	3.5647e-07	5.0655e-07	3.2037e-07	2.5587e-07	3.6252e-07	4.8208e-07	4.7027e-07	4.468e-07	5.6972e-07	3.4863e-07	2.6051e-07	4.3324e-07	2.5924e-07	3.1924e-07	3.3372e-07	4.4067e-07	2.2434e-07	4.8482e-07	4.5808e-07	3.2725e-07	4.7958e-07	4.3556e-07	5.3756e-07	3.9521e-07	5.6232e-07	4.9362e-07	4.313e-07	3.692e-07	2.7073e-07	3.22e-07	6.6393e-07	4.6859e-07	4.1902e-07	5.0828e-07	5.3303e-07	3.0267e-07	5.3521e-07	4.037e-07	6.0913e-07	4.5628e-07	5.2232e-07	2.6725e-07	3.3468e-07	4.3567e-07	4.4948e-07	4.2612e-07	4.6118e-07	4.8297e-07	4.9865e-07	4.1087e-07	4.8111e-07	1.5876e-07
2.8346e-07	2.322e-07	4.9609e-07	3.3769e-07	1.2136e-07	1.6231e-07	5.6353e-07	4.5204e-07	2.9841e-07	4.8584e-07	3.5493e-07	4.8101e-07	3.4417e-07	9.9978e-08	7.5906e-08	3.4212e-07	4.5576e-08	1.9018e-07	1.0607e-07	4.9806e-07	4.0724e-07	2.3613e-07	4.0908e-07	4.4888e-07	4.3714e-07	1.655e-07	6.0245e-07	4.3663e-07	4.5463e-07	3.9313e-07	4.5029e-07	4.5033e-07	2.3362e-07	1.8769e-07	1.9088e-07	2.7312e-07	5.0536e-07	3.7044e-07	4.6528e-07	4.7372e-07	3.4982e-07	5.2278e-07	2.7682e-07	4.0627e-07	2.3745e-07	2.1882e-07	2.1901e-07	5.7458e-07	5.0056e-07	5.2037e-07	4.6888e-07	4.8572e-07	4.6784e-07	4.5026e-07	3.4773e-07	2.4023e-07	4.8574e-07	3.7219e-07	4.4334e-07	3.4434e-07	3.2158e-07	5.4812e-07	1.2663e-07	4.2239e-07	4.4238e-07	4.0474e-07	3.6555e-07	3.4827e-07	3.9278e-07	5.3442e-07	2.6477e-07	3.2908e-07	5.5037e-07	4.3563e-07	4.147e-07	4.413e-07	3.573e-07	5.1443e-07	4.8289e-07	4.0426e-07	4.4596e-07	3.5128e-07	2.6158e-07	4.3229e-07	3.4319e-07	5.6099e-07	5.1933e-07	3.0623e-07	3.0038e-07	2.7668e-07	6.5982e-07	4.7334e-07	5.0728e-07	1.6052e-07	5.8814e-07	4.7913e-07	3.2437e-07	5.8174e-07	1.8131e-07	4.5747e-07	6.2948e-07	1.2691e-07	1.8797e-07	6.9174e-07	5.2469e-07	3.1439e-07	3.8099e-07	3.4541e-07	2.1772e-07	3.9799e-07	4.5053e-07	5.8377e-07	4.2901e-07	5.1969e-07	4.9213e-07	2.9841e-07	5.4629e-07	5.9602e-07	4.1651e-07	4.1569e-07	4.1918e-07	3.4313e-07	5.0026e-07	3.9759e-07	5.1617e-07	3.9962e-07	3.1532e-07	1.9533e-07
3.7582e-07	2.9486e-07	1.3894e-07	9.7058e-08	4.2777e-07	3.4209e-07	2.2644e-07	3.73e-07	3.4135e-07	4.2839e-07	3.2193e-07	4.1141e-07	2.217e-07	2.723e-08	1.1157e-07	1.2688e-07	2.1391e-08	8.0757e-08	1.8689e-07	4.264e-07	6.5362e-07	3.8321e-08	2.2897e-07	5.7765e-07	4.4584e-07	4.8747e-07	4.562e-07	4.628e-07	4.4293e-07	4.4159e-07	4.1013e-07	3.4477e-07	3.2767e-07	1.569e-07	2.0997e-07	3.5783e-07	1.0119e-07	6.2521e-07	4.5598e-07	4.045e-07	4.384e-07	4.4755e-07	2.2886e-07	2.6096e-07	2.1821e-07	3.8843e-07	5.1196e-07	4.6711e-07	2.7977e-07	2.5644e-07	6.1757e-07	5.2311e-07	4.573e-07	3.6866e-07	5.058e-07	4.3328e-07	2.0791e-07	2.4009e-07	6.0744e-07	4.8883e-07	4.8351e-07	4.8119e-07	4.4118e-07	4.6852e-07	3.6555e-07	3.9698e-07	4.4858e-07	3.9027e-07	4.9032e-07	4.967e-07	3.9081e-07	4.5396e-07	3.9224e-07	5.1089e-07	3.6768e-07	4.7044e-07	3.3506e-07	2.8696e-07	3.9582e-07	4.5755e-07	2.4879e-07	2.0473e-07	3.9115e-07	6.4143e-07	1.7005e-07	3.1608e-07	2.9531e-07	2.9689e-07	5.3498e-07	5.8231e-07	3.4108e-07	5.8374e-07	4.117e-07	4.1631e-07	3.8778e-07	4.6342e-07	3.0765e-07	4.4261e-07	3.6525e-07	5.6525e-07	3.7197e-07	4.8646e-07	6.2908e-07	5.0803e-07	3.3711e-07	5.8214e-07	1.9706e-07	2.9685e-07	7.5551e-07	5.0082e-07	3.9578e-07	6.1287e-07	4.0772e-07	3.9336e-07	2.1569e-07	5.9406e-07	2.689e-07	2.3733e-07	4.0567e-07	4.2792e-07	6.2157e-07	5.558e-07	5.7658e-07	3.9575e-07	3.1997e-07	3.1487e-07	6.0228e-07	2.5841e-07
2.1806e-07	3.1125e-07	2.1571e-07	2.1417e-07	2.2498e-07	2.5472e-07	6.1457e-07	3.7465e-07	4.7024e-07	1.5877e-07	9.176e-08	1.4445e-07	2.1259e-07	4.5837e-07	2.3139e-07	3.3988e-07	2.3751e-07	6.6247e-08	1.7736e-07	1.7688e-07	1.2195e-07	3.7087e-07	3.429e-07	6.1036e-07	4.6145e-07	4.4143e-07	4.0239e-07	3.3756e-07	3.0411e-07	7.3189e-08	1.6901e-07	4.0061e-07	2.9104e-07	2.895e-07	6.6569e-08	1.9595e-07	3.6834e-07	2.2772e-07	5.1696e-07	2.5825e-07	4.5003e-07	1.9229e-07	1.1163e-07	2.9854e-07	2.142e-07	6.068e-07	2.7189e-07	5.381e-07	3.1839e-07	3.7487e-07	2.983e-07	5.2094e-07	4.311e-07	4.6196e-07	2.2061e-07	2.7331e-07	3.779e-07	3.8244e-07	3.029e-07	6.2162e-07	3.571e-07	4.9053e-07	3.8006e-07	3.9476e-07	2.9692e-07	4.7779e-07	4.1281e-07	4.4945e-07	3.3155e-07	4.9348e-07	3.3808e-07	4.1826e-07	3.1345e-07	2.6133e-07	4.0916e-07	2.2069e-07	3.6507e-07	2.3405e-07	5.2265e-07	3.7389e-07	4.1732e-07	3.1277e-07	2.7648e-07	4.6274e-07	5.3197e-07	1.536e-07	2.3396e-07	4.3729e-07	6.6383e-07	1.5538e-07	3.6227e-07	4.5861e-07	4.1897e-07	3.8373e-07	3.2118e-07	3.1447e-07	4.587e-07	5.8928e-07	4.0609e-07	4.3092e-07	4.7225e-07	5.3522e-07	4.351e-07	3.1592e-07	4.138e-07	3.5411e-07	5.3887e-07	6.636e-07	4.8705e-07	4.6996e-07	4.5444e-07	4.8324e-07	3.9497e-07	2.1422e-07	4.3765e-07	4.4369e-07	3.9896e-07	2.1649e-07	4.1873e-07	4.7738e-07	5.918e-07	3.4782e-07	5.039e-07	3.3988e-07	5.1554e-07	3.097e-07	2.1922e-07	1.3353e-07
3.5771e-07	2.6547e-07	3.6983e-07	3.5165e-07	3.0853e-07	2.6665e-07	1.3195e-07	3.8691e-07	2.8042e-07	2.1918e-07	4.8023e-07	3.0004e-07	2.6382e-07	2.0214e-07	5.6671e-07	2.3773e-07	4.0037e-07	1.2767e-07	3.0539e-07	4.2632e-08	3.0334e-07	4.9418e-07	5.4983e-07	2.1338e-07	2.624e-07	1.5245e-07	5.4744e-07	3.1457e-07	3.8088e-07	1.7234e-07	8.8308e-08	6.4485e-07	1.3744e-07	3.9643e-08	1.7787e-07	7.8575e-08	1.2313e-07	1.4117e-07	2.2056e-07	1.8194e-07	5.313e-08	9.1834e-08	7.35e-08	3.3188e-07	7.0339e-07	5.8231e-07	4.8406e-07	4.7027e-07	4.5531e-07	4.5269e-07	4.4174e-07	3.3746e-07	2.9145e-07	3.5044e-07	3.2607e-07	2.9761e-07	5.3289e-07	5.84e-07	4.6802e-07	4.7552e-07	4.6675e-07	4.7864e-07	4.6732e-07	4.7449e-07	4.6609e-07	4.6849e-07	4.7648e-07	4.5148e-07	4.0014e-07	5.2011e-07	4.6379e-07	3.8658e-07	2.4986e-07	3.4627e-07	3.4192e-07	4.4727e-07	2.7334e-07	4.1187e-07	3.2398e-07	2.9105e-07	2.7756e-07	5.2105e-07	3.3629e-07	1.6923e-07	1.17e-07	2.1758e-07	4.047e-07	1.2537e-07	4.3632e-07	3.0943e-07	1.1049e-07	2.329e-07	3.325e-07	3.4608e-07	3.0453e-07	2.7529e-07	1.9853e-07	2.0359e-07	1.5886e-07	1.5706e-07	1.3873e-07	2.6788e-07	3.6081e-07	2.8506e-07	1.9162e-07	1.8416e-07	3.4935e-07	7.0658e-07	3.6128e-07	6.3245e-07	4.5875e-07	2.4302e-07	3.0298e-07	2.6384e-07	2.3373e-07	1.5101e-07	1.7415e-07	2.973e-07	7.674e-07	4.985e-07	4.7682e-07	2.9147e-07	1.8399e-07	2.4265e-07	5.0181e-07	6.5272e-07	3.9783e-07	1.5769e-07
3.7568e-07	3.5026e-07	2.1399e-07	2.1737e-07	3.2766e-07	5.0207e-07	2.9605e-07	4.2959e-07	3.921e-07	3.2077e-07	2.58e-07	2.9824e-07	4.2215e-07	4.4645e-07	4.2159e-07	3.5443e-07	3.5354e-07	1.2078e-07	2.6576e-07	2.7423e-07	5.2343e-07	3.9128e-07	3.6934e-07	2.822e-07	2.9113e-07	5.8022e-07	4.0626e-07	3.5796e-07	3.6719e-07	4.5566e-07	1.5982e-07	5.1326e-07	4.8023e-07	4.3197e-07	3.8772e-07	3.9335e-07	4.1301e-07	3.8369e-07	3.7653e-07	2.6129e-07	4.7587e-07	4.7677e-07	2.2962e-07	2.7818e-07	5.3521e-07	4.4889e-07	4.3434e-07	4.4312e-07	4.2231e-07	4.4425e-07	4.1144e-07	2.6617e-07	3.4474e-07	5.7525e-07	4.1416e-07	4.9385e-07	4.5253e-07	4.0873e-07	3.8065e-07	4.5955e-07	4.4579e-07	4.3466e-07	4.1539e-07	4.2765e-07	4.4494e-07	4.7345e-07	4.2927e-07	4.7709e-07	3.5972e-07	3.3433e-07	4.2505e-07	3.8114e-07	4.7257e-07	2.9107e-07	4.9722e-07	2.3517e-07	2.366e-07	3.7903e-07	2.5445e-07	2.0541e-07	3.3891e-07	2.6643e-07	1.6473e-07	1.7437e-07	4.2454e-07	6.4335e-07	4.5814e-07	4.7e-07	2.3236e-07	1.6003e-07	1.2598e-07	1.5587e-07	2.3624e-07	4.3766e-07	1.4104e-07	2.0228e-07	3.9308e-07	2.483e-07	1.5429e-07	2.5022e-07	2.6334e-07	2.4812e-07	2.3631e-07	2.7659e-07	2.6216e-07	3.1759e-07	3.8168e-07	3.4054e-07	8.0315e-07	2.6349e-07	1.5695e-07	1.5928e-07	2.3556e-07	2.3241e-07	4.4441e-07	4.2483e-07	2.7116e-07	2.4162e-07	2.5178e-07	2.5595e-07	3.3571e-07	2.6499e-07	2.6578e-07	4.3206e-07	2.4892e-07	3.3022e-07	2.8549e-07	1.3384e-07
3.5975e-07	1.5069e-07	3.4477e-08	2.4088e-07	6.0557e-07	4.2678e-07	3.0625e-07	1.8779e-07	3.7174e-07	4.3631e-07	2.3974e-07	4.7232e-07	4.0055e-07	4.1852e-07	3.1847e-07	1.1331e-07	4.8214e-08	3.9134e-07	1.9447e-07	5.4952e-07	4.6448e-07	3.9042e-07	2.8617e-07	4.2778e-07	2.762e-07	4.9922e-07	2.5337e-07	4.3368e-07	3.9419e-07	1.6372e-07	4.1336e-07	3.9953e-07	4.3647e-07	4.0051e-07	4.07e-07	3.4817e-07	4.8205e-07	2.4093e-07	2.3714e-07	2.6163e-07	4.7302e-07	5.3741e-07	3.4336e-07	1.5968e-07	1.6171e-07	2.3323e-07	2.7534e-07	1.7444e-07	4.6953e-07	6.2872e-07	2.7401e-07	3.003e-07	3.2862e-07	3.8652e-07	5.4368e-07	3.578e-07	5.3064e-07	4.4278e-07	2.2379e-07	4.33e-07	2.6876e-07	2.6268e-07	3.0686e-07	1.9373e-07	3.1643e-07	5.9446e-07	5.2936e-07	3.3144e-07	3.625e-07	2.5919e-07	2.2034e-07	3.0487e-07	3.696e-07	2.0944e-07	4.1254e-07	4.6681e-07	1.7304e-07	2.2697e-07	3.6103e-07	1.5205e-07	2.8803e-07	3.5129e-07	2.0366e-07	1.7707e-07	2.4462e-07	5.4319e-07	3.7808e-07	4.3153e-07	3.836e-07	3.5766e-07	2.041e-07	3.0385e-07	3.1541e-07	2.2856e-07	3.1024e-07	3.8562e-07	2.5456e-07	4.1052e-07	3.9796e-07	4.0562e-07	3.1341e-07	3.0115e-07	1.8498e-07	1.4613e-07	3.0795e-07	4.0804e-07	4.6602e-07	4.2162e-07	2.9731e-07	4.2549e-07	7.8909e-07	5.4884e-07	3.8894e-07	1.8307e-07	3.1132e-07	4.4227e-07	4.2743e-07	2.8013e-07	3.719e-07	3.6961e-07	3.1494e-07	2.224e-07	2.014e-07	2.6515e-07	1.9244e-07	1.296e-07	1.398e-07	1.335e-07
3.6834e-07	2.2291e-07	1.9685e-07	5.3361e-07	4.0926e-07	3.4375e-07	1.0117e-07	5.4746e-07	4.3643e-07	3.4437e-07	1.9523e-07	2.0004e-07	4.4214e-07	1.1642e-07	3.1645e-07	2.4644e-07	5.9084e-07	3.0806e-07	3.7564e-07	4.2615e-07	4.8492e-07	4.1577e-07	2.2471e-07	3.005e-07	2.3049e-07	5.5964e-07	2.1764e-07	1.2963e-07	4.548e-07	6.8737e-08	2.1443e-07	3.9507e-07	1.3899e-07	3.2416e-07	6.1547e-07	1.5377e-07	4.9232e-07	1.7099e-07	3.8894e-07	2.5927e-07	2.5283e-07	3.7887e-07	2.99e-07	1.3265e-07	1.0348e-07	3.5886e-07	3.7521e-07	4.3878e-07	4.1478e-07	3.1368e-07	2.181e-07	6.8805e-07	4.7299e-07	3.0005e-07	1.4225e-07	5.6578e-07	4.9044e-07	3.7067e-07	4.1695e-07	2.2473e-07	3.7605e-07	3.138e-07	4.0358e-07	2.3997e-07	4.22e-07	4.9449e-07	1.901e-07	1.963e-07	2.4584e-07	4.5337e-07	1.9439e-07	2.3441e-07	2.9884e-07	1.569e-07	1.6448e-07	1.5796e-07	5.309e-07	2.5438e-07	2.0788e-07	2.122e-07	9.5241e-08	1.1902e-07	1.9196e-07	1.2938e-07	1.3928e-07	1.6193e-07	4.8654e-07	2.5164e-07	1.6839e-07	1.3847e-07	1.372e-07	9.3405e-08	1.2558e-07	1.6455e-07	1.2758e-07	1.5728e-07	1.5912e-07	1.7863e-07	3.2319e-07	1.405e-07	1.0656e-07	1.1275e-07	1.2892e-07	1.7415e-07	1.1456e-07	1.5773e-07	2.4556e-07	2.6026e-07	1.721e-07	1.7728e-07	1.4758e-07	1.8385e-07	1.7257e-07	1.8824e-07	2.2072e-07	2.2579e-07	2.2988e-07	1.6422e-07	1.4431e-07	1.8377e-07	2.1894e-07	2.9159e-07	1.8888e-07	1.9604e-07	1.5112e-07	1.2862e-07	1.3669e-07	1.2751e-07
3.0204e-07	3.3553e-07	8.1732e-08	5.4929e-07	3.1461e-07	4.0493e-08	3.6371e-08	2.391e-07	2.901e-07	2.0052e-07	1.3404e-07	3.9129e-07	6.8117e-08	2.6271e-08	4.6187e-08	5.0241e-08	6.4869e-08	9.6598e-08	2.0445e-07	1.5724e-07	1.454e-07	4.6074e-07	5.1609e-07	1.0359e-07	2.6597e-07	1.042e-07	8.1217e-08	2.1622e-07	7.9274e-08	3.7496e-07	1.2668e-07	2.3603e-07	2.4028e-07	2.7695e-07	1.1552e-07	1.9e-07	7.3885e-07	1.3653e-07	9.4721e-08	3.1995e-07	4.8453e-08	3.2669e-08	4.7635e-08	5.5224e-07	2.3398e-07	1.717e-07	6.6174e-08	1.5487e-07	1.0784e-07	4.1531e-07	2.496e-07	1.0575e-07	1.721e-07	2.6356e-07	4.4244e-07	7.4306e-08	1.5921e-07	2.05e-07	3.8808e-07	2.2353e-07	6.7049e-08	9.0115e-08	2.3288e-07	3.0766e-07	5.0191e-07	2.7425e-07	2.7186e-07	1.6656e-07	3.3201e-07	2.3339e-07	2.9373e-07	1.6072e-07	1.0553e-07	1.6354e-07	9.0648e-08	8.4839e-08	1.8579e-07	2.9256e-07	1.1042e-07	1.1245e-07	2.7599e-07	1.0083e-07	1.0545e-07	1.4505e-07	1.2357e-07	1.2215e-07	1.0756e-07	1.4751e-07	1.0716e-07	9.61e-08	1.0237e-07	2.2522e-07	1.9706e-07	1.0204e-07	1.1483e-07	1.7341e-07	2.1151e-07	2.8224e-07	1.9303e-07	2.1925e-07	1.1163e-07	2.2739e-07	2.7851e-07	2.4716e-07	1.9823e-07	2.7316e-07	1.7847e-07	2.7159e-07	1.82e-07	2.1276e-07	1.6697e-07	2.3215e-07	1.9106e-07	1.9233e-07	1.2379e-07	2.1683e-07	1.7281e-07	2.1822e-07	1.658e-07	1.3674e-07	1.4335e-07	1.3795e-07	1.3642e-07	1.4467e-07	1.4044e-07	1.272e-07	1.3002e-07	1.2871e-07
4.169e-07	1.1218e-07	3.0685e-07	1.5329e-07	5.0605e-07	7.5145e-08	4.1167e-07	9.8777e-08	5.9183e-07	1.742e-07	1.5628e-07	8.0304e-08	3.227e-08	3.442e-07	3.8744e-07	3.6689e-07	1.8573e-07	5.5946e-07	2.3348e-07	4.0718e-07	4.1082e-07	6.1505e-07	5.1557e-07	1.1342e-07	4.045e-07	5.704e-07	4.9773e-07	2.9216e-07	5.094e-07	4.7592e-07	5.2763e-07	4.1765e-07	1.5725e-07	1.6937e-07	3.3115e-07	4.0071e-07	4.1812e-07	7.537e-08	1.2739e-07	2.2988e-07	2.2969e-07	4.7926e-07	3.5199e-07	4.9475e-07	1.2197e-07	1.1822e-07	3.0944e-07	5.6894e-07	3.4631e-07	4.9946e-07	4.4479e-07	4.8604e-07	4.7859e-07	3.7141e-07	1.9397e-07	2.6635e-07	1.822e-07	3.3134e-07	5.6909e-07	6.2827e-07	4.0541e-07	4.3395e-07	4.5106e-07	4.6861e-07	4.5328e-07	3.2492e-07	4.627e-07	3.1334e-07	4.5468e-07	1.551e-07	6.2302e-07	2.4506e-07	2.4661e-07	1.2935e-07	9.1738e-08	1.43e-07	1.5969e-07	3.9542e-07	1.3094e-07	2.7873e-07	4.2585e-07	3.6832e-07	1.5938e-07	1.4824e-07	1.6854e-07	1.673e-07	1.1777e-07	1.1721e-07	5.4107e-07	2.2552e-07	1.2251e-07	1.3365e-07	4.3249e-07	3.306e-07	1.9332e-07	2.4792e-07	2.0795e-07	2.0263e-07	1.7541e-07	2.0118e-07	2.1314e-07	3.0101e-07	1.6871e-07	4.1153e-07	3.1861e-07	1.3516e-07	1.6561e-07	1.7338e-07	1.2456e-07	1.2407e-07	1.8269e-07	2.6291e-07	2.232e-07	3.0172e-07	1.9992e-07	1.6519e-07	1.6055e-07	1.8448e-07	2.1684e-07	2.197e-07	2.662e-07	1.486e-07	1.4366e-07	1.3353e-07	1.3159e-07	1.2994e-07	1.3835e-07	1.304e-07
3.6159e-07	2.8802e-07	4.6536e-07	2.4217e-07	3.5126e-07	3.2261e-07	3.0923e-07	1.3583e-07	4.832e-07	2.0386e-07	3.0549e-07	3.7813e-07	2.3515e-07	7.8214e-08	3.4387e-07	3.2242e-07	2.217e-07	1.323e-07	5.3457e-07	4.3062e-07	3.062e-07	2.9042e-07	5.4865e-07	3.6029e-07	1.5786e-07	5.7258e-07	4.2877e-07	2.9831e-07	3.6608e-07	4.9568e-07	4.5402e-07	4.1953e-07	9.8155e-08	2.0275e-07	4.6022e-07	5.1067e-07	4.0443e-07	2.2492e-07	3.3908e-07	3.8134e-07	2.414e-07	6.2409e-07	4.3228e-07	4.0172e-07	4.4166e-07	4.0926e-07	3.472e-07	4.0207e-07	4.5866e-07	5.0078e-07	3.0316e-07	4.4675e-07	2.9533e-07	3.4985e-07	5.176e-07	2.9804e-07	4.7935e-07	1.4966e-07	3.387e-07	5.5185e-07	4.7595e-07	2.2396e-07	4.8725e-07	5.1736e-07	1.6281e-07	3.1333e-07	6.6535e-07	2.8387e-07	4.2453e-07	1.8859e-07	5.2035e-07	1.8424e-07	3.8915e-07	3.2877e-07	3.3913e-07	1.6914e-07	2.6466e-07	2.4764e-07	4.2359e-07	6.354e-07	3.5959e-07	3.4654e-07	2.4094e-07	1.8428e-07	1.7011e-07	2.2828e-07	1.8752e-07	4.4635e-07	1.3728e-07	3.8167e-07	4.053e-07	2.8106e-07	2.0052e-07	3.4137e-07	7.313e-07	2.5933e-07	2.1448e-07	1.9003e-07	1.3334e-07	1.4332e-07	2.1866e-07	5.8537e-07	3.9416e-07	4.9482e-07	7.1307e-07	4.3786e-07	1.5564e-07	1.6626e-07	1.9378e-07	1.5033e-07	1.9825e-07	1.9065e-07	2.2241e-07	2.592e-07	3.3087e-07	2.7863e-07	2.4219e-07	1.7019e-07	2.2581e-07	2.2472e-07	1.6664e-07	2.2634e-07	1.842e-07	1.4351e-07	1.5398e-07	1.3167e-07	1.3141e-07	1.4113e-07
3.523e-07	9.4524e-08	2.4532e-07	1.6601e-07	1.4351e-07	4.9703e-07	1.998e-07	8.2133e-08	9.4399e-08	3.1696e-07	3.2927e-07	3.1746e-07	5.635e-07	1.5719e-07	4.6282e-07	4.3871e-07	2.7585e-07	5.2561e-07	3.509e-07	3.4362e-08	5.9244e-07	3.1254e-07	2.8559e-07	2.0054e-07	3.1923e-07	4.0222e-07	5.8087e-07	4.2747e-07	2.6813e-07	4.8927e-07	4.4668e-07	3.8053e-07	3.7787e-07	2.5345e-07	1.9923e-07	3.9153e-07	7.6647e-08	8.2163e-08	2.7994e-07	3.5937e-07	1.3396e-07	6.4363e-07	3.3441e-07	2.7602e-07	2.5784e-07	2.7993e-07	5.1389e-07	4.9009e-07	4.7648e-07	3.4816e-07	2.6956e-07	5.2287e-07	4.3524e-07	2.1141e-07	5.665e-07	5.2334e-07	4.6672e-07	3.4875e-07	4.1047e-07	3.1305e-07	3.0117e-07	5.8092e-07	4.3651e-07	4.0832e-07	4.4166e-07	3.3839e-07	3.6201e-07	4.5712e-07	2.6058e-07	1.9676e-07	4.2762e-07	3.4737e-07	5.2017e-07	4.7154e-07	1.9266e-07	2.0155e-07	5.0211e-07	4.9218e-07	3.1964e-07	1.3369e-07	1.7591e-07	3.0451e-07	2.8055e-07	1.9389e-07	1.8744e-07	1.4068e-07	3.4525e-07	4.7748e-07	4.8682e-07	1.8742e-07	7.7587e-07	2.5613e-07	2.8643e-07	2.3468e-07	4.2954e-07	4.8077e-07	1.4968e-07	2.2634e-07	2.5341e-07	2.6369e-07	1.377e-07	6.7695e-07	5.5092e-07	2.2066e-07	4.9599e-07	5.852e-07	4.7942e-07	1.5985e-07	2.3417e-07	2.1044e-07	1.5637e-07	1.7812e-07	2.1431e-07	2.1927e-07	2.3135e-07	2.8685e-07	3.9283e-07	3.6999e-07	2.632e-07	2.9031e-07	1.7309e-07	1.6586e-07	1.4415e-07	1.2874e-07	1.2923e-07	1.301e-07	1.3153e-07	1.3903e-07
3.6557e-07	3.7345e-07	1.9282e-07	2.6456e-07	4.056e-07	2.799e-07	2.3869e-07	1.4821e-07	2.6315e-07	6.1438e-07	4.0543e-07	4.1792e-07	3.9078e-07	3.5857e-07	2.6883e-07	4.7104e-07	3.4365e-07	4.6343e-07	3.1827e-07	4.3584e-07	3.6257e-07	1.4777e-07	2.6624e-07	5.0632e-07	2.1982e-07	1.7662e-07	6.4448e-07	4.0688e-07	3.8686e-07	1.1349e-07	1.3903e-07	5.2438e-07	2.9597e-07	2.9763e-07	5.9276e-07	3.1447e-07	3.951e-07	2.3108e-07	3.1666e-07	1.106e-07	3.6489e-07	5.6409e-07	4.5752e-07	3.3985e-07	2.4389e-07	4.3184e-07	2.6958e-07	3.3461e-07	5.2002e-07	2.573e-07	3.884e-07	5.6278e-07	2.7662e-07	4.4005e-07	5.2585e-07	4.519e-07	4.5749e-07	3.3079e-07	2.3239e-07	2.2591e-07	3.8588e-07	4.2361e-07	4.508e-07	4.4267e-07	3.9017e-07	2.0894e-07	2.878e-07	2.0302e-07	2.0167e-07	5.9385e-07	3.5877e-07	3.7329e-07	1.844e-07	1.5905e-07	1.2212e-07	2.0039e-07	5.143e-07	2.7487e-07	2.3017e-07	2.8871e-07	2.3509e-07	4.7292e-07	3.4014e-07	1.394e-07	1.5883e-07	3.2065e-07	1.7811e-07	2.5199e-07	2.1881e-07	3.5599e-07	4.9826e-07	2.9948e-07	1.8717e-07	4.0216e-07	3.947e-07	3.4933e-07	1.2647e-07	2.422e-07	2.2154e-07	1.4977e-07	1.4156e-07	7.7127e-07	4.2758e-07	2.1346e-07	5.4343e-07	4.517e-07	5.6751e-07	4.2587e-07	4.1917e-07	1.7992e-07	2.3767e-07	3.1808e-07	1.8477e-07	1.7952e-07	2.4005e-07	1.8845e-07	2.1219e-07	3.2432e-07	3.0906e-07	1.7118e-07	1.7977e-07	1.8956e-07	3.624e-07	5.3232e-07	4.3471e-07	1.6794e-07	1.3243e-07	1.3356e-07
3.9846e-07	3.778e-07	3.8167e-07	3.0855e-07	1.7753e-07	1.8327e-07	6.1434e-08	3.1213e-08	1.3787e-07	5.1789e-07	1.1905e-07	3.9933e-07	5.5672e-07	4.041e-07	2.3599e-07	2.5392e-07	5.2917e-07	3.5701e-07	1.2275e-07	5.9375e-07	2.2525e-07	2.0399e-07	5.1618e-07	4.9709e-07	3.1549e-07	1.674e-07	4.6077e-07	3.8157e-07	4.7274e-07	3.2259e-07	1.9026e-07	1.1042e-07	2.4025e-07	5.491e-07	4.6998e-07	2.9775e-07	2.2534e-07	3.5149e-07	6.0942e-07	3.5109e-07	2.0522e-07	4.4657e-07	1.3011e-07	4.7256e-07	4.0916e-07	4.1208e-07	3.7327e-07	4.6605e-07	3.6612e-07	4.2882e-07	3.7636e-07	2.9507e-07	3.7498e-07	4.7545e-07	4.5682e-07	2.8683e-07	5.5256e-07	3.7144e-07	4.0965e-07	3.5367e-07	3.2019e-07	3.8349e-07	4.6108e-07	2.7853e-07	2.887e-07	3.2692e-07	2.895e-07	3.0934e-07	3.057e-07	2.9453e-07	2.8797e-07	3.9658e-07	4.4398e-07	3.8064e-07	1.8539e-07	5.59e-07	2.4108e-07	4.9665e-07	2.9632e-07	2.3689e-07	1.8184e-07	3.5949e-07	4.046e-07	6.6887e-07	3.313e-07	2.8161e-07	1.3852e-07	1.9837e-07	5.5211e-07	3.1654e-07	3.2577e-07	2.7608e-07	2.018e-07	2.7121e-07	3.8064e-07	4.471e-07	1.738e-07	2.9924e-07	1.5108e-07	1.092e-07	1.0361e-07	5.5336e-07	6.452e-07	1.6809e-07	5.5348e-07	5.6469e-07	4.6506e-07	6.0235e-07	3.0791e-07	1.2487e-07	1.3875e-07	1.7164e-07	1.7603e-07	2.0521e-07	4.712e-07	4.133e-07	3.7802e-07	3.3081e-07	1.8884e-07	2.1836e-07	3.1533e-07	5.1218e-07	6.9919e-07	4.0992e-07	6.9534e-07	3.5919e-07	1.3588e-07	1.3483e-07
1.7069e-07	5.3782e-07	2.3947e-07	3.6019e-07	2.778e-07	1.1705e-07	1.3906e-07	6.0842e-07	3.9894e-07	2.683e-07	4.9338e-08	3.4162e-07	5.4067e-07	4.0196e-07	3.3649e-07	1.2754e-07	1.0422e-07	3.5791e-07	2.5498e-07	5.917e-07	3.6257e-07	1.6383e-07	4.8562e-07	1.806e-07	2.4836e-07	4.5255e-07	1.9771e-07	3.4509e-07	5.8783e-07	3.5151e-07	1.5883e-07	5.0399e-07	4.2078e-07	4.2374e-07	4.1411e-07	4.0196e-07	3.6465e-07	3.5525e-07	3.2904e-07	3.9673e-07	3.4506e-07	2.9402e-07	5.1336e-07	2.4993e-07	1.3297e-07	4.0759e-07	6.4369e-07	4.5994e-07	4.2552e-07	4.0396e-07	3.5627e-07	2.8648e-07	4.2317e-07	5.1884e-07	4.0649e-07	4.32e-07	4.6046e-07	4.0054e-07	2.8054e-07	3.6275e-07	5.6383e-07	4.0592e-07	2.5093e-07	2.7906e-07	4.4144e-07	4.4981e-07	3.585e-07	3.6431e-07	3.1234e-07	4.2552e-07	3.4595e-07	4.895e-07	4.6059e-07	4.3476e-07	3.781e-07	4.5862e-07	2.364e-07	3.6154e-07	6.2224e-07	1.8439e-07	2.5336e-07	3.7419e-07	3.9703e-07	4.1773e-07	4.4417e-07	1.7185e-07	3.4694e-07	3.8407e-07	2.4109e-07	2.9813e-07	2.1807e-07	3.1666e-07	2.606e-07	3.0774e-07	3.6823e-07	1.8077e-07	1.9289e-07	1.5978e-07	3.4477e-07	2.7848e-07	4.0602e-07	3.845e-07	4.6812e-07	3.599e-07	6.6902e-07	5.1602e-07	4.1943e-07	5.6977e-07	3.5936e-07	3.0187e-07	1.2281e-07	2.4559e-07	3.7568e-07	3.1929e-07	2.993e-07	3.3621e-07	5.0987e-07	3.9483e-07	2.3516e-07	3.0262e-07	2.2057e-07	2.3134e-07	2.7203e-07	4.0437e-07	7.0186e-07	3.2825e-07	1.7586e-07	1.402e-07
2.7971e-07	1.3061e-07	3.9349e-07	3.5022e-07	4.2256e-07	4.1165e-07	1.2781e-07	4.7268e-08	7.1384e-08	5.9125e-09	3.3303e-07	4.8862e-07	5.7364e-07	4.1336e-07	3.8153e-07	3.4152e-07	3.8236e-07	2.0788e-07	3.1873e-07	1.3375e-07	8.9126e-08	2.2338e-07	4.6687e-07	5.3254e-07	2.5332e-07	5.2354e-07	3.8153e-07	2.9803e-07	4.7972e-07	3.9366e-07	2.314e-07	4.2749e-07	4.5044e-07	2.3366e-07	4.3185e-07	3.6053e-07	2.9528e-07	4.6962e-07	3.5041e-07	5.0668e-07	3.7547e-07	4.0784e-07	3.5197e-07	2.7067e-07	3.4549e-07	5.4634e-07	4.3504e-07	4.3388e-07	4.2867e-07	4.1233e-07	3.2466e-07	3.5046e-07	4.2096e-07	4.987e-07	1.4096e-07	4.8844e-07	3.9098e-07	3.1482e-07	4.4577e-07	4.37e-07	3.848e-07	3.5173e-07	3.2294e-07	2.5836e-07	2.4397e-07	1.9027e-07	4.0339e-07	5.9427e-07	1.9808e-07	3.8401e-07	4.4154e-07	5.2386e-07	3.8016e-07	4.9701e-07	1.5689e-07	3.3521e-07	1.737e-07	5.5148e-07	4.8878e-07	3.4842e-07	1.6662e-07	1.9359e-07	1.8017e-07	2.3822e-07	2.0785e-07	1.8892e-07	5.6718e-07	7.3271e-07	2.667e-07	1.6527e-07	2.1237e-07	2.5411e-07	2.3537e-07	3.1686e-07	4.0817e-07	1.5591e-07	2.0834e-07	5.6088e-07	2.3944e-07	1.4588e-07	4.2818e-07	6.4209e-07	1.6299e-07	4.5887e-07	5.9811e-07	3.805e-07	5.299e-07	5.1888e-07	4.9234e-07	3.7478e-07	2.427e-07	2.1473e-07	2.9191e-07	2.4017e-07	2.9863e-07	1.585e-07	6.8766e-07	2.1194e-07	1.3406e-07	4.1299e-07	2.4041e-07	2.9483e-07	2.375e-07	2.4283e-07	1.6929e-07	2.6811e-07	1.7016e-07	1.3893e-07
3.408e-07	2.9096e-07	4.3428e-08	3.1282e-08	4.3032e-07	4.1405e-07	1.2703e-07	1.4946e-08	1.3412e-08	1.8085e-07	6.9472e-07	4.2431e-07	3.9934e-07	3.8333e-07	2.5936e-07	4.1349e-07	2.4875e-07	2.5356e-07	4.2478e-07	8.2938e-08	3.9588e-07	3.8688e-07	5.2387e-07	3.3154e-07	3.0953e-07	4.7378e-07	4.2237e-07	2.7163e-07	4.8632e-07	4.0007e-07	4.0128e-07	2.5293e-07	5.2233e-07	3.8992e-07	1.7115e-07	2.0562e-07	4.9816e-07	4.403e-07	1.6127e-07	4.8145e-07	4.7072e-07	3.9535e-07	4.0548e-07	3.7305e-07	4.3466e-07	3.8813e-07	4.793e-07	4.2342e-07	4.3576e-07	3.9467e-07	3.9966e-07	3.3554e-07	4.5798e-07	4.1081e-07	3.1204e-07	4.4363e-07	3.9938e-07	3.7118e-07	3.8289e-07	4.5744e-07	3.7071e-07	4.9394e-07	2.3838e-07	3.4837e-07	2.5001e-07	5.4934e-07	4.719e-07	4.1296e-07	2.9386e-07	5.4628e-07	3.6909e-07	3.6805e-07	2.7932e-07	4.3341e-07	1.9649e-07	2.6418e-07	2.3389e-07	5.6772e-07	5.0382e-07	2.4609e-07	2.5483e-07	2.8813e-07	3.3718e-07	3.1881e-07	2.4603e-07	2.4344e-07	2.4926e-07	1.5829e-07	1.6339e-07	4.1855e-07	4.3137e-07	3.0343e-07	2.5956e-07	1.3566e-07	2.7475e-07	2.0257e-07	1.8933e-07	2.0726e-07	1.6538e-07	1.4952e-07	7.8578e-07	5.3596e-07	1.6397e-07	4.1383e-07	6.4105e-07	4.6461e-07	5.2844e-07	3.3041e-07	2.9254e-07	5.7503e-07	1.8638e-07	1.8894e-07	5.5078e-07	2.3364e-07	1.6615e-07	1.4357e-07	1.5265e-07	1.3691e-07	1.6065e-07	1.9598e-07	2.8984e-07	5.1346e-07	5.2584e-07	7.2452e-07	2.5584e-07	2.7347e-07	1.9015e-07	1.5352e-07
2.3486e-07	7.8115e-08	4.8323e-07	2.2688e-07	3.6346e-07	2.4872e-07	6.3657e-08	7.0223e-08	2.1783e-07	5.3002e-07	1.7426e-07	2.5942e-07	4.6399e-07	3.3548e-07	2.0769e-07	1.121e-07	9.1405e-08	1.3007e-07	2.0534e-07	5.92e-07	4.3593e-07	4.0391e-07	4.1393e-07	1.8338e-07	8.967e-08	4.3445e-07	5.6941e-07	4.1312e-07	3.8837e-07	3.9453e-07	3.8564e-07	2.8297e-07	5.1334e-07	4.3174e-07	2.1698e-07	9.2859e-08	6.5038e-08	2.0027e-07	2.9934e-07	1.4582e-07	4.5134e-07	4.1887e-07	5.1817e-07	4.9065e-07	4.3088e-07	4.3234e-07	4.1487e-07	4.1019e-07	4.4788e-07	4.4455e-07	3.9449e-07	2.5822e-07	4.0301e-07	3.1942e-07	4.9916e-07	3.3987e-07	4.6565e-07	3.9931e-07	3.5844e-07	5.2836e-07	1.9202e-07	5.1846e-07	4.3957e-07	3.6791e-07	2.7105e-07	3.9956e-07	4.4914e-07	5.5793e-07	4.856e-07	3.3118e-07	2.4696e-07	3.0985e-07	2.473e-07	3.5437e-07	2.6411e-07	2.7465e-07	1.944e-07	1.8657e-07	7.5594e-07	2.5081e-07	2.4763e-07	3.6606e-07	4.2055e-07	2.1667e-07	1.5506e-07	2.6062e-07	2.778e-07	2.0445e-07	2.4181e-07	2.2419e-07	3.6099e-07	2.3079e-07	5.5468e-07	6.13e-07	1.4759e-07	2.5278e-07	6.276e-07	5.448e-07	1.5049e-07	1.3827e-07	6.8806e-07	4.7822e-07	2.4111e-07	2.3346e-07	3.664e-07	5.6005e-07	4.2637e-07	2.3287e-07	2.3618e-07	4.1172e-07	2.0067e-07	1.9906e-07	2.8172e-07	3.241e-07	3.1262e-07	1.3038e-07	1.6402e-07	2.7926e-07	4.35e-07	4.7033e-07	4.4577e-07	3.8881e-07	5.1864e-07	3.4194e-07	4.5126e-07	2.4036e-07	1.5318e-07	1.5562e-07
3.6079e-07	3.438e-07	3.4913e-07	1.8084e-07	3.9309e-07	2.1943e-07	4.7668e-07	4.213e-07	1.399e-07	3.2148e-07	3.273e-07	4.3523e-07	2.8298e-07	3.7062e-07	2.0266e-07	1.1859e-07	3.1524e-07	1.8231e-07	3.5014e-08	1.7921e-07	1.1456e-07	4.7306e-07	3.5778e-08	1.4056e-07	1.5117e-07	6.4423e-07	4.3622e-07	4.3232e-07	3.3332e-07	1.4819e-07	1.6736e-07	1.2495e-07	6.2846e-07	4.1247e-07	4.5458e-07	3.9511e-07	1.2707e-07	1.0708e-07	6.517e-07	3.9854e-07	2.7333e-07	3.69e-07	5.019e-07	4.1989e-07	2.0022e-07	6.9872e-08	2.5078e-07	3.9707e-07	6.4573e-07	4.1725e-07	4.3176e-07	3.2197e-07	4.7193e-07	3.3765e-07	4.2357e-07	5.1713e-07	4.4664e-07	4.2316e-07	4.6082e-07	1.4702e-07	1.0581e-07	4.6863e-07	5.3756e-07	2.7986e-07	2.8451e-07	4.1835e-07	6.2727e-07	3.8982e-07	3.0384e-07	4.1863e-07	3.556e-07	4.2678e-07	3.8283e-07	1.6155e-07	1.8986e-07	2.0389e-07	2.8673e-07	3.3661e-07	7.3985e-07	1.3385e-07	1.9232e-07	2.8915e-07	4.7125e-07	4.6484e-07	1.8026e-07	1.8409e-07	2.6922e-07	3.8479e-07	1.9572e-07	2.912e-07	3.4914e-07	2.7028e-07	6.7847e-07	5.3815e-07	5.6223e-07	2.4802e-07	2.1889e-07	2.1552e-07	2.1642e-07	1.289e-07	5.36e-07	6.1667e-07	2.8367e-07	2.7719e-07	2.509e-07	5.5571e-07	5.3584e-07	1.8221e-07	2.9206e-07	3.2255e-07	1.8703e-07	1.787e-07	2.5483e-07	2.3477e-07	1.8659e-07	1.3368e-07	1.4621e-07	1.701e-07	2.8932e-07	7.8871e-07	4.5132e-07	3.4126e-07	3.3782e-07	3.8672e-07	3.3932e-07	2.884e-07	2.3917e-07	1.4752e-07
3.7234e-07	3.5157e-07	3.5679e-07	3.8199e-07	3.2364e-07	2.2615e-07	4.7556e-07	3.1282e-07	1.6994e-07	9.551e-08	3.6714e-08	3.498e-07	5.4376e-07	3.6751e-07	4.0329e-07	3.9463e-07	2.2813e-07	2.3275e-07	1.609e-07	3.5951e-07	2.1682e-07	3.9645e-07	2.8216e-07	2.7646e-07	1.3033e-07	2.2119e-07	2.6417e-07	6.4525e-07	2.6478e-07	4.0001e-07	4.5333e-07	3.1275e-07	4.8949e-07	4.1299e-07	4.211e-07	3.6556e-07	1.0633e-07	4.954e-07	4.6502e-07	3.7375e-07	2.9347e-07	3.9015e-07	4.5529e-07	3.4339e-07	2.1852e-07	5.7387e-08	6.1853e-08	1.7657e-07	2.7595e-07	5.6403e-07	6.5414e-07	3.7147e-07	3.4421e-07	4.8289e-07	3.9784e-07	1.0227e-07	2.6405e-07	6.9467e-07	3.4224e-07	2.9789e-07	4.078e-07	2.5267e-07	3.3427e-07	4.509e-07	4.545e-07	3.5153e-07	3.7445e-07	3.1246e-07	4.0982e-07	4.1788e-07	3.1225e-07	4.8828e-07	4.5667e-07	1.5739e-07	2.7338e-07	2.0044e-07	2.2377e-07	3.3879e-07	4.1983e-07	2.8993e-07	3.1588e-07	2.9616e-07	2.0564e-07	3.9945e-07	4.0654e-07	1.9069e-07	1.6006e-07	2.8872e-07	4.2241e-07	5.8805e-07	2.1418e-07	3.2612e-07	2.5473e-07	5.0534e-07	6.7305e-07	3.2887e-07	3.51e-07	1.8338e-07	1.811e-07	1.7769e-07	6.866e-07	3.1495e-07	1.6165e-07	2.0182e-07	1.8746e-07	3.4774e-07	3.3405e-07	2.565e-07	2.5478e-07	2.201e-07	1.6325e-07	1.5606e-07	1.8103e-07	1.3953e-07	1.6998e-07	1.6413e-07	2.544e-07	1.9939e-07	2.0239e-07	2.9345e-07	3.4858e-07	2.9124e-07	1.8969e-07	1.7961e-07	7.1478e-07	4.7373e-07	1.7415e-07	1.4347e-07
3.1174e-07	3.8307e-07	2.1575e-07	1.322e-07	2.3762e-07	4.2632e-07	2.2585e-07	4.9121e-07	1.7711e-07	3.6825e-07	1.4565e-07	2.1481e-07	4.571e-07	4.8541e-07	4.3239e-07	3.9178e-07	2.281e-07	2.7093e-07	1.9672e-07	1.3432e-07	3.8993e-07	1.9729e-07	4.6246e-07	2.7031e-07	5.0165e-07	2.8498e-07	3.5271e-07	4.7448e-07	1.3687e-07	3.849e-07	5.4484e-07	4.0838e-07	3.3297e-07	4.7071e-07	4.1405e-07	1.7109e-07	6.8495e-08	5.7554e-07	4.3015e-07	2.8214e-07	3.1526e-07	4.2146e-07	3.5577e-07	3.4917e-07	4.5181e-07	1.4473e-07	1.0097e-07	1.1968e-07	7.8167e-07	4.5678e-07	4.1448e-07	3.0705e-07	2.6228e-07	5.106e-07	2.5358e-07	1.8601e-07	6.6995e-07	3.8263e-07	4.0716e-07	2.9275e-07	4.6042e-07	3.8891e-07	4.7992e-07	3.471e-07	4.4461e-07	3.6005e-07	3.8653e-07	3.0527e-07	3.3043e-07	3.6179e-07	4.4414e-07	2.3606e-07	3.7841e-07	3.495e-07	3.1954e-07	4.0351e-07	4.4596e-07	2.3765e-07	1.3367e-07	1.741e-07	2.1812e-07	4.8434e-07	3.8763e-07	5.1724e-07	4.8615e-07	2.3179e-07	2.8426e-07	3.1419e-07	3.1955e-07	4.4383e-07	2.6743e-07	2.3185e-07	6.4795e-07	2.7243e-07	5.4472e-07	1.6808e-07	1.8526e-07	2.9232e-07	2.0653e-07	1.5073e-07	1.8936e-07	5.2686e-07	1.7425e-07	2.4236e-07	3.1241e-07	2.9336e-07	3.0998e-07	3.6263e-07	3.4764e-07	3.4588e-07	2.4744e-07	2.7857e-07	3.2612e-07	4.3548e-07	2.7382e-07	1.443e-07	1.8311e-07	1.7922e-07	1.9613e-07	5.7136e-07	5.1819e-07	2.8371e-07	1.6217e-07	1.4354e-07	1.4155e-07	1.8825e-07	1.8401e-07	1.461e-07
3.0893e-07	4.0441e-07	3.3995e-07	1.6547e-07	4.8246e-07	3.6055e-07	6.738e-08	1.1377e-07	4.6496e-07	3.5517e-07	2.9952e-07	7.2535e-08	3.2769e-07	7.4792e-08	2.431e-07	2.0729e-07	1.8483e-07	2.4416e-07	6.1488e-07	4.1078e-07	3.5273e-07	1.1686e-07	5.4147e-07	2.5486e-07	3.5316e-07	4.4582e-07	1.8708e-07	3.2343e-07	1.6327e-07	2.0599e-07	6.2726e-07	4.6422e-07	3.9012e-07	1.5556e-07	5.0788e-07	2.6589e-07	4.9165e-07	4.0285e-07	3.631e-07	3.6933e-07	1.9024e-07	3.9852e-07	4.0778e-07	3.0098e-07	5.0776e-07	3.5154e-07	1.5051e-07	2.4411e-07	5.6283e-07	4.1879e-07	3.4331e-07	3.9315e-07	4.761e-07	3.8326e-07	3.1595e-07	2.4298e-07	6.0763e-07	1.4717e-07	3.205e-07	3.5144e-07	6.1574e-07	4.0252e-07	2.5046e-07	4.1716e-07	3.5982e-07	5.0581e-07	3.7509e-07	4.3926e-07	3.5759e-07	2.2071e-07	2.7577e-07	2.7843e-07	5.9914e-07	2.2208e-07	4.4629e-07	2.3566e-07	5.3829e-07	4.9539e-07	3.0246e-07	1.426e-07	2.7235e-07	7.0034e-07	2.3842e-07	1.8398e-07	2.4117e-07	2.6284e-07	2.6e-07	2.1256e-07	3.6512e-07	3.2935e-07	2.0136e-07	3.4495e-07	2.8001e-07	3.5242e-07	2.8958e-07	2.5178e-07	2.7871e-07	2.978e-07	3.7745e-07	2.6496e-07	2.3335e-07	4.4294e-07	2.1438e-07	2.7123e-07	2.3456e-07	1.9692e-07	1.8859e-07	2.36e-07	5.2246e-07	7.0044e-07	2.707e-07	2.089e-07	2.8131e-07	3.0434e-07	4.6218e-07	3.1125e-07	4.8435e-07	2.9937e-07	2.0611e-07	1.5339e-07	1.7788e-07	2.2307e-07	1.6652e-07	1.6878e-07	1.4954e-07	1.4666e-07	1.455e-07	1.4506e-07
3.3275e-07	3.5499e-07	1.9168e-07	4.6645e-07	2.6436e-07	1.7879e-07	3.009e-07	8.6324e-08	3.5246e-07	4.7937e-07	4.2125e-07	3.9313e-07	1.2958e-07	2.7024e-07	2.0624e-07	2.1989e-07	6.4942e-07	4.3522e-07	3.2932e-07	4.4719e-07	3.7879e-07	3.9804e-07	1.8256e-07	3.2533e-07	2.3777e-07	1.3277e-07	3.0187e-07	6.3502e-07	4.365e-07	4.3159e-07	2.6059e-07	2.6948e-07	2.2981e-07	1.3209e-07	6.1251e-07	3.8702e-07	2.0755e-07	2.6958e-07	5.0737e-07	2.3175e-07	3.318e-07	5.3498e-07	2.4372e-07	3.2574e-07	3.1108e-07	3.1832e-07	4.7759e-07	2.6549e-07	6.0412e-07	2.811e-07	2.6261e-07	2.1882e-07	3.4377e-07	3.0309e-07	2.2464e-07	5.0908e-07	2.0492e-07	3.4904e-07	4.3402e-07	2.6782e-07	1.7932e-07	1.4775e-07	6.2085e-07	3.8146e-07	3.131e-07	3.455e-07	5.3439e-07	4.048e-07	3.547e-07	2.5045e-07	2.5612e-07	3.0127e-07	2.0618e-07	3.2877e-07	2.06e-07	5.0105e-07	6.5477e-07	2.7159e-07	4.9041e-07	2.2401e-07	2.5612e-07	2.2241e-07	1.6185e-07	1.8912e-07	2.6438e-07	3.092e-07	4.4431e-07	3.1547e-07	2.056e-07	2.5716e-07	4.7182e-07	2.0347e-07	3.036e-07	2.6078e-07	3.2659e-07	1.9988e-07	3.7677e-07	5.0326e-07	2.7748e-07	5.8011e-07	2.6755e-07	2.0073e-07	2.1944e-07	3.216e-07	2.0291e-07	1.9178e-07	2.0476e-07	1.5009e-07	1.4312e-07	4.2759e-07	4.9472e-07	3.5481e-07	4.7984e-07	5.0977e-07	2.5886e-07	2.9153e-07	3.6023e-07	2.5561e-07	3.7678e-07	1.6925e-07	1.8216e-07	2.3841e-07	2.0534e-07	1.8089e-07	1.557e-07	1.4948e-07	1.5342e-07	1.4645e-07
2.6604e-07	2.1437e-07	4.1976e-07	4.4084e-07	2.083e-07	1.3147e-07	2.1559e-07	1.0399e-07	2.0059e-07	3.8037e-07	5.2839e-07	3.8552e-07	1.5943e-07	4.4181e-07	4.6716e-07	3.3798e-07	4.074e-07	2.4967e-07	4.9875e-07	3.8337e-07	4.0362e-07	3.4738e-07	2.5314e-07	3.9189e-07	3.2087e-07	2.5375e-07	3.2564e-07	4.9432e-07	4.0271e-07	2.5388e-07	4.5766e-07	3.371e-07	1.3816e-07	5.732e-07	4.3337e-07	2.8367e-07	1.969e-07	4.8678e-07	3.6952e-07	2.358e-07	5.1484e-07	4.3107e-07	3.6946e-07	3.8773e-07	2.6514e-07	4.3311e-07	4.4733e-07	4.0225e-07	3.6652e-07	4.7816e-07	4.0766e-07	3.0526e-07	3.512e-07	5.0154e-07	3.0695e-07	4.4136e-07	3.8357e-07	3.7649e-07	4.8944e-07	1.7411e-07	2.0407e-07	1.557e-07	3.2183e-07	3.7895e-07	4.3366e-07	4.0625e-07	4.1886e-07	4.0071e-07	3.5793e-07	1.9796e-07	4.884e-07	2.8744e-07	4.1899e-07	2.9427e-07	2.255e-07	2.5528e-07	3.2537e-07	3.4746e-07	1.7354e-07	2.7419e-07	2.691e-07	2.5774e-07	3.9161e-07	2.7597e-07	4.4566e-07	4.565e-07	2.0732e-07	3.1438e-07	2.572e-07	6.1379e-07	2.8739e-07	2.2113e-07	2.8447e-07	3.099e-07	2.5741e-07	2.8494e-07	2.2985e-07	2.1932e-07	2.7197e-07	1.7429e-07	2.4877e-07	2.7701e-07	2.0396e-07	4.0365e-07	3.9604e-07	4.7513e-07	3.9095e-07	1.6276e-07	1.3404e-07	2.0796e-07	2.6744e-07	2.3849e-07	2.0441e-07	2.0696e-07	3.6206e-07	2.3329e-07	3.3672e-07	3.4359e-07	3.0227e-07	1.5613e-07	1.5351e-07	2.7738e-07	1.7891e-07	1.6083e-07	1.5165e-07	1.8015e-07	1.8031e-07	1.5114e-07
2.9428e-07	3.3595e-07	3.4041e-07	3.5384e-07	3.5388e-07	2.6598e-07	2.1555e-07	4.452e-07	4.4536e-07	4.1862e-07	2.2989e-07	4.2246e-07	4.5628e-07	4.0165e-07	2.689e-07	4.2562e-07	4.0991e-07	3.2299e-07	3.1069e-07	4.2248e-07	3.014e-07	4.9689e-07	4.0011e-07	3.4761e-07	3.9396e-07	4.0694e-07	2.4536e-07	4.6991e-07	3.3432e-07	4.7228e-07	3.9297e-07	2.9893e-07	2.4673e-07	1.7417e-07	6.7049e-07	4.2006e-07	3.5981e-07	3.9761e-07	4.1655e-07	3.3417e-07	4.1821e-07	3.9774e-07	4.2796e-07	2.5742e-07	2.1355e-07	5.6894e-07	4.3863e-07	4.2517e-07	4.2431e-07	4.1018e-07	4.1198e-07	3.5723e-07	4.2324e-07	4.6693e-07	4.2504e-07	4.141e-07	4.3656e-07	4.2955e-07	4.3541e-07	3.7039e-07	3.6911e-07	1.9234e-07	2.7248e-07	3.4599e-07	3.0928e-07	2.0019e-07	4.1871e-07	2.2949e-07	2.4749e-07	3.312e-07	3.9548e-07	2.3329e-07	2.7368e-07	5.1417e-07	2.6645e-07	1.9881e-07	3.6231e-07	6.9115e-07	3.622e-07	2.2064e-07	3.9277e-07	2.2414e-07	3.3248e-07	3.8198e-07	3.4985e-07	4.6865e-07	3.6711e-07	2.8495e-07	2.5244e-07	3.1675e-07	2.5035e-07	3.6847e-07	2.3588e-07	3.3387e-07	2.8437e-07	3.1171e-07	2.1437e-07	3.3324e-07	2.7362e-07	2.8045e-07	3.9416e-07	4.9638e-07	3.3281e-07	3.03e-07	2.8793e-07	1.5305e-07	1.6779e-07	1.6221e-07	1.6813e-07	1.5119e-07	2.4554e-07	2.9141e-07	2.1255e-07	1.365e-07	2.367e-07	4.7075e-07	4.4094e-07	4.8095e-07	3.4873e-07	3.3523e-07	1.6971e-07	1.4677e-07	1.6758e-07	1.9129e-07	3.6319e-07	2.4316e-07	1.793e-07	1.5538e-07
2.9316e-07	4.1744e-07	3.2613e-07	2.9883e-07	1.5033e-07	6.2099e-08	2.55e-07	3.8251e-07	4.9977e-07	3.8233e-07	2.8607e-07	3.3805e-07	2.1092e-07	1.8224e-07	4.4039e-07	4.1343e-07	1.806e-07	5.8129e-08	5.5242e-07	2.7414e-07	5.0311e-07	4.1653e-07	3.0107e-07	3.439e-07	4.3657e-07	3.1713e-07	2.9359e-07	4.0781e-07	3.8224e-07	3.3953e-07	3.263e-07	4.3104e-07	2.5318e-07	2.2791e-07	5.8596e-07	3.9678e-07	2.9167e-07	2.2312e-07	4.0752e-07	4.0564e-07	4.6771e-07	3.2758e-07	4.1728e-07	4.5478e-07	3.6749e-07	3.3445e-07	5.0347e-07	4.2082e-07	4.089e-07	3.5048e-07	2.2531e-07	3.8319e-07	2.5903e-07	3.7239e-07	4.6345e-07	4.4462e-07	3.9847e-07	4.1054e-07	3.2685e-07	4.9556e-07	4.1003e-07	2.1571e-07	2.285e-07	5.3087e-07	1.8399e-07	3.502e-07	2.3796e-07	2.1517e-07	4.2093e-07	5.4551e-07	1.7344e-07	4.1603e-07	2.0532e-07	1.6276e-07	2.8543e-07	4.1222e-07	2.2821e-07	5.5454e-07	5.1172e-07	2.4686e-07	2.013e-07	2.2782e-07	5.0176e-07	2.1354e-07	1.9801e-07	4.1199e-07	3.9666e-07	3.0854e-07	2.41e-07	3.9202e-07	3.4654e-07	2.3048e-07	3.1009e-07	2.5662e-07	3.4216e-07	3.3017e-07	2.8307e-07	3.5162e-07	2.7051e-07	3.0097e-07	3.9915e-07	2.88e-07	2.913e-07	2.0288e-07	3.1823e-07	4.1116e-07	2.8757e-07	2.113e-07	2.3789e-07	2.2135e-07	4.3616e-07	5.115e-07	2.2905e-07	2.22e-07	1.6812e-07	1.8624e-07	5.3476e-07	3.5777e-07	3.5428e-07	2.8427e-07	2.4745e-07	1.5134e-07	1.5637e-07	1.8746e-07	4.9849e-07	2.597e-07	1.7874e-07	1.5939e-07
3.1273e-07	3.4495e-07	2.5424e-07	3.6292e-07	3.0637e-07	5.7677e-08	1.2979e-07	4.6966e-07	2.498e-07	4.8647e-07	3.8736e-07	3.3816e-07	1.1774e-07	3.5958e-07	3.8973e-07	2.0779e-07	4.0253e-07	4.5938e-07	3.8694e-07	3.0654e-07	4.3712e-07	3.793e-07	3.136e-07	3.3757e-07	4.2086e-07	4.056e-07	3.3218e-07	3.8025e-07	4.01e-07	3.8499e-07	2.3979e-07	2.4868e-07	4.45e-07	3.4383e-07	3.9314e-07	4.4452e-07	3.3304e-07	1.9718e-07	2.7878e-07	5.5932e-07	4.4135e-07	3.3935e-07	2.8022e-07	5.0984e-07	3.1701e-07	2.971e-07	4.9271e-07	3.6529e-07	2.0618e-07	2.6824e-07	5.0761e-07	4.0265e-07	4.2538e-07	3.7506e-07	3.7469e-07	4.0717e-07	4.8221e-07	2.928e-07	5.3366e-07	3.4665e-07	3.8266e-07	3.4602e-07	1.6783e-07	3.4423e-07	3.4075e-07	4.7943e-07	2.9654e-07	3.2797e-07	2.9152e-07	3.6941e-07	1.8698e-07	2.6161e-07	3.2345e-07	7.0138e-07	4.4871e-07	3.4585e-07	2.7846e-07	1.8693e-07	2.901e-07	3.525e-07	1.7779e-07	2.3592e-07	1.5668e-07	2.6214e-07	2.1883e-07	2.788e-07	2.3897e-07	2.7929e-07	3.1346e-07	3.4016e-07	4.5229e-07	1.9542e-07	2.5894e-07	2.3e-07	3.1235e-07	2.0443e-07	2.6357e-07	2.7655e-07	3.0895e-07	4.1707e-07	3.6086e-07	2.0464e-07	4.9606e-07	2.3086e-07	1.6036e-07	2.699e-07	1.8729e-07	2.1235e-07	2.3673e-07	1.9559e-07	2.5905e-07	4.4805e-07	4.146e-07	4.6546e-07	1.7003e-07	1.64e-07	3.8473e-07	7.7473e-07	4.1207e-07	2.0496e-07	2.5784e-07	1.8573e-07	1.4798e-07	1.5057e-07	1.6309e-07	2.1564e-07	1.6543e-07	1.5898e-07
2.4426e-07	1.2925e-07	4.0199e-07	2.7933e-07	3.8078e-07	3.7388e-07	1.985e-07	8.2436e-08	1.0828e-07	2.9094e-07	4.4612e-07	3.5013e-07	2.3819e-07	3.1631e-07	1.281e-07	2.9453e-07	1.5379e-07	7.1135e-07	2.2415e-07	1.3768e-07	4.4904e-07	3.9692e-07	3.2264e-07	3.2969e-07	2.6366e-07	3.894e-07	8.5728e-08	1.3962e-07	6.5401e-07	4.3445e-07	2.6574e-07	3.661e-07	4.4245e-07	9.3965e-08	2.1127e-07	3.5463e-07	3.7406e-07	2.7424e-07	3.1201e-07	4.3224e-07	4.2796e-07	2.0661e-07	2.833e-07	5.7629e-07	3.9727e-07	4.2322e-07	1.6661e-07	2.2088e-07	2.1334e-07	3.3927e-07	5.4481e-07	2.9683e-07	4.0142e-07	3.7169e-07	1.2138e-07	2.6433e-07	5.442e-07	4.2004e-07	3.9229e-07	2.8009e-07	2.3105e-07	5.6593e-07	2.1759e-07	2.5806e-07	3.7412e-07	4.753e-07	3.3404e-07	3.4946e-07	3.9649e-07	3.9143e-07	2.0513e-07	5.9022e-07	3.7355e-07	3.1438e-07	3.3426e-07	3.5219e-07	3.9479e-07	3.7139e-07	2.2661e-07	2.2226e-07	2.6453e-07	2.8756e-07	2.5036e-07	1.9378e-07	2.3893e-07	6.1442e-07	2.3541e-07	2.5117e-07	2.3096e-07	2.0482e-07	2.2159e-07	3.4722e-07	2.4886e-07	2.7324e-07	2.3818e-07	2.6275e-07	3.1679e-07	2.5222e-07	3.2332e-07	2.6317e-07	2.9696e-07	2.013e-07	3.2825e-07	3.0474e-07	3.3703e-07	2.5243e-07	2.3691e-07	2.4025e-07	2.6429e-07	2.1352e-07	1.6924e-07	2.6565e-07	3.1463e-07	3.1613e-07	2.2782e-07	1.6352e-07	2.3349e-07	5.593e-07	2.566e-07	4.4774e-07	4.5626e-07	2.6689e-07	1.6962e-07	1.7172e-07	2.1203e-07	2.0608e-07	1.9663e-07	1.6656e-07
3.6651e-07	3.6442e-07	3.6015e-07	3.5801e-07	3.285e-07	3.3927e-07	5.3336e-08	1.3404e-07	3.7052e-07	5.4797e-07	3.2061e-07	3.6145e-07	3.1841e-07	1.6991e-07	1.4865e-07	4.389e-07	8.2208e-08	5.7466e-07	2.3353e-07	2.5757e-07	5.3035e-07	4.0563e-07	3.7023e-07	3.4533e-07	1.4306e-07	2.1675e-07	9.5893e-08	8.1384e-08	5.9885e-07	4.0757e-07	2.1362e-07	3.0257e-07	2.8424e-07	3.1859e-07	4.1081e-07	4.8131e-07	3.4392e-07	3.3946e-07	2.9105e-07	2.4868e-07	5.4789e-07	4.0356e-07	2.1782e-07	5.1048e-07	2.8814e-07	5.3321e-07	4.0849e-07	3.7767e-07	4.0602e-07	3.8844e-07	4.5763e-07	3.8533e-07	2.4853e-07	2.2611e-07	5.9088e-07	2.8777e-07	4.6556e-07	4.845e-07	2.0832e-07	2.0378e-07	3.9159e-07	2.2445e-07	2.7654e-07	5.7445e-07	4.6938e-07	3.5962e-07	2.6325e-07	4.2195e-07	5.5373e-07	3.2131e-07	4.4652e-07	4.8373e-07	4.1342e-07	2.1501e-07	4.5426e-07	2.203e-07	2.0208e-07	5.2477e-07	4.7768e-07	2.8392e-07	2.126e-07	6.2191e-07	2.4335e-07	2.2821e-07	2.3717e-07	2.5236e-07	3.9352e-07	3.0596e-07	1.5874e-07	1.6736e-07	1.8068e-07	1.9662e-07	2.954e-07	3.3189e-07	3.3002e-07	3.3756e-07	2.6429e-07	5.5822e-07	2.9358e-07	2.9437e-07	3.9049e-07	2.8733e-07	4.4795e-07	4.6981e-07	3.6062e-07	3.0677e-07	5.7047e-07	3.3089e-07	1.8824e-07	2.8128e-07	4.2398e-07	2.8523e-07	3.458e-07	2.3626e-07	2.3866e-07	4.0449e-07	3.4671e-07	3.1746e-07	3.1724e-07	3.2148e-07	3.5467e-07	6.7125e-07	4.8526e-07	2.0483e-07	1.8909e-07	2.4827e-07	1.7057e-07	1.5456e-07
3.7829e-07	2.577e-07	3.8557e-07	3.9552e-07	3.7549e-07	3.2877e-07	1.7859e-07	1.7867e-07	1.6243e-07	5.5424e-07	4.8018e-07	3.5643e-07	1.9661e-07	2.3445e-07	1.4254e-07	2.4481e-07	2.048e-07	2.0428e-07	2.9668e-07	6.3287e-07	3.2417e-07	4.6533e-07	3.8819e-07	2.8256e-07	2.0801e-07	2.0453e-07	1.535e-07	4.2507e-07	1.4938e-07	4.4139e-07	3.8316e-07	4.7721e-07	2.2375e-07	5.2743e-07	2.6726e-07	3.8667e-07	4.0928e-07	3.6346e-07	1.3618e-07	2.0023e-07	6.5608e-07	4.2704e-07	3.6588e-07	4.4291e-07	2.613e-07	5.5841e-07	3.033e-07	2.9851e-07	3.2045e-07	4.9629e-07	3.2649e-07	3.3602e-07	3.628e-07	4.6278e-07	4.0076e-07	1.4951e-07	1.3823e-07	1.2068e-07	7.4011e-07	3.2424e-07	1.3228e-07	2.4407e-07	4.6273e-07	3.2279e-07	3.1567e-07	4.6961e-07	3.9004e-07	4.4471e-07	4.3062e-07	4.9178e-07	3.5458e-07	2.9368e-07	3.7614e-07	2.9114e-07	5.4096e-07	4.4092e-07	3.0615e-07	2.7986e-07	2.832e-07	2.1091e-07	2.618e-07	3.3065e-07	2.7508e-07	2.3811e-07	1.9277e-07	2.6819e-07	3.0056e-07	2.3666e-07	3.5633e-07	4.0579e-07	3.8033e-07	2.9656e-07	2.6548e-07	1.9048e-07	2.8937e-07	3.4754e-07	2.6313e-07	2.7701e-07	1.5667e-07	2.4923e-07	3.8164e-07	3.5108e-07	1.7225e-07	3.2975e-07	4.1319e-07	6.382e-07	2.0714e-07	4.1096e-07	2.9163e-07	2.4799e-07	4.6527e-07	1.7764e-07	2.2974e-07	2.0911e-07	2.2603e-07	3.223e-07	4.462e-07	3.0869e-07	2.6354e-07	5.5211e-07	3.3578e-07	4.1505e-07	3.5487e-07	2.6296e-07	1.7735e-07	1.6183e-07	1.7398e-07	1.582e-07
1.5277e-07	1.1269e-07	2.9265e-07	6.1767e-07	4.1168e-07	1.3756e-07	1.058e-07	1.7863e-07	4.1837e-07	5.0238e-07	3.493e-07	4.1107e-07	3.4477e-07	4.1442e-07	2.6524e-07	1.6535e-07	1.5609e-07	4.0213e-07	4.768e-07	3.3857e-07	2.8608e-07	5.4888e-07	3.6933e-07	3.4628e-07	4.1854e-07	3.9728e-07	2.3877e-07	3.1231e-07	1.1676e-07	1.7477e-07	3.9051e-07	4.5292e-07	5.6545e-08	6.1721e-07	3.6878e-07	2.9674e-07	5.1237e-07	4.0021e-07	1.3194e-07	1.0539e-07	6.8496e-07	2.7648e-07	2.5038e-07	4.4231e-07	4.0912e-07	3.8524e-07	3.8063e-07	2.6746e-07	1.5864e-07	4.0528e-07	1.5167e-07	2.3575e-07	6.1705e-07	1.9098e-07	4.0665e-07	5.7799e-07	2.7432e-07	1.0868e-07	6.3057e-07	4.1285e-07	3.8919e-07	4.087e-07	3.8751e-07	4.0132e-07	4.4253e-07	5.4622e-07	3.0011e-07	4.5807e-07	5.3607e-07	4.3801e-07	3.6215e-07	2.7767e-07	1.6109e-07	5.7404e-07	2.9107e-07	2.9448e-07	2.034e-07	1.9009e-07	3.8157e-07	2.741e-07	2.2483e-07	4.1282e-07	4.4203e-07	1.5756e-07	1.5089e-07	2.4948e-07	2.2713e-07	1.791e-07	1.8447e-07	2.0622e-07	4.8005e-07	5.7286e-07	2.4111e-07	1.9862e-07	3.4375e-07	2.4505e-07	2.0512e-07	2.301e-07	4.4715e-07	3.7572e-07	3.2678e-07	1.9591e-07	3.0399e-07	3.6118e-07	2.2986e-07	3.0138e-07	6.9667e-07	4.1838e-07	6.7744e-07	2.6749e-07	3.8412e-07	2.3326e-07	3.1824e-07	2.6724e-07	3.7633e-07	3.1375e-07	1.939e-07	2.0099e-07	2.7367e-07	6.2996e-07	1.7509e-07	2.0573e-07	3.35e-07	2.2318e-07	2.6728e-07	2.068e-07	1.6296e-07	1.5798e-07
2.0197e-07	2.547e-07	4.0935e-07	4.025e-07	2.7354e-07	6.1627e-08	4.2291e-07	1.3183e-07	2.0781e-07	2.6429e-07	5.7532e-07	3.5164e-07	9.6902e-08	3.9631e-07	2.7556e-07	4.7769e-07	2.8367e-07	3.8878e-07	2.0631e-07	1.759e-07	1.3987e-07	1.3912e-07	3.2786e-07	7.0564e-07	4.0591e-07	2.1286e-07	4.1578e-07	3.0309e-07	1.1803e-07	1.6187e-07	2.6733e-07	1.9342e-07	2.0261e-07	3.4916e-07	2.5838e-07	3.3211e-07	3.1542e-07	5.165e-07	1.9059e-07	2.7223e-07	5.6661e-07	4.7305e-07	4.2877e-07	3.789e-07	4.0125e-07	3.3882e-07	4.9253e-07	4.0741e-07	2.7489e-07	4.4214e-07	3.5121e-07	4.3266e-07	1.9237e-07	5.2593e-07	2.7986e-07	1.6493e-07	2.2778e-07	2.1316e-07	1.526e-07	1.4289e-07	3.2162e-07	5.8664e-07	4.6563e-07	4.1178e-07	5.6197e-07	2.232e-07	4.5267e-07	4.1941e-07	4.0062e-07	3.6001e-07	4.9138e-07	1.9855e-07	4.8055e-07	2.7449e-07	3.4736e-07	2.118e-07	2.1311e-07	2.2088e-07	6.5168e-07	3.3961e-07	1.4315e-07	1.6059e-07	1.6315e-07	2.4063e-07	2.9362e-07	3.0611e-07	2.4296e-07	2.6119e-07	2.7379e-07	3.5262e-07	3.9478e-07	4.5148e-07	1.8385e-07	2.0252e-07	1.9536e-07	1.8374e-07	2.8222e-07	3.8993e-07	2.7439e-07	2.4192e-07	4.3092e-07	3.842e-07	2.6289e-07	4.4147e-07	2.8769e-07	5.2225e-07	3.5973e-07	3.2164e-07	3.1444e-07	3.3987e-07	2.8321e-07	3.269e-07	3.164e-07	7.4691e-07	3.4322e-07	5.6733e-07	5.3377e-07	4.3785e-07	5.0554e-07	2.6543e-07	1.6834e-07	1.5653e-07	2.453e-07	2.2033e-07	3.0583e-07	1.8925e-07	1.6364e-07	1.5821e-07
2.07e-07	3.1905e-07	3.5761e-07	3.9935e-07	3.1663e-07	7.768e-08	1.6757e-07	3.9805e-07	4.6068e-07	3.9446e-07	3.4338e-07	3.3878e-07	3.7242e-07	3.4002e-07	3.6631e-07	2.7125e-07	4.5804e-07	3.9227e-07	3.661e-07	3.3704e-07	2.4971e-07	4.3316e-07	4.1231e-07	3.7152e-07	3.6102e-07	3.767e-07	2.1932e-07	1.0543e-07	1.675e-07	3.8301e-07	3.8857e-07	2.9115e-07	2.7476e-07	4.0924e-07	3.7722e-07	5.1391e-07	4.0513e-07	2.7617e-07	3.1521e-07	4.555e-07	2.2998e-07	4.4028e-07	3.9813e-07	2.8703e-07	2.1604e-07	2.6262e-07	4.5132e-07	3.2866e-07	3.1914e-07	5.5873e-07	4.0956e-07	3.3798e-07	3.5362e-07	5.4082e-07	3.7519e-07	4.2304e-07	2.4428e-07	4.4563e-07	4.1428e-07	2.5277e-07	1.3979e-07	1.0086e-07	5.1116e-07	5.1873e-07	4.4546e-07	5.1525e-07	1.9013e-07	3.6406e-07	4.6835e-07	3.6272e-07	4.9551e-07	2.6237e-07	3.2594e-07	2.9617e-07	2.5841e-07	2.1296e-07	3.0735e-07	1.4877e-07	2.9652e-07	4.8943e-07	3.9587e-07	1.6911e-07	2.3909e-07	1.9927e-07	4.2149e-07	3.285e-07	2.5575e-07	3.4538e-07	2.6408e-07	4.127e-07	2.3004e-07	4.1184e-07	1.6304e-07	2.134e-07	3.8069e-07	2.8155e-07	2.0205e-07	3.7853e-07	2.3768e-07	1.9539e-07	1.85e-07	2.1077e-07	3.8113e-07	3.2365e-07	7.7527e-07	3.2287e-07	2.1363e-07	2.154e-07	1.7419e-07	2.5636e-07	2.2445e-07	3.7325e-07	3.8664e-07	6.3096e-07	3.5763e-07	5.167e-07	4.3199e-07	6.1204e-07	4.9459e-07	4.1697e-07	3.3271e-07	1.5545e-07	1.6625e-07	1.8009e-07	2.0466e-07	1.8644e-07	1.6248e-07	1.5978e-07
3.7834e-07	3.6544e-07	1.8458e-07	2.4931e-07	2.5498e-07	1.3772e-07	4.078e-07	1.9251e-07	3.1139e-07	3.8985e-07	4.896e-07	2.3198e-07	4.0294e-07	3.3729e-07	4.2519e-07	3.3613e-07	4.1248e-07	3.8792e-07	3.7893e-07	2.1573e-07	1.4857e-07	2.2091e-07	6.2044e-07	4.0846e-07	3.992e-07	3.8773e-07	2.6552e-07	6.0435e-08	3.1653e-07	5.929e-07	3.1038e-07	1.2206e-07	1.7798e-07	2.2531e-07	2.9307e-07	6.5293e-07	2.7005e-07	4.1421e-07	4.4984e-07	4.3128e-07	3.9997e-07	3.7383e-07	3.6547e-07	4.5477e-07	3.7576e-07	1.9006e-07	2.606e-07	6.2195e-07	3.6133e-07	3.8234e-07	4.4118e-07	2.4123e-07	5.6745e-07	4.2023e-07	4.0729e-07	3.6353e-07	4.0456e-07	4.2748e-07	4.5043e-07	4.1368e-07	3.7833e-07	3.1147e-07	3.5943e-07	3.6922e-07	5.1248e-07	2.9371e-07	4.3906e-07	4.5219e-07	4.2763e-07	3.5526e-07	3.8267e-07	4.0514e-07	3.3438e-07	3.7627e-07	3.672e-07	2.4923e-07	3.4737e-07	2.7672e-07	4.8823e-07	2.0975e-07	2.2727e-07	2.218e-07	2.209e-07	2.8162e-07	3.1931e-07	2.901e-07	2.64e-07	2.5846e-07	2.4481e-07	3.1505e-07	2.8468e-07	3.997e-07	2.5158e-07	2.2582e-07	2.5575e-07	2.1124e-07	1.713e-07	3.8689e-07	3.8941e-07	3.0819e-07	6.7247e-07	4.4158e-07	3.8882e-07	2.5173e-07	2.1836e-07	2.139e-07	2.7112e-07	3.03e-07	3.2791e-07	3.3939e-07	4.1255e-07	1.742e-07	5.7092e-07	5.935e-07	2.4423e-07	2.5522e-07	7.6867e-07	4.7498e-07	4.3583e-07	1.9283e-07	1.9407e-07	1.8545e-07	1.6029e-07	1.7552e-07	1.7343e-07	1.6649e-07	1.6102e-07	2.4011e-07
3.1714e-07	3.5401e-07	3.5735e-07	3.1378e-07	1.6633e-07	4.042e-07	2.7921e-07	2.7637e-07	3.1031e-07	3.2182e-07	3.5749e-07	3.3889e-07	3.4876e-07	4.3033e-07	3.6032e-07	2.5498e-07	4.4736e-07	3.7203e-07	3.5407e-07	3.7912e-07	2.37e-07	1.9024e-07	2.8092e-07	5.5464e-07	3.6185e-07	1.7383e-07	4.7447e-07	3.946e-07	4.1568e-07	3.8073e-07	3.0892e-07	2.3475e-07	2.814e-07	5.2238e-07	4.1341e-07	3.5582e-07	4.1222e-07	2.9072e-07	4.2775e-07	4.2037e-07	2.9793e-07	4.2011e-07	3.4932e-07	4.4914e-07	3.5978e-07	1.7259e-07	1.7717e-07	5.3038e-07	5.2649e-07	3.1098e-07	2.2623e-07	4.5397e-07	3.9506e-07	3.9458e-07	3.9717e-07	3.815e-07	3.7918e-07	3.2619e-07	3.1153e-07	4.165e-07	4.669e-07	3.8013e-07	3.5647e-07	4.4974e-07	2.8602e-07	2.3337e-07	5.7616e-07	4.1784e-07	3.0501e-07	3.4933e-07	3.1844e-07	5.5297e-07	2.4873e-07	2.1994e-07	3.357e-07	2.9093e-07	2.0933e-07	3.0481e-07	3.1367e-07	2.5663e-07	4.6307e-07	2.3373e-07	2.3568e-07	3.1297e-07	5.5331e-07	1.8852e-07	2.2647e-07	1.9212e-07	4.2159e-07	6.0662e-07	3.5961e-07	2.9312e-07	2.0812e-07	3.1049e-07	3.2216e-07	4.8034e-07	1.6823e-07	1.5995e-07	1.4247e-07	1.4162e-07	2.6188e-07	2.4437e-07	4.0893e-07	4.4695e-07	2.022e-07	2.0531e-07	2.439e-07	1.7419e-07	1.7408e-07	1.6021e-07	2.7504e-07	1.6761e-07	4.8827e-07	6.7334e-07	2.8811e-07	2.2751e-07	5.5301e-07	5.8242e-07	5.3063e-07	5.2719e-07	2.6716e-07	2.7733e-07	1.7856e-07	1.6255e-07	1.6679e-07	1.5989e-07	1.6057e-07	1.6391e-07
2.069e-07	1.988e-07	2.1298e-07	2.1951e-07	3.7037e-07	3.1829e-07	4.4002e-07	3.1526e-07	2.6745e-07	3.8198e-07	3.8678e-07	3.389e-07	2.7567e-07	1.4023e-07	1.0524e-07	6.301e-07	1.4459e-07	2.8852e-07	4.704e-07	2.646e-07	5.8953e-08	1.1112e-07	5.0041e-07	4.6141e-07	2.4242e-07	4.7195e-08	1.5344e-07	5.7404e-07	4.1842e-07	3.7582e-07	3.6919e-07	3.1043e-07	2.4353e-07	5.2989e-07	3.7164e-07	4.1027e-07	3.4566e-07	1.9983e-07	4.8363e-07	3.9037e-07	2.4495e-07	4.5109e-07	4.0081e-07	4.2878e-07	3.9777e-07	2.9709e-07	3.9463e-07	1.6146e-07	3.7728e-07	4.0094e-07	3.9555e-07	3.7286e-07	3.2764e-07	3.9301e-07	3.8967e-07	2.9428e-07	4.3063e-07	3.0891e-07	5.3072e-07	4.0101e-07	3.4788e-07	4.8135e-07	2.8028e-07	3.3735e-07	4.4558e-07	3.3455e-07	4.2249e-07	2.8401e-07	2.8067e-07	4.4399e-07	2.7772e-07	2.1802e-07	3.4286e-07	3.4204e-07	3.1167e-07	2.8628e-07	2.4027e-07	1.8984e-07	2.2821e-07	2.3305e-07	2.2349e-07	2.8567e-07	2.7915e-07	2.6887e-07	1.7535e-07	2.1927e-07	2.5958e-07	2.4024e-07	2.1853e-07	5.1047e-07	4.0379e-07	1.8651e-07	7.0158e-07	2.4052e-07	3.8685e-07	2.2148e-07	3.4834e-07	2.762e-07	1.6734e-07	1.4781e-07	1.3686e-07	2.2555e-07	4.5685e-07	3.0254e-07	1.9669e-07	1.9039e-07	2.2358e-07	2.5115e-07	1.757e-07	1.8785e-07	5.1572e-07	7.5951e-07	5.65e-07	2.7228e-07	2.7776e-07	4.1437e-07	5.6359e-07	5.3671e-07	5.015e-07	3.686e-07	2.108e-07	2.8967e-07	1.9427e-07	1.6495e-07	1.6023e-07	1.6061e-07	1.6178e-07	1.635e-07
2.8486e-07	1.859e-07	3.506e-07	3.6077e-07	3.8342e-07	2.968e-07	3.4901e-07	3.3071e-07	3.5021e-07	2.4469e-07	4.2016e-07	3.4302e-07	3.6245e-07	3.6403e-07	2.722e-07	2.4066e-07	3.3813e-07	1.3837e-07	1.4047e-07	4.7381e-07	4.1247e-07	1.8068e-07	2.2812e-07	4.193e-07	4.2088e-07	6.8985e-08	2.392e-07	6.0967e-07	4.0016e-07	3.912e-07	3.7797e-07	2.6176e-07	3.6365e-07	4.169e-07	4.4383e-07	2.755e-07	3.4169e-07	4.3567e-07	3.9862e-07	3.0765e-07	1.1333e-07	3.5667e-07	4.6175e-07	3.2165e-07	4.1555e-07	2.3484e-07	2.6477e-07	4.4496e-07	4.5985e-07	3.9626e-07	2.6366e-07	3.837e-07	3.0841e-07	4.3711e-07	4.1619e-07	2.9803e-07	3.3613e-07	4.2565e-07	3.7465e-07	5.1123e-07	3.9288e-07	4.0729e-07	2.7938e-07	4.5383e-07	3.482e-07	4.0321e-07	2.909e-07	3.4367e-07	2.764e-07	2.3995e-07	2.4326e-07	5.7037e-07	2.241e-07	2.556e-07	2.495e-07	2.1249e-07	5.7016e-07	3.7716e-07	1.5013e-07	2.6058e-07	2.0197e-07	1.5052e-07	3.9825e-07	5.4146e-07	2.3026e-07	3.6466e-07	3.7561e-07	2.063e-07	2.1669e-07	3.199e-07	3.0381e-07	1.9829e-07	2.5005e-07	5.1892e-07	2.7102e-07	2.4091e-07	5.5201e-07	3.6643e-07	2.8475e-07	2.5731e-07	2.0534e-07	2.3815e-07	4.1651e-07	2.919e-07	1.8896e-07	2.1195e-07	2.6288e-07	2.1736e-07	3.4978e-07	2.0608e-07	2.5633e-07	8.0391e-07	2.7584e-07	3.1766e-07	3.0649e-07	3.0866e-07	3.7302e-07	5.8775e-07	2.7834e-07	3.4363e-07	2.0931e-07	2.2817e-07	3.2155e-07	2.8702e-07	4.3968e-07	3.0574e-07	1.6489e-07	1.6504e-07
2.963e-07	1.0505e-07	3.5691e-07	3.67e-07	3.7668e-07	3.8167e-07	3.6097e-07	3.3004e-07	2.1435e-07	3.6177e-07	3.9297e-07	3.659e-07	3.32e-07	3.4566e-07	1.7451e-07	3.6003e-07	3.3877e-07	2.6992e-07	1.191e-07	1.2687e-07	1.2125e-07	5.7327e-07	4.3187e-07	4.1593e-07	1.9397e-07	5.0576e-08	5.7817e-08	2.6208e-07	6.1346e-07	4.0373e-07	3.9113e-07	3.2435e-07	3.5206e-07	4.1312e-07	3.6137e-07	4.0945e-07	3.9839e-07	3.7023e-07	3.8156e-07	2.9996e-07	4.7989e-07	3.9784e-07	2.3889e-07	4.4645e-07	3.9339e-07	2.7943e-07	2.4842e-07	3.7758e-07	3.7987e-07	4.1325e-07	2.3141e-07	4.3414e-07	4.8293e-07	4.2286e-07	3.9774e-07	2.0664e-07	4.8692e-07	3.0539e-07	2.6534e-07	3.0513e-07	3.9844e-07	4.9624e-07	2.8546e-07	5.2047e-07	2.4425e-07	2.3248e-07	4.2459e-07	2.2292e-07	4.8528e-07	3.3693e-07	3.6311e-07	2.8931e-07	4.563e-07	3.2427e-07	2.5291e-07	2.8629e-07	3.4483e-07	2.1763e-07	2.1542e-07	2.6189e-07	2.8121e-07	1.8825e-07	1.7655e-07	2.6854e-07	5.8156e-07	3.6215e-07	3.0283e-07	2.1853e-07	1.6952e-07	1.8201e-07	2.6875e-07	2.4419e-07	4.0091e-07	4.3841e-07	1.8196e-07	1.4438e-07	1.8252e-07	5.1827e-07	2.8086e-07	5.4257e-07	1.897e-07	2.7588e-07	2.0685e-07	4.1636e-07	2.1477e-07	2.1874e-07	2.0634e-07	2.2726e-07	2.0394e-07	2.4606e-07	3.2057e-07	4.7598e-07	2.3358e-07	4.7325e-07	3.399e-07	4.5177e-07	2.6071e-07	2.0675e-07	2.504e-07	2.9784e-07	7.6307e-07	4.3259e-07	3.8868e-07	3.0513e-07	1.9882e-07	2.1533e-07	1.6527e-07	1.655e-07
2.9473e-07	2.8329e-07	3.2916e-07	3.439e-07	2.3958e-07	2.8612e-07	1.8082e-07	4.3718e-07	3.0188e-07	3.1643e-07	2.9773e-07	4.2422e-07	3.1689e-07	3.433e-07	9.5839e-08	2.9636e-07	1.473e-07	3.0386e-07	1.9493e-07	5.5036e-07	1.0869e-07	1.6021e-07	4.9884e-07	3.0403e-07	1.0097e-07	7.0866e-08	7.3757e-08	4.5101e-07	5.1015e-07	3.8817e-07	3.899e-07	2.4417e-07	4.2354e-07	3.9212e-07	3.8601e-07	3.8223e-07	3.6524e-07	2.2361e-07	4.296e-07	1.6399e-07	3.9661e-07	4.7427e-07	2.5603e-07	3.2113e-07	1.9723e-07	3.1487e-07	5.1468e-07	2.4037e-07	3.564e-07	4.6706e-07	4.0583e-07	4.1881e-07	2.9034e-07	3.1441e-07	3.5424e-07	5.1568e-07	2.5202e-07	4.5007e-07	4.7699e-07	2.8815e-07	4.149e-07	4.2417e-07	3.3143e-07	4.7971e-07	3.5019e-07	3.1434e-07	2.3492e-07	2.4899e-07	2.7595e-07	3.7308e-07	4.7156e-07	2.9831e-07	3.8127e-07	3.2247e-07	1.97e-07	3.7007e-07	5.5367e-07	5.1381e-07	2.5735e-07	1.6691e-07	2.1813e-07	7.6894e-07	4.1243e-07	1.8942e-07	1.5792e-07	1.8519e-07	4.268e-07	2.2247e-07	1.8366e-07	1.9334e-07	1.7628e-07	2.3512e-07	6.2899e-07	2.8767e-07	1.8282e-07	1.6119e-07	1.8452e-07	5.1024e-07	5.8585e-07	3.7484e-07	3.1803e-07	3.591e-07	2.0145e-07	2.2856e-07	2.5808e-07	2.3236e-07	2.0435e-07	3.5893e-07	3.4138e-07	3.892e-07	4.0626e-07	3.1991e-07	2.3403e-07	1.7737e-07	3.1467e-07	5.2388e-07	4.5286e-07	2.4688e-07	1.8489e-07	2.0267e-07	7.879e-07	5.3868e-07	2.0279e-07	2.0872e-07	1.7993e-07	1.7502e-07	1.6703e-07	1.6681e-07
3.4299e-07	2.7643e-07	2.9871e-07	3.3127e-07	2.7723e-07	3.8224e-07	3.1361e-07	3.4774e-07	3.7283e-07	2.1256e-07	3.4607e-07	4.2036e-07	2.7816e-07	2.3751e-07	2.4355e-07	4.9485e-07	1.9177e-07	1.2724e-07	5.0299e-07	2.6742e-07	4.3704e-07	3.0789e-07	1.9326e-07	4.6529e-07	3.8654e-07	1.3837e-07	8.4297e-08	9.2775e-08	5.5392e-07	4.3182e-07	3.6219e-07	4.019e-07	3.7232e-07	3.8788e-07	3.6816e-07	3.8819e-07	3.6337e-07	3.816e-07	2.256e-07	1.0677e-07	5.3123e-07	4.0227e-07	1.4525e-07	4.2752e-07	4.6873e-07	2.2746e-07	1.5423e-07	5.2245e-07	4.3545e-07	2.6007e-07	2.4597e-07	2.8002e-07	5.3574e-07	3.515e-07	4.7365e-07	3.0321e-07	1.5445e-07	3.7484e-07	2.5563e-07	3.6019e-07	3.5082e-07	4.1768e-07	3.9972e-07	4.1941e-07	3.2803e-07	2.7523e-07	2.8934e-07	2.7059e-07	3.5962e-07	4.2371e-07	4.7828e-07	3.6308e-07	1.6808e-07	3.7966e-07	3.2158e-07	1.1728e-07	3.517e-07	3.4045e-07	3.0299e-07	2.6542e-07	5.7795e-07	3.0885e-07	2.5947e-07	1.5488e-07	1.3674e-07	4.0487e-07	4.1822e-07	2.1265e-07	1.7583e-07	1.9649e-07	2.1708e-07	1.4314e-07	2.1184e-07	2.9869e-07	3.2322e-07	4.0348e-07	4.1706e-07	3.5897e-07	2.1171e-07	3.7034e-07	5.6219e-07	6.9765e-07	3.4335e-07	2.0843e-07	2.1642e-07	1.7022e-07	3.2619e-07	5.6031e-07	5.896e-07	4.1924e-07	2.239e-07	2.1825e-07	2.1757e-07	2.1731e-07	2.6029e-07	4.9347e-07	7.2868e-07	4.4349e-07	1.7788e-07	1.6307e-07	4.7031e-07	5.6861e-07	2.6553e-07	1.8056e-07	2.7998e-07	2.7443e-07	1.6902e-07	1.6809e-07
3.2072e-07	2.6031e-07	9.224e-08	1.1883e-07	1.3507e-07	6.7316e-07	1.1899e-07	1.3861e-07	3.1434e-07	3.239e-07	5.0049e-07	3.841e-07	3.3738e-07	2.2458e-07	8.3695e-08	3.4586e-07	4.7655e-07	3.5959e-07	3.1137e-07	3.731e-07	1.7353e-07	2.2224e-07	4.8141e-07	1.5595e-07	1.4864e-07	5.0013e-07	6.1312e-08	6.679e-08	3.8386e-07	5.2298e-07	3.6403e-07	4.2317e-07	4.009e-07	2.4674e-07	4.72e-07	3.5786e-07	2.5807e-07	3.8464e-07	3.6158e-07	3.2483e-07	4.0456e-07	3.7674e-07	3.1269e-07	4.9022e-07	2.0309e-07	3.5579e-07	2.3996e-07	3.1376e-07	5.8688e-07	4.1123e-07	3.2873e-07	3.0309e-07	2.5205e-07	5.8048e-07	4.0262e-07	4.1879e-07	3.2853e-07	2.5113e-07	1.5649e-07	2.8658e-07	4.1626e-07	3.3353e-07	2.7875e-07	4.9569e-07	3.1716e-07	3.2714e-07	3.0186e-07	2.2424e-07	3.5535e-07	6.6e-07	3.9203e-07	2.0828e-07	4.5234e-07	1.9543e-07	2.3177e-07	2.3792e-07	1.2947e-07	1.6173e-07	3.7237e-07	4.9331e-07	4.4723e-07	1.6328e-07	1.5218e-07	1.3182e-07	1.793e-07	3.1611e-07	1.8449e-07	1.6191e-07	1.8029e-07	1.6237e-07	1.5851e-07	3.0237e-07	3.2164e-07	2.0123e-07	1.5388e-07	3.4967e-07	2.1362e-07	1.7826e-07	2.2671e-07	2.5451e-07	1.5693e-07	2.3336e-07	5.1938e-07	2.6509e-07	2.078e-07	4.514e-07	2.1831e-07	5.275e-07	6.874e-07	3.2485e-07	2.2334e-07	2.4495e-07	2.6588e-07	4.2893e-07	5.3112e-07	5.417e-07	3.899e-07	3.3084e-07	2.0623e-07	2.077e-07	1.7384e-07	2.0801e-07	2.1172e-07	1.9902e-07	1.6898e-07	1.8507e-07	1.7863e-07	1.6997e-07
2.872e-07	3.7424e-07	1.0211e-07	3.2696e-07	4.1201e-07	2.7473e-07	3.6807e-07	3.5255e-07	3.6699e-07	2.3885e-07	4.5557e-07	2.3792e-07	2.3785e-07	2.0122e-07	1.8206e-07	1.9785e-07	6.2989e-07	2.4575e-07	1.8774e-07	4.1026e-07	4.5782e-07	4.0112e-07	2.3553e-07	2.2023e-07	2.7187e-07	1.143e-07	6.3602e-08	5.5018e-08	1.532e-07	4.9329e-07	5.6953e-07	3.9399e-07	3.2515e-07	1.2295e-07	4.1294e-07	4.5615e-07	3.504e-07	2.6003e-07	2.5332e-07	2.0315e-07	1.8466e-07	2.4167e-07	4.8996e-07	4.9116e-07	3.5857e-07	4.5401e-07	1.9335e-07	9.5363e-08	1.932e-07	7.172e-07	4.6914e-07	3.4246e-07	2.5997e-07	2.5217e-07	5.6856e-07	2.6542e-07	3.3847e-07	3.2775e-07	4.5225e-07	2.9247e-07	2.8107e-07	4.3351e-07	3.0433e-07	5.0207e-07	3.6591e-07	3.4836e-07	3.5714e-07	3.9097e-07	4.8847e-07	3.6855e-07	3.0773e-07	3.5997e-07	2.459e-07	1.8542e-07	3.1108e-07	4.6431e-07	1.4448e-07	1.2869e-07	5.7855e-07	3.1643e-07	2.991e-07	6.6773e-07	4.4915e-07	1.6359e-07	1.4199e-07	2.2513e-07	1.9866e-07	1.5742e-07	2.1746e-07	2.103e-07	2.8354e-07	2.0074e-07	2.4503e-07	2.6971e-07	4.1308e-07	3.4149e-07	2.9249e-07	2.4846e-07	3.0217e-07	2.9726e-07	2.6842e-07	3.165e-07	8.1529e-07	2.4342e-07	1.8065e-07	3.6628e-07	2.371e-07	3.517e-07	7.2546e-07	2.8631e-07	3.8148e-07	5.5215e-07	3.9109e-07	2.4492e-07	2.8445e-07	4.0216e-07	2.6057e-07	4.2827e-07	2.4299e-07	2.254e-07	2.6456e-07	2.631e-07	2.0096e-07	2.0472e-07	1.7345e-07	1.862e-07	1.8227e-07	1.7068e-07
3.4008e-07	3.3213e-07	3.4758e-07	3.5122e-07	3.363e-07	3.1913e-07	3.6665e-07	3.5941e-07	3.758e-07	2.8108e-07	3.8796e-07	3.4371e-07	3.5497e-07	3.0416e-07	3.0416e-07	3.9747e-07	4.0081e-07	2.7552e-07	2.6495e-07	3.3013e-07	4.138e-07	3.4926e-07	2.7457e-07	2.5537e-07	3.1305e-07	1.872e-07	6.8367e-08	5.757e-08	1.475e-07	1.166e-07	6.7877e-07	4.1391e-07	3.9033e-07	2.3504e-07	3.6318e-07	3.2824e-07	3.693e-07	1.9516e-07	5.3157e-07	2.7661e-07	4.6877e-07	3.8762e-07	4.2846e-07	2.2799e-07	4.9717e-07	3.9217e-07	1.7284e-07	2.3115e-07	3.8052e-07	5.1612e-07	2.4489e-07	1.6333e-07	5.0642e-07	4.7275e-07	2.2304e-07	5.5526e-07	4.1156e-07	3.4174e-07	4.4805e-07	3.1583e-07	3.4449e-07	3.9376e-07	4.2553e-07	4.5148e-07	2.0841e-07	2.4325e-07	4.8746e-07	3.4852e-07	2.709e-07	4.2822e-07	3.5277e-07	5.2715e-07	4.2789e-07	1.4694e-07	2.0661e-07	4.1234e-07	6.5399e-07	2.2833e-07	2.4739e-07	2.7132e-07	2.5632e-07	6.7659e-07	3.9864e-07	5.141e-07	1.9956e-07	2.3882e-07	1.7395e-07	2.6553e-07	3.3851e-07	2.1911e-07	1.7385e-07	2.4548e-07	3.5056e-07	2.3491e-07	2.5131e-07	2.5165e-07	4.1001e-07	3.5605e-07	2.8121e-07	2.9681e-07	3.6285e-07	2.3097e-07	2.9885e-07	1.9587e-07	2.6293e-07	2.2082e-07	1.9851e-07	2.4115e-07	1.5656e-07	3.6772e-07	5.3516e-07	6.6552e-07	5.1229e-07	2.5152e-07	4.3081e-07	3.4659e-07	2.7081e-07	2.0684e-07	2.7622e-07	4.4441e-07	3.9322e-07	2.6876e-07	1.7655e-07	1.6865e-07	1.8485e-07	1.9989e-07	1.7634e-07	1.7312e-07
2.9433e-07	3.3742e-07	2.964e-07	2.1278e-07	1.4614e-07	4.2095e-07	4.5219e-07	3.3714e-07	3.0051e-07	3.1221e-07	2.4625e-07	2.7599e-07	1.8303e-07	1.4295e-07	1.2124e-07	2.9438e-07	5.8928e-07	3.7306e-07	3.3167e-07	2.5794e-07	2.2697e-07	2.3598e-07	4.2524e-07	3.2205e-07	2.7638e-07	3.6113e-07	7.4032e-08	1.1521e-07	1.7866e-07	2.7868e-07	1.0562e-07	6.8211e-07	5.2945e-07	2.3999e-07	4.77e-07	3.0698e-07	4.629e-07	3.9717e-07	3.6069e-07	2.1223e-07	2.0631e-07	2.3218e-07	2.6241e-07	5.1292e-07	1.4265e-07	4.695e-07	4.2413e-07	3.8251e-07	4.1963e-07	2.6889e-07	3.5705e-07	1.4792e-07	3.2796e-07	6.3813e-07	2.8604e-07	4.8352e-07	2.4581e-07	4.1138e-07	4.7888e-07	3.8544e-07	4.3621e-07	4.4649e-07	4.0956e-07	3.1439e-07	3.0884e-07	5.2593e-07	3.9694e-07	3.4845e-07	3.3765e-07	3.731e-07	5.2029e-07	2.816e-07	2.4358e-07	4.5493e-07	2.8499e-07	3.4915e-07	3.4188e-07	1.9222e-07	3.8111e-07	3.1362e-07	4.8563e-07	2.6439e-07	5.0289e-07	4.1432e-07	1.501e-07	2.1648e-07	2.0144e-07	2.5226e-07	2.2335e-07	3.1999e-07	2.0824e-07	1.8042e-07	1.823e-07	2.2337e-07	5.9301e-07	5.4711e-07	3.8485e-07	2.0696e-07	3.0135e-07	3.5235e-07	3.087e-07	1.9235e-07	2.2786e-07	2.2749e-07	5.6848e-07	3.3325e-07	2.413e-07	2.7918e-07	1.8285e-07	2.0085e-07	2.04e-07	5.1837e-07	4.2342e-07	2.5258e-07	4.4323e-07	3.5297e-07	2.9796e-07	2.0208e-07	2.2916e-07	2.1772e-07	7.3215e-07	5.0738e-07	1.8113e-07	1.7105e-07	1.9288e-07	2.1617e-07	1.8797e-07	1.7579e-07
2.0654e-07	1.566e-07	9.3713e-08	4.5829e-08	6.567e-08	1.1304e-07	1.7255e-07	6.4671e-07	3.5038e-07	2.1036e-07	1.8145e-07	2.6373e-07	2.1641e-07	8.6401e-08	3.0739e-07	2.4751e-07	1.8942e-07	4.5065e-07	4.6498e-07	3.1345e-07	4.2051e-07	3.3967e-07	3.4286e-07	3.1294e-07	1.8668e-07	1.5916e-07	8.8285e-08	9.2826e-08	1.9652e-07	5.0188e-07	5.3942e-07	4.0548e-07	3.6311e-07	3.3288e-07	4.4059e-07	4.0148e-07	4.0047e-07	3.9072e-07	3.2773e-07	3.9932e-07	1.2947e-07	1.2182e-07	8.0578e-08	1.1392e-07	3.5494e-07	3.2306e-07	2.8744e-07	2.1016e-07	3.422e-07	3.662e-07	1.6971e-07	3.6823e-07	2.1321e-07	1.804e-07	1.2667e-07	4.6867e-07	4.0328e-07	4.0951e-07	2.9236e-07	2.4613e-07	3.5109e-07	2.2645e-07	6.0741e-07	3.4968e-07	1.1276e-07	1.4516e-07	3.3765e-07	3.8104e-07	4.0242e-07	3.656e-07	4.7555e-07	4.4267e-07	2.8937e-07	2.0657e-07	1.9462e-07	1.5948e-07	1.6174e-07	1.8154e-07	2.5103e-07	2.114e-07	4.0539e-07	6.2259e-07	1.6588e-07	4.2107e-07	3.2436e-07	2.4775e-07	2.1086e-07	1.6725e-07	1.6106e-07	2.1001e-07	3.374e-07	2.8486e-07	2.5937e-07	1.9311e-07	1.5932e-07	3.2485e-07	4.4099e-07	6.6176e-07	1.9189e-07	3.1084e-07	2.8137e-07	2.2726e-07	2.4751e-07	4.3772e-07	4.0915e-07	2.3267e-07	1.7845e-07	2.0133e-07	2.2822e-07	3.1418e-07	4.5612e-07	3.5843e-07	2.084e-07	3.9943e-07	3.2619e-07	2.0676e-07	1.7298e-07	1.9619e-07	2.0445e-07	2.7566e-07	2.4668e-07	2.7301e-07	2.9131e-07	2.1538e-07	2.0083e-07	1.8921e-07	1.7807e-07	1.7631e-07
1.7617e-07	5.7974e-08	3.7887e-07	2.8598e-07	4.7236e-07	1.6111e-07	3.2049e-07	4.2786e-07	3.7559e-07	3.3618e-07	2.6812e-07	1.1115e-07	2.7401e-07	4.4985e-07	3.7992e-07	3.5555e-07	3.1966e-07	3.6819e-07	2.6792e-07	3.3903e-07	3.2118e-07	1.5562e-07	5.1574e-07	3.6064e-07	3.5273e-07	2.279e-07	1.7761e-07	1.2159e-07	5.8292e-07	3.6265e-07	3.7503e-07	3.0974e-07	2.8425e-07	1.6702e-07	2.5538e-07	1.6662e-07	1.9808e-07	6.1411e-07	2.4568e-07	1.0232e-07	2.8412e-07	5.2056e-07	1.8704e-07	1.4501e-07	3.8033e-07	5.7267e-07	3.6443e-07	2.2977e-07	3.0061e-07	3.7862e-07	1.2857e-07	2.9823e-07	5.7944e-07	3.9097e-07	4.2161e-07	2.532e-07	2.0434e-07	2.399e-07	6.3856e-07	1.6097e-07	2.8577e-07	5.4092e-07	2.6283e-07	5.7828e-07	3.6082e-07	3.0105e-07	2.6265e-07	5.9742e-07	3.9833e-07	4.568e-07	3.8454e-07	2.1805e-07	2.4306e-07	2.4768e-07	1.9859e-07	2.2031e-07	3.4875e-07	4.6493e-07	2.4991e-07	1.7574e-07	1.6273e-07	2.4126e-07	3.4315e-07	4.1781e-07	1.8757e-07	3.0517e-07	2.2717e-07	1.8101e-07	2.6869e-07	2.6652e-07	2.1271e-07	2.0979e-07	1.8741e-07	1.9686e-07	2.0864e-07	2.6549e-07	5.2856e-07	5.442e-07	2.526e-07	1.8289e-07	2.6506e-07	4.5845e-07	2.3214e-07	1.7968e-07	2.032e-07	2.3538e-07	1.7414e-07	1.9601e-07	2.7709e-07	1.9294e-07	2.2133e-07	2.0266e-07	2.8816e-07	3.9474e-07	2.6087e-07	3.0794e-07	2.2698e-07	2.4611e-07	3.0427e-07	2.0738e-07	2.0974e-07	3.0286e-07	2.2051e-07	1.7848e-07	1.7968e-07	1.978e-07	2.2904e-07	1.8074e-07
2.0704e-07	1.7835e-07	3.0143e-07	4.25e-07	3.2296e-07	3.1232e-07	1.7124e-07	1.6937e-07	3.2429e-07	4.3754e-07	1.515e-07	3.6656e-07	1.209e-07	3.9634e-07	3.2765e-07	2.8704e-07	4.2774e-07	3.5391e-07	3.6235e-07	3.3494e-07	2.5923e-07	9.5247e-08	4.7546e-07	4.2822e-07	2.6633e-07	1.8125e-07	4.1615e-07	4.2216e-07	3.7348e-07	3.8031e-07	3.6539e-07	2.3902e-07	2.2519e-07	3.5036e-07	4.1584e-07	4.175e-07	2.0716e-07	1.0565e-07	1.3914e-07	4.0881e-07	3.3295e-07	5.5432e-07	3.612e-07	3.195e-07	4.1363e-07	2.5909e-07	4.1952e-07	3.9973e-07	1.7353e-07	4.9285e-07	2.2476e-07	2.1175e-07	5.6103e-07	2.9392e-07	2.1173e-07	1.6069e-07	5.5602e-07	3.8472e-07	3.923e-07	3.2454e-07	3.7791e-07	4.0469e-07	3.1447e-07	5.0047e-07	4.0102e-07	2.478e-07	2.4732e-07	5.1263e-07	3.6605e-07	2.9878e-07	2.1009e-07	2.7032e-07	3.22e-07	1.9649e-07	2.8571e-07	2.7154e-07	2.6003e-07	3.8802e-07	2.3645e-07	1.9813e-07	4.4147e-07	6.676e-07	1.8644e-07	2.2203e-07	2.5473e-07	3.1447e-07	4.3279e-07	1.8004e-07	1.6231e-07	3.4966e-07	2.9068e-07	2.5179e-07	3.0043e-07	3.4083e-07	2.869e-07	4.3083e-07	1.8427e-07	3.5723e-07	4.7926e-07	3.131e-07	2.8107e-07	1.9839e-07	2.3968e-07	6.2867e-07	3.3591e-07	2.8593e-07	3.537e-07	3.636e-07	3.8258e-07	2.5943e-07	2.5902e-07	2.465e-07	3.2915e-07	4.114e-07	3.1544e-07	2.4843e-07	3.1166e-07	2.7176e-07	2.2035e-07	2.1008e-07	2.2055e-07	1.9085e-07	2.0139e-07	1.9442e-07	2.6931e-07	1.9938e-07	1.7924e-07	1.7699e-07
3.2655e-07	1.821e-07	2.024e-07	4.2822e-07	3.2405e-07	2.4429e-07	7.4422e-08	7.0301e-08	1.8734e-07	4.2993e-07	4.272e-07	3.4721e-07	3.7579e-07	2.5055e-07	1.319e-07	4.5185e-07	1.7282e-07	4.5336e-07	3.7225e-07	2.4858e-07	3.7653e-07	1.3789e-07	2.8482e-07	4.9294e-07	3.7887e-07	3.4539e-07	3.4235e-07	1.8531e-07	1.7931e-07	5.7685e-07	3.4649e-07	3.5298e-07	2.4975e-07	2.6438e-07	4.607e-07	3.9931e-07	2.147e-07	1.0982e-07	3.4048e-07	4.8696e-07	3.1394e-07	4.3935e-07	3.2257e-07	2.9404e-07	5.5339e-07	3.0132e-07	2.2239e-07	4.487e-07	2.9076e-07	3.5785e-07	5.3009e-07	3.4732e-07	3.4897e-07	3.4837e-07	2.6903e-07	4.0887e-07	3.7209e-07	4.5076e-07	2.6754e-07	4.9292e-07	3.373e-07	3.1822e-07	3.1147e-07	2.3872e-07	4.8008e-07	4.9433e-07	2.7222e-07	5.0874e-07	3.4183e-07	3.1566e-07	2.299e-07	2.4351e-07	2.83e-07	3.7983e-07	6.0214e-07	2.2376e-07	1.9681e-07	5.6243e-07	1.9715e-07	1.5152e-07	2.1088e-07	6.0017e-07	2.404e-07	2.2604e-07	5.9321e-07	6.2437e-07	4.524e-07	2.3427e-07	1.7641e-07	2.1028e-07	2.1748e-07	2.533e-07	3.0175e-07	2.743e-07	2.9684e-07	2.9835e-07	1.5563e-07	2.3089e-07	5.5891e-07	4.4214e-07	2.7024e-07	3.2042e-07	2.0061e-07	2.9823e-07	2.7618e-07	2.2571e-07	2.4075e-07	1.7839e-07	3.3357e-07	2.8475e-07	3.458e-07	2.1129e-07	2.7324e-07	2.7876e-07	2.6493e-07	3.0757e-07	5.6872e-07	2.5942e-07	2.3475e-07	2.1837e-07	1.8905e-07	1.8879e-07	1.9978e-07	2.2847e-07	6.1367e-07	2.671e-07	1.9364e-07	1.8288e-07
3.1163e-07	3.1317e-07	3.2765e-07	2.546e-07	2.3473e-07	7.9296e-08	3.7975e-07	4.0945e-07	2.4847e-07	3.1961e-07	3.81e-07	3.456e-07	2.4023e-07	2.7312e-07	1.1124e-07	4.5347e-07	3.2582e-07	2.7921e-07	4.0938e-07	2.7798e-07	3.8347e-07	1.7366e-07	1.2706e-07	5.2763e-07	3.3631e-07	3.1895e-07	3.2229e-07	1.1785e-07	4.7568e-07	4.2453e-07	3.7241e-07	3.1511e-07	2.7559e-07	2.6161e-07	3.5075e-07	3.4591e-07	4.3018e-07	2.5138e-07	1.6495e-07	3.4424e-07	2.2754e-07	4.7576e-07	4.1483e-07	3.4407e-07	3.7066e-07	1.0385e-07	1.6258e-07	2.8123e-07	5.5626e-07	3.8691e-07	2.0024e-07	4.557e-07	4.5922e-07	4.047e-07	2.3956e-07	2.4192e-07	5.2081e-07	2.078e-07	2.9837e-07	3.8282e-07	4.207e-07	3.7451e-07	4.1857e-07	2.1679e-07	2.8977e-07	4.2019e-07	1.8826e-07	4.4184e-07	4.2973e-07	2.575e-07	3.0096e-07	3.6247e-07	2.2192e-07	2.634e-07	5.1296e-07	2.049e-07	1.8533e-07	1.6325e-07	2.2352e-07	2.7973e-07	3.9947e-07	2.1558e-07	3.0449e-07	5.3253e-07	3.8434e-07	6.1823e-07	4.2004e-07	4.3336e-07	4.3363e-07	2.4669e-07	1.5999e-07	4.2216e-07	3.4465e-07	2.9651e-07	5.6017e-07	1.8311e-07	2.0314e-07	5.1601e-07	5.135e-07	2.1425e-07	1.7049e-07	4.3086e-07	4.6727e-07	3.5455e-07	6.5287e-07	3.4068e-07	2.5286e-07	2.6937e-07	2.102e-07	2.4226e-07	2.777e-07	7.5133e-07	2.3143e-07	2.6845e-07	2.1412e-07	2.2995e-07	2.7337e-07	2.4694e-07	2.6164e-07	2.4402e-07	2.5779e-07	2.1782e-07	1.8936e-07	2.485e-07	2.5364e-07	2.7746e-07	2.4442e-07	1.9421e-07
3.0252e-07	3.3575e-07	2.609e-07	3.0725e-07	3.8545e-07	3.2774e-07	1.9345e-07	2.8889e-07	1.656e-07	3.3746e-07	3.5464e-07	2.9547e-07	3.6339e-07	3.4385e-07	1.8452e-07	2.9181e-07	3.3299e-07	2.1888e-07	2.1296e-07	3.6787e-07	3.1061e-07	1.2522e-07	1.6696e-07	3.35e-07	3.9497e-07	3.8454e-07	3.5054e-07	1.7249e-07	2.0819e-07	4.3683e-07	4.5787e-07	3.6983e-07	3.7246e-07	2.5535e-07	2.3439e-07	4.0228e-07	3.7847e-07	3.0606e-07	4.2981e-07	3.5696e-07	3.7211e-07	3.6064e-07	2.3502e-07	4.7667e-07	2.2471e-07	1.8185e-07	2.1718e-07	6.3572e-07	3.4304e-07	2.2173e-07	1.4043e-07	3.3671e-07	5.0756e-07	4.0189e-07	3.2982e-07	1.9314e-07	5.5847e-07	3.0396e-07	4.042e-07	3.7698e-07	3.5995e-07	2.6745e-07	4.185e-07	4.9928e-07	3.6331e-07	1.9475e-07	4.7255e-07	4.2009e-07	2.998e-07	3.9891e-07	3.8946e-07	4.1463e-07	4.1955e-07	3.7399e-07	3.1995e-07	3.5753e-07	3.8446e-07	3.791e-07	3.4333e-07	3.4633e-07	3.2995e-07	2.5038e-07	2.6504e-07	2.8864e-07	3.1478e-07	5.3423e-07	4.7663e-07	2.9637e-07	2.657e-07	2.1103e-07	2.4628e-07	5.2034e-07	2.947e-07	3.0791e-07	2.7675e-07	2.8335e-07	2.6926e-07	2.8291e-07	2.4133e-07	1.8928e-07	3.7615e-07	7.9787e-07	2.7209e-07	3.5489e-07	6.6075e-07	3.7076e-07	3.4669e-07	3.2374e-07	5.8134e-07	4.0535e-07	4.3749e-07	2.4467e-07	4.4901e-07	3.6993e-07	3.1271e-07	3.4309e-07	4.6459e-07	4.584e-07	6.1276e-07	3.6241e-07	2.7268e-07	2.1861e-07	2.0893e-07	2.7933e-07	6.4064e-07	5.8417e-07	2.1836e-07	1.8923e-07
3.0545e-07	2.0251e-07	3.9789e-07	1.2246e-07	3.673e-07	4.0833e-07	2.3268e-07	2.634e-07	1.2877e-07	2.3085e-07	3.0818e-07	2.8827e-07	4.4521e-07	3.5833e-07	3.2421e-07	3.7157e-07	3.067e-07	2.5983e-07	3.4886e-07	3.5359e-07	3.4763e-07	3.0507e-07	2.8512e-07	4.1615e-07	2.0972e-07	2.5273e-07	4.3938e-07	3.7327e-07	3.6239e-07	3.7755e-07	3.7204e-07	3.6139e-07	3.8142e-07	2.8707e-07	2.0499e-07	3.0947e-07	4.2861e-07	4.4991e-07	3.67e-07	3.8853e-07	1.6432e-07	5.3093e-07	3.0642e-07	3.7377e-07	1.0899e-07	3.5319e-07	2.323e-07	5.6706e-07	4.2171e-07	3.1803e-07	2.0145e-07	5.583e-07	4.0058e-07	4.0662e-07	3.7704e-07	3.2833e-07	3.6624e-07	4.0352e-07	3.8755e-07	4.123e-07	2.9482e-07	2.0775e-07	6.0784e-07	4.1183e-07	3.6668e-07	3.1284e-07	3.0722e-07	3.3906e-07	4.9806e-07	4.5258e-07	3.2609e-07	4.6897e-07	2.9569e-07	2.7702e-07	5.0873e-07	3.2705e-07	4.175e-07	3.9343e-07	2.0792e-07	2.7681e-07	2.2495e-07	2.1033e-07	1.8975e-07	5.4341e-07	5.1728e-07	5.2748e-07	4.5969e-07	3.9163e-07	1.7421e-07	1.6191e-07	2.1216e-07	4.6537e-07	4.2127e-07	6.4721e-07	2.4739e-07	2.0097e-07	2.2047e-07	2.0919e-07	2.6735e-07	2.8269e-07	3.4529e-07	1.9158e-07	2.8668e-07	4.0537e-07	3.3502e-07	2.3119e-07	2.6607e-07	2.501e-07	3.5484e-07	2.2235e-07	2.1696e-07	2.8214e-07	3.388e-07	3.5073e-07	4.0931e-07	5.0576e-07	3.0765e-07	6.1609e-07	6.3185e-07	4.3723e-07	2.5183e-07	6.2308e-07	4.879e-07	4.6968e-07	2.8121e-07	4.8251e-07	5.0179e-07	2.1252e-07
3.1895e-07	3.3811e-07	3.3966e-07	3.3868e-07	3.3966e-07	3.1567e-07	2.3377e-07	3.585e-07	4.0436e-07	3.4722e-07	2.2103e-07	2.3469e-07	3.464e-07	2.4129e-07	3.9662e-07	3.5118e-07	2.8811e-07	1.9702e-07	3.7234e-07	4.0504e-07	3.5502e-07	3.2139e-07	1.6419e-07	1.9978e-07	2.257e-07	4.2126e-07	3.9277e-07	2.0073e-07	3.4143e-07	5.0441e-07	3.8052e-07	3.9413e-07	3.7441e-07	3.6744e-07	2.4977e-07	3.4573e-07	1.3799e-07	1.8247e-07	6.6761e-07	3.2224e-07	4.3009e-07	4.1956e-07	3.8487e-07	3.5281e-07	2.0237e-07	1.3461e-07	6.3355e-07	4.1395e-07	3.9941e-07	3.7725e-07	1.3087e-07	1.5432e-07	5.3907e-07	5.0525e-07	4.037e-07	2.5704e-07	4.2002e-07	4.5422e-07	3.9933e-07	3.8066e-07	3.2812e-07	2.6839e-07	4.7029e-07	4.0598e-07	4.5552e-07	4.0453e-07	3.3969e-07	3.3872e-07	3.3681e-07	4.1148e-07	1.7519e-07	3.4042e-07	3.2449e-07	4.9189e-07	3.7782e-07	2.0551e-07	2.6627e-07	2.4201e-07	3.034e-07	3.2628e-07	3.4867e-07	3.723e-07	6.399e-07	2.7623e-07	4.9219e-07	3.5408e-07	2.2351e-07	2.4632e-07	3.577e-07	2.9774e-07	3.9142e-07	5.9834e-07	2.5721e-07	3.2865e-07	3.0417e-07	2.9555e-07	2.0701e-07	2.7103e-07	2.2281e-07	4.4421e-07	3.1278e-07	2.8192e-07	3.1908e-07	4.3076e-07	4.1588e-07	3.1658e-07	3.4662e-07	3.4591e-07	2.1879e-07	3.0159e-07	4.114e-07	5.1764e-07	3.2373e-07	2.3111e-07	4.2765e-07	3.7834e-07	5.4023e-07	7.0355e-07	4.5286e-07	3.3887e-07	3.3141e-07	3.1319e-07	5.2128e-07	2.5968e-07	3.4575e-07	4.3789e-07	3.0957e-07	2.0142e-07
2.7583e-07	2.9837e-07	3.5173e-07	3.2849e-07	3.6903e-07	3.3378e-07	3.1294e-07	2.8118e-07	2.7675e-07	3.506e-07	3.986e-07	3.7235e-07	2.9961e-07	3.6126e-07	3.502e-07	3.0655e-07	3.3427e-07	2.514e-07	4.2503e-07	3.8971e-07	3.6616e-07	3.6654e-07	3.7363e-07	3.1172e-07	3.5984e-07	2.8698e-07	3.7889e-07	2.6212e-07	2.5991e-07	4.3009e-07	4.4599e-07	3.8315e-07	3.8491e-07	3.6969e-07	3.7502e-07	3.3659e-07	1.9919e-07	3.7462e-07	4.4557e-07	3.1766e-07	4.5705e-07	4.0403e-07	3.5195e-07	4.1777e-07	3.9966e-07	2.9582e-07	2.9541e-07	4.9477e-07	4.086e-07	4.0087e-07	2.8534e-07	4.4971e-07	3.761e-07	3.3024e-07	4.3948e-07	3.9152e-07	4.036e-07	4.1073e-07	4.2187e-07	4.1606e-07	4.0324e-07	3.6975e-07	3.3612e-07	4.4135e-07	4.5414e-07	3.8664e-07	4.1886e-07	2.8904e-07	4.9762e-07	3.6809e-07	4.3676e-07	4.1876e-07	4.1502e-07	3.344e-07	3.7392e-07	3.6249e-07	2.8798e-07	2.8457e-07	2.509e-07	2.5233e-07	5.6643e-07	2.5642e-07	6.0645e-07	3.7103e-07	3.1775e-07	2.1024e-07	2.8025e-07	1.9753e-07	4.5227e-07	5.2645e-07	2.4802e-07	2.2545e-07	2.5301e-07	2.1297e-07	2.1586e-07	2.0757e-07	3.7948e-07	5.8595e-07	2.3507e-07	4.0015e-07	3.3779e-07	2.5582e-07	2.1948e-07	3.5048e-07	6.8479e-07	3.4613e-07	2.9825e-07	3.6759e-07	1.9258e-07	3.892e-07	4.0634e-07	3.1567e-07	2.5447e-07	2.1757e-07	3.7718e-07	6.0349e-07	6.7276e-07	4.1622e-07	4.3637e-07	4.5741e-07	4.177e-07	3.4604e-07	6.3491e-07	3.6262e-07	3.1012e-07	1.9197e-07	2.0884e-07	3.1081e-07
2.4212e-07	4.0903e-07	2.7239e-07	3.8024e-07	3.4829e-07	3.0236e-07	3.4399e-07	1.8668e-07	4.0459e-07	3.2761e-07	2.1778e-07	3.6943e-07	3.2466e-07	1.2347e-07	2.9264e-07	2.9876e-07	1.7257e-07	1.116e-07	2.781e-07	5.1713e-07	4.4874e-07	3.1217e-07	3.4198e-07	4.1023e-07	2.899e-07	1.6927e-07	4.9252e-07	2.9685e-07	3.768e-07	4.4352e-07	1.8155e-07	3.4689e-07	4.6153e-07	3.8814e-07	3.4412e-07	3.3531e-07	3.5984e-07	3.6041e-07	4.2983e-07	2.7237e-07	3.9169e-07	4.2492e-07	3.5585e-07	4.0273e-07	4.0791e-07	2.8161e-07	4.6154e-07	3.7679e-07	4.401e-07	4.008e-07	3.2438e-07	3.8183e-07	4.2102e-07	2.8363e-07	2.8753e-07	2.1531e-07	5.9699e-07	4.6154e-07	4.0691e-07	4.0792e-07	4.1876e-07	3.9507e-07	3.8873e-07	3.5566e-07	3.8469e-07	4.4503e-07	3.3651e-07	3.766e-07	2.1401e-07	2.5852e-07	3.8726e-07	6.3128e-07	2.3056e-07	3.3616e-07	3.9185e-07	3.3092e-07	2.7906e-07	2.3106e-07	2.5428e-07	1.8836e-07	1.9384e-07	1.7633e-07	3.4962e-07	3.4043e-07	3.7501e-07	5.4808e-07	3.6054e-07	1.825e-07	5.539e-07	2.2709e-07	2.9017e-07	2.6426e-07	2.7248e-07	3.1602e-07	2.759e-07	2.7316e-07	2.5187e-07	2.8618e-07	3.4645e-07	2.8641e-07	2.9403e-07	4.8408e-07	4.0534e-07	4.8975e-07	4.2844e-07	3.5731e-07	4.0951e-07	3.155e-07	3.0568e-07	2.9804e-07	4.4527e-07	6.8497e-07	2.5916e-07	2.4608e-07	2.3445e-07	7.049e-07	6.3384e-07	4.5167e-07	3.9763e-07	4.5996e-07	2.8919e-07	3.4218e-07	7.4302e-07	3.7511e-07	2.4803e-07	2.4124e-07	6.1486e-07	6.233e-07
2.7951e-07	2.1846e-07	2.8266e-07	3.3847e-07	2.6058e-07	4.0886e-07	3.4047e-07	2.3821e-07	3.0687e-07	3.0583e-07	2.1898e-07	3.1877e-07	3.4521e-07	3.6209e-07	2.2792e-07	3.591e-07	3.9724e-07	2.976e-07	2.8771e-07	2.3405e-07	3.4513e-07	4.6723e-07	2.8738e-07	1.6667e-07	2.8045e-07	5.2608e-07	2.6677e-07	4.4835e-07	2.3746e-07	3.9871e-07	3.089e-07	3.3287e-07	4.3449e-07	1.9326e-07	2.9088e-07	2.7337e-07	2.6767e-07	1.7434e-07	2.1705e-07	2.1514e-07	4.4926e-07	3.9275e-07	4.1998e-07	3.0257e-07	1.7102e-07	3.745e-07	5.5953e-07	4.3537e-07	2.3111e-07	5.2797e-07	3.6859e-07	4.2234e-07	4.1341e-07	4.0457e-07	3.52e-07	2.29e-07	4.0608e-07	4.4084e-07	4.1771e-07	4.0523e-07	4.0163e-07	4.2713e-07	2.8944e-07	4.3172e-07	3.4757e-07	4.3547e-07	3.3543e-07	3.8654e-07	3.5235e-07	4.4689e-07	4.4093e-07	3.5194e-07	3.1763e-07	3.8146e-07	3.3692e-07	2.3335e-07	2.1501e-07	2.35e-07	2.6122e-07	3.4395e-07	2.3561e-07	5.7998e-07	4.4112e-07	4.3707e-07	5.2843e-07	2.8479e-07	2.8127e-07	5.5161e-07	3.5347e-07	2.7528e-07	2.0175e-07	2.3779e-07	3.0428e-07	6.485e-07	3.7872e-07	2.6638e-07	3.0947e-07	3.8695e-07	2.7348e-07	4.6518e-07	4.0683e-07	3.8212e-07	3.5749e-07	4.0647e-07	3.4613e-07	3.9691e-07	4.1214e-07	4.0753e-07	4.1144e-07	3.9321e-07	4.0192e-07	3.8332e-07	3.723e-07	3.8802e-07	3.8982e-07	3.7752e-07	3.74e-07	3.5702e-07	5.4632e-07	3.9257e-07	4.6777e-07	3.6442e-07	6.5029e-07	3.5475e-07	3.972e-07	4.1577e-07	4.6887e-07	4.0288e-07
1.2745e-07	1.7403e-07	2.9774e-07	3.5594e-07	5.2342e-07	3.5483e-07	3.2899e-07	3.1377e-07	1.2057e-07	4.481e-07	2.7238e-07	1.6424e-07	2.0793e-07	6.1308e-07	3.7023e-07	3.3011e-07	3.6109e-07	2.3509e-07	2.6532e-07	4.2493e-07	2.6214e-07	3.3527e-07	2.2551e-07	1.2475e-07	3.2403e-07	5.5222e-07	2.7938e-07	3.0443e-07	3.65e-07	3.482e-07	4.6171e-07	3.5301e-07	2.1546e-07	2.7749e-07	3.8695e-07	4.1474e-07	3.711e-07	4.23e-07	2.2021e-07	2.255e-07	1.7817e-07	2.8895e-07	6.7693e-07	3.9929e-07	3.0235e-07	4.0822e-07	4.5682e-07	4.3114e-07	3.9904e-07	3.6736e-07	3.6267e-07	4.6494e-07	4.0123e-07	3.9152e-07	4.1151e-07	4.3356e-07	3.5058e-07	3.345e-07	4.9313e-07	4.3943e-07	4.2541e-07	4.1645e-07	4.3629e-07	3.5424e-07	4.411e-07	4.3791e-07	3.0899e-07	4.3826e-07	3.2989e-07	3.4684e-07	2.2388e-07	6.4538e-07	3.3582e-07	2.1737e-07	3.9872e-07	4.2407e-07	4.1313e-07	3.6142e-07	5.5158e-07	2.2136e-07	2.3348e-07	3.7681e-07	3.7295e-07	2.4684e-07	5.225e-07	2.8828e-07	4.1241e-07	4.1455e-07	2.6189e-07	2.2695e-07	4.2656e-07	3.4373e-07	2.6104e-07	3.2754e-07	2.8816e-07	2.6796e-07	2.236e-07	3.4127e-07	2.8499e-07	4.2491e-07	2.775e-07	2.8815e-07	3.2869e-07	2.921e-07	2.597e-07	3.6358e-07	3.6523e-07	2.3031e-07	2.0493e-07	2.2075e-07	2.8395e-07	3.3371e-07	4.1269e-07	2.3971e-07	4.022e-07	3.0226e-07	4.0329e-07	5.4681e-07	4.0037e-07	2.5833e-07	4.0379e-07	3.5062e-07	2.0299e-07	2.5013e-07	2.1522e-07	2.0799e-07	2.0338e-07	1.8969e-07
2.554e-07	2.0257e-07	2.5709e-07	4.5176e-07	3.7395e-07	3.3983e-07	2.8977e-07	3.2814e-07	3.6485e-07	3.0234e-07	2.8828e-07	3.4668e-07	3.5092e-07	2.7517e-07	4.0725e-07	3.4335e-07	2.3569e-07	1.3415e-07	2.3353e-07	1.2035e-07	1.8804e-07	1.021e-07	9.9252e-08	2.1059e-07	5.9625e-07	5.1731e-07	1.6823e-07	1.3966e-07	2.4597e-07	2.8224e-07	1.3637e-07	1.3735e-07	5.4546e-07	9.1003e-08	1.2179e-07	6.8486e-07	2.7173e-07	4.2529e-07	3.7527e-07	3.5945e-07	3.533e-07	1.3941e-07	4.7421e-07	4.3176e-07	3.1777e-07	4.5232e-07	3.9454e-07	3.9045e-07	2.7136e-07	3.5701e-07	4.688e-07	2.1905e-07	1.6221e-07	4.384e-07	5.4186e-07	4.0417e-07	3.6982e-07	1.8709e-07	4.5514e-07	4.5297e-07	4.2234e-07	4.0183e-07	4.2144e-07	4.1151e-07	3.2166e-07	2.6347e-07	3.1916e-07	4.971e-07	3.3971e-07	4.3725e-07	4.496e-07	2.8452e-07	2.4658e-07	2.8382e-07	3.3347e-07	5.3886e-07	3.5594e-07	1.7677e-07	2.1634e-07	2.5226e-07	2.4642e-07	4.325e-07	4.9021e-07	6.1089e-07	3.3669e-07	2.3957e-07	2.6088e-07	2.0812e-07	2.6025e-07	4.974e-07	3.0109e-07	2.1154e-07	2.8115e-07	4.2241e-07	2.3248e-07	3.0242e-07	3.409e-07	4.0075e-07	3.0487e-07	2.9606e-07	2.4049e-07	3.4504e-07	2.3243e-07	4.0617e-07	3.1723e-07	2.5041e-07	2.65e-07	2.8446e-07	2.7067e-07	2.9092e-07	3.381e-07	3.9371e-07	3.8791e-07	5.1788e-07	3.0894e-07	5.4395e-07	3.7052e-07	2.9354e-07	2.8221e-07	2.626e-07	2.1577e-07	1.9125e-07	2.1053e-07	2.5973e-07	2.744e-07	2.3038e-07	1.8973e-07	1.9026e-07
2.5709e-07	3.2932e-07	3.846e-07	3.4331e-07	2.9903e-07	2.9851e-07	3.323e-07	2.8704e-07	3.6257e-07	1.4181e-07	2.4614e-07	3.982e-07	3.5313e-07	1.6605e-07	3.6158e-07	4.6737e-07	3.1073e-07	2.588e-07	3.4329e-07	2.1557e-07	3.3077e-07	3.1784e-07	3.6768e-07	3.6097e-07	1.5394e-07	5.1525e-07	3.4613e-07	2.8876e-07	3.5503e-07	2.4958e-07	2.5003e-07	2.596e-07	2.4449e-07	5.3947e-07	3.4897e-07	1.524e-07	5.4518e-07	3.5461e-07	3.4951e-07	3.4138e-07	3.1895e-07	3.2871e-07	3.7937e-07	3.0622e-07	3.6952e-07	4.317e-07	4.032e-07	3.6814e-07	3.6241e-07	3.8397e-07	3.6129e-07	2.4328e-07	3.8473e-07	4.3881e-07	4.1887e-07	3.9075e-07	3.1012e-07	2.2148e-07	5.0131e-07	4.007e-07	4.3419e-07	3.923e-07	3.9399e-07	4.1061e-07	3.8853e-07	3.0318e-07	4.203e-07	4.5386e-07	4.0028e-07	3.9308e-07	4.091e-07	2.6623e-07	3.2645e-07	5.2555e-07	3.8125e-07	4.1568e-07	2.6448e-07	3.1185e-07	3.4995e-07	3.6863e-07	4.7933e-07	3.62e-07	3.9223e-07	3.1911e-07	4.903e-07	3.1101e-07	2.5019e-07	3.2538e-07	4.3669e-07	3.8681e-07	2.7346e-07	2.1365e-07	3.1471e-07	6.6707e-07	4.0097e-07	4.2629e-07	2.413e-07	3.1293e-07	2.5143e-07	4.1164e-07	3.018e-07	3.0968e-07	3.548e-07	2.636e-07	2.9735e-07	3.3591e-07	2.9905e-07	3.4683e-07	4.3256e-07	4.6012e-07	4.8473e-07	2.8969e-07	3.7955e-07	2.7155e-07	3.7168e-07	3.7228e-07	3.8417e-07	4.2595e-07	5.968e-07	2.9354e-07	2.7885e-07	2.1154e-07	2.1203e-07	2.6348e-07	3.2619e-07	3.6785e-07	2.0507e-07	1.9105e-07
3.4732e-07	2.4172e-07	1.4861e-07	4.398e-07	3.2078e-07	3.4958e-07	2.7639e-07	2.4654e-07	1.6757e-07	3.3115e-07	3.9333e-07	3.8703e-07	3.2313e-07	2.8575e-07	1.983e-07	4.0688e-07	3.419e-07	2.066e-07	1.4248e-07	2.4966e-07	1.048e-07	1.1452e-07	5.3969e-07	3.0952e-07	2.9385e-07	5.2729e-07	3.3736e-07	3.2409e-07	4.0457e-07	3.1269e-07	1.8955e-07	1.1493e-07	5.371e-07	2.8177e-07	1.1599e-07	3.9915e-07	5.2313e-07	3.8903e-07	3.524e-07	2.8719e-07	3.6621e-07	3.4626e-07	4.2453e-07	3.6547e-07	3.7747e-07	3.6075e-07	4.0812e-07	3.3368e-07	3.1955e-07	4.0771e-07	3.5016e-07	2.7643e-07	3.7525e-07	2.9152e-07	4.8809e-07	3.5599e-07	3.4568e-07	2.8294e-07	4.0955e-07	4.4709e-07	3.872e-07	3.0621e-07	2.8615e-07	3.013e-07	2.0403e-07	1.9275e-07	6.1594e-07	4.1449e-07	1.8852e-07	3.5847e-07	5.3349e-07	4.4349e-07	3.2612e-07	4.747e-07	3.2811e-07	2.2747e-07	3.2595e-07	4.3012e-07	3.0825e-07	2.5553e-07	2.7102e-07	3.6946e-07	3.1423e-07	3.3032e-07	3.1056e-07	4.1467e-07	2.3913e-07	3.483e-07	2.88e-07	2.8763e-07	2.4728e-07	2.1219e-07	2.708e-07	6.7839e-07	5.9638e-07	4.7403e-07	3.1799e-07	3.387e-07	3.2205e-07	2.5725e-07	2.7357e-07	4.7221e-07	3.68e-07	2.4377e-07	2.6188e-07	2.521e-07	3.3385e-07	3.6656e-07	3.9502e-07	2.3351e-07	2.2272e-07	2.2504e-07	2.4867e-07	2.933e-07	2.4568e-07	1.924e-07	2.0684e-07	3.7147e-07	3.4893e-07	3.0416e-07	3.2419e-07	3.9162e-07	2.7811e-07	5.8456e-07	5.4043e-07	2.2067e-07	1.9708e-07	1.9345e-07
3.8024e-07	3.4534e-07	2.8414e-07	3.1568e-07	3.4385e-07	2.243e-07	3.4903e-07	3.6107e-07	2.2206e-07	1.7305e-07	4.3398e-07	3.7327e-07	2.3647e-07	3.1058e-07	1.0317e-07	4.8151e-07	3.7486e-07	3.6212e-07	2.8416e-07	2.4389e-07	2.3369e-07	1.2967e-07	5.9876e-07	3.7658e-07	1.938e-07	2.7998e-07	4.5972e-07	3.7966e-07	3.7056e-07	3.4202e-07	2.8255e-07	1.6443e-07	1.1294e-07	5.3347e-07	1.3358e-07	2.5741e-07	6.1835e-07	3.9939e-07	3.7528e-07	3.5064e-07	2.2851e-07	3.2493e-07	4.2637e-07	4.1756e-07	3.8036e-07	3.7605e-07	3.0222e-07	1.7461e-07	3.8131e-07	5.2685e-07	3.568e-07	2.3969e-07	3.1848e-07	3.2433e-07	3.7211e-07	4.8349e-07	2.8695e-07	4.8327e-07	3.2405e-07	4.5421e-07	3.7236e-07	3.7918e-07	2.9687e-07	2.2424e-07	1.4332e-07	1.3185e-07	6.771e-07	3.5138e-07	2.0045e-07	3.7617e-07	4.7113e-07	2.5959e-07	5.3747e-07	3.8658e-07	1.942e-07	2.3501e-07	4.6271e-07	2.7923e-07	4.2046e-07	3.5832e-07	3.5926e-07	2.8978e-07	2.3432e-07	2.2814e-07	2.6234e-07	4.3634e-07	3.6701e-07	3.0668e-07	2.8497e-07	2.6116e-07	2.9266e-07	3.2386e-07	2.3919e-07	3.4915e-07	2.443e-07	2.2882e-07	2.3388e-07	3.2689e-07	3.03e-07	2.3067e-07	2.6045e-07	2.8224e-07	3.083e-07	3.4517e-07	7.315e-07	4.5336e-07	3.6329e-07	2.3415e-07	2.7484e-07	2.3411e-07	1.7892e-07	2.4218e-07	2.9908e-07	7.3183e-07	3.2972e-07	1.8434e-07	1.9881e-07	1.9574e-07	1.9575e-07	2.2466e-07	2.4447e-07	2.9577e-07	2.7035e-07	3.8341e-07	5.1673e-07	2.8581e-07	2.0399e-07	1.9495e-07
2.7982e-07	1.9691e-07	2.7784e-07	4.6677e-07	3.2236e-07	2.3146e-07	3.6358e-07	3.8143e-07	3.4105e-07	3.496e-07	3.4578e-07	3.3802e-07	3.204e-07	3.4718e-07	3.2708e-07	2.3011e-07	2.5498e-07	3.0827e-07	2.6834e-07	1.5468e-07	3.2905e-07	1.8457e-07	5.4941e-07	2.9085e-07	1.2814e-07	1.3073e-07	6.2278e-07	3.929e-07	3.7483e-07	3.5999e-07	3.6652e-07	3.0303e-07	3.3112e-07	3.9844e-07	2.5054e-07	9.9458e-08	4.433e-07	4.9715e-07	3.7157e-07	3.6411e-07	3.2219e-07	1.5415e-07	3.1777e-07	4.7137e-07	3.4601e-07	2.3708e-07	1.8537e-07	1.409e-07	4.9498e-07	4.3757e-07	4.0562e-07	2.5754e-07	2.1438e-07	2.3745e-07	2.7836e-07	6.102e-07	3.1437e-07	3.6245e-07	4.4011e-07	2.0263e-07	4.4365e-07	3.829e-07	3.5571e-07	4.2809e-07	2.7255e-07	1.3946e-07	3.8907e-07	5.0382e-07	4.4341e-07	4.5695e-07	2.4846e-07	3.2091e-07	4.2715e-07	5.0069e-07	3.9206e-07	2.5732e-07	2.2365e-07	3.7437e-07	2.6581e-07	3.0909e-07	2.3492e-07	2.0923e-07	3.4274e-07	4.3e-07	2.6785e-07	4.1156e-07	4.2e-07	6.0537e-07	3.2476e-07	2.0378e-07	2.3416e-07	1.9648e-07	3.3433e-07	2.4902e-07	2.6046e-07	6.9847e-07	5.1435e-07	2.4698e-07	2.2155e-07	3.1234e-07	4.6674e-07	3.5266e-07	2.6803e-07	2.2708e-07	2.3444e-07	5.6294e-07	5.9996e-07	2.2507e-07	2.6783e-07	1.9801e-07	1.988e-07	2.2284e-07	4.3502e-07	5.6248e-07	7.447e-07	2.4959e-07	2.1033e-07	5.1033e-07	4.275e-07	3.168e-07	4.0932e-07	2.633e-07	2.1046e-07	2.0904e-07	3.2323e-07	1.999e-07	1.972e-07	1.9642e-07
2.0111e-07	2.4225e-07	2.5396e-07	2.9926e-07	2.3244e-07	3.0594e-07	1.6727e-07	4.9574e-07	3.3044e-07	2.0617e-07	3.9892e-07	1.6991e-07	2.9892e-07	3.0331e-07	2.2876e-07	2.3225e-07	2.3784e-07	2.1145e-07	3.2601e-07	3.3584e-07	4.8644e-07	2.8196e-07	3.9728e-07	3.3773e-07	3.3503e-07	2.4226e-07	9.7104e-08	1.3929e-07	4.8959e-07	4.4414e-07	3.5028e-07	3.8861e-07	3.765e-07	3.4763e-07	3.8127e-07	1.4161e-07	3.1704e-07	5.2393e-07	3.6662e-07	3.5785e-07	2.8525e-07	1.9878e-07	3.4057e-07	2.208e-07	1.1532e-07	1.3598e-07	1.8995e-07	5.1856e-07	6.0208e-07	3.9471e-07	3.4979e-07	2.1614e-07	2.2822e-07	5.4997e-07	3.6484e-07	3.6072e-07	2.141e-07	4.1934e-07	2.5307e-07	1.8114e-07	4.1897e-07	5.5049e-07	4.1808e-07	3.9326e-07	2.8039e-07	3.4039e-07	1.8702e-07	1.7589e-07	4.0715e-07	3.8705e-07	3.6812e-07	2.143e-07	6.208e-07	4.5078e-07	3.9652e-07	3.0281e-07	2.7308e-07	4.3235e-07	3.2536e-07	1.5463e-07	2.0091e-07	2.4332e-07	5.6151e-07	2.9189e-07	2.3861e-07	2.5436e-07	6.2104e-07	3.1977e-07	3.0342e-07	5.1136e-07	2.0908e-07	2.8104e-07	1.861e-07	2.8098e-07	3.6989e-07	5.2826e-07	6.5512e-07	4.0287e-07	2.4586e-07	3.3916e-07	2.7808e-07	4.2763e-07	3.973e-07	5.1921e-07	2.2409e-07	2.0167e-07	2.5781e-07	3.5959e-07	4.2345e-07	2.9018e-07	3.8202e-07	3.2503e-07	5.9897e-07	5.89e-07	4.5561e-07	4.5472e-07	4.2974e-07	4.0399e-07	5.2725e-07	4.4416e-07	5.0262e-07	3.1422e-07	2.1459e-07	1.9363e-07	1.9401e-07	1.9619e-07	1.984e-07	2.0058e-07
2.9543e-07	2.5403e-07	1.4892e-07	4.6055e-07	1.2583e-07	2.6263e-07	3.9692e-07	2.3399e-07	1.9481e-07	3.525e-07	2.5309e-07	2.3374e-07	4.9257e-07	2.972e-07	2.9401e-07	2.6252e-07	1.549e-07	1.2051e-07	2.9733e-07	2.7243e-07	1.9065e-07	2.2395e-07	2.7548e-07	3.9113e-07	4.0299e-07	2.3237e-07	2.1261e-07	1.4736e-07	6.0235e-07	4.4272e-07	3.7863e-07	3.6214e-07	3.5933e-07	3.6181e-07	3.7493e-07	3.1115e-07	2.8337e-07	4.3738e-07	3.8541e-07	3.5669e-07	3.7248e-07	1.6102e-07	3.9109e-07	4.4393e-07	1.5147e-07	1.2586e-07	1.8965e-07	1.124e-07	6.322e-07	4.7361e-07	3.388e-07	3.6138e-07	3.9495e-07	3.4249e-07	2.5482e-07	3.0147e-07	4.0827e-07	4.3318e-07	4.4451e-07	3.9913e-07	3.0738e-07	3.5602e-07	3.9933e-07	2.3914e-07	3.5224e-07	4.7603e-07	2.2677e-07	2.8723e-07	2.3473e-07	3.8447e-07	2.6616e-07	2.4479e-07	2.3504e-07	6.3528e-07	3.3337e-07	1.9774e-07	2.4533e-07	2.5895e-07	2.5306e-07	2.2187e-07	2.9991e-07	2.9582e-07	2.1644e-07	2.8162e-07	2.6017e-07	3.8524e-07	7.1149e-07	3.4883e-07	2.2062e-07	2.5411e-07	2.8888e-07	2.0095e-07	2.1569e-07	3.7015e-07	3.8572e-07	2.8365e-07	5.4131e-07	3.2146e-07	2.5838e-07	2.7736e-07	5.3308e-07	2.2768e-07	4.6521e-07	4.4193e-07	2.4149e-07	4.4835e-07	2.9692e-07	4.0155e-07	4.0204e-07	2.7129e-07	4.5035e-07	4.1139e-07	5.3117e-07	5.0432e-07	4.6495e-07	4.5577e-07	4.3263e-07	4.659e-07	4.9707e-07	4.775e-07	3.6822e-07	2.3e-07	2.0769e-07	2.3811e-07	1.993e-07	1.9728e-07	2.0546e-07	2.0621e-07
3.0953e-07	3.3942e-07	3.0732e-07	2.5363e-07	2.2187e-07	1.315e-07	3.8159e-07	4.3563e-07	3.3933e-07	3.6476e-07	3.0135e-07	1.3092e-07	2.3266e-07	4.6696e-07	2.957e-07	1.84e-07	4.8527e-07	2.1314e-07	1.3331e-07	1.1977e-07	2.49e-07	5.8748e-07	3.9177e-07	3.1599e-07	3.6703e-07	1.6378e-07	2.5176e-07	1.6352e-07	3.3475e-07	5.9298e-07	3.633e-07	3.8509e-07	3.7144e-07	3.3927e-07	2.1211e-07	1.9517e-07	5.3537e-07	3.241e-07	4.1838e-07	3.643e-07	2.4288e-07	3.132e-07	2.4735e-07	1.5983e-07	5.5775e-07	4.1859e-07	3.2439e-07	3.9291e-07	3.508e-07	4.3214e-07	3.4533e-07	3.7665e-07	3.7661e-07	3.3409e-07	2.7574e-07	3.1426e-07	4.3055e-07	4.3393e-07	4.0007e-07	4.0401e-07	3.4754e-07	2.8691e-07	2.6111e-07	4.2323e-07	2.232e-07	2.7027e-07	4.0711e-07	3.095e-07	3.6812e-07	2.4992e-07	2.1051e-07	3.4987e-07	3.2842e-07	6.5044e-07	3.7268e-07	3.1126e-07	2.0348e-07	2.4834e-07	3.1719e-07	3.9354e-07	5.1992e-07	1.8201e-07	2.2241e-07	4.9297e-07	2.4049e-07	2.8767e-07	5.5392e-07	4.952e-07	4.3835e-07	2.7954e-07	2.2813e-07	2.6234e-07	2.0268e-07	2.9137e-07	2.0895e-07	2.7923e-07	5.1469e-07	6.4445e-07	5.1616e-07	4.2572e-07	4.5804e-07	3.4348e-07	2.353e-07	2.7363e-07	3.4398e-07	4.3807e-07	3.7628e-07	4.4971e-07	4.6152e-07	5.7215e-07	2.9848e-07	2.3848e-07	3.9531e-07	6.9873e-07	4.3214e-07	4.9215e-07	4.527e-07	4.824e-07	4.8338e-07	4.5312e-07	3.1756e-07	3.6125e-07	2.5716e-07	2.0616e-07	1.9945e-07	2.0594e-07	2.0126e-07	2.0584e-07
2.5107e-07	1.901e-07	3.8559e-07	3.7337e-07	3.2991e-07	2.5608e-07	2.4588e-07	1.6143e-07	4.8307e-07	3.3026e-07	2.5651e-07	2.2876e-07	2.0307e-07	5.0773e-07	2.4887e-07	2.9549e-07	3.1495e-07	2.3714e-07	1.1613e-07	3.5707e-07	5.0322e-07	3.4369e-07	2.4222e-07	1.862e-07	3.305e-07	4.5992e-07	2.4501e-07	2.5923e-07	1.6064e-07	4.1865e-07	3.9758e-07	3.3248e-07	3.6113e-07	2.7807e-07	1.1765e-07	1.5058e-07	2.1913e-07	3.5185e-07	5.8293e-07	3.8868e-07	3.3281e-07	3.2228e-07	3.9882e-07	2.93e-07	4.2549e-07	3.554e-07	3.0861e-07	2.7996e-07	4.459e-07	3.8598e-07	3.7297e-07	3.669e-07	3.6379e-07	3.0687e-07	2.0412e-07	5.579e-07	3.893e-07	3.979e-07	3.7832e-07	3.8991e-07	2.1581e-07	1.419e-07	1.641e-07	1.743e-07	1.9081e-07	6.3916e-07	3.7171e-07	2.9852e-07	3.8635e-07	3.6227e-07	2.2653e-07	2.3696e-07	2.9017e-07	5.0036e-07	4.8424e-07	3.3728e-07	1.7814e-07	2.1493e-07	1.8834e-07	2.5423e-07	3.1386e-07	2.527e-07	6.4443e-07	5.2354e-07	4.2072e-07	3.1047e-07	2.8872e-07	3.9504e-07	5.4035e-07	2.9113e-07	1.7519e-07	1.9356e-07	2.2769e-07	2.6955e-07	2.721e-07	2.9494e-07	2.3599e-07	5.8272e-07	5.423e-07	4.2786e-07	4.7102e-07	4.0547e-07	2.0073e-07	2.1866e-07	2.6389e-07	3.8381e-07	6.186e-07	5.4533e-07	4.37e-07	3.4832e-07	2.3038e-07	2.9912e-07	2.707e-07	4.7617e-07	3.1143e-07	4.4122e-07	6.0109e-07	5.0967e-07	4.1746e-07	3.4096e-07	2.1669e-07	2.4118e-07	2.4696e-07	2.1771e-07	2.0242e-07	2.1708e-07	2.2654e-07	2.0115e-07
2.8602e-07	2.5438e-07	3.6755e-07	3.187e-07	2.4636e-07	2.5814e-07	3.7383e-07	3.0322e-07	3.0881e-07	2.8759e-07	2.4113e-07	2.8036e-07	2.8111e-07	3.6999e-07	2.6635e-07	2.4663e-07	4.7095e-07	2.5023e-07	2.6422e-07	4.56e-07	3.1096e-07	3.2041e-07	2.645e-07	3.755e-07	3.5012e-07	3.4892e-07	2.6943e-07	2.7205e-07	4.2525e-07	3.7522e-07	3.4433e-07	3.3147e-07	2.3318e-07	4.2526e-07	2.771e-07	3.9831e-07	2.764e-07	2.8169e-07	2.2897e-07	5.3977e-07	3.3731e-07	4.0118e-07	3.4516e-07	3.0702e-07	4.3644e-07	3.7479e-07	3.6058e-07	3.6036e-07	3.8688e-07	3.8414e-07	3.7781e-07	3.3938e-07	4.0669e-07	3.9207e-07	4.133e-07	4.1353e-07	3.4667e-07	4.7054e-07	4.1009e-07	3.8279e-07	3.2516e-07	3.6184e-07	3.7159e-07	2.1458e-07	1.7078e-07	4.2808e-07	4.7597e-07	3.6763e-07	3.5635e-07	4.5674e-07	4.3203e-07	3.3873e-07	3.0739e-07	5.1492e-07	4.4513e-07	4.3996e-07	2.5363e-07	2.0589e-07	2.5543e-07	2.8154e-07	3.2774e-07	2.5514e-07	5.4442e-07	6.1594e-07	4.4453e-07	3.2105e-07	1.8867e-07	2.9567e-07	6.4622e-07	3.5755e-07	2.4764e-07	2.7539e-07	2.439e-07	2.9824e-07	3.393e-07	3.9098e-07	5.0641e-07	2.4294e-07	2.7009e-07	5.1212e-07	5.5679e-07	4.3424e-07	3.5351e-07	2.6066e-07	5.1394e-07	4.0294e-07	5.7766e-07	4.8102e-07	4.3846e-07	3.3066e-07	3.5215e-07	2.983e-07	2.9973e-07	3.2193e-07	4.1036e-07	3.834e-07	6.7208e-07	2.9618e-07	4.4787e-07	3.2537e-07	2.9649e-07	5.1284e-07	3.1023e-07	3.0085e-07	2.1461e-07	2.1026e-07	2.1057e-07	2.1788e-07
3.3755e-07	3.0879e-07	2.5817e-07	2.7786e-07	2.5964e-07	1.3488e-07	2.3295e-07	5.4742e-07	3.8697e-07	1.7832e-07	4.0235e-07	2.9608e-07	4.0112e-07	3.3853e-07	3.3085e-07	3.0037e-07	2.6887e-07	3.7076e-07	3.9941e-07	3.7414e-07	3.6005e-07	3.4546e-07	2.183e-07	4.8602e-07	3.703e-07	3.0966e-07	2.7967e-07	2.6298e-07	1.7505e-07	5.154e-07	4.4866e-07	3.6241e-07	2.4691e-07	4.607e-07	2.5944e-07	2.1347e-07	2.8315e-07	3.3551e-07	2.1472e-07	4.7767e-07	4.65e-07	3.7943e-07	3.2877e-07	2.9394e-07	4.7405e-07	4.2478e-07	4.0135e-07	3.9809e-07	3.8861e-07	3.8853e-07	4.1048e-07	3.7257e-07	4.1915e-07	3.9241e-07	2.9251e-07	4.4046e-07	3.304e-07	2.743e-07	4.0432e-07	2.8889e-07	4.836e-07	2.3674e-07	3.6721e-07	1.7971e-07	1.6974e-07	4.6667e-07	4.2621e-07	1.9705e-07	3.5215e-07	5.6707e-07	3.7563e-07	4.0357e-07	5.1679e-07	4.3673e-07	3.5281e-07	4.1994e-07	2.9803e-07	1.7961e-07	2.029e-07	2.11e-07	3.0228e-07	2.0666e-07	1.7989e-07	7.8848e-07	3.1058e-07	4.3644e-07	2.0308e-07	2.6346e-07	3.4742e-07	2.5416e-07	4.3533e-07	3.8399e-07	2.0205e-07	1.9669e-07	3.2363e-07	3.4572e-07	4.4217e-07	2.7643e-07	2.5671e-07	2.0492e-07	1.9e-07	4.348e-07	4.1381e-07	2.9977e-07	4.6403e-07	3.5048e-07	6.3762e-07	5.6713e-07	3.1678e-07	4.3195e-07	2.9935e-07	3.8167e-07	3.7458e-07	4.6057e-07	4.1164e-07	4.2837e-07	2.6866e-07	2.4849e-07	3.3223e-07	3.7806e-07	3.1375e-07	2.9249e-07	3.772e-07	2.3707e-07	2.1446e-07	2.0824e-07	2.0386e-07	2.0273e-07
3.317e-07	3.0122e-07	3.1345e-07	3.0854e-07	3.0097e-07	3.0288e-07	3.5707e-07	3.0499e-07	3.4669e-07	3.8097e-07	3.3823e-07	2.6293e-07	3.5769e-07	3.529e-07	3.3996e-07	1.6492e-07	1.5078e-07	2.9827e-07	5.1758e-07	3.9091e-07	3.3249e-07	2.1538e-07	4.1357e-07	3.1851e-07	4.1575e-07	3.6284e-07	1.8382e-07	2.5335e-07	2.9374e-07	5.3607e-07	3.7647e-07	3.2866e-07	2.9394e-07	4.1979e-07	2.9695e-07	4.2869e-07	2.752e-07	3.8148e-07	3.8884e-07	3.4159e-07	4.4014e-07	3.7561e-07	3.38e-07	3.9883e-07	3.3156e-07	4.5152e-07	3.9198e-07	3.7901e-07	3.8906e-07	3.5992e-07	3.7542e-07	3.9147e-07	3.9522e-07	3.0091e-07	3.0815e-07	4.6157e-07	2.9459e-07	3.3168e-07	4.6657e-07	3.7128e-07	2.8305e-07	3.2505e-07	4.1855e-07	3.2454e-07	3.5799e-07	4.7818e-07	4.1792e-07	2.245e-07	4.2708e-07	5.0812e-07	3.5959e-07	3.7275e-07	3.6083e-07	3.9241e-07	4.3936e-07	3.971e-07	3.7187e-07	2.1254e-07	2.3691e-07	2.2612e-07	2.7285e-07	3.6592e-07	3.4613e-07	6.6342e-07	2.3769e-07	1.9104e-07	3.0812e-07	2.8682e-07	6.1382e-07	3.3299e-07	3.8504e-07	2.4862e-07	2.6914e-07	5.0344e-07	3.6961e-07	3.1662e-07	2.7868e-07	2.5041e-07	2.6526e-07	3.1461e-07	2.3729e-07	2.622e-07	3.144e-07	2.0134e-07	2.2913e-07	5.4961e-07	4.4158e-07	4.4297e-07	3.0148e-07	3.1611e-07	4.1163e-07	3.8448e-07	3.7061e-07	3.0446e-07	5.0978e-07	2.0573e-07	3.2427e-07	6.0061e-07	5.0323e-07	2.491e-07	2.1794e-07	2.6159e-07	3.3498e-07	2.505e-07	2.4683e-07	2.0708e-07	2.2943e-07	2.0746e-07
3.3366e-07	3.1963e-07	3.1007e-07	2.8874e-07	2.0051e-07	4.578e-07	2.4263e-07	1.9699e-07	5.2283e-07	3.446e-07	3.0767e-07	3.6193e-07	3.2308e-07	3.5241e-07	2.6864e-07	1.4842e-07	8.5537e-08	1.0392e-07	4.0711e-07	4.4007e-07	3.875e-07	1.8879e-07	2.1553e-07	3.2485e-07	4.4688e-07	2.0246e-07	2.0955e-07	2.4135e-07	5.9502e-07	3.7786e-07	3.3815e-07	2.0829e-07	3.0324e-07	4.5452e-07	4.3131e-07	3.004e-07	2.5552e-07	2.9876e-07	2.5605e-07	5.0697e-07	4.4221e-07	3.4842e-07	4.0663e-07	3.9339e-07	1.8576e-07	5.1944e-07	3.8965e-07	3.7331e-07	3.6555e-07	3.5636e-07	3.9874e-07	3.9125e-07	2.6713e-07	3.4667e-07	3.4363e-07	4.429e-07	4.1684e-07	3.6884e-07	4.3567e-07	3.4346e-07	3.6874e-07	3.2367e-07	3.8281e-07	2.9608e-07	2.3646e-07	4.4098e-07	4.5167e-07	2.2754e-07	4.0706e-07	2.4289e-07	5.6951e-07	3.1028e-07	4.703e-07	3.9699e-07	4.169e-07	3.8128e-07	4.4661e-07	1.984e-07	2.6939e-07	2.6917e-07	3.3094e-07	2.9531e-07	2.8253e-07	2.9532e-07	2.4489e-07	2.2978e-07	4.4852e-07	2.5937e-07	3.3415e-07	3.0112e-07	3.1091e-07	2.8301e-07	3.6308e-07	4.7442e-07	2.9547e-07	2.8295e-07	2.6102e-07	2.0991e-07	2.437e-07	2.6013e-07	3.1987e-07	4.2581e-07	2.7308e-07	2.7769e-07	2.9206e-07	3.6972e-07	3.2488e-07	3.7498e-07	3.136e-07	3.1248e-07	3.478e-07	3.2085e-07	3.7984e-07	3.561e-07	3.0518e-07	2.8801e-07	2.5659e-07	3.7093e-07	4.4743e-07	3.4967e-07	3.2628e-07	3.4477e-07	3.9555e-07	3.3799e-07	3.3807e-07	2.2459e-07	2.0825e-07	2.1125e-07
3.2627e-07	3.2084e-07	2.9031e-07	3.3063e-07	1.7955e-07	1.1464e-07	3.2415e-07	4.7907e-07	3.5487e-07	3.4734e-07	2.7673e-07	2.4508e-07	3.8913e-07	2.2417e-07	8.632e-08	3.7436e-07	1.3238e-07	2.9884e-07	5.8535e-07	3.4062e-07	1.5572e-07	4.5167e-07	3.0505e-07	4.0904e-07	3.3978e-07	2.001e-07	2.1202e-07	2.4645e-07	2.0941e-07	5.939e-07	3.338e-07	1.8005e-07	4.5096e-07	3.9857e-07	3.5751e-07	3.1439e-07	2.916e-07	3.4849e-07	2.6352e-07	3.2569e-07	3.1764e-07	2.5786e-07	4.1274e-07	1.6753e-07	2.983e-07	5.9512e-07	3.8497e-07	3.7354e-07	3.6578e-07	3.6721e-07	3.3953e-07	2.8947e-07	4.2909e-07	2.9777e-07	5.0095e-07	3.6843e-07	3.5654e-07	3.1436e-07	4.6189e-07	4.2934e-07	4.0459e-07	3.2581e-07	3.92e-07	3.6575e-07	3.391e-07	4.7069e-07	3.4083e-07	2.2477e-07	3.5516e-07	3.1444e-07	2.7439e-07	4.2811e-07	4.775e-07	4.556e-07	3.8132e-07	4.3956e-07	3.6827e-07	2.8735e-07	2.2972e-07	4.497e-07	4.2578e-07	4.6527e-07	4.4221e-07	3.0301e-07	1.9187e-07	2.3931e-07	2.3661e-07	2.5683e-07	2.3748e-07	2.6625e-07	2.8481e-07	2.5403e-07	2.8951e-07	3.236e-07	3.2004e-07	3.5792e-07	3.1423e-07	6.043e-07	5.4651e-07	3.0494e-07	2.4472e-07	3.0971e-07	2.4593e-07	2.5201e-07	2.7144e-07	4.3344e-07	4.2943e-07	2.2168e-07	2.2566e-07	2.404e-07	6.3926e-07	3.2651e-07	4.0669e-07	5.2864e-07	5.2587e-07	4.5627e-07	2.3237e-07	2.4602e-07	3.0058e-07	4.1376e-07	2.9002e-07	4.1212e-07	2.7015e-07	3.1339e-07	3.8082e-07	2.441e-07	2.1658e-07	2.0867e-07
3.2691e-07	2.4321e-07	3.1758e-07	3.0903e-07	7.9387e-08	1.638e-07	1.1783e-07	4.4094e-07	5.1155e-07	3.8132e-07	1.6543e-07	3.4907e-07	3.2054e-07	3.2527e-07	4.0455e-07	1.701e-07	2.3637e-07	5.129e-07	3.7726e-07	2.2284e-07	1.4353e-07	1.696e-07	1.1766e-07	1.2029e-07	1.8547e-07	4.4681e-07	5.5466e-07	2.8587e-07	3.8971e-07	3.9417e-07	2.87e-07	2.4797e-07	4.747e-07	3.8673e-07	2.3159e-07	4.7505e-07	4.0747e-07	3.774e-07	3.3027e-07	2.5985e-07	3.83e-07	4.2564e-07	4.1391e-07	1.9716e-07	3.1765e-07	5.5582e-07	4.0518e-07	3.8996e-07	3.2292e-07	4.466e-07	3.6447e-07	3.7464e-07	2.0968e-07	4.1875e-07	3.01e-07	3.7462e-07	3.4548e-07	3.1331e-07	3.8918e-07	4.6107e-07	3.2663e-07	3.9901e-07	4.3892e-07	3.1554e-07	3.7532e-07	4.8513e-07	3.2632e-07	3.4612e-07	3.951e-07	3.3518e-07	3.1234e-07	2.7353e-07	3.962e-07	4.865e-07	4.4983e-07	3.1326e-07	2.4066e-07	3.3671e-07	4.533e-07	4.3271e-07	4.2053e-07	3.1576e-07	4.3565e-07	2.0401e-07	2.3278e-07	2.7152e-07	2.2776e-07	2.5908e-07	2.7543e-07	4.3504e-07	3.6146e-07	2.4916e-07	2.9435e-07	3.3672e-07	4.7833e-07	3.2072e-07	2.6826e-07	3.181e-07	2.9088e-07	2.9958e-07	3.5827e-07	3.1039e-07	4.4502e-07	3.0293e-07	3.6204e-07	3.3669e-07	2.6976e-07	2.821e-07	2.4734e-07	3.7327e-07	3.3971e-07	7.5866e-07	3.906e-07	2.7091e-07	2.5434e-07	3.3001e-07	2.5971e-07	2.5127e-07	3.5069e-07	4.5479e-07	3.2227e-07	4.3001e-07	4.7824e-07	2.6629e-07	3.2277e-07	2.333e-07	2.09e-07	2.0938e-07
2.8623e-07	3.6089e-07	2.6542e-07	2.4322e-07	2.6385e-07	1.6088e-07	4.6613e-07	4.0044e-07	3.0129e-07	3.8623e-07	2.5022e-07	3.5886e-07	3.3367e-07	3.4218e-07	3.7571e-07	3.4538e-07	2.4241e-07	3.4494e-07	1.1011e-07	1.0228e-07	1.5722e-07	5.899e-07	3.8365e-07	3.8332e-07	2.9223e-07	4.1948e-07	2.0768e-07	2.4972e-07	5.3322e-07	3.6598e-07	2.2352e-07	3.4213e-07	3.415e-07	4.54e-07	3.8268e-07	3.762e-07	3.5689e-07	3.4362e-07	3.4692e-07	2.7583e-07	4.2789e-07	2.3541e-07	2.1542e-07	2.173e-07	2.1288e-07	2.8207e-07	5.9437e-07	4.4625e-07	4.0512e-07	3.3346e-07	3.4351e-07	2.8277e-07	4.8801e-07	4.0075e-07	3.7548e-07	4.0728e-07	2.7465e-07	3.6143e-07	2.9892e-07	5.4222e-07	4.3996e-07	3.6421e-07	4.2504e-07	3.7468e-07	3.85e-07	4.2948e-07	4.0751e-07	3.1545e-07	2.7454e-07	4.2098e-07	3.314e-07	2.1702e-07	2.7223e-07	3.3587e-07	6.1754e-07	3.1319e-07	3.5853e-07	2.6152e-07	3.3154e-07	3.723e-07	2.5546e-07	3.0759e-07	3.7685e-07	2.621e-07	2.8288e-07	2.9804e-07	2.8859e-07	2.2676e-07	3.1601e-07	3.2381e-07	6.3274e-07	6.4385e-07	2.7901e-07	2.5925e-07	2.6811e-07	2.7021e-07	2.8293e-07	3.6865e-07	2.7581e-07	3.0589e-07	3.3056e-07	4.5762e-07	2.9435e-07	5.6067e-07	6.3223e-07	2.5551e-07	2.2679e-07	2.3545e-07	2.5064e-07	2.6655e-07	2.2072e-07	3.483e-07	8.3082e-07	3.9845e-07	3.1314e-07	4.2849e-07	2.842e-07	2.6834e-07	4.417e-07	3.1949e-07	5.6235e-07	2.8695e-07	3.1335e-07	5.0581e-07	3.002e-07	2.111e-07	2.1951e-07	2.209e-07
3.2849e-07	3.2561e-07	3.2415e-07	2.1195e-07	9.053e-08	5.3753e-07	3.4235e-07	3.1239e-07	3.3148e-07	2.9053e-07	1.9131e-07	1.753e-07	1.7808e-07	5.0932e-07	3.0319e-07	4.0617e-07	3.3117e-07	2.2854e-07	1.4113e-07	2.3934e-07	5.2532e-07	3.5781e-07	2.7228e-07	2.0658e-07	2.6572e-07	4.3688e-07	3.6394e-07	2.1676e-07	4.5838e-07	2.7917e-07	3.6505e-07	4.1852e-07	3.5448e-07	3.5857e-07	3.291e-07	2.5868e-07	3.4587e-07	3.0616e-07	3.7932e-07	4.5572e-07	3.5061e-07	3.4645e-07	3.2444e-07	3.5662e-07	2.8518e-07	4.0271e-07	3.6225e-07	2.4031e-07	3.5176e-07	4.4904e-07	2.9248e-07	3.0148e-07	3.8924e-07	4.0653e-07	3.0314e-07	2.9707e-07	4.0267e-07	3.4587e-07	4.0088e-07	3.32e-07	3.233e-07	3.7985e-07	4.0423e-07	3.1832e-07	3.4713e-07	3.3933e-07	3.3558e-07	2.0659e-07	2.208e-07	3.1718e-07	4.3734e-07	3.2833e-07	4.5384e-07	3.0613e-07	4.528e-07	2.8042e-07	3.072e-07	2.334e-07	2.6505e-07	2.5523e-07	3.4568e-07	4.5271e-07	3.0658e-07	2.9766e-07	2.551e-07	2.5784e-07	2.3336e-07	3.3303e-07	3.5374e-07	2.8425e-07	2.8898e-07	2.4196e-07	2.798e-07	3.3002e-07	4.4995e-07	3.2706e-07	3.2988e-07	3.3352e-07	3.1245e-07	3.0079e-07	2.3265e-07	3.4156e-07	4.574e-07	3.1561e-07	3.3073e-07	5.8378e-07	2.6605e-07	2.6542e-07	2.6385e-07	3.3225e-07	2.5695e-07	2.5703e-07	7.7528e-07	4.4889e-07	3.4685e-07	6.0366e-07	2.8604e-07	3.1255e-07	2.4236e-07	3.1736e-07	3.2047e-07	3.2355e-07	3.1084e-07	3.7629e-07	2.8471e-07	2.1114e-07	2.1178e-07	2.1152e-07
3.6213e-07	1.7985e-07	1.161e-07	1.6305e-07	1.0467e-07	4.6096e-07	3.1269e-07	4.4511e-07	2.1932e-07	4.4612e-07	3.388e-07	3.0794e-07	2.7049e-07	3.8063e-07	3.3904e-07	3.3001e-07	3.1539e-07	2.624e-07	1.1293e-07	5.0957e-07	3.9273e-07	3.433e-07	3.3202e-07	2.121e-07	4.0309e-07	3.0211e-07	2.8748e-07	3.3643e-07	3.5814e-07	2.2742e-07	4.4444e-07	3.2808e-07	2.3778e-07	4.7081e-07	2.5148e-07	3.2955e-07	3.5221e-07	3.566e-07	2.4376e-07	4.1623e-07	3.6842e-07	3.4761e-07	3.7124e-07	4.0049e-07	3.7009e-07	3.735e-07	3.462e-07	3.2532e-07	2.9641e-07	4.5977e-07	3.5702e-07	4.0776e-07	3.3595e-07	3.9164e-07	3.3063e-07	3.381e-07	3.6011e-07	3.2539e-07	4.1442e-07	3.3946e-07	3.791e-07	3.5916e-07	3.2879e-07	3.0348e-07	2.8822e-07	3.8666e-07	2.7409e-07	3.9278e-07	4.2848e-07	4.6741e-07	3.131e-07	2.8479e-07	3.0835e-07	3.331e-07	2.4288e-07	2.0388e-07	2.4997e-07	4.4029e-07	3.462e-07	2.8568e-07	4.4739e-07	4.2422e-07	2.3211e-07	2.6503e-07	3.5061e-07	2.4509e-07	3.2085e-07	6.2179e-07	2.3441e-07	2.5324e-07	4.01e-07	3.5206e-07	3.4592e-07	2.3481e-07	3.3062e-07	2.8848e-07	2.6988e-07	3.036e-07	3.7796e-07	4.1149e-07	5.1732e-07	2.9589e-07	3.1723e-07	2.6769e-07	2.7343e-07	3.7709e-07	3.2808e-07	2.9433e-07	3.9581e-07	4.2686e-07	4.8428e-07	2.2163e-07	3.4201e-07	3.5312e-07	3.0669e-07	5.6601e-07	2.9841e-07	3.4683e-07	2.4701e-07	2.6149e-07	2.6558e-07	3.0638e-07	3.1145e-07	2.867e-07	2.2397e-07	2.2986e-07	2.1745e-07	2.1175e-07
3.2223e-07	3.2869e-07	3.0927e-07	2.2613e-07	1.3692e-07	4.562e-07	3.2357e-07	2.899e-07	1.4076e-07	3.0306e-07	4.9518e-07	3.2137e-07	3.0386e-07	3.7635e-07	3.4362e-07	3.5244e-07	2.3874e-07	1.1833e-07	2.7216e-07	4.3814e-07	4.5003e-07	3.5201e-07	3.5861e-07	3.0401e-07	1.8814e-07	4.2057e-07	3.9297e-07	2.9874e-07	2.4441e-07	4.6049e-07	3.3531e-07	4.0199e-07	3.2842e-07	3.8152e-07	3.3447e-07	3.6334e-07	3.5292e-07	3.6781e-07	3.2312e-07	3.5908e-07	2.95e-07	3.3486e-07	4.4988e-07	3.8133e-07	3.783e-07	3.8074e-07	3.6897e-07	3.6327e-07	3.5439e-07	3.7183e-07	3.0812e-07	3.4997e-07	3.6322e-07	3.9768e-07	3.9836e-07	3.0634e-07	4.0557e-07	3.8003e-07	3.4224e-07	3.4292e-07	3.1753e-07	3.3426e-07	4.096e-07	3.6423e-07	3.0993e-07	4.7254e-07	2.5429e-07	2.8868e-07	4.3426e-07	3.8818e-07	2.8993e-07	2.8168e-07	2.5379e-07	2.4003e-07	2.4457e-07	2.5222e-07	3.4763e-07	4.3913e-07	2.6329e-07	5.735e-07	4.34e-07	3.3778e-07	2.0188e-07	4.6465e-07	3.6509e-07	3.4972e-07	2.307e-07	3.6326e-07	2.5815e-07	2.4335e-07	3.4171e-07	2.9968e-07	2.6109e-07	2.2851e-07	3.3179e-07	4.2194e-07	4.3908e-07	3.1912e-07	3.2967e-07	2.5883e-07	3.413e-07	5.8756e-07	3.8889e-07	2.6511e-07	3.2537e-07	3.6063e-07	5.1386e-07	3.0483e-07	3.6589e-07	3.3953e-07	5.4462e-07	3.05e-07	2.8168e-07	2.6571e-07	3.4112e-07	3.0089e-07	2.773e-07	3.4991e-07	2.7619e-07	2.412e-07	2.7057e-07	2.9146e-07	3.5195e-07	3.1715e-07	4.5561e-07	3.5965e-07	2.2525e-07	2.1727e-07
3.1616e-07	2.8099e-07	3.4984e-07	2.5737e-07	3.1179e-07	3.692e-07	3.0662e-07	1.7879e-07	3.1983e-07	3.1008e-07	4.2221e-07	3.3169e-07	2.241e-07	4.0594e-07	3.4044e-07	3.3448e-07	3.3377e-07	1.6701e-07	1.7646e-07	1.3923e-07	5.9463e-07	3.6386e-07	3.3443e-07	3.2119e-07	2.8212e-07	3.3774e-07	3.9631e-07	1.8242e-07	5.2037e-07	3.6786e-07	3.6532e-07	3.7016e-07	3.3604e-07	3.6885e-07	3.4958e-07	2.1567e-07	4.3955e-07	3.9804e-07	3.7311e-07	3.1206e-07	3.8256e-07	3.5163e-07	3.579e-07	4.3455e-07	3.8907e-07	3.8509e-07	3.7407e-07	3.806e-07	3.4494e-07	3.3591e-07	3.5642e-07	3.5197e-07	3.8429e-07	3.6956e-07	2.8586e-07	4.5585e-07	3.794e-07	3.8154e-07	3.428e-07	3.0534e-07	2.956e-07	3.4608e-07	4.1647e-07	4.5749e-07	3.0214e-07	2.4904e-07	1.8687e-07	2.7038e-07	5.1804e-07	2.984e-07	2.5723e-07	3.04e-07	4.357e-07	2.6519e-07	2.1266e-07	3.3859e-07	4.146e-07	3.2007e-07	3.3942e-07	3.2394e-07	6.1554e-07	4.0735e-07	2.5135e-07	3.3081e-07	4.3057e-07	2.7937e-07	3.5614e-07	2.7398e-07	3.272e-07	2.8745e-07	4.8208e-07	3.6024e-07	2.9241e-07	2.4138e-07	3.3614e-07	2.7063e-07	3.9506e-07	2.7964e-07	3.7422e-07	5.1117e-07	3.7006e-07	3.4779e-07	3.0579e-07	3.5815e-07	3.562e-07	3.8782e-07	3.8947e-07	4.002e-07	3.0248e-07	2.8396e-07	3.1531e-07	4.2088e-07	3.6253e-07	2.2315e-07	2.5652e-07	2.962e-07	3.5321e-07	4.3785e-07	4.4385e-07	3.8397e-07	2.8294e-07	2.7605e-07	3.1929e-07	2.6833e-07	2.4636e-07	2.2142e-07	2.1397e-07	2.1423e-07
3.2981e-07	3.1707e-07	2.8396e-07	2.7815e-07	1.6022e-07	5.2112e-07	3.2927e-07	1.5276e-07	4.483e-07	1.3125e-07	4.4475e-07	3.2018e-07	3.0068e-07	3.737e-07	2.789e-07	3.0377e-07	3.9523e-07	3.1829e-07	3.5316e-07	3.2343e-07	1.7302e-07	5.1671e-07	3.6814e-07	3.7407e-07	3.6796e-07	3.2488e-07	3.074e-07	3.4206e-07	1.7147e-07	1.9135e-07	2.8949e-07	4.6428e-07	4.9016e-07	3.5907e-07	3.491e-07	2.3157e-07	4.6558e-07	3.7228e-07	3.8012e-07	3.013e-07	4.3578e-07	3.8283e-07	3.8104e-07	1.9654e-07	3.1793e-07	1.3006e-07	5.7354e-07	4.5155e-07	3.6733e-07	2.581e-07	4.9203e-07	2.9538e-07	2.9201e-07	3.4005e-07	4.0418e-07	4.6711e-07	3.6305e-07	2.8974e-07	4.1927e-07	3.9336e-07	3.3644e-07	2.3313e-07	4.6631e-07	3.0686e-07	2.6569e-07	2.5718e-07	4.2728e-07	2.435e-07	2.1924e-07	2.9454e-07	3.5185e-07	2.7258e-07	3.7308e-07	3.0056e-07	2.1769e-07	2.6486e-07	4.6036e-07	3.08e-07	2.5662e-07	2.5535e-07	2.8956e-07	3.6914e-07	2.479e-07	3.3637e-07	3.3712e-07	3.1335e-07	3.8003e-07	5.1357e-07	3.8244e-07	4.2549e-07	4.8639e-07	2.5423e-07	2.6654e-07	3.0344e-07	3.8456e-07	3.0161e-07	2.9119e-07	2.9063e-07	4.2695e-07	3.5259e-07	3.2911e-07	4.0322e-07	4.7091e-07	2.6901e-07	4.8764e-07	4.4118e-07	2.2819e-07	2.7994e-07	3.3136e-07	5.3142e-07	2.6341e-07	3.2604e-07	2.7834e-07	3.1367e-07	3.1053e-07	3.3532e-07	3.1882e-07	4.6537e-07	3.8712e-07	3.6563e-07	3.8724e-07	3.2668e-07	2.789e-07	2.6518e-07	2.3241e-07	2.2015e-07	2.1854e-07	2.1588e-07
3.2944e-07	2.7049e-07	2.5021e-07	2.909e-07	4.5639e-07	3.4101e-07	2.689e-07	2.029e-07	2.6129e-07	3.228e-07	3.2738e-07	1.1667e-07	2.1961e-07	6.0804e-07	3.4783e-07	2.0417e-07	1.0911e-07	2.233e-07	4.7212e-07	1.599e-07	3.6367e-07	1.8821e-07	2.2846e-07	5.9795e-07	2.4298e-07	4.4285e-07	3.2458e-07	2.2592e-07	3.5504e-07	4.4167e-07	3.7207e-07	2.6314e-07	4.0302e-07	4.0902e-07	3.7917e-07	1.784e-07	4.7687e-07	3.5713e-07	1.5407e-07	3.6745e-07	4.8476e-07	3.8974e-07	1.5225e-07	1.8128e-07	1.6553e-07	2.9836e-07	3.0485e-07	2.8648e-07	5.9578e-07	4.549e-07	3.9367e-07	3.069e-07	4.2907e-07	2.9134e-07	3.1448e-07	2.4222e-07	5.2055e-07	4.0832e-07	3.3081e-07	2.845e-07	4.3795e-07	4.3244e-07	3.6731e-07	4.1085e-07	2.4278e-07	3.8333e-07	3.4595e-07	3.1055e-07	4.4705e-07	2.6166e-07	2.4835e-07	2.5964e-07	4.2269e-07	4.8e-07	2.58e-07	3.0465e-07	3.5206e-07	1.9617e-07	2.207e-07	1.9367e-07	2.5588e-07	3.2144e-07	2.4307e-07	2.4645e-07	2.3722e-07	2.4709e-07	2.4004e-07	2.1218e-07	2.3075e-07	2.7373e-07	3.6891e-07	2.3721e-07	2.9586e-07	4.3901e-07	5.2271e-07	4.3009e-07	3.1418e-07	4.7779e-07	4.4581e-07	3.7381e-07	2.9784e-07	3.9392e-07	4.1744e-07	2.35e-07	3.5377e-07	3.1653e-07	3.108e-07	3.1047e-07	3.0312e-07	3.4662e-07	3.1539e-07	2.6946e-07	4.4211e-07	2.8904e-07	2.497e-07	4.2746e-07	6.1811e-07	2.3644e-07	2.2171e-07	3.2217e-07	2.7463e-07	3.0219e-07	3.8466e-07	2.6616e-07	2.8649e-07	2.3729e-07	2.1813e-07	2.1671e-07
3.1834e-07	3.2255e-07	2.012e-07	2.7947e-07	3.3868e-07	4.0007e-07	2.167e-07	4.1692e-07	3.2291e-07	2.322e-07	4.3437e-07	3.1568e-07	3.3736e-07	3.8079e-07	3.4603e-07	3.2867e-07	2.3972e-07	2.4768e-07	3.3183e-07	3.1534e-07	1.86e-07	5.6085e-07	3.8116e-07	3.5982e-07	2.6225e-07	1.7503e-07	3.2541e-07	3.691e-07	2.2282e-07	2.9411e-07	2.6407e-07	3.5082e-07	4.6182e-07	2.4462e-07	4.5305e-07	3.449e-07	4.1458e-07	4.0052e-07	3.3183e-07	2.1794e-07	2.3141e-07	4.7535e-07	4.0598e-07	3.2806e-07	3.8949e-07	3.1621e-07	2.6514e-07	2.4407e-07	2.8502e-07	5.92e-07	4.0319e-07	3.5122e-07	3.5498e-07	2.922e-07	3.6683e-07	4.4409e-07	3.8537e-07	3.7614e-07	3.3415e-07	3.1371e-07	4.8742e-07	3.3765e-07	2.0805e-07	4.5015e-07	4.3103e-07	3.1748e-07	3.6688e-07	3.8627e-07	3.4712e-07	2.7689e-07	3.8736e-07	2.7412e-07	5.9265e-07	4.1531e-07	2.5767e-07	2.3468e-07	3.5304e-07	5.0908e-07	2.4066e-07	3.4671e-07	3.2361e-07	2.7187e-07	5.0568e-07	2.3752e-07	2.0959e-07	2.9003e-07	3.5558e-07	2.462e-07	4.109e-07	2.9376e-07	2.7043e-07	4.4883e-07	3.1214e-07	2.8886e-07	2.811e-07	3.1373e-07	3.6109e-07	3.764e-07	2.7886e-07	5.5715e-07	4.1574e-07	2.8697e-07	3.3768e-07	3.6637e-07	2.718e-07	3.618e-07	4.743e-07	3.7782e-07	3.8514e-07	4.5751e-07	2.6001e-07	3.7581e-07	2.4314e-07	2.9887e-07	2.7307e-07	3.3187e-07	2.982e-07	2.8632e-07	3.2573e-07	3.434e-07	3.9883e-07	2.4568e-07	3.9118e-07	4.5123e-07	3.4075e-07	2.5983e-07	2.2327e-07	2.2043e-07
1.928e-07	7.73e-08	7.8278e-08	1.1822e-07	9.3135e-08	1.7916e-07	1.7388e-07	1.7891e-07	1.0822e-07	2.6175e-07	1.0013e-07	2.51e-07	2.222e-07	1.1364e-07	1.2895e-07	1.0319e-07	9.8052e-08	1.3181e-07	2.1697e-07	3.1748e-07	1.2889e-07	6.0807e-07	4.9475e-07	4.0108e-07	1.1372e-07	1.1972e-07	4.0158e-07	2.7704e-07	1.7561e-07	3.2014e-07	1.5874e-07	1.4074e-07	1.6437e-07	5.1091e-07	2.5509e-07	1.2939e-07	1.7114e-07	3.0303e-07	4.9773e-07	1.8682e-07	1.3331e-07	2.0715e-07	4.4824e-07	6.4422e-07	3.3376e-07	2.0405e-07	1.4665e-07	1.6941e-07	1.5629e-07	1.3477e-07	2.2275e-07	2.9288e-07	1.6275e-07	1.6804e-07	1.5492e-07	2.0461e-07	1.9963e-07	1.7042e-07	2.074e-07	1.8577e-07	1.9349e-07	2.2732e-07	3.8621e-07	2.1781e-07	1.7877e-07	4.4566e-07	1.5009e-07	1.6513e-07	1.8077e-07	1.6169e-07	1.5547e-07	1.8026e-07	1.6286e-07	1.6917e-07	2.4394e-07	2.2467e-07	1.9074e-07	1.7454e-07	1.6356e-07	1.8752e-07	1.6551e-07	1.7681e-07	1.7557e-07	1.8829e-07	1.8964e-07	1.9002e-07	1.8069e-07	1.7911e-07	1.7597e-07	1.8268e-07	1.8205e-07	1.9154e-07	1.9102e-07	1.827e-07	1.8371e-07	1.9144e-07	2.3315e-07	3.293e-07	1.9307e-07	1.8819e-07	1.8925e-07	1.9064e-07	1.942e-07	2.2905e-07	2.0674e-07	2.2902e-07	2.0213e-07	2.0123e-07	1.9858e-07	1.9869e-07	2.0053e-07	2.1362e-07	2.0864e-07	2.3283e-07	2.2781e-07	3.5663e-07	2.2422e-07	2.0753e-07	2.1286e-07	2.1459e-07	2.2037e-07	2.1786e-07	2.1332e-07	2.1483e-07	2.1592e-07	2.169e-07	2.1803e-07	2.1915e-07
1.9644e-07	3.5026e-07	2.3484e-07	1.8208e-07	2.0954e-07	2.8938e-07	3.1499e-07	4.0102e-07	1.4921e-07	2.7736e-07	1.6505e-07	4.742e-07	1.2287e-07	1.3596e-07	4.969e-07	4.0769e-07	1.2573e-07	5.0921e-07	3.6172e-07	2.952e-07	1.9696e-07	4.0254e-07	3.8848e-07	1.6329e-07	1.8355e-07	1.4796e-07	6.3843e-07	1.3717e-07	1.6166e-07	5.2549e-07	3.6604e-07	1.5443e-07	2.9701e-07	5.1331e-07	3.0609e-07	1.5707e-07	4.9248e-07	3.6033e-07	3.3986e-07	3.1312e-07	1.7186e-07	3.2386e-07	2.7248e-07	1.3557e-07	5.5719e-07	3.4989e-07	2.2649e-07	1.4444e-07	1.7335e-07	1.575e-07	3.3634e-07	5.2767e-07	1.8601e-07	1.8811e-07	2.3454e-07	3.4918e-07	1.8696e-07	1.7009e-07	2.569e-07	7.1103e-07	5.3771e-07	3.4905e-07	3.0825e-07	3.6826e-07	1.9074e-07	2.2959e-07	2.0053e-07	3.2781e-07	4.303e-07	3.67e-07	2.4333e-07	2.6175e-07	5.0179e-07	3.0739e-07	1.988e-07	2.8899e-07	2.7755e-07	2.2254e-07	1.8985e-07	2.4479e-07	2.0845e-07	1.8206e-07	1.8922e-07	2.2328e-07	2.6258e-07	1.865e-07	2.0371e-07	1.8797e-07	2.0121e-07	1.9937e-07	2.4783e-07	2.5627e-07	1.9683e-07	1.9635e-07	2.0824e-07	2.0067e-07	1.9779e-07	2.3904e-07	2.7471e-07	2.2461e-07	2.3324e-07	2.5087e-07	2.2544e-07	2.265e-07	3.2063e-07	3.0068e-07	2.0712e-07	2.2479e-07	2.1062e-07	2.3008e-07	2.4824e-07	2.3965e-07	2.3452e-07	2.3733e-07	2.37e-07	2.6172e-07	2.3341e-07	2.9825e-07	2.4459e-07	2.9012e-07	2.4062e-07	2.9286e-07	2.2611e-07	2.4449e-07	2.3246e-07	2.2065e-07	2.2212e-07	2.2088e-07
3.0129e-07	3.3317e-07	2.797e-07	2.2536e-07	2.3264e-07	3.6389e-07	3.7923e-07	3.6285e-07	2.5073e-07	1.4768e-07	4.8691e-07	2.0972e-07	1.4432e-07	1.5392e-07	1.1391e-07	1.3023e-07	1.3758e-07	1.53e-07	7.0594e-07	2.7867e-07	1.5166e-07	4.4068e-07	4.5013e-07	3.8627e-07	1.7485e-07	2.4906e-07	3.9963e-07	1.5577e-07	2.8901e-07	4.8105e-07	2.0014e-07	1.8459e-07	2.1654e-07	4.9805e-07	3.6388e-07	5.6612e-07	3.3487e-07	4.0342e-07	3.4323e-07	3.3488e-07	1.9043e-07	4.1007e-07	5.1759e-07	1.847e-07	1.6258e-07	2.7925e-07	4.8876e-07	5.1059e-07	4.0402e-07	3.5182e-07	4.2795e-07	3.7043e-07	4.0921e-07	2.3911e-07	2.2134e-07	3.1873e-07	4.2291e-07	5.8791e-07	2.5908e-07	2.9445e-07	5.2841e-07	4.1382e-07	3.6263e-07	3.134e-07	3.3335e-07	3.6617e-07	4.5835e-07	2.8382e-07	2.2908e-07	1.7621e-07	1.7891e-07	3.9555e-07	3.6555e-07	4.2676e-07	2.9187e-07	2.4823e-07	3.7026e-07	3.0703e-07	1.9503e-07	1.8153e-07	2.0617e-07	1.9815e-07	2.8249e-07	1.9081e-07	2.3112e-07	2.7444e-07	2.0087e-07	2.1714e-07	2.3725e-07	2.2011e-07	2.1191e-07	1.941e-07	2.0895e-07	2.0955e-07	2.0667e-07	3.5709e-07	2.4373e-07	3.4277e-07	3.9407e-07	2.3894e-07	2.086e-07	4.5273e-07	3.2205e-07	2.2849e-07	2.8579e-07	2.4046e-07	2.7822e-07	3.0553e-07	2.8697e-07	2.0968e-07	2.5371e-07	3.3355e-07	3.2261e-07	2.2095e-07	2.0895e-07	2.3168e-07	3.17e-07	3.932e-07	3.5777e-07	2.5922e-07	2.4186e-07	3.1589e-07	2.2447e-07	2.2882e-07	2.2496e-07	2.2767e-07	2.2279e-07	2.2179e-07
3.311e-07	3.0186e-07	3.2057e-07	3.2133e-07	3.5291e-07	3.231e-07	2.6453e-07	3.5449e-07	2.4008e-07	3.6927e-07	3.7063e-07	2.3469e-07	2.974e-07	1.7954e-07	2.2225e-07	2.1457e-07	1.6984e-07	1.482e-07	1.4393e-07	1.4918e-07	1.1937e-07	4.154e-07	4.4469e-07	2.4805e-07	2.647e-07	5.7404e-07	4.602e-07	3.654e-07	2.6423e-07	1.4442e-07	1.7828e-07	3.3714e-07	2.4339e-07	5.2701e-07	4.1927e-07	3.88e-07	3.9577e-07	3.7335e-07	3.819e-07	3.7365e-07	3.4534e-07	3.5727e-07	2.4343e-07	5.3496e-07	3.8376e-07	2.0024e-07	5.2334e-07	3.9982e-07	3.6799e-07	3.8209e-07	3.1789e-07	3.2881e-07	4.3966e-07	2.7632e-07	4.5797e-07	4.2741e-07	3.907e-07	3.007e-07	2.0917e-07	5.0257e-07	4.5075e-07	1.8563e-07	1.8316e-07	1.691e-07	1.7042e-07	7.3491e-07	4.7421e-07	2.5503e-07	4.8371e-07	2.7528e-07	5.0359e-07	2.454e-07	3.8078e-07	3.2949e-07	3.3271e-07	4.6427e-07	2.4962e-07	5.0129e-07	2.8053e-07	3.9119e-07	3.8359e-07	3.4766e-07	2.8917e-07	3.2588e-07	2.6082e-07	3.1742e-07	3.1761e-07	2.4073e-07	2.0286e-07	3.1885e-07	3.4616e-07	3.6566e-07	2.8508e-07	3.0128e-07	4.2492e-07	2.3229e-07	2.1519e-07	6.9238e-07	3.6205e-07	2.1948e-07	2.1701e-07	2.2241e-07	2.2965e-07	2.4649e-07	4.1573e-07	4.3167e-07	2.5269e-07	2.8753e-07	3.7052e-07	4.051e-07	4.5577e-07	2.9178e-07	3.0281e-07	3.1579e-07	3.1384e-07	3.6256e-07	4.9959e-07	3.632e-07	2.9124e-07	2.3226e-07	2.7205e-07	2.998e-07	2.6715e-07	2.3869e-07	2.4026e-07	2.3138e-07	2.39e-07	2.2539e-07
2.9983e-07	2.668e-07	2.7599e-07	3.9663e-07	3.3423e-07	2.3059e-07	2.6498e-07	2.7342e-07	3.5945e-07	4.2714e-07	2.6207e-07	3.1952e-07	3.8151e-07	2.8461e-07	2.5308e-07	1.7805e-07	5.5166e-07	2.8538e-07	2.0161e-07	1.1926e-07	1.2433e-07	1.6667e-07	2.0432e-07	3.6355e-07	3.8883e-07	5.2792e-07	5.0572e-07	3.924e-07	3.7609e-07	3.3781e-07	4.0344e-07	3.6924e-07	3.1828e-07	3.6876e-07	3.6363e-07	4.0293e-07	4.044e-07	3.7245e-07	3.8745e-07	3.6038e-07	3.4985e-07	3.8075e-07	2.8648e-07	3.7588e-07	3.2687e-07	4.2149e-07	4.4598e-07	3.972e-07	3.7069e-07	3.7782e-07	3.1152e-07	2.3892e-07	2.7271e-07	5.6158e-07	4.1095e-07	3.1697e-07	1.5284e-07	1.8783e-07	4.0477e-07	6.3889e-07	4.1224e-07	2.6686e-07	2.7785e-07	5.3735e-07	4.0753e-07	3.5053e-07	3.5755e-07	4.6297e-07	3.6708e-07	2.8095e-07	4.1633e-07	2.8831e-07	4.3212e-07	4.4979e-07	3.7258e-07	2.0717e-07	4.2006e-07	2.8026e-07	2.1112e-07	2.0625e-07	2.7379e-07	2.9085e-07	5.3157e-07	2.4346e-07	2.8183e-07	4.4346e-07	3.3028e-07	3.3827e-07	2.1802e-07	2.4164e-07	2.3325e-07	2.5954e-07	3.603e-07	3.9447e-07	2.9499e-07	2.5487e-07	2.4306e-07	3.6621e-07	3.4176e-07	3.0648e-07	2.5796e-07	3.5194e-07	3.0476e-07	3.1043e-07	3.161e-07	2.6371e-07	3.7543e-07	2.9192e-07	2.7497e-07	2.419e-07	2.8604e-07	3.2081e-07	2.9606e-07	3.1418e-07	4.4881e-07	3.3702e-07	3.9538e-07	2.9983e-07	2.7636e-07	3.5324e-07	3.2148e-07	2.9819e-07	2.8301e-07	2.586e-07	2.4252e-07	2.2857e-07	2.2906e-07	2.2453e-07
2.893e-07	3.4345e-07	2.977e-07	3.6086e-07	3.153e-07	3.4699e-07	3.0406e-07	3.3421e-07	3.4029e-07	1.733e-07	2.6799e-07	4.8524e-07	3.5474e-07	3.2703e-07	3.6063e-07	3.4672e-07	3.2749e-07	3.1782e-07	3.725e-07	3.5064e-07	2.4264e-07	2.929e-07	2.4734e-07	4.7054e-07	3.7732e-07	3.1507e-07	3.6375e-07	3.7872e-07	3.2442e-07	3.9684e-07	3.5964e-07	3.6354e-07	3.6403e-07	3.5635e-07	3.6809e-07	3.4619e-07	3.6682e-07	3.8329e-07	3.5802e-07	2.2958e-07	4.8721e-07	3.5975e-07	3.9673e-07	3.0719e-07	3.604e-07	3.2872e-07	3.1991e-07	3.7635e-07	3.4789e-07	3.9372e-07	2.9765e-07	4.7518e-07	3.6782e-07	2.6935e-07	5.0279e-07	2.6283e-07	1.7474e-07	1.4808e-07	1.5e-07	2.0284e-07	4.1982e-07	6.9297e-07	3.149e-07	2.8592e-07	1.7725e-07	5.476e-07	4.693e-07	4.6792e-07	4.2806e-07	3.696e-07	3.7482e-07	2.6165e-07	3.7524e-07	2.6687e-07	5.6027e-07	3.292e-07	2.5705e-07	4.2749e-07	2.9332e-07	2.3396e-07	1.9778e-07	2.1046e-07	2.3221e-07	2.6986e-07	2.7125e-07	6.7273e-07	4.6206e-07	2.3913e-07	3.5381e-07	2.6715e-07	1.9313e-07	1.8567e-07	2.0022e-07	2.2167e-07	2.4016e-07	3.1832e-07	3.7506e-07	6.0261e-07	4.165e-07	2.2987e-07	2.532e-07	3.0548e-07	2.7139e-07	5.4147e-07	3.1392e-07	2.8498e-07	2.3143e-07	2.5712e-07	3.2658e-07	3.0884e-07	2.8316e-07	3.3034e-07	3.0878e-07	3.0094e-07	4.2323e-07	2.7418e-07	2.7137e-07	3.8072e-07	5.1407e-07	3.4488e-07	3.1803e-07	2.8668e-07	3.1039e-07	3.1579e-07	2.8092e-07	2.2932e-07	2.2869e-07	2.2764e-07
2.1831e-07	4.2093e-07	3.5744e-07	3.7893e-07	3.4583e-07	3.3522e-07	3.1148e-07	2.2512e-07	4.3021e-07	3.0006e-07	2.9582e-07	3.9978e-07	3.4503e-07	3.6363e-07	3.4834e-07	3.5355e-07	2.2943e-07	3.815e-07	3.9834e-07	3.2132e-07	3.5799e-07	3.5376e-07	3.4101e-07	3.8928e-07	3.6112e-07	2.1341e-07	3.297e-07	4.2904e-07	3.3001e-07	2.5318e-07	1.7372e-07	4.8895e-07	1.4511e-07	2.2668e-07	2.2139e-07	2.5102e-07	2.1495e-07	6.924e-07	4.1356e-07	2.1365e-07	4.67e-07	4.2077e-07	3.2023e-07	3.1566e-07	3.4038e-07	2.2964e-07	2.0587e-07	4.6144e-07	5.4878e-07	3.8438e-07	3.1366e-07	3.1532e-07	4.3802e-07	4.2602e-07	3.3719e-07	1.9342e-07	3.1987e-07	4.1137e-07	2.6513e-07	2.1844e-07	5.1582e-07	3.6973e-07	2.2007e-07	1.7237e-07	1.573e-07	1.6878e-07	2.8826e-07	3.003e-07	3.6169e-07	2.1158e-07	1.7723e-07	2.0784e-07	5.2573e-07	4.1027e-07	2.0713e-07	4.3435e-07	3.6082e-07	2.1506e-07	2.8087e-07	3.3263e-07	4.0546e-07	5.7117e-07	5.9506e-07	2.3004e-07	2.1013e-07	1.8951e-07	2.3954e-07	3.79e-07	2.9385e-07	3.4031e-07	3.5052e-07	1.9632e-07	2.2576e-07	4.841e-07	4.0333e-07	3.484e-07	2.9969e-07	3.9434e-07	3.1391e-07	3.0521e-07	3.0904e-07	5.0809e-07	4.346e-07	3.836e-07	3.3676e-07	3.9786e-07	3.4232e-07	2.866e-07	2.7809e-07	3.3172e-07	2.9047e-07	3.3623e-07	3.0496e-07	4.1971e-07	3.0886e-07	3.1989e-07	4.6592e-07	5.3781e-07	3.2133e-07	2.9602e-07	2.8233e-07	2.4585e-07	2.493e-07	2.7766e-07	2.5651e-07	2.2996e-07	2.357e-07	2.401e-07
8.1252e-08	3.0296e-07	6.2617e-07	3.9251e-07	3.4999e-07	3.4062e-07	3.5645e-07	3.5424e-07	3.4059e-07	3.0767e-07	3.4491e-07	4.0567e-07	3.4942e-07	3.159e-07	1.7809e-07	1.2124e-07	5.6528e-07	3.581e-07	2.5783e-07	4.9532e-07	3.5233e-07	3.0471e-07	3.7908e-07	3.9941e-07	2.784e-07	1.7074e-07	3.9094e-07	5.0701e-07	3.5304e-07	4.043e-07	3.5972e-07	3.5181e-07	3.799e-07	3.7466e-07	3.609e-07	2.6576e-07	2.7507e-07	4.4457e-07	4.6107e-07	3.431e-07	3.9665e-07	3.8353e-07	3.8695e-07	2.9485e-07	2.9977e-07	4.7902e-07	2.7008e-07	4.9819e-07	3.6848e-07	3.3192e-07	4.535e-07	2.5416e-07	3.4858e-07	4.5835e-07	4.3293e-07	2.5822e-07	3.1969e-07	1.7876e-07	2.5051e-07	1.9137e-07	4.043e-07	4.2009e-07	1.8129e-07	2.9354e-07	2.0489e-07	2.4611e-07	2.7708e-07	3.8216e-07	6.1343e-07	4.5203e-07	4.9186e-07	3.2281e-07	2.8472e-07	2.3496e-07	2.5874e-07	4.4917e-07	3.8328e-07	3.8722e-07	3.0566e-07	2.1492e-07	2.3476e-07	3.1449e-07	3.4486e-07	2.9694e-07	4.405e-07	4.483e-07	5.2814e-07	3.3554e-07	3.279e-07	3.7538e-07	2.3749e-07	3.0245e-07	3.6312e-07	3.4217e-07	4.3701e-07	3.2054e-07	3.1863e-07	3.7616e-07	3.9986e-07	4.0372e-07	3.018e-07	2.5396e-07	2.8666e-07	3.9133e-07	2.9428e-07	3.0178e-07	4.3521e-07	2.6842e-07	2.8664e-07	2.8016e-07	3.144e-07	3.4639e-07	5.1522e-07	3.6301e-07	2.9615e-07	2.2787e-07	2.5491e-07	3.9093e-07	2.8874e-07	3.6772e-07	2.8571e-07	2.8406e-07	2.3528e-07	2.9907e-07	3.2326e-07	2.4268e-07	2.3031e-07	2.2814e-07
1.5813e-07	1.2232e-07	1.8795e-07	5.4225e-07	3.4403e-07	3.0631e-07	3.311e-07	3.5293e-07	3.4573e-07	3.5219e-07	3.4986e-07	3.4376e-07	2.754e-07	1.2289e-07	2.1623e-07	1.3242e-07	4.4922e-07	4.3194e-07	3.7809e-07	3.5788e-07	2.3267e-07	2.5597e-07	1.5472e-07	5.571e-07	1.695e-07	2.487e-07	2.363e-07	5.8745e-07	3.6579e-07	3.7536e-07	3.391e-07	3.076e-07	4.1932e-07	3.6431e-07	3.213e-07	3.3626e-07	1.7734e-07	1.6283e-07	1.5178e-07	2.8663e-07	5.6526e-07	4.5925e-07	3.4908e-07	3.5182e-07	1.4175e-07	2.1611e-07	4.4655e-07	3.2243e-07	5.7489e-07	2.5224e-07	4.1597e-07	4.2647e-07	3.7416e-07	4.0019e-07	3.4068e-07	3.4781e-07	3.0203e-07	3.2059e-07	4.3415e-07	2.3622e-07	3.2184e-07	5.3173e-07	2.6545e-07	4.4286e-07	4.0015e-07	2.3891e-07	4.1467e-07	3.3728e-07	3.4504e-07	5.3817e-07	4.1533e-07	2.4587e-07	3.9879e-07	2.1164e-07	2.3823e-07	2.6493e-07	2.4352e-07	4.5232e-07	2.3899e-07	2.3442e-07	2.8805e-07	3.6905e-07	4.5635e-07	2.7621e-07	2.2716e-07	5.125e-07	4.0248e-07	2.313e-07	3.3424e-07	3.2783e-07	3.248e-07	2.6821e-07	3.0024e-07	3.0804e-07	2.6713e-07	5.6718e-07	3.3284e-07	3.4312e-07	3.2314e-07	2.8545e-07	4.1371e-07	2.9517e-07	4.0284e-07	2.6252e-07	3.7847e-07	3.2091e-07	2.8255e-07	2.5496e-07	2.7491e-07	4.5311e-07	3.1032e-07	3.8063e-07	3.2997e-07	2.8243e-07	2.5892e-07	3.5001e-07	2.6177e-07	3.1885e-07	3.5231e-07	4.0091e-07	3.3443e-07	4.1704e-07	2.4717e-07	2.6446e-07	4.1698e-07	2.5809e-07	2.3856e-07	2.3099e-07
3.1203e-07	3.2494e-07	3.4245e-07	3.2791e-07	3.0421e-07	2.5186e-07	2.2202e-07	9.6169e-08	5.2525e-07	3.8699e-07	3.0607e-07	2.2395e-07	4.5577e-07	3.3263e-07	3.0987e-07	1.3617e-07	1.2268e-07	5.7497e-07	3.7285e-07	2.5259e-07	2.0181e-07	1.5112e-07	1.2802e-07	1.785e-07	7.0242e-07	3.8393e-07	3.5555e-07	3.2349e-07	3.4948e-07	3.8282e-07	3.6842e-07	3.547e-07	3.9551e-07	3.6825e-07	3.5696e-07	3.618e-07	3.2446e-07	3.7497e-07	3.5514e-07	1.3089e-07	1.3262e-07	1.8775e-07	2.2158e-07	3.3971e-07	3.552e-07	3.4988e-07	5.8396e-07	4.2241e-07	3.8975e-07	4.0517e-07	3.7847e-07	3.4937e-07	4.2546e-07	3.4751e-07	4.077e-07	3.2183e-07	2.1773e-07	2.7796e-07	2.9701e-07	2.4658e-07	2.4699e-07	6.895e-07	2.5169e-07	4.2929e-07	3.7087e-07	4.1599e-07	2.4368e-07	3.4268e-07	5.6371e-07	4.4806e-07	3.5045e-07	2.7729e-07	2.3627e-07	3.6865e-07	3.7555e-07	2.5466e-07	1.8746e-07	2.2084e-07	5.4698e-07	3.6012e-07	3.779e-07	2.2059e-07	2.6117e-07	2.6965e-07	6.8324e-07	3.3959e-07	2.6055e-07	4.8979e-07	4.6159e-07	4.8589e-07	3.767e-07	2.87e-07	2.4568e-07	3.0535e-07	3.013e-07	4.3057e-07	4.6458e-07	3.5437e-07	3.8861e-07	3.2198e-07	3.1092e-07	2.9172e-07	3.6302e-07	3.0141e-07	3.2901e-07	3.1161e-07	3.7184e-07	3.3405e-07	5.7697e-07	4.1914e-07	3.0323e-07	2.978e-07	2.6053e-07	2.4782e-07	2.3199e-07	2.6912e-07	3.1094e-07	2.5694e-07	3.6337e-07	4.3072e-07	2.5969e-07	2.4717e-07	3.0129e-07	2.7328e-07	2.7339e-07	2.5783e-07	2.3245e-07	2.3133e-07
2.9422e-07	3.1223e-07	2.628e-07	2.0408e-07	2.8295e-07	2.7601e-07	1.3498e-07	2.3327e-07	5.86e-07	3.6374e-07	3.0809e-07	3.1976e-07	1.7138e-07	1.9512e-07	5.5913e-07	3.6916e-07	1.6325e-07	4.1792e-07	2.9991e-07	3.049e-07	1.3732e-07	5.028e-07	3.7264e-07	3.552e-07	3.7632e-07	3.8472e-07	1.7956e-07	2.9683e-07	4.504e-07	3.007e-07	3.3351e-07	4.1493e-07	3.9945e-07	3.6161e-07	2.4589e-07	3.8018e-07	4.2676e-07	2.4163e-07	2.1782e-07	3.6752e-07	3.8553e-07	3.1844e-07	3.5834e-07	4.3639e-07	1.983e-07	2.8707e-07	2.114e-07	2.2392e-07	4.2774e-07	4.9472e-07	3.8271e-07	4.4425e-07	2.6302e-07	1.8528e-07	6.2284e-07	3.402e-07	2.1462e-07	3.9297e-07	2.1365e-07	1.6573e-07	2.0706e-07	3.2129e-07	2.5938e-07	2.2293e-07	2.8822e-07	3.6529e-07	5.1525e-07	5.7023e-07	5.3502e-07	4.079e-07	2.0338e-07	1.8133e-07	2.5075e-07	2.8165e-07	1.9799e-07	1.9999e-07	1.98e-07	2.4818e-07	6.8352e-07	3.5337e-07	2.3672e-07	2.1842e-07	1.9607e-07	2.1869e-07	2.9538e-07	2.2357e-07	2.0025e-07	3.1099e-07	3.7437e-07	4.2728e-07	4.9535e-07	2.2978e-07	2.7302e-07	3.1221e-07	2.5113e-07	2.5859e-07	2.6711e-07	2.5403e-07	2.7645e-07	3.5041e-07	2.2865e-07	3.2656e-07	8.2521e-07	2.5045e-07	2.2982e-07	2.6819e-07	2.8286e-07	3.7339e-07	4.6598e-07	4.629e-07	2.8253e-07	2.9802e-07	2.6188e-07	3.0103e-07	2.5787e-07	3.0501e-07	3.4818e-07	3.2025e-07	3.6709e-07	3.4785e-07	3.4587e-07	3.2071e-07	2.5704e-07	2.9008e-07	2.3893e-07	2.5667e-07	2.4595e-07	2.3272e-07
3.363e-07	2.1818e-07	3.5356e-07	2.9784e-07	2.9218e-07	4.1747e-07	1.8418e-07	1.3919e-07	3.0832e-07	5.1483e-07	2.4881e-07	1.9793e-07	3.1707e-07	5.1053e-07	1.8744e-07	2.8666e-07	5.1621e-07	1.3937e-07	4.4796e-07	4.069e-07	2.8721e-07	2.733e-07	4.665e-07	2.9142e-07	3.1456e-07	1.8762e-07	3.4682e-07	2.7962e-07	5.5255e-07	3.5455e-07	2.5481e-07	3.4657e-07	4.557e-07	3.8314e-07	3.4924e-07	3.4981e-07	3.9403e-07	3.0377e-07	4.5947e-07	3.6497e-07	3.6093e-07	3.2564e-07	2.9553e-07	3.5479e-07	2.421e-07	2.2441e-07	4.445e-07	3.0605e-07	1.8122e-07	2.5963e-07	5.7685e-07	2.0939e-07	1.7876e-07	2.7611e-07	4.1569e-07	4.3096e-07	5.5163e-07	4.5342e-07	1.841e-07	1.6063e-07	2.2004e-07	6.3873e-07	5.0748e-07	4.1201e-07	3.7489e-07	2.5785e-07	5.1004e-07	4.4311e-07	4.1281e-07	4.3085e-07	3.5766e-07	2.6027e-07	3.1938e-07	3.3989e-07	4.0931e-07	3.06e-07	3.279e-07	2.1578e-07	2.3596e-07	4.3809e-07	4.5036e-07	2.1643e-07	2.3763e-07	2.0943e-07	2.3107e-07	2.7082e-07	3.168e-07	5.8444e-07	6.8213e-07	2.9847e-07	2.1504e-07	2.1651e-07	2.6856e-07	2.3249e-07	3.7255e-07	5.313e-07	2.721e-07	3.6398e-07	4.1959e-07	2.5291e-07	2.8955e-07	2.2974e-07	2.3803e-07	2.9147e-07	2.9954e-07	3.0206e-07	4.9391e-07	3.2918e-07	3.1155e-07	3.7287e-07	3.0755e-07	4.4169e-07	4.1848e-07	2.9537e-07	3.4833e-07	4.2663e-07	3.8178e-07	3.0611e-07	4.2495e-07	3.2847e-07	2.7533e-07	3.3234e-07	3.6748e-07	3.0812e-07	2.3279e-07	2.3144e-07	2.3373e-07	2.3467e-07
2.103e-07	2.5677e-07	2.9397e-07	3.1288e-07	4.274e-07	3.1873e-07	1.9067e-07	4.5651e-07	3.5669e-07	2.8578e-07	3.6799e-07	2.6479e-07	4.3984e-07	3.4711e-07	1.8751e-07	4.8939e-07	3.5005e-07	1.6529e-07	1.09e-07	1.5573e-07	2.9025e-07	3.8284e-07	5.754e-07	2.3682e-07	1.331e-07	1.5035e-07	1.5819e-07	1.39e-07	2.1786e-07	6.3145e-07	1.6263e-07	2.0996e-07	5.991e-07	4.4513e-07	2.5808e-07	2.4954e-07	2.8385e-07	2.6814e-07	6.1555e-07	3.6711e-07	3.8534e-07	3.9127e-07	4.2375e-07	3.4688e-07	2.1402e-07	2.0071e-07	1.5076e-07	1.8508e-07	1.5872e-07	2.6575e-07	7.8374e-07	2.1341e-07	2.3358e-07	1.8311e-07	3.6717e-07	7.1675e-07	1.8481e-07	1.7608e-07	1.7743e-07	1.7451e-07	2.6249e-07	6.9258e-07	4.335e-07	3.9799e-07	4.4805e-07	4.5631e-07	2.5876e-07	4.8301e-07	5.0743e-07	4.5077e-07	4.2329e-07	4.27e-07	3.0104e-07	3.9577e-07	3.9769e-07	5.3719e-07	2.4207e-07	2.0349e-07	2.3221e-07	3.2315e-07	2.8622e-07	2.9406e-07	2.9909e-07	2.4817e-07	1.9196e-07	2.4649e-07	3.4545e-07	2.8565e-07	3.6586e-07	3.0376e-07	2.4737e-07	2.4692e-07	2.6661e-07	2.4963e-07	3.2797e-07	2.6966e-07	3.3214e-07	4.0804e-07	5.3791e-07	3.1062e-07	4.4034e-07	3.7491e-07	3.2114e-07	3.8646e-07	2.2181e-07	2.3576e-07	2.8444e-07	5.6355e-07	2.7837e-07	2.4526e-07	2.5509e-07	3.8735e-07	3.6486e-07	2.3485e-07	3.0565e-07	3.0161e-07	3.411e-07	3.0139e-07	3.891e-07	4.6193e-07	2.8857e-07	3.0009e-07	5.2352e-07	2.6852e-07	2.5919e-07	2.3564e-07	2.3467e-07	2.3449e-07
3.1305e-07	3.5986e-07	1.9606e-07	2.4572e-07	3.2552e-07	4.6202e-07	2.7033e-07	3.0258e-07	3.7541e-07	3.5569e-07	3.3795e-07	2.3682e-07	4.5961e-07	2.519e-07	1.9775e-07	5.161e-07	3.2294e-07	3.4323e-07	2.7881e-07	4.095e-07	3.729e-07	3.1774e-07	3.0226e-07	3.6414e-07	3.095e-07	2.1639e-07	3.2605e-07	4.8565e-07	2.0332e-07	1.3571e-07	3.3667e-07	3.0983e-07	5.7e-07	3.956e-07	3.7565e-07	3.632e-07	3.4738e-07	3.9058e-07	3.2935e-07	4.4377e-07	3.6525e-07	3.804e-07	3.2846e-07	3.3199e-07	4.5856e-07	3.0144e-07	3.6894e-07	3.5166e-07	2.1032e-07	5.0541e-07	3.3843e-07	1.6023e-07	1.6305e-07	2.0509e-07	2.7743e-07	3.5251e-07	5.5179e-07	5.7962e-07	4.0941e-07	1.9187e-07	5.2004e-07	2.5121e-07	5.0464e-07	4.4633e-07	4.317e-07	4.0737e-07	4.2785e-07	3.3287e-07	3.2871e-07	5.0443e-07	4.375e-07	3.6532e-07	3.0251e-07	4.7655e-07	2.7244e-07	2.8617e-07	2.1301e-07	3.3335e-07	2.0507e-07	2.4658e-07	2.9091e-07	3.1274e-07	4.8708e-07	4.4598e-07	2.2905e-07	2.4893e-07	2.7608e-07	3.3609e-07	3.0695e-07	3.5743e-07	2.3845e-07	3.4652e-07	3.2107e-07	4.3132e-07	3.6304e-07	2.9119e-07	2.6029e-07	4.7765e-07	5.3701e-07	3.1862e-07	4.7889e-07	4.0356e-07	2.9661e-07	4.2363e-07	2.7982e-07	2.9029e-07	2.3363e-07	4.4997e-07	4.094e-07	2.9199e-07	3.2912e-07	2.3953e-07	3.4416e-07	2.764e-07	3.4439e-07	2.8248e-07	4.1411e-07	2.4859e-07	3.4812e-07	3.2499e-07	3.7685e-07	6.5278e-07	5.7775e-07	3.4994e-07	2.9512e-07	2.4757e-07	2.4015e-07	2.3663e-07
3.0822e-07	2.1582e-07	2.9221e-07	3.5432e-07	2.0927e-07	4.1027e-07	3.2568e-07	2.2394e-07	4.3545e-07	3.1016e-07	2.9644e-07	1.8773e-07	2.1714e-07	4.1383e-07	3.8211e-07	3.8822e-07	3.0996e-07	2.4678e-07	3.1605e-07	3.2692e-07	3.4088e-07	3.3788e-07	1.7888e-07	5.201e-07	2.2614e-07	1.609e-07	1.3304e-07	1.441e-07	1.6709e-07	1.3586e-07	1.473e-07	2.0415e-07	3.5926e-07	4.9989e-07	6.6181e-07	4.3202e-07	3.7881e-07	3.9145e-07	2.965e-07	4.2506e-07	4.2026e-07	3.9371e-07	3.6747e-07	3.7486e-07	3.3106e-07	1.8152e-07	4.2219e-07	4.4256e-07	3.9888e-07	4.4662e-07	2.7251e-07	3.264e-07	3.1628e-07	3.9331e-07	2.468e-07	5.1369e-07	4.478e-07	4.3517e-07	3.1829e-07	4.6514e-07	4.2412e-07	2.5346e-07	4.077e-07	4.416e-07	4.4003e-07	4.0831e-07	3.1156e-07	3.9381e-07	4.9926e-07	4.2842e-07	4.2209e-07	3.7417e-07	2.4049e-07	3.8468e-07	4.3819e-07	2.3885e-07	2.9607e-07	3.485e-07	3.6913e-07	2.329e-07	2.3961e-07	2.191e-07	2.7502e-07	4.3372e-07	3.4946e-07	2.5122e-07	2.2715e-07	3.1415e-07	3.4798e-07	4.0472e-07	3.1034e-07	3.1623e-07	3.6311e-07	3.363e-07	2.7896e-07	2.871e-07	2.7109e-07	3.1257e-07	2.7924e-07	3.2769e-07	5.7317e-07	3.4221e-07	2.4558e-07	2.7427e-07	3.0439e-07	3.4598e-07	3.1744e-07	3.0031e-07	2.8797e-07	3.4734e-07	3.9478e-07	3.3445e-07	3.1818e-07	3.649e-07	4.9653e-07	2.7412e-07	2.6914e-07	5.4679e-07	3.7073e-07	4.4383e-07	2.9833e-07	3.6827e-07	5.3091e-07	4.096e-07	2.9943e-07	2.757e-07	2.418e-07	2.3899e-07
3.3215e-07	2.2231e-07	3.2349e-07	2.5675e-07	2.3646e-07	4.1902e-07	2.3647e-07	2.5256e-07	2.8481e-07	4.5829e-07	2.2482e-07	4.3824e-07	3.6785e-07	2.3113e-07	4.534e-07	3.4941e-07	3.4653e-07	1.6282e-07	4.9474e-07	3.6293e-07	3.2761e-07	3.5652e-07	3.1325e-07	2.7328e-07	3.3973e-07	1.2685e-07	1.4369e-07	5.4329e-07	4.8135e-07	2.6284e-07	3.5247e-07	4.0966e-07	2.6217e-07	2.8944e-07	5.2063e-07	3.9752e-07	3.1551e-07	3.5193e-07	2.1172e-07	3.9862e-07	3.255e-07	4.8477e-07	3.4051e-07	3.0515e-07	4.7236e-07	3.9838e-07	3.7843e-07	3.9201e-07	3.904e-07	3.9757e-07	3.0011e-07	2.0366e-07	5.7391e-07	2.8287e-07	4.8219e-07	4.0689e-07	3.4869e-07	4.2767e-07	3.9081e-07	3.766e-07	2.3505e-07	1.7107e-07	1.7637e-07	1.6478e-07	2.693e-07	3.8008e-07	4.6719e-07	4.4582e-07	5.9057e-07	4.3698e-07	3.9446e-07	4.3518e-07	3.3315e-07	2.5062e-07	2.8283e-07	3.8945e-07	2.3094e-07	2.7302e-07	2.4122e-07	2.5442e-07	2.914e-07	2.9808e-07	2.9929e-07	3.867e-07	3.6053e-07	2.1893e-07	2.3334e-07	2.2243e-07	2.8869e-07	3.1739e-07	2.9778e-07	2.7828e-07	2.2886e-07	2.1757e-07	2.9055e-07	3.7291e-07	6.8142e-07	2.3683e-07	2.435e-07	2.3578e-07	3.343e-07	5.0526e-07	3.7886e-07	2.7153e-07	3.2846e-07	3.1129e-07	2.9993e-07	3.9567e-07	5.1391e-07	3.0673e-07	5.6582e-07	5.4426e-07	2.7104e-07	2.4614e-07	2.7049e-07	2.6213e-07	3.3364e-07	3.1602e-07	3.1231e-07	3.7108e-07	3.6058e-07	3.4435e-07	3.1278e-07	3.2984e-07	2.8627e-07	2.466e-07	2.4008e-07	2.3881e-07
3.5394e-07	3.1648e-07	2.2581e-07	4.4984e-07	3.4555e-07	3.0986e-07	2.9756e-07	2.4724e-07	1.1884e-07	1.1536e-07	1.0561e-07	3.6223e-07	6.2964e-07	3.9137e-07	3.6989e-07	3.13e-07	2.0497e-07	5.4086e-07	3.8081e-07	3.7155e-07	3.5221e-07	3.1299e-07	4.013e-07	1.7781e-07	1.7215e-07	1.3968e-07	1.8415e-07	5.0947e-07	3.8287e-07	3.5036e-07	4.0759e-07	4.8901e-07	3.0534e-07	3.8927e-07	3.9242e-07	4.5542e-07	4.0788e-07	2.5166e-07	3.7102e-07	2.9591e-07	3.7932e-07	2.3543e-07	1.949e-07	4.6955e-07	4.0783e-07	3.3197e-07	3.2781e-07	3.535e-07	4.2412e-07	2.9295e-07	3.2588e-07	3.3885e-07	2.741e-07	2.5437e-07	4.5913e-07	3.3508e-07	1.9457e-07	7.081e-07	2.8432e-07	2.2964e-07	1.8577e-07	2.6528e-07	2.5609e-07	5.9333e-07	4.5312e-07	3.2413e-07	3.2923e-07	5.1801e-07	4.6746e-07	4.6934e-07	4.0736e-07	4.0946e-07	3.2168e-07	2.2474e-07	2.1226e-07	2.7545e-07	2.1219e-07	2.4587e-07	3.2477e-07	2.9152e-07	4.4846e-07	2.7881e-07	2.52e-07	3.1039e-07	3.9121e-07	5.0997e-07	2.2693e-07	2.4681e-07	3.2125e-07	2.8184e-07	2.6073e-07	2.4877e-07	3.0589e-07	4.5499e-07	5.1961e-07	4.2466e-07	2.7717e-07	2.3225e-07	2.3608e-07	3.0655e-07	2.6695e-07	3.5452e-07	2.94e-07	3.1447e-07	3.3012e-07	4.0568e-07	2.7728e-07	2.4766e-07	5.498e-07	5.2708e-07	6.2185e-07	2.9789e-07	3.6284e-07	2.409e-07	2.7634e-07	2.3835e-07	2.4751e-07	3.0324e-07	3.2041e-07	3.1472e-07	3.8027e-07	3.0805e-07	4.2175e-07	3.1687e-07	2.6962e-07	2.4656e-07	2.4526e-07	2.4552e-07
3.3515e-07	3.4093e-07	3.0265e-07	2.5911e-07	3.4825e-07	1.6537e-07	2.5849e-07	4.89e-07	1.2852e-07	1.2173e-07	1.4443e-07	2.7088e-07	3.1907e-07	4.3799e-07	2.731e-07	1.5779e-07	1.5918e-07	6.174e-07	2.8714e-07	1.7179e-07	3.4996e-07	1.9783e-07	1.4293e-07	1.4117e-07	1.3724e-07	1.7748e-07	2.5964e-07	2.3025e-07	4.2086e-07	3.7035e-07	3.3713e-07	2.3727e-07	3.5162e-07	4.6127e-07	5.1268e-07	3.823e-07	3.8902e-07	3.831e-07	3.864e-07	3.9311e-07	3.5104e-07	3.644e-07	2.876e-07	4.1593e-07	3.3647e-07	4.3315e-07	3.451e-07	3.3701e-07	3.7271e-07	3.7459e-07	3.4984e-07	4.7176e-07	3.2349e-07	3.3373e-07	3.4355e-07	3.4285e-07	1.774e-07	1.8453e-07	2.0279e-07	3.4987e-07	4.5011e-07	5.2017e-07	4.9902e-07	4.58e-07	2.7669e-07	2.3278e-07	2.8157e-07	6.7994e-07	4.1602e-07	4.3522e-07	4.0905e-07	4.4295e-07	4.0354e-07	2.4908e-07	3.5611e-07	2.5652e-07	3.1813e-07	5.095e-07	4.4669e-07	2.8443e-07	3.5107e-07	4.9267e-07	3.9319e-07	2.9607e-07	2.6367e-07	2.5584e-07	3.0519e-07	3.4168e-07	3.223e-07	2.9545e-07	2.8694e-07	3.1485e-07	3.2115e-07	3.7654e-07	4.7303e-07	5.1489e-07	3.0369e-07	2.7718e-07	3.2136e-07	3.2594e-07	3.5054e-07	5.5181e-07	5.0651e-07	2.9081e-07	3.2701e-07	2.7867e-07	2.7481e-07	2.8292e-07	5.6882e-07	7.1864e-07	2.4798e-07	2.9613e-07	3.5636e-07	3.8077e-07	3.8093e-07	3.1279e-07	2.822e-07	2.8708e-07	2.8318e-07	3.5143e-07	3.0501e-07	3.4675e-07	3.7012e-07	3.4027e-07	2.919e-07	2.5707e-07	2.6273e-07	2.6855e-07
3.3771e-07	3.4e-07	3.2522e-07	3.2834e-07	3.2812e-07	3.3124e-07	2.8785e-07	1.8945e-07	2.9731e-07	4.4034e-07	3.575e-07	1.9461e-07	3.5196e-07	2.836e-07	2.8705e-07	2.2773e-07	3.2347e-07	4.8709e-07	3.4216e-07	3.4448e-07	2.8914e-07	2.7872e-07	4.5141e-07	1.5625e-07	1.2719e-07	3.5969e-07	4.4535e-07	3.4815e-07	4.758e-07	3.0046e-07	4.01e-07	3.3943e-07	2.9023e-07	3.6238e-07	4.246e-07	4.015e-07	3.9738e-07	3.654e-07	3.651e-07	3.9889e-07	3.8551e-07	3.3466e-07	3.2915e-07	3.8713e-07	3.6437e-07	4.3566e-07	3.6682e-07	3.0712e-07	3.3476e-07	4.5671e-07	3.9057e-07	3.4137e-07	3.4494e-07	2.0773e-07	1.7878e-07	1.7012e-07	1.6488e-07	1.7426e-07	3.9247e-07	4.8656e-07	5.9239e-07	3.8056e-07	4.3179e-07	4.3554e-07	3.8912e-07	4.6802e-07	3.697e-07	2.3182e-07	3.7593e-07	5.6805e-07	4.5008e-07	4.3384e-07	4.013e-07	3.2487e-07	4.3329e-07	2.3634e-07	2.9207e-07	2.4145e-07	2.7247e-07	2.73e-07	4.2289e-07	4.3181e-07	3.3019e-07	3.4212e-07	2.6983e-07	2.5149e-07	3.2511e-07	2.5555e-07	2.6084e-07	2.2751e-07	2.7165e-07	2.4472e-07	2.493e-07	2.8058e-07	3.7681e-07	2.9851e-07	2.7305e-07	3.1885e-07	4.2876e-07	5.0864e-07	5.8668e-07	3.5595e-07	2.9663e-07	3.7527e-07	3.3942e-07	2.8017e-07	3.0707e-07	3.0223e-07	3.4472e-07	7.0649e-07	2.4599e-07	3.0806e-07	3.792e-07	3.828e-07	3.0717e-07	3.8142e-07	3.047e-07	3.839e-07	3.2139e-07	3.8747e-07	4.369e-07	3.5954e-07	3.0862e-07	2.5774e-07	2.457e-07	2.5328e-07	2.4451e-07	2.456e-07
3.3793e-07	3.2875e-07	2.6553e-07	2.4464e-07	3.2426e-07	2.2526e-07	2.9389e-07	2.3603e-07	5.5854e-07	3.5026e-07	3.7686e-07	3.5668e-07	3.4525e-07	2.6013e-07	4.3038e-07	2.7634e-07	3.8483e-07	1.4674e-07	1.8252e-07	5.5201e-07	4.2219e-07	3.8169e-07	3.1694e-07	1.7118e-07	5.2308e-07	2.5702e-07	4.0095e-07	4.3287e-07	3.7789e-07	3.2266e-07	3.6538e-07	3.9864e-07	3.0696e-07	3.712e-07	4.1136e-07	3.9292e-07	3.1518e-07	4.0988e-07	4.0729e-07	3.4973e-07	3.9575e-07	3.3766e-07	3.3471e-07	4.3618e-07	3.3066e-07	3.817e-07	4.0556e-07	3.7264e-07	4.389e-07	3.7433e-07	3.5393e-07	4.1795e-07	3.9669e-07	4.0221e-07	3.5054e-07	1.9619e-07	2.1284e-07	2.1161e-07	5.0044e-07	6.1654e-07	4.1359e-07	4.1592e-07	4.2268e-07	4.1574e-07	4.0855e-07	4.2104e-07	4.2336e-07	3.7612e-07	2.9321e-07	3.0345e-07	5.3554e-07	3.4932e-07	4.5991e-07	3.1588e-07	2.2956e-07	2.458e-07	2.7636e-07	4.6698e-07	5.8199e-07	3.3371e-07	3.6015e-07	2.964e-07	2.585e-07	4.235e-07	3.8465e-07	3.1926e-07	5.0447e-07	2.3598e-07	2.5413e-07	2.2042e-07	2.646e-07	2.3858e-07	3.1302e-07	3.6065e-07	5.4718e-07	3.0575e-07	2.3953e-07	2.6387e-07	3.0854e-07	3.0588e-07	3.2126e-07	3.4988e-07	3.9702e-07	3.4482e-07	3.9399e-07	2.9154e-07	3.2462e-07	3.5331e-07	3.8192e-07	5.0568e-07	3.0401e-07	2.9411e-07	3.8584e-07	3.45e-07	3.1752e-07	3.4329e-07	3.6088e-07	4.5381e-07	3.1978e-07	2.4303e-07	2.6403e-07	3.2141e-07	3.549e-07	3.549e-07	2.5137e-07	2.4308e-07	2.4523e-07	2.4602e-07
3.4214e-07	2.263e-07	2.6497e-07	4.5817e-07	3.1695e-07	2.4252e-07	2.0296e-07	2.5883e-07	3.6901e-07	3.6849e-07	4.5111e-07	2.5555e-07	2.1764e-07	4.0271e-07	2.214e-07	1.8934e-07	3.1755e-07	2.5808e-07	1.6565e-07	3.7719e-07	2.2967e-07	2.6425e-07	2.3144e-07	2.0909e-07	4.1253e-07	2.2957e-07	5.4131e-07	4.1487e-07	3.755e-07	3.509e-07	2.4332e-07	4.6078e-07	4.1864e-07	3.8688e-07	3.8437e-07	3.2621e-07	4.1077e-07	3.636e-07	3.1774e-07	3.4932e-07	4.1784e-07	4.2549e-07	3.4198e-07	2.1179e-07	4.3315e-07	4.4996e-07	3.8955e-07	3.549e-07	4.0309e-07	3.2693e-07	3.3237e-07	4.2481e-07	3.3272e-07	4.6828e-07	3.9321e-07	3.997e-07	3.4942e-07	2.8354e-07	4.8068e-07	2.8171e-07	2.0356e-07	3.0144e-07	1.9344e-07	1.7938e-07	5.9376e-07	5.7753e-07	4.3537e-07	3.4181e-07	4.7835e-07	4.1074e-07	2.6809e-07	5.1353e-07	2.8741e-07	2.6229e-07	2.3398e-07	3.7491e-07	3.4278e-07	4.0094e-07	4.4715e-07	3.0488e-07	3.4542e-07	2.2396e-07	2.3604e-07	4.1293e-07	3.3208e-07	4.0843e-07	3.9201e-07	5.8825e-07	2.5713e-07	2.2009e-07	2.754e-07	2.9146e-07	3.2517e-07	2.831e-07	3.296e-07	3.5124e-07	3.4349e-07	2.5821e-07	3.5909e-07	2.7521e-07	3.0112e-07	4.506e-07	3.8813e-07	2.6438e-07	2.942e-07	2.8108e-07	3.313e-07	4.948e-07	5.9065e-07	3.2984e-07	3.0307e-07	3.0608e-07	3.4995e-07	3.1658e-07	3.3522e-07	3.5131e-07	3.8784e-07	3.7761e-07	3.1034e-07	2.8552e-07	2.4693e-07	2.5039e-07	3.0551e-07	2.9063e-07	2.498e-07	2.4414e-07	2.4474e-07	2.4786e-07
3.325e-07	2.7963e-07	3.0945e-07	3.9757e-07	2.7735e-07	3.2899e-07	2.8302e-07	3.4291e-07	3.0965e-07	4.2133e-07	3.448e-07	2.0568e-07	2.5387e-07	2.5046e-07	2.274e-07	2.1113e-07	1.6369e-07	1.7937e-07	5.99e-07	3.7224e-07	2.5045e-07	3.415e-07	3.643e-07	4.0323e-07	4.4868e-07	3.8925e-07	3.9915e-07	1.9448e-07	3.0646e-07	1.4926e-07	3.7007e-07	6.4483e-07	3.7038e-07	3.625e-07	3.6813e-07	4.0286e-07	3.6885e-07	3.1699e-07	3.6691e-07	2.8441e-07	3.6553e-07	4.6802e-07	4.3934e-07	3.6955e-07	4.1838e-07	3.4511e-07	4.2592e-07	3.8269e-07	3.1238e-07	3.9087e-07	3.3369e-07	3.7678e-07	4.4068e-07	3.8905e-07	3.817e-07	4.3724e-07	4.1827e-07	4.1535e-07	3.6349e-07	3.0068e-07	5.5276e-07	2.5813e-07	2.8821e-07	3.4723e-07	2.2244e-07	2.5574e-07	7.4489e-07	2.7802e-07	4.7745e-07	3.3567e-07	4.616e-07	2.5164e-07	2.6488e-07	2.9736e-07	2.3601e-07	2.6155e-07	2.5979e-07	2.1817e-07	2.8815e-07	5.4604e-07	2.3926e-07	2.3536e-07	4.6336e-07	4.0415e-07	2.8135e-07	4.8014e-07	2.9313e-07	4.4088e-07	2.3163e-07	2.3396e-07	2.304e-07	3.758e-07	2.8509e-07	2.819e-07	2.7973e-07	3.9231e-07	3.19e-07	2.4779e-07	3.1743e-07	4.7704e-07	2.7821e-07	3.4039e-07	2.4852e-07	2.4009e-07	2.6192e-07	2.7324e-07	3.6992e-07	3.9228e-07	3.877e-07	3.8891e-07	4.35e-07	8.847e-07	3.4032e-07	3.8105e-07	3.5896e-07	3.1228e-07	3.2785e-07	4.2171e-07	3.3194e-07	3.5748e-07	2.514e-07	2.4398e-07	2.5009e-07	2.7402e-07	2.6274e-07	2.5329e-07	2.4489e-07	2.4598e-07
3.2729e-07	2.9512e-07	3.2974e-07	3.1099e-07	2.2065e-07	2.7811e-07	3.0196e-07	4.553e-07	3.2961e-07	3.1772e-07	3.9715e-07	1.9255e-07	1.6912e-07	2.2162e-07	1.5308e-07	1.7682e-07	2.084e-07	1.7034e-07	5.9837e-07	5.4167e-07	3.829e-07	2.5866e-07	1.8494e-07	1.7205e-07	2.2324e-07	3.4189e-07	3.9979e-07	5.8014e-07	3.4303e-07	2.1137e-07	2.2753e-07	1.5554e-07	2.1888e-07	3.6761e-07	6.0101e-07	3.8644e-07	3.9795e-07	3.7711e-07	3.437e-07	3.1078e-07	3.2544e-07	4.9412e-07	3.7379e-07	3.1098e-07	4.6552e-07	3.4702e-07	3.7009e-07	4.3939e-07	3.4846e-07	3.4933e-07	3.9932e-07	4.0423e-07	4.2809e-07	3.6854e-07	4.1021e-07	3.9836e-07	4.0654e-07	3.9968e-07	4.0392e-07	3.9946e-07	3.1831e-07	3.6722e-07	3.7817e-07	4.7417e-07	4.225e-07	3.4346e-07	3.0386e-07	3.6274e-07	3.1002e-07	4.3231e-07	3.3894e-07	2.1965e-07	3.2421e-07	2.7621e-07	2.6369e-07	2.734e-07	2.6362e-07	2.7082e-07	2.8466e-07	3.1613e-07	3.6961e-07	2.8396e-07	2.8494e-07	2.5468e-07	2.8266e-07	2.9744e-07	6.0599e-07	2.3677e-07	2.259e-07	2.733e-07	2.9603e-07	3.6095e-07	2.804e-07	2.8415e-07	2.7955e-07	2.5926e-07	3.5197e-07	4.3777e-07	5.7322e-07	2.6396e-07	2.6955e-07	2.8985e-07	3.3687e-07	2.4466e-07	3.0609e-07	3.256e-07	3.1953e-07	3.9742e-07	4.4182e-07	2.9779e-07	2.3978e-07	3.9998e-07	3.3428e-07	3.6943e-07	4.1653e-07	3.4937e-07	3.7124e-07	3.832e-07	4.5517e-07	4.2018e-07	2.4517e-07	2.6955e-07	2.8028e-07	2.6281e-07	2.6986e-07	2.7084e-07	2.488e-07	2.4726e-07
3.3806e-07	3.3607e-07	2.0014e-07	2.4364e-07	1.6549e-07	2.2771e-07	3.1873e-07	6.1813e-07	3.508e-07	3.5901e-07	2.2792e-07	3.4439e-07	2.9464e-07	2.5039e-07	5.3269e-07	2.6078e-07	3.212e-07	3.827e-07	3.5698e-07	2.335e-07	5.0148e-07	2.5225e-07	2.3463e-07	2.1232e-07	2.5541e-07	3.6533e-07	3.2686e-07	2.6731e-07	2.2997e-07	1.9772e-07	2.5e-07	2.8124e-07	7.4099e-07	4.5765e-07	3.9068e-07	4.0332e-07	3.7726e-07	4.0636e-07	2.7958e-07	2.1028e-07	3.811e-07	3.0947e-07	3.3978e-07	2.2492e-07	5.4645e-07	4.4546e-07	3.5273e-07	4.157e-07	4.0827e-07	3.6519e-07	4.2234e-07	4.0277e-07	3.1079e-07	4.2592e-07	3.1263e-07	4.8896e-07	4.4074e-07	4.1884e-07	3.7917e-07	4.1386e-07	4.3723e-07	3.9831e-07	4.1815e-07	4.042e-07	2.9598e-07	4.4148e-07	4.2345e-07	3.4444e-07	3.9349e-07	2.8002e-07	2.8303e-07	2.6222e-07	2.5633e-07	2.9481e-07	4.2363e-07	3.6971e-07	3.0506e-07	4.0294e-07	2.9948e-07	2.3611e-07	3.5476e-07	2.8888e-07	5.6057e-07	2.5101e-07	2.7078e-07	2.2263e-07	2.805e-07	3.657e-07	3.0015e-07	2.9468e-07	3.3815e-07	2.7879e-07	2.8363e-07	3.3212e-07	5.5982e-07	3.0813e-07	3.2392e-07	4.3815e-07	3.4417e-07	2.9048e-07	3.3672e-07	2.6626e-07	2.8749e-07	3.734e-07	3.2312e-07	3.2099e-07	3.3955e-07	3.4657e-07	5.7502e-07	3.081e-07	3.1684e-07	4.922e-07	3.8371e-07	3.1895e-07	3.3876e-07	2.7077e-07	2.8788e-07	3.6022e-07	3.7646e-07	3.672e-07	3.1376e-07	3.0154e-07	2.8996e-07	3.2675e-07	3.518e-07	3.0737e-07	2.7179e-07	2.5338e-07
3.1271e-07	1.5109e-07	2.4488e-07	5.0011e-07	3.743e-07	3.2435e-07	1.4023e-07	1.7616e-07	5.6151e-07	3.0288e-07	4.5839e-07	3.7147e-07	3.3679e-07	2.5358e-07	3.9503e-07	4.1499e-07	3.1464e-07	2.0203e-07	3.9617e-07	2.7437e-07	5.1899e-07	3.7623e-07	3.8216e-07	2.9745e-07	1.8811e-07	3.8993e-07	1.7799e-07	2.4373e-07	2.2161e-07	2.1865e-07	2.047e-07	1.7193e-07	1.7306e-07	2.1124e-07	4.836e-07	3.5922e-07	5.1758e-07	4.2661e-07	3.8079e-07	2.6871e-07	2.4422e-07	3.5991e-07	3.6562e-07	4.578e-07	4.5454e-07	3.9893e-07	4.4566e-07	3.8461e-07	4.4169e-07	4.0581e-07	3.5717e-07	3.3857e-07	4.7414e-07	3.9419e-07	4.0796e-07	3.9026e-07	4.5098e-07	4.0118e-07	3.8412e-07	4.1053e-07	3.4716e-07	4.702e-07	4.6131e-07	3.9509e-07	4.5457e-07	4.0624e-07	4.1985e-07	3.8708e-07	3.4283e-07	4.4041e-07	3.3782e-07	3.5275e-07	2.7021e-07	2.7498e-07	2.7517e-07	2.8376e-07	3.2085e-07	2.8515e-07	3.6188e-07	3.6024e-07	4.5856e-07	2.6049e-07	2.9766e-07	2.6594e-07	2.9062e-07	2.5413e-07	2.5657e-07	2.6798e-07	5.1199e-07	3.0578e-07	2.8505e-07	3.4524e-07	3.6283e-07	2.9957e-07	2.9148e-07	3.3374e-07	2.8807e-07	3.2059e-07	4.8491e-07	2.8797e-07	3.3241e-07	3.2848e-07	3.8244e-07	4.2527e-07	3.8924e-07	4.2606e-07	2.8394e-07	3.3581e-07	5.2211e-07	3.5254e-07	3.2761e-07	3.7164e-07	3.8578e-07	3.2766e-07	3.4127e-07	2.6481e-07	2.4573e-07	3.3922e-07	2.8076e-07	2.5875e-07	2.7559e-07	3.5971e-07	3.3582e-07	2.6533e-07	2.9638e-07	3.3535e-07	3.0554e-07	2.5278e-07
2.7371e-07	3.945e-07	2.4319e-07	2.7117e-07	3.0942e-07	3.8544e-07	2.2262e-07	2.4962e-07	1.8921e-07	2.2882e-07	5.3696e-07	2.9137e-07	2.1368e-07	2.0723e-07	5.6528e-07	3.7595e-07	3.7929e-07	2.0248e-07	2.041e-07	3.1713e-07	4.7917e-07	4.6983e-07	3.8456e-07	3.3559e-07	2.0686e-07	2.6705e-07	3.8248e-07	5.2431e-07	3.5642e-07	3.2084e-07	2.6857e-07	4.7009e-07	3.9547e-07	3.405e-07	2.6596e-07	2.2497e-07	3.5124e-07	5.5985e-07	3.9407e-07	3.6756e-07	3.0044e-07	2.191e-07	3.2156e-07	5.9377e-07	3.8097e-07	3.8071e-07	3.0511e-07	3.4419e-07	4.8065e-07	3.9287e-07	3.8819e-07	2.6988e-07	4.0676e-07	4.2063e-07	4.4546e-07	4.1187e-07	3.9766e-07	4.139e-07	3.6568e-07	2.7771e-07	4.6453e-07	2.839e-07	4.7193e-07	4.3466e-07	3.8771e-07	3.6551e-07	3.5438e-07	4.5342e-07	3.5881e-07	2.9045e-07	3.7037e-07	2.437e-07	2.6853e-07	4.0323e-07	3.1563e-07	2.4409e-07	3.1125e-07	3.2378e-07	3.0833e-07	2.804e-07	3.0995e-07	3.2635e-07	2.9001e-07	2.2491e-07	2.9253e-07	3.0315e-07	3.0244e-07	3.2719e-07	3.4924e-07	3.8754e-07	3.7344e-07	3.6861e-07	3.3478e-07	3.2459e-07	3.0629e-07	4.6724e-07	3.5749e-07	2.862e-07	2.8808e-07	3.062e-07	3.5851e-07	3.893e-07	4.3344e-07	4.6184e-07	2.6826e-07	3.2099e-07	3.3367e-07	3.8827e-07	2.9187e-07	4.6501e-07	2.9937e-07	3.302e-07	4.8969e-07	5.95e-07	3.2792e-07	2.8671e-07	3.0397e-07	3.7488e-07	3.4256e-07	3.3165e-07	3.1486e-07	3.3485e-07	2.7939e-07	2.7032e-07	2.56e-07	2.6744e-07	2.5687e-07	2.6129e-07
2.676e-07	3.1819e-07	2.1541e-07	3.872e-07	3.0864e-07	3.9366e-07	3.1191e-07	2.6988e-07	4.1013e-07	1.8442e-07	1.7989e-07	5.343e-07	3.2341e-07	3.4047e-07	3.1186e-07	1.9198e-07	2.6619e-07	1.9907e-07	2.2495e-07	2.6036e-07	5.1435e-07	3.7331e-07	1.6084e-07	2.0813e-07	3.0747e-07	2.6855e-07	5.6773e-07	4.1965e-07	3.0475e-07	3.7799e-07	2.3178e-07	2.9051e-07	5.6696e-07	3.8175e-07	2.9243e-07	3.3811e-07	4.274e-07	3.6508e-07	2.7651e-07	3.4334e-07	4.7635e-07	3.2197e-07	4.059e-07	4.0519e-07	3.7021e-07	3.9593e-07	3.8585e-07	3.7633e-07	4.0337e-07	3.6614e-07	3.0059e-07	2.9669e-07	3.699e-07	3.6547e-07	4.9658e-07	3.9143e-07	3.8851e-07	3.5529e-07	4.4495e-07	3.4101e-07	3.331e-07	3.5707e-07	3.8849e-07	3.0723e-07	4.4156e-07	3.9462e-07	2.6986e-07	2.6656e-07	2.9626e-07	2.6597e-07	4.4856e-07	3.7188e-07	2.0947e-07	3.6997e-07	3.2647e-07	2.6981e-07	2.9611e-07	2.5047e-07	3.2435e-07	3.6178e-07	2.6582e-07	2.2862e-07	2.3826e-07	2.6448e-07	3.3187e-07	2.997e-07	3.4485e-07	3.3747e-07	7.664e-07	2.8363e-07	3.251e-07	2.5131e-07	2.3327e-07	2.8008e-07	3.0877e-07	3.3858e-07	2.499e-07	2.8268e-07	4.3456e-07	4.3565e-07	3.0088e-07	2.8581e-07	3.8121e-07	4.7586e-07	4.3657e-07	3.5996e-07	2.8267e-07	3.8614e-07	3.4553e-07	3.2885e-07	2.7249e-07	3.0737e-07	5.8637e-07	5.4546e-07	3.2151e-07	3.5782e-07	4.1662e-07	3.5569e-07	3.8745e-07	2.8579e-07	3.7482e-07	3.8585e-07	2.9432e-07	2.9327e-07	2.8382e-07	2.5593e-07	2.5143e-07	2.5541e-07
2.2553e-07	2.0408e-07	3.6114e-07	3.5821e-07	3.5402e-07	4.213e-07	3.4802e-07	2.4063e-07	2.0309e-07	2.7769e-07	2.3846e-07	4.9309e-07	2.9813e-07	3.9444e-07	2.9293e-07	2.5686e-07	4.2925e-07	2.6478e-07	2.671e-07	3.0071e-07	5.0089e-07	3.2168e-07	1.5439e-07	1.925e-07	5.6206e-07	4.2984e-07	3.8188e-07	3.0546e-07	3.448e-07	3.0911e-07	2.5046e-07	3.1519e-07	5.7308e-07	3.7392e-07	3.272e-07	2.7339e-07	5.2914e-07	4.0075e-07	4.0101e-07	3.5073e-07	4.1111e-07	4.0909e-07	2.8598e-07	4.5405e-07	4.226e-07	3.6965e-07	3.4288e-07	4.4623e-07	4.1428e-07	4.0656e-07	4.0274e-07	2.9261e-07	4.251e-07	3.8149e-07	3.3792e-07	4.5578e-07	3.8341e-07	4.4143e-07	3.9186e-07	3.5534e-07	4.5704e-07	3.3419e-07	4.0541e-07	3.99e-07	4.2822e-07	3.7452e-07	3.9406e-07	3.5671e-07	2.8363e-07	2.6053e-07	2.5682e-07	2.5222e-07	4.0931e-07	2.6246e-07	2.5751e-07	4.5694e-07	2.8032e-07	2.5531e-07	4.0374e-07	2.8607e-07	2.686e-07	2.7258e-07	2.4644e-07	2.8458e-07	3.0795e-07	2.8474e-07	4.8087e-07	3.0492e-07	3.7786e-07	3.4243e-07	3.3264e-07	2.5694e-07	2.7809e-07	2.4089e-07	2.3625e-07	3.6874e-07	2.67e-07	3.6019e-07	4.1461e-07	4.9764e-07	4.7053e-07	3.7416e-07	6.8114e-07	3.0213e-07	2.8541e-07	2.9715e-07	2.4878e-07	2.76e-07	3.0893e-07	3.6361e-07	3.3586e-07	2.5464e-07	5.5378e-07	6.6318e-07	2.9808e-07	3.1563e-07	4.578e-07	5.9366e-07	3.2348e-07	2.8497e-07	3.7569e-07	3.4063e-07	3.0062e-07	3.9715e-07	3.8718e-07	3.0104e-07	2.583e-07	2.538e-07
2.6663e-07	4.3816e-07	3.3005e-07	3.6208e-07	3.7236e-07	2.7734e-07	2.281e-07	3.6993e-07	2.643e-07	3.7496e-07	4.8177e-07	1.7457e-07	2.1106e-07	3.3178e-07	6.1101e-07	3.8788e-07	2.3676e-07	3.5602e-07	2.0508e-07	2.799e-07	3.0514e-07	2.8347e-07	2.2786e-07	2.8149e-07	3.812e-07	4.9997e-07	5.0042e-07	4.1406e-07	3.1994e-07	4.1265e-07	3.7136e-07	2.5954e-07	5.0146e-07	4.2147e-07	3.8848e-07	3.9328e-07	4.0011e-07	3.7615e-07	4.0458e-07	3.0734e-07	3.1706e-07	2.7218e-07	4.3287e-07	3.6586e-07	4.1551e-07	3.7614e-07	3.7704e-07	4.9097e-07	4.1039e-07	4.0829e-07	3.8309e-07	4.2199e-07	3.8145e-07	2.3089e-07	3.5412e-07	5.2272e-07	3.7337e-07	2.9634e-07	4.0667e-07	3.9044e-07	4.3345e-07	4.0575e-07	3.5591e-07	4.095e-07	3.7362e-07	4.3017e-07	3.6043e-07	3.4085e-07	3.1404e-07	3.1622e-07	2.8701e-07	2.5717e-07	3.5478e-07	2.6092e-07	2.6198e-07	3.4816e-07	4.3137e-07	5.3131e-07	2.9634e-07	3.3692e-07	4.528e-07	2.7157e-07	3.7091e-07	3.0611e-07	2.5185e-07	2.2939e-07	2.9918e-07	3.4085e-07	3.8668e-07	2.8933e-07	2.842e-07	3.0726e-07	2.7704e-07	3.0873e-07	5.0827e-07	4.3669e-07	2.9329e-07	4.4341e-07	2.8726e-07	2.915e-07	3.6208e-07	4.9236e-07	2.9853e-07	2.7674e-07	3.4736e-07	4.2581e-07	5.8422e-07	2.9986e-07	2.7099e-07	2.8291e-07	2.8858e-07	2.6095e-07	6.6062e-07	6.9487e-07	4.3679e-07	4.1209e-07	4.578e-07	4.4344e-07	3.6222e-07	2.8107e-07	2.837e-07	2.9721e-07	4.1106e-07	2.6778e-07	2.7044e-07	2.6553e-07	2.6599e-07	2.5549e-07
2.843e-07	2.8175e-07	4.4195e-07	3.1843e-07	3.4409e-07	2.0778e-07	4.2704e-07	2.7003e-07	2.8069e-07	2.3625e-07	2.8887e-07	1.5938e-07	4.8688e-07	4.718e-07	2.5768e-07	1.8655e-07	5.8143e-07	1.8266e-07	3.5868e-07	3.5629e-07	4.2784e-07	1.4551e-07	1.8207e-07	3.1464e-07	3.1461e-07	6.436e-07	4.0607e-07	3.802e-07	3.5212e-07	3.678e-07	4.0271e-07	2.1623e-07	5.1578e-07	3.9796e-07	3.8672e-07	3.7187e-07	3.8429e-07	3.8568e-07	3.3532e-07	3.4721e-07	3.8914e-07	3.1988e-07	3.2131e-07	3.4493e-07	4.4608e-07	3.8679e-07	3.6253e-07	3.9201e-07	4.3803e-07	3.6779e-07	3.6697e-07	4.029e-07	3.8734e-07	3.8431e-07	4.2264e-07	3.7813e-07	4.2231e-07	3.7495e-07	3.0062e-07	4.3447e-07	4.3226e-07	3.7879e-07	3.5914e-07	3.6068e-07	4.0445e-07	3.3125e-07	3.1464e-07	4.3791e-07	2.5765e-07	2.8551e-07	2.6185e-07	4.0732e-07	4.146e-07	4.3309e-07	2.5643e-07	3.6211e-07	4.0081e-07	2.4973e-07	3.499e-07	5.6305e-07	3.5065e-07	2.6489e-07	2.9752e-07	3.888e-07	4.4232e-07	3.7426e-07	3.5469e-07	2.996e-07	3.1052e-07	2.9983e-07	3.3227e-07	3.9663e-07	4.1752e-07	4.8712e-07	5.1398e-07	5.0029e-07	5.1878e-07	2.3941e-07	2.654e-07	6.7356e-07	3.229e-07	2.8431e-07	2.9208e-07	4.8615e-07	4.2382e-07	4.1614e-07	3.8044e-07	2.8805e-07	3.1213e-07	3.9107e-07	3.0306e-07	2.5739e-07	3.0903e-07	7.8686e-07	3.606e-07	4.6121e-07	5.5013e-07	4.4712e-07	3.7797e-07	2.6563e-07	2.5397e-07	2.7636e-07	2.6624e-07	2.5293e-07	2.5769e-07	2.7544e-07	2.7094e-07	2.7049e-07
1.7082e-07	1.6381e-07	4.3266e-07	4.3052e-07	3.895e-07	3.8692e-07	1.7354e-07	4.4092e-07	3.24e-07	2.4503e-07	2.5625e-07	2.0982e-07	4.9273e-07	4.3254e-07	3.7859e-07	3.0415e-07	3.6097e-07	3.2992e-07	2.2766e-07	1.8233e-07	5.6194e-07	2.8355e-07	4.496e-07	3.8709e-07	2.2798e-07	4.1905e-07	4.3938e-07	2.8466e-07	1.5858e-07	2.4349e-07	2.1252e-07	5.1402e-07	5.3832e-07	4.0321e-07	3.8698e-07	4.0082e-07	3.6093e-07	4.156e-07	3.5748e-07	3.6829e-07	3.8651e-07	2.6142e-07	3.7831e-07	4.2624e-07	3.9084e-07	4.2838e-07	4.0304e-07	3.2991e-07	4.3574e-07	4.1662e-07	4.0661e-07	3.9387e-07	3.8112e-07	3.7002e-07	4.235e-07	3.8342e-07	4.1151e-07	4.1132e-07	3.6126e-07	3.8261e-07	4.2026e-07	3.7785e-07	4.014e-07	4.3186e-07	3.5394e-07	3.0466e-07	3.4194e-07	2.992e-07	2.6729e-07	2.6032e-07	2.5706e-07	3.4665e-07	3.8445e-07	5.6491e-07	2.2628e-07	2.8989e-07	2.9079e-07	2.7418e-07	3.379e-07	4.1125e-07	2.4745e-07	2.7348e-07	2.6029e-07	3.8059e-07	5.7829e-07	4.4153e-07	3.1201e-07	3.0752e-07	3.4798e-07	3.7034e-07	3.5898e-07	5.8616e-07	3.1267e-07	4.023e-07	5.5373e-07	4.1427e-07	4.8357e-07	3.575e-07	4.6911e-07	3.6906e-07	3.3644e-07	2.7805e-07	2.8109e-07	3.963e-07	4.1284e-07	4.0906e-07	3.8142e-07	4.3246e-07	4.1867e-07	3.7442e-07	3.4169e-07	3.2418e-07	3.655e-07	3.6018e-07	4.3016e-07	3.6495e-07	3.0619e-07	4.7438e-07	3.6658e-07	2.7418e-07	2.5386e-07	2.5967e-07	2.7558e-07	2.8807e-07	2.6561e-07	2.6644e-07	2.6235e-07	2.5797e-07
2.8996e-07	3.0335e-07	4.2786e-07	3.5841e-07	3.4409e-07	2.0531e-07	3.675e-07	4.2645e-07	2.76e-07	2.0881e-07	1.8654e-07	2.3368e-07	4.7979e-07	4.8377e-07	3.8523e-07	3.667e-07	2.8395e-07	1.5142e-07	1.5593e-07	2.9701e-07	6.1328e-07	3.4325e-07	4.1615e-07	3.7779e-07	3.1472e-07	3.4559e-07	3.7121e-07	1.56e-07	2.3355e-07	6.3484e-07	3.7077e-07	4.0025e-07	3.7558e-07	3.836e-07	3.6666e-07	3.9167e-07	3.7203e-07	3.9941e-07	3.2272e-07	3.6911e-07	4.0939e-07	3.476e-07	3.8405e-07	4.3021e-07	3.7577e-07	3.6351e-07	4.0983e-07	3.5598e-07	4.1752e-07	4.3009e-07	3.8775e-07	3.8959e-07	3.9991e-07	4.0265e-07	3.7292e-07	4.1657e-07	4.2876e-07	4.0446e-07	4.2161e-07	3.2996e-07	3.7789e-07	4.5019e-07	4.1112e-07	3.7629e-07	3.605e-07	3.5837e-07	4.0633e-07	3.361e-07	2.9452e-07	3.2186e-07	3.5085e-07	4.62e-07	4.104e-07	3.9477e-07	3.9669e-07	2.8246e-07	3.3482e-07	3.4453e-07	2.8934e-07	3.9093e-07	3.4856e-07	2.964e-07	3.0968e-07	3.1347e-07	3.2862e-07	3.4974e-07	4.2238e-07	6.6324e-07	2.7794e-07	2.8975e-07	5.401e-07	5.481e-07	4.4876e-07	3.0432e-07	3.8866e-07	3.185e-07	3.7895e-07	3.6635e-07	4.648e-07	3.9437e-07	3.7893e-07	3.7046e-07	4.9226e-07	4.7524e-07	3.2052e-07	3.3443e-07	5.7837e-07	3.3688e-07	3.5559e-07	3.6055e-07	3.82e-07	3.4792e-07	3.6956e-07	3.1635e-07	3.3555e-07	2.9003e-07	3.8337e-07	3.467e-07	3.8694e-07	3.0816e-07	2.7854e-07	2.6298e-07	2.9965e-07	3.0296e-07	2.9812e-07	2.7934e-07	2.6266e-07	2.5921e-07
2.6713e-07	2.3582e-07	3.826e-07	4.0101e-07	3.6506e-07	3.6273e-07	2.3257e-07	4.3553e-07	3.5119e-07	3.0826e-07	3.0245e-07	1.6022e-07	4.7451e-07	2.0061e-07	3.5122e-07	3.7076e-07	4.1621e-07	1.6024e-07	4.3429e-07	4.3085e-07	3.8187e-07	2.618e-07	2.2438e-07	2.6935e-07	2.983e-07	3.3325e-07	3.5666e-07	2.5417e-07	5.9914e-07	3.7872e-07	4.0411e-07	3.6361e-07	3.3024e-07	4.5197e-07	3.9242e-07	3.8496e-07	3.9146e-07	3.9697e-07	3.9007e-07	3.5423e-07	3.2116e-07	2.6862e-07	4.4919e-07	2.7313e-07	5.3642e-07	3.2961e-07	3.0802e-07	3.0963e-07	3.6454e-07	4.7261e-07	3.876e-07	3.4602e-07	3.5589e-07	3.6947e-07	4.7683e-07	4.6896e-07	3.9831e-07	3.7169e-07	3.099e-07	3.3311e-07	4.6538e-07	4.9429e-07	3.9387e-07	4.0689e-07	4.5523e-07	3.6144e-07	3.7896e-07	4.0833e-07	3.8947e-07	3.2838e-07	4.8034e-07	4.011e-07	2.4533e-07	3.5127e-07	5.5411e-07	5.2509e-07	2.8862e-07	2.446e-07	4.3375e-07	5.2308e-07	2.6643e-07	2.5301e-07	2.4807e-07	2.7271e-07	3.698e-07	3.4498e-07	3.1393e-07	3.1318e-07	3.4364e-07	2.6467e-07	2.9253e-07	4.2446e-07	4.932e-07	3.8041e-07	3.4966e-07	2.8685e-07	3.0358e-07	3.4149e-07	4.162e-07	4.6274e-07	4.8896e-07	5.6516e-07	2.838e-07	3.8659e-07	3.2412e-07	3.0594e-07	2.8963e-07	3.4787e-07	5.7737e-07	3.703e-07	2.8379e-07	2.8946e-07	2.9591e-07	2.7919e-07	2.8122e-07	3.0365e-07	2.8786e-07	3.7348e-07	3.9703e-07	2.6361e-07	2.8698e-07	2.9287e-07	2.9553e-07	2.9786e-07	2.94e-07	2.7597e-07	2.6626e-07	2.6416e-07
2.1152e-07	4.7552e-07	3.9696e-07	2.4607e-07	3.0843e-07	2.4041e-07	2.403e-07	5.2066e-07	3.3083e-07	3.9654e-07	2.819e-07	2.2472e-07	3.5901e-07	4.1226e-07	1.8656e-07	5.3955e-07	3.3949e-07	3.0897e-07	3.9961e-07	4.154e-07	3.8604e-07	3.7138e-07	2.8877e-07	3.2339e-07	1.5333e-07	4.2142e-07	5.4427e-07	3.2633e-07	1.9395e-07	5.5115e-07	3.4906e-07	4.1855e-07	3.6039e-07	3.7322e-07	3.9565e-07	4.054e-07	3.9948e-07	3.9645e-07	3.9083e-07	3.8993e-07	3.6387e-07	3.0916e-07	4.6565e-07	4.1477e-07	3.8312e-07	2.629e-07	4.3102e-07	3.8411e-07	3.6641e-07	3.4647e-07	3.9049e-07	4.097e-07	4.1795e-07	3.6797e-07	4.1203e-07	4.105e-07	3.5812e-07	3.9659e-07	2.9381e-07	4.4344e-07	4.2548e-07	4.0336e-07	3.8311e-07	4.139e-07	4.1203e-07	3.0118e-07	2.7175e-07	3.6963e-07	3.0446e-07	2.2672e-07	3.615e-07	7.3084e-07	3.2045e-07	2.7699e-07	5.4264e-07	3.4348e-07	4.1717e-07	4.4789e-07	2.3681e-07	5.8252e-07	3.2925e-07	2.8969e-07	2.9757e-07	2.7669e-07	3.7685e-07	2.6061e-07	2.8528e-07	2.9822e-07	2.8855e-07	2.9208e-07	3.4039e-07	3.4369e-07	4.8728e-07	8.0112e-07	3.3207e-07	3.1007e-07	2.8296e-07	3.4558e-07	6.2155e-07	3.2699e-07	2.8668e-07	3.2314e-07	3.8546e-07	4.5124e-07	3.2438e-07	2.9263e-07	2.7954e-07	3.1453e-07	3.5714e-07	4.3945e-07	3.5812e-07	4.5637e-07	3.8055e-07	3.5389e-07	3.8097e-07	3.9856e-07	2.975e-07	2.9784e-07	2.6822e-07	2.9286e-07	3.2954e-07	3.2403e-07	3.7072e-07	2.8755e-07	2.7345e-07	2.7867e-07	2.8749e-07	2.6477e-07
3.5552e-07	1.8359e-07	2.8143e-07	2.3711e-07	3.273e-07	5.073e-07	2.8257e-07	2.6296e-07	2.8647e-07	2.6822e-07	5.1842e-07	3.8646e-07	3.6468e-07	3.4619e-07	1.9185e-07	3.6802e-07	4.917e-07	3.6702e-07	3.7351e-07	3.4861e-07	2.4249e-07	4.1976e-07	3.9044e-07	3.0783e-07	4.3462e-07	3.6363e-07	3.6645e-07	2.2204e-07	4.4457e-07	3.8191e-07	1.8943e-07	4.2932e-07	4.6873e-07	3.6411e-07	4.129e-07	3.9011e-07	3.9757e-07	3.8314e-07	3.7928e-07	3.4178e-07	3.6459e-07	2.7212e-07	5.0004e-07	4.1065e-07	3.9741e-07	2.8934e-07	3.8546e-07	4.0324e-07	3.4088e-07	3.0391e-07	4.2001e-07	4.2511e-07	4.1072e-07	4.0311e-07	3.4371e-07	3.4053e-07	2.4134e-07	3.0153e-07	3.7024e-07	3.6462e-07	5.5422e-07	4.5162e-07	3.2694e-07	2.7988e-07	3.1026e-07	4.7549e-07	4.1864e-07	3.7728e-07	2.7352e-07	3.0919e-07	3.1118e-07	3.944e-07	2.7575e-07	3.1303e-07	3.2889e-07	3.7394e-07	5.3755e-07	3.0648e-07	3.933e-07	2.8834e-07	2.7927e-07	2.5527e-07	2.2763e-07	2.3634e-07	2.2509e-07	2.3046e-07	2.8607e-07	2.9864e-07	2.8867e-07	3.1665e-07	3.2393e-07	3.711e-07	4.2713e-07	3.6661e-07	3.3845e-07	3.1048e-07	3.3178e-07	3.7439e-07	4.0244e-07	3.4608e-07	5.913e-07	6.4305e-07	4.6039e-07	3.1767e-07	3.2776e-07	2.9477e-07	3.6291e-07	7.7005e-07	3.3498e-07	2.9429e-07	3.2493e-07	3.3116e-07	3.7654e-07	2.9517e-07	4.4858e-07	3.8293e-07	2.9998e-07	3.4982e-07	2.9972e-07	4.3874e-07	5.0733e-07	5.013e-07	6.7658e-07	4.2087e-07	2.6513e-07	2.6637e-07	2.7819e-07	2.6469e-07
3.1716e-07	3.5988e-07	3.3779e-07	3.1901e-07	3.9214e-07	3.3083e-07	3.9125e-07	2.4852e-07	2.4365e-07	5.0229e-07	3.7765e-07	3.8054e-07	3.7919e-07	3.6491e-07	3.6266e-07	2.8665e-07	4.4296e-07	3.8678e-07	3.7606e-07	3.3354e-07	2.3679e-07	3.9572e-07	4.7808e-07	3.1297e-07	4.1066e-07	4.0159e-07	3.7808e-07	3.6672e-07	3.8832e-07	3.3485e-07	3.695e-07	4.282e-07	4.1912e-07	3.6892e-07	4.2629e-07	3.9405e-07	3.8216e-07	4.1697e-07	3.9031e-07	3.7441e-07	4.0876e-07	4.0892e-07	3.64e-07	4.5228e-07	3.5092e-07	4.0027e-07	3.8666e-07	3.9484e-07	4.4127e-07	4.184e-07	3.4797e-07	3.8758e-07	4.3877e-07	4.2902e-07	3.868e-07	3.9869e-07	4.0593e-07	4.0035e-07	3.9469e-07	4.1172e-07	4.2533e-07	4.0246e-07	4.1597e-07	4.6255e-07	4.1196e-07	3.7251e-07	4.3522e-07	4.0398e-07	3.6323e-07	3.7602e-07	3.4441e-07	4.3329e-07	4.6295e-07	4.5632e-07	3.4052e-07	4.4039e-07	4.5839e-07	4.1932e-07	4.0282e-07	4.2116e-07	3.6121e-07	3.5405e-07	4.1761e-07	3.887e-07	4.9956e-07	4.1335e-07	4.576e-07	3.0802e-07	3.5437e-07	3.012e-07	5.1023e-07	4.7161e-07	3.6803e-07	3.6523e-07	4.0625e-07	3.5567e-07	3.4645e-07	5.8413e-07	4.4763e-07	2.9913e-07	4.9875e-07	5.1109e-07	5.0626e-07	4.5946e-07	4.5961e-07	3.0853e-07	4.3885e-07	4.8175e-07	4.792e-07	4.3979e-07	4.6001e-07	4.2911e-07	4.0711e-07	4.4772e-07	4.364e-07	4.238e-07	5.0316e-07	5.6972e-07	3.631e-07	3.4522e-07	4.0368e-07	4.4366e-07	5.1822e-07	3.0481e-07	2.7488e-07	3.0166e-07	2.9162e-07	3.1262e-07
3.4428e-07	3.1638e-07	3.1668e-07	3.6364e-07	3.3743e-07	1.8391e-07	2.1102e-07	3.6628e-07	2.3173e-07	2.1853e-07	5.6541e-07	3.9847e-07	3.5564e-07	3.6596e-07	2.1705e-07	3.5468e-07	2.5981e-07	5.3487e-07	3.1921e-07	1.6476e-07	2.689e-07	1.8644e-07	1.807e-07	3.1845e-07	6.9945e-07	3.9405e-07	3.1996e-07	3.5468e-07	1.7859e-07	2.0649e-07	2.1909e-07	2.1801e-07	5.9729e-07	4.7482e-07	4.0961e-07	3.6217e-07	4.1344e-07	4.0561e-07	3.6575e-07	3.7828e-07	3.746e-07	2.7842e-07	2.758e-07	2.8068e-07	4.0391e-07	3.516e-07	4.4183e-07	4.5548e-07	3.9008e-07	3.7321e-07	4.4443e-07	3.3564e-07	4.0645e-07	4.1853e-07	4.0237e-07	3.1484e-07	3.1387e-07	5.1746e-07	4.2004e-07	3.1411e-07	4.6696e-07	4.1548e-07	3.7802e-07	4.1447e-07	4.654e-07	4.0106e-07	3.9997e-07	4.2116e-07	2.9247e-07	3.0188e-07	4.07e-07	2.7133e-07	3.5222e-07	4.8748e-07	4.1579e-07	3.2538e-07	4.7977e-07	4.4801e-07	3.3319e-07	2.7357e-07	2.6461e-07	4.1206e-07	3.8975e-07	3.6789e-07	2.3972e-07	2.3294e-07	2.5057e-07	2.8571e-07	4.0376e-07	2.4964e-07	2.5369e-07	2.7537e-07	2.8602e-07	4.556e-07	3.0947e-07	4.492e-07	5.056e-07	2.5807e-07	2.7202e-07	3.2809e-07	3.6038e-07	2.9273e-07	2.7234e-07	2.7463e-07	3.5582e-07	4.0525e-07	3.8076e-07	2.8642e-07	3.0063e-07	7.5127e-07	5.9835e-07	2.754e-07	2.9581e-07	4.1052e-07	4.1401e-07	5.4486e-07	3.2312e-07	4.2873e-07	3.0892e-07	2.5803e-07	2.5939e-07	3.4909e-07	3.3173e-07	3.3563e-07	3.3185e-07	2.7444e-07	2.6747e-07	2.6519e-07
3.5005e-07	3.4046e-07	2.7412e-07	3.5029e-07	3.8828e-07	2.9315e-07	2.5663e-07	3.9902e-07	2.9908e-07	1.7027e-07	3.8046e-07	4.8599e-07	3.7271e-07	3.6319e-07	3.4103e-07	2.7117e-07	2.1732e-07	4.3865e-07	4.4023e-07	3.055e-07	3.8946e-07	2.4554e-07	4.6049e-07	4.1029e-07	3.678e-07	3.8944e-07	3.7741e-07	3.3155e-07	3.854e-07	4.1466e-07	2.7212e-07	3.9359e-07	3.9895e-07	3.6067e-07	4.0305e-07	4.0369e-07	3.6784e-07	3.2168e-07	3.5364e-07	4.5354e-07	3.5698e-07	3.3929e-07	3.403e-07	4.1714e-07	3.6247e-07	4.4306e-07	3.6252e-07	3.9151e-07	4.1686e-07	4.1323e-07	3.4802e-07	3.775e-07	3.7082e-07	3.5032e-07	4.0023e-07	3.6465e-07	3.4009e-07	3.5648e-07	4.8391e-07	4.2837e-07	4.0194e-07	3.5102e-07	3.6156e-07	5.3148e-07	4.3015e-07	4.0515e-07	2.6486e-07	2.9621e-07	3.4403e-07	3.0597e-07	2.7151e-07	3.2912e-07	3.3242e-07	2.77e-07	3.4926e-07	4.5802e-07	4.4748e-07	3.6754e-07	3.5978e-07	2.6963e-07	2.6011e-07	2.5366e-07	3.5263e-07	3.8275e-07	3.6505e-07	3.2557e-07	3.9082e-07	4.3387e-07	3.3923e-07	2.4855e-07	3.4808e-07	4.9805e-07	4.6246e-07	3.0658e-07	3.0467e-07	4.6146e-07	7.336e-07	4.6537e-07	2.5717e-07	2.7011e-07	3.0844e-07	3.746e-07	3.695e-07	3.5102e-07	2.9244e-07	2.7321e-07	4.7283e-07	2.9103e-07	3.2385e-07	4.6777e-07	4.6947e-07	4.7299e-07	4.9111e-07	4.4398e-07	3.509e-07	2.683e-07	3.5331e-07	7.8179e-07	4.0323e-07	3.1305e-07	3.3611e-07	3.6154e-07	3.3233e-07	3.0665e-07	2.855e-07	2.7823e-07	2.884e-07	2.6841e-07
3.2362e-07	3.7507e-07	3.3611e-07	3.3263e-07	3.7208e-07	3.4816e-07	1.9479e-07	4.5846e-07	2.5532e-07	2.0065e-07	2.8968e-07	3.3528e-07	4.9275e-07	3.7002e-07	3.0421e-07	3.3942e-07	4.3111e-07	3.5079e-07	3.466e-07	3.6224e-07	3.7e-07	3.6464e-07	2.0988e-07	1.9279e-07	5.5624e-07	3.9784e-07	3.8491e-07	2.8951e-07	4.5298e-07	3.7596e-07	3.6981e-07	3.2148e-07	4.3068e-07	4.116e-07	3.7706e-07	3.7317e-07	4.0411e-07	3.6537e-07	4.2523e-07	3.9227e-07	3.4903e-07	3.1893e-07	3.2444e-07	4.3676e-07	3.918e-07	3.8411e-07	3.1677e-07	4.5016e-07	4.118e-07	3.0887e-07	4.3348e-07	4.2674e-07	2.9575e-07	4.3931e-07	4.089e-07	4.7955e-07	4.0647e-07	3.8787e-07	4.0737e-07	4.4368e-07	3.8863e-07	4.0056e-07	3.6464e-07	3.7949e-07	2.6962e-07	3.0135e-07	3.1335e-07	3.081e-07	2.5662e-07	2.9401e-07	3.4595e-07	3.1048e-07	3.3782e-07	4.6836e-07	3.256e-07	2.5995e-07	2.6771e-07	2.6974e-07	2.8576e-07	3.9841e-07	3.3028e-07	2.6878e-07	2.4399e-07	3.2406e-07	3.1098e-07	3.1259e-07	2.553e-07	2.7401e-07	3.7864e-07	3.2847e-07	4.6332e-07	8.3608e-07	3.1866e-07	3.2477e-07	3.13e-07	2.8278e-07	5.0396e-07	4.2071e-07	2.5804e-07	2.7323e-07	3.9522e-07	3.0612e-07	3.1659e-07	3.8586e-07	4.1293e-07	3.4971e-07	2.5983e-07	2.9313e-07	2.9857e-07	3.5633e-07	5.2801e-07	4.4922e-07	3.5124e-07	4.6865e-07	3.7202e-07	3.4326e-07	4.2936e-07	6.1788e-07	3.0255e-07	3.1916e-07	4.0489e-07	3.5029e-07	2.8771e-07	2.7335e-07	2.7272e-07	2.7261e-07	2.7175e-07	2.7067e-07
3.5238e-07	3.3885e-07	2.8722e-07	3.8783e-07	3.4295e-07	3.6931e-07	3.5004e-07	3.7528e-07	2.9804e-07	1.9548e-07	3.0629e-07	5.0494e-07	3.8696e-07	3.5476e-07	3.2678e-07	4.1656e-07	3.5072e-07	3.1142e-07	3.6047e-07	3.697e-07	2.671e-07	2.4187e-07	5.1064e-07	2.6569e-07	4.5683e-07	3.8183e-07	3.9286e-07	3.8458e-07	3.6385e-07	3.2571e-07	2.6106e-07	5.2312e-07	3.6982e-07	3.588e-07	3.3627e-07	4.4269e-07	3.7816e-07	3.7861e-07	3.4993e-07	2.3323e-07	4.2955e-07	3.7244e-07	3.1597e-07	4.8566e-07	3.8708e-07	3.7759e-07	3.4745e-07	3.5094e-07	4.5227e-07	3.5634e-07	3.2009e-07	2.9046e-07	4.7823e-07	4.5532e-07	3.861e-07	4.1067e-07	3.7999e-07	3.023e-07	2.7763e-07	4.2215e-07	4.5715e-07	3.8444e-07	4.288e-07	3.3521e-07	4.2502e-07	3.765e-07	4.3853e-07	4.2698e-07	3.5742e-07	2.6368e-07	3.4089e-07	3.721e-07	3.3696e-07	2.9797e-07	2.6669e-07	2.9839e-07	5.4236e-07	3.2543e-07	3.2615e-07	3.4977e-07	6.4828e-07	3.0328e-07	3.8706e-07	3.5215e-07	3.6625e-07	3.5332e-07	3.7526e-07	2.7769e-07	4.3827e-07	3.8292e-07	6.7115e-07	3.6069e-07	3.1003e-07	3.4262e-07	2.8799e-07	3.5606e-07	3.315e-07	3.5453e-07	3.306e-07	3.4366e-07	3.284e-07	3.728e-07	4.7931e-07	6.8796e-07	3.427e-07	2.9973e-07	2.7022e-07	4.6234e-07	3.2505e-07	2.8343e-07	3.9477e-07	2.645e-07	3.4412e-07	3.7479e-07	4.186e-07	3.574e-07	2.9253e-07	3.2103e-07	3.0772e-07	3.9214e-07	3.7242e-07	3.1152e-07	2.714e-07	2.6837e-07	3.0122e-07	3.5155e-07	3.0809e-07	2.7168e-07
