1.6536e-08	9.8283e-09	5.8262e-09	4.9716e-09	6.427e-09	8.5386e-09	1.1598e-08	1.4121e-08	1.4829e-08	1.4438e-08	1.4333e-08	1.3304e-08	1.2049e-08	8.59e-09	5.5277e-09	4.9951e-09	5.0993e-09	4.6354e-09	4.0482e-09	4.7477e-09	7.6147e-09	1.0595e-08	1.3573e-08	1.409e-08	1.1999e-08	7.0219e-09	6.6505e-09	7.7193e-09	9.5491e-09	1.085e-08	1.1866e-08	1.1409e-08	1.0952e-08	1.0767e-08	1.1223e-08	1.1367e-08	1.1545e-08	1.2693e-08	1.4034e-08	1.4891e-08	1.3908e-08	1.2171e-08	1.0166e-08	7.6615e-09	5.5993e-09	4.5593e-09	5.4785e-09	7.4141e-09	8.711e-09	1.0655e-08	1.2255e-08	1.2385e-08	1.0394e-08	8.1058e-09	7.9048e-09	9.4122e-09	9.9571e-09	9.9748e-09	8.88e-09	8.2865e-09	8.4371e-09	8.0311e-09	7.7266e-09	8.8304e-09	1.08e-08	1.2445e-08	1.3865e-08	1.5023e-08	1.4599e-08	1.343e-08	1.1731e-08	9.955e-09	6.7565e-09	4.0952e-09	4.3703e-09	6.5203e-09	9.0013e-09	1.025e-08	1.0259e-08	1.0325e-08	1.0529e-08	9.856e-09	8.6694e-09	9.3375e-09	1.0739e-08	1.1897e-08	1.3215e-08	1.37e-08	1.3441e-08	1.2793e-08	1.1138e-08	8.4195e-09	7.0437e-09	7.7066e-09	8.1659e-09	9.5015e-09	1.0255e-08	1.0575e-08	1.0768e-08	1.055e-08	1.0048e-08	9.6667e-09	7.9065e-09	7.6842e-09	7.7512e-09	8.304e-09	9.317e-09	9.7433e-09	9.4653e-09	8.0151e-09	8.862e-09	1.0532e-08	1.1172e-08	1.2167e-08	1.2098e-08	1.0172e-08	8.8928e-09	8.678e-09	8.5578e-09	8.9869e-09	8.7611e-09	9.8627e-09	1.1463e-08	1.226e-08	1.1423e-08	1.0035e-08	8.6957e-09	1.0036e-08
1.6217e-08	1.1076e-08	8.2676e-09	6.8742e-09	7.247e-09	8.5122e-09	1.0322e-08	1.21e-08	1.3165e-08	1.3369e-08	1.2774e-08	1.2002e-08	1.0624e-08	9.7578e-09	9.046e-09	8.1023e-09	7.4514e-09	6.9136e-09	6.1912e-09	6.7972e-09	7.551e-09	8.3772e-09	1.0204e-08	1.1206e-08	1.0328e-08	9.0147e-09	8.4605e-09	8.0504e-09	8.0595e-09	8.3483e-09	8.5208e-09	8.497e-09	7.8747e-09	7.8328e-09	8.8984e-09	1.0222e-08	1.1005e-08	1.1477e-08	1.1824e-08	1.2227e-08	1.2453e-08	1.2318e-08	1.1976e-08	1.0971e-08	8.8869e-09	7.183e-09	6.5032e-09	8.3744e-09	1.0542e-08	1.183e-08	1.2487e-08	1.2287e-08	1.1225e-08	1.0313e-08	9.6861e-09	9.479e-09	9.7468e-09	9.6952e-09	9.7281e-09	9.5474e-09	9.4807e-09	9.7742e-09	9.9094e-09	1.0325e-08	1.1209e-08	1.2222e-08	1.3121e-08	1.3834e-08	1.3922e-08	1.3179e-08	1.1231e-08	8.7105e-09	6.6031e-09	5.987e-09	6.4831e-09	7.9286e-09	9.5753e-09	1.0721e-08	1.1357e-08	1.1282e-08	1.0472e-08	9.2441e-09	8.3179e-09	8.649e-09	1.0069e-08	1.1524e-08	1.2383e-08	1.2393e-08	1.1734e-08	1.0728e-08	9.448e-09	8.002e-09	7.25e-09	8.0855e-09	9.1054e-09	9.8072e-09	9.7197e-09	8.7316e-09	8.0577e-09	7.6583e-09	8.326e-09	8.7851e-09	8.7417e-09	8.5391e-09	8.1539e-09	8.1273e-09	8.8368e-09	9.8666e-09	1.0213e-08	9.958e-09	1.0075e-08	1.1209e-08	1.2309e-08	1.2854e-08	1.2389e-08	1.0697e-08	9.1096e-09	8.5986e-09	8.5853e-09	8.3048e-09	8.3358e-09	9.4989e-09	1.033e-08	1.0636e-08	1.0283e-08	9.6972e-09	1.052e-08	1.2802e-08
1.236e-08	9.4606e-09	8.4893e-09	8.1025e-09	8.5972e-09	9.0141e-09	9.9714e-09	1.1717e-08	1.2792e-08	1.3151e-08	1.1899e-08	1.0946e-08	1.042e-08	1.0002e-08	9.7911e-09	9.5663e-09	9.2668e-09	8.9021e-09	9.0212e-09	9.5246e-09	9.8638e-09	9.5947e-09	9.622e-09	9.5594e-09	9.3518e-09	9.4852e-09	9.6297e-09	9.757e-09	9.8688e-09	9.2032e-09	7.5933e-09	6.0773e-09	4.7449e-09	4.2107e-09	5.2114e-09	7.2071e-09	8.8382e-09	1.0026e-08	1.0973e-08	1.1544e-08	1.2127e-08	1.2602e-08	1.2847e-08	1.228e-08	1.1155e-08	8.8107e-09	8.2059e-09	9.0601e-09	1.0801e-08	1.2042e-08	1.2622e-08	1.2307e-08	1.1307e-08	1.0295e-08	9.8238e-09	9.9115e-09	1.0181e-08	1.1064e-08	1.1627e-08	1.1495e-08	1.1347e-08	1.1439e-08	1.1326e-08	1.0921e-08	1.0975e-08	1.1317e-08	1.1923e-08	1.2557e-08	1.284e-08	1.2672e-08	1.1028e-08	7.8678e-09	6.542e-09	6.5907e-09	6.8427e-09	7.3324e-09	8.0609e-09	8.3204e-09	8.3752e-09	8.3208e-09	7.7616e-09	7.7327e-09	7.6131e-09	8.1188e-09	9.2919e-09	1.0563e-08	1.1577e-08	1.2129e-08	1.1914e-08	1.0786e-08	9.3788e-09	8.6313e-09	8.8397e-09	9.4128e-09	1.01e-08	1.0748e-08	1.0711e-08	9.9317e-09	8.676e-09	7.4705e-09	7.9165e-09	8.8707e-09	9.4696e-09	1.0077e-08	9.9781e-09	1.008e-08	1.0052e-08	1.0582e-08	1.1251e-08	1.1608e-08	1.2023e-08	1.232e-08	1.2437e-08	1.2235e-08	1.1467e-08	9.9708e-09	8.481e-09	7.9184e-09	7.6066e-09	7.8237e-09	7.9374e-09	8.1701e-09	8.331e-09	8.7424e-09	9.1904e-09	1.0062e-08	1.1378e-08	1.4159e-08
1.1228e-08	7.9133e-09	7.8384e-09	8.637e-09	9.5596e-09	1.0698e-08	1.2296e-08	1.3224e-08	1.3621e-08	1.2978e-08	1.1542e-08	9.7889e-09	9.0607e-09	8.7161e-09	8.9394e-09	9.0939e-09	9.3203e-09	9.6282e-09	1.029e-08	1.1303e-08	1.1385e-08	1.0468e-08	8.4432e-09	6.949e-09	7.9609e-09	8.9816e-09	9.1604e-09	8.1082e-09	6.8186e-09	6.1088e-09	6.1579e-09	6.3578e-09	5.6197e-09	5.1948e-09	6.7412e-09	8.1503e-09	9.6888e-09	1.1173e-08	1.2372e-08	1.318e-08	1.3411e-08	1.3538e-08	1.3575e-08	1.2747e-08	1.0501e-08	9.429e-09	9.1399e-09	9.859e-09	1.1133e-08	1.2112e-08	1.2138e-08	1.1461e-08	1.0333e-08	1.0065e-08	1.0524e-08	1.1199e-08	1.1938e-08	1.257e-08	1.2759e-08	1.2731e-08	1.2585e-08	1.2138e-08	1.1258e-08	1.0277e-08	9.8614e-09	9.9123e-09	9.9636e-09	1.0149e-08	9.7016e-09	8.8061e-09	7.8619e-09	7.0314e-09	6.4526e-09	6.8279e-09	7.4598e-09	8.0219e-09	7.8145e-09	7.3396e-09	7.3678e-09	7.5116e-09	7.4431e-09	7.177e-09	6.9892e-09	7.3801e-09	8.489e-09	9.9446e-09	1.1148e-08	1.1865e-08	1.169e-08	1.147e-08	1.1376e-08	1.1268e-08	1.1535e-08	1.1687e-08	1.175e-08	1.1731e-08	1.1525e-08	1.114e-08	1.0639e-08	1.0211e-08	9.7646e-09	9.524e-09	9.7652e-09	1.04e-08	1.0622e-08	1.0632e-08	1.0793e-08	1.0948e-08	1.1135e-08	1.134e-08	1.1338e-08	1.1308e-08	1.0788e-08	9.6605e-09	8.0354e-09	6.7612e-09	6.1614e-09	6.49e-09	7.0392e-09	7.1255e-09	7.1143e-09	7.8263e-09	8.4747e-09	9.0964e-09	1.0081e-08	1.1638e-08	1.3611e-08	1.5905e-08
9.4743e-09	7.1503e-09	6.6384e-09	8.2618e-09	1.0453e-08	1.2373e-08	1.3534e-08	1.4305e-08	1.4468e-08	1.3551e-08	1.2218e-08	1.0964e-08	9.3757e-09	8.0453e-09	8.09e-09	8.4339e-09	8.9047e-09	9.8367e-09	1.1029e-08	1.2188e-08	1.1846e-08	1.0367e-08	8.1514e-09	6.4835e-09	6.0669e-09	6.215e-09	6.3685e-09	6.6119e-09	6.4918e-09	6.7141e-09	6.4989e-09	6.458e-09	6.952e-09	7.9956e-09	8.7845e-09	9.7522e-09	1.0557e-08	1.151e-08	1.2616e-08	1.335e-08	1.3585e-08	1.3386e-08	1.3193e-08	1.1897e-08	9.7842e-09	8.6162e-09	8.7392e-09	9.157e-09	9.7171e-09	9.8493e-09	9.7674e-09	9.6191e-09	9.9499e-09	1.0825e-08	1.1672e-08	1.2721e-08	1.3931e-08	1.4649e-08	1.4523e-08	1.3673e-08	1.2397e-08	1.1005e-08	9.4343e-09	8.7614e-09	8.6399e-09	9.2786e-09	9.9478e-09	9.5255e-09	9.4113e-09	9.3809e-09	8.7651e-09	7.7895e-09	6.9879e-09	7.6962e-09	7.9925e-09	7.4781e-09	7.495e-09	7.5445e-09	6.9707e-09	6.5276e-09	6.9837e-09	7.601e-09	7.9287e-09	7.9175e-09	8.3379e-09	9.2253e-09	1.0629e-08	1.1525e-08	1.1833e-08	1.1998e-08	1.2502e-08	1.2905e-08	1.3179e-08	1.323e-08	1.3083e-08	1.2919e-08	1.2595e-08	1.1699e-08	1.0852e-08	1.0454e-08	1.0361e-08	1.0737e-08	1.1294e-08	1.1537e-08	1.147e-08	1.0946e-08	9.9213e-09	9.084e-09	8.7443e-09	8.3223e-09	8.0051e-09	7.9522e-09	7.6943e-09	6.8078e-09	6.3387e-09	6.9661e-09	6.5532e-09	6.471e-09	6.5887e-09	7.3885e-09	8.4013e-09	9.2486e-09	9.768e-09	1.0468e-08	1.136e-08	1.2569e-08	1.4137e-08	1.6139e-08
8.0569e-09	6.2437e-09	5.9135e-09	7.3304e-09	1.0239e-08	1.2512e-08	1.3929e-08	1.4913e-08	1.5215e-08	1.4331e-08	1.2942e-08	1.1097e-08	9.4664e-09	8.656e-09	8.8021e-09	8.6076e-09	8.2992e-09	9.1876e-09	1.043e-08	1.0968e-08	1.0699e-08	9.5948e-09	8.1982e-09	7.3482e-09	6.4004e-09	6.687e-09	7.2703e-09	7.6836e-09	7.968e-09	8.2388e-09	8.3351e-09	8.2857e-09	8.507e-09	9.2306e-09	9.9722e-09	1.0397e-08	1.0668e-08	1.1268e-08	1.2039e-08	1.26e-08	1.2853e-08	1.2499e-08	1.1366e-08	1.011e-08	9.2216e-09	8.696e-09	8.3578e-09	8.2628e-09	8.1046e-09	8.2296e-09	8.8656e-09	9.4793e-09	9.9438e-09	1.0504e-08	1.1577e-08	1.304e-08	1.4123e-08	1.465e-08	1.4771e-08	1.3878e-08	1.2249e-08	1.075e-08	9.6562e-09	8.162e-09	7.8745e-09	8.8461e-09	9.5446e-09	9.3948e-09	9.0003e-09	8.898e-09	8.6679e-09	7.845e-09	7.3721e-09	7.8441e-09	8.2559e-09	8.2951e-09	7.6748e-09	6.7461e-09	6.5272e-09	7.1862e-09	7.7472e-09	8.0754e-09	8.2549e-09	8.2942e-09	8.6732e-09	9.1412e-09	9.5068e-09	9.8369e-09	1.037e-08	1.1225e-08	1.2311e-08	1.324e-08	1.3934e-08	1.416e-08	1.4077e-08	1.3786e-08	1.3267e-08	1.279e-08	1.2464e-08	1.2436e-08	1.2447e-08	1.2678e-08	1.2022e-08	1.1459e-08	1.1004e-08	1.0646e-08	9.8689e-09	9.2844e-09	8.8524e-09	8.2731e-09	7.9416e-09	7.2357e-09	5.761e-09	5.625e-09	4.7983e-09	4.4359e-09	4.8119e-09	4.8186e-09	6.0925e-09	8.0168e-09	9.4262e-09	1.0363e-08	1.0901e-08	1.1555e-08	1.224e-08	1.2822e-08	1.3744e-08	1.5471e-08
6.6977e-09	5.5572e-09	5.7492e-09	6.9772e-09	9.7209e-09	1.243e-08	1.4489e-08	1.5749e-08	1.5763e-08	1.4546e-08	1.2806e-08	1.1022e-08	9.3818e-09	8.708e-09	8.8643e-09	8.4918e-09	7.5385e-09	7.3469e-09	8.3281e-09	9.4993e-09	1.0245e-08	9.8874e-09	9.7865e-09	9.6346e-09	8.5405e-09	8.7809e-09	9.2964e-09	9.3724e-09	9.1431e-09	8.9397e-09	8.8836e-09	8.9866e-09	9.263e-09	1.019e-08	1.065e-08	1.0037e-08	9.544e-09	9.6883e-09	1.0187e-08	1.0461e-08	1.0084e-08	9.7752e-09	9.936e-09	1.0609e-08	1.0974e-08	1.0563e-08	1.0224e-08	9.7418e-09	8.095e-09	7.1247e-09	7.3544e-09	8.8927e-09	1.044e-08	1.1655e-08	1.3039e-08	1.4331e-08	1.49e-08	1.5005e-08	1.488e-08	1.4296e-08	1.3829e-08	1.2448e-08	9.6151e-09	6.8582e-09	6.0172e-09	6.8154e-09	7.8627e-09	8.5276e-09	8.5715e-09	8.31e-09	7.3209e-09	6.7059e-09	7.3382e-09	8.008e-09	8.6213e-09	7.7723e-09	6.6835e-09	6.3517e-09	6.7857e-09	7.9422e-09	8.9466e-09	9.2038e-09	8.6345e-09	8.4888e-09	8.2324e-09	8.1184e-09	8.44e-09	8.8977e-09	9.3445e-09	9.7355e-09	1.1219e-08	1.2897e-08	1.358e-08	1.3548e-08	1.3291e-08	1.3376e-08	1.3634e-08	1.3563e-08	1.3023e-08	1.2323e-08	1.2286e-08	1.22e-08	1.186e-08	1.134e-08	1.0952e-08	1.0358e-08	1.0071e-08	9.6578e-09	9.991e-09	1.0533e-08	1.034e-08	8.5324e-09	7.7333e-09	7.247e-09	6.1826e-09	5.6797e-09	5.9404e-09	6.5512e-09	7.6256e-09	8.5593e-09	9.1362e-09	9.8944e-09	1.0662e-08	1.1077e-08	1.1158e-08	1.1328e-08	1.1379e-08	1.1776e-08
6.3909e-09	4.4923e-09	4.1524e-09	5.1506e-09	7.9319e-09	1.0829e-08	1.3879e-08	1.5806e-08	1.6255e-08	1.561e-08	1.4142e-08	1.2609e-08	1.1402e-08	1.0723e-08	1.0324e-08	9.1219e-09	7.9841e-09	8.557e-09	9.5736e-09	1.0952e-08	1.1902e-08	1.1183e-08	1.1581e-08	1.0902e-08	8.7012e-09	8.7224e-09	8.9522e-09	8.6668e-09	8.0185e-09	8.0682e-09	8.1503e-09	7.9622e-09	8.5056e-09	9.3942e-09	9.7498e-09	9.7133e-09	8.9332e-09	7.8465e-09	7.625e-09	7.7206e-09	8.481e-09	9.4126e-09	9.8789e-09	1.0733e-08	1.1077e-08	1.0608e-08	9.7514e-09	9.2032e-09	8.7464e-09	7.9111e-09	7.5731e-09	9.205e-09	1.1036e-08	1.2343e-08	1.2956e-08	1.3334e-08	1.3834e-08	1.3972e-08	1.3386e-08	1.3351e-08	1.2997e-08	1.1843e-08	9.6638e-09	7.5506e-09	6.927e-09	7.8657e-09	9.0786e-09	9.8539e-09	9.5027e-09	8.3713e-09	7.2059e-09	6.9099e-09	7.4159e-09	7.9981e-09	8.421e-09	8.4863e-09	8.1615e-09	7.767e-09	7.8914e-09	8.7595e-09	9.5847e-09	9.8414e-09	9.7791e-09	9.469e-09	9.0538e-09	8.9052e-09	8.7758e-09	8.6295e-09	9.0294e-09	1.0063e-08	1.1401e-08	1.2621e-08	1.3133e-08	1.3242e-08	1.3528e-08	1.3612e-08	1.3506e-08	1.2717e-08	1.1648e-08	1.094e-08	1.0929e-08	1.0833e-08	1.0437e-08	1.0582e-08	1.0772e-08	1.0257e-08	1.0519e-08	1.0973e-08	1.1106e-08	9.9167e-09	7.1935e-09	6.4846e-09	6.3451e-09	6.1407e-09	6.122e-09	6.3707e-09	7.3686e-09	8.3431e-09	9.2336e-09	9.9804e-09	1.0056e-08	1.035e-08	1.0913e-08	1.1937e-08	1.2406e-08	1.1603e-08	9.8893e-09	9.8489e-09
6.5403e-09	4.1359e-09	4.5612e-09	6.2161e-09	7.9259e-09	9.9343e-09	1.281e-08	1.4983e-08	1.5581e-08	1.5315e-08	1.4098e-08	1.2645e-08	1.217e-08	1.1984e-08	1.1599e-08	1.1238e-08	1.0971e-08	1.1011e-08	1.0722e-08	1.0898e-08	1.039e-08	1.013e-08	9.3858e-09	7.2235e-09	5.5665e-09	6.6115e-09	7.5169e-09	7.714e-09	7.6933e-09	8.652e-09	8.9647e-09	8.9575e-09	9.5958e-09	1.0509e-08	1.0529e-08	1.0014e-08	9.3818e-09	8.3525e-09	7.7374e-09	7.7334e-09	8.1812e-09	9.0794e-09	1.0111e-08	1.0997e-08	1.1091e-08	1.047e-08	1.0128e-08	1.005e-08	9.8302e-09	8.4392e-09	7.4586e-09	9.4723e-09	1.0899e-08	1.1673e-08	1.2004e-08	1.2084e-08	1.2948e-08	1.3155e-08	1.2724e-08	1.2503e-08	1.194e-08	1.0979e-08	9.8486e-09	8.0362e-09	6.8341e-09	7.2251e-09	8.3256e-09	9.1124e-09	9.3961e-09	9.4468e-09	9.0016e-09	8.7739e-09	9.2169e-09	9.6605e-09	9.9216e-09	9.9482e-09	9.6848e-09	9.1435e-09	8.2939e-09	8.7786e-09	9.6648e-09	1.016e-08	1.0106e-08	9.5918e-09	8.5657e-09	7.6695e-09	8.2793e-09	8.8732e-09	9.5127e-09	9.7226e-09	1.0783e-08	1.2045e-08	1.2676e-08	1.2665e-08	1.2452e-08	1.2501e-08	1.274e-08	1.2009e-08	1.1148e-08	1.0329e-08	1.0308e-08	1.021e-08	9.3585e-09	9.6103e-09	1.0278e-08	1.0257e-08	1.074e-08	1.0184e-08	8.935e-09	6.9114e-09	7.0569e-09	7.6611e-09	7.9466e-09	8.0345e-09	7.9204e-09	8.236e-09	8.6811e-09	9.8371e-09	1.0802e-08	1.1142e-08	1.1101e-08	1.0977e-08	1.1111e-08	1.0897e-08	1.0686e-08	1.0209e-08	9.1067e-09	9.4849e-09
5.624e-09	4.8568e-09	5.9045e-09	6.7409e-09	8.5534e-09	1.0897e-08	1.2765e-08	1.4178e-08	1.4729e-08	1.4408e-08	1.4022e-08	1.3204e-08	1.3199e-08	1.3893e-08	1.3838e-08	1.3371e-08	1.2438e-08	1.1312e-08	1.0518e-08	9.6893e-09	9.3268e-09	8.2626e-09	6.5694e-09	4.1336e-09	3.4972e-09	4.3319e-09	5.1736e-09	6.1423e-09	6.904e-09	7.5579e-09	8.0559e-09	8.7818e-09	9.9797e-09	1.0871e-08	1.1288e-08	1.1302e-08	1.0983e-08	1.0326e-08	9.4838e-09	8.7829e-09	9.4702e-09	1.0579e-08	1.1314e-08	1.1414e-08	1.1247e-08	1.0874e-08	9.9929e-09	8.9056e-09	8.5753e-09	7.582e-09	6.9307e-09	8.349e-09	1.0044e-08	1.1277e-08	1.1469e-08	1.1246e-08	1.1943e-08	1.2289e-08	1.2126e-08	1.1527e-08	1.1032e-08	1.0908e-08	1.0352e-08	9.213e-09	8.0558e-09	7.3697e-09	8.2077e-09	9.3772e-09	9.9283e-09	1.0234e-08	1.0122e-08	9.999e-09	1.0495e-08	1.1248e-08	1.1556e-08	1.1382e-08	1.1039e-08	1.0919e-08	1.0153e-08	1.0257e-08	1.0504e-08	1.0129e-08	9.8071e-09	9.4058e-09	8.9754e-09	8.9491e-09	9.7642e-09	1.0622e-08	1.089e-08	1.057e-08	1.062e-08	1.0981e-08	1.0657e-08	9.1444e-09	8.719e-09	1.0228e-08	1.1096e-08	1.0957e-08	1.0275e-08	9.4963e-09	9.0544e-09	8.7985e-09	7.8117e-09	7.6634e-09	9.0016e-09	1e-08	9.9915e-09	9.2688e-09	8.2151e-09	7.4064e-09	8.2459e-09	9.1203e-09	9.4098e-09	9.2267e-09	9.0709e-09	9.0781e-09	9.4241e-09	1.0084e-08	1.0522e-08	1.1051e-08	1.126e-08	1.0973e-08	1.1024e-08	1.086e-08	1.0462e-08	9.973e-09	1.0023e-08	1.0328e-08
9.2744e-09	7.3802e-09	7.1509e-09	7.6895e-09	8.663e-09	9.0851e-09	9.8395e-09	1.1967e-08	1.3721e-08	1.422e-08	1.3159e-08	1.1636e-08	1.2847e-08	1.4044e-08	1.3891e-08	1.3127e-08	1.243e-08	1.1823e-08	1.0864e-08	9.4467e-09	8.0571e-09	7.1839e-09	6.1601e-09	2.7404e-09	2.1329e-09	3.09e-09	3.9705e-09	5.5872e-09	6.9422e-09	7.6445e-09	8.8421e-09	1.0518e-08	1.171e-08	1.247e-08	1.2673e-08	1.2328e-08	1.1124e-08	1.0504e-08	1.0279e-08	1.02e-08	1.1099e-08	1.1669e-08	1.2017e-08	1.2043e-08	1.1808e-08	1.0836e-08	9.7335e-09	8.594e-09	7.8525e-09	6.8696e-09	6.8725e-09	8.3753e-09	9.7413e-09	1.0957e-08	1.1835e-08	1.239e-08	1.2652e-08	1.2616e-08	1.2396e-08	1.1625e-08	9.798e-09	9.9567e-09	9.888e-09	9.6306e-09	8.5679e-09	7.4809e-09	7.4002e-09	8.2308e-09	9.1674e-09	1.0073e-08	1.0894e-08	1.1332e-08	1.1668e-08	1.1846e-08	1.2276e-08	1.2045e-08	1.1546e-08	1.0906e-08	9.7956e-09	8.9768e-09	8.909e-09	9.1654e-09	9.3936e-09	9.1645e-09	8.7893e-09	8.7587e-09	1.0133e-08	1.0815e-08	1.0561e-08	1.0577e-08	1.1055e-08	9.9219e-09	7.9043e-09	5.8317e-09	4.5928e-09	7.414e-09	9.8384e-09	1.0919e-08	1.0551e-08	1.0032e-08	9.7218e-09	9.4529e-09	9.285e-09	9.3514e-09	9.8346e-09	1.0205e-08	1.0401e-08	1.0234e-08	9.3248e-09	8.3033e-09	8.9331e-09	9.661e-09	1.0762e-08	1.149e-08	1.1695e-08	1.1568e-08	1.1209e-08	1.0536e-08	1.0066e-08	1.0269e-08	1.0455e-08	1.0428e-08	9.9837e-09	8.9537e-09	8.9801e-09	9.7458e-09	9.9463e-09	9.0387e-09
1.2192e-08	7.5666e-09	5.9405e-09	7.2099e-09	8.1789e-09	8.7474e-09	9.5084e-09	1.1038e-08	1.2386e-08	1.3187e-08	1.2975e-08	1.3004e-08	1.3698e-08	1.4005e-08	1.3553e-08	1.2678e-08	1.1932e-08	1.1199e-08	1.0173e-08	9.5718e-09	8.378e-09	7.8123e-09	5.9915e-09	3.7114e-09	3.5093e-09	4.083e-09	4.9552e-09	6.4547e-09	7.8156e-09	8.5608e-09	9.7868e-09	1.0778e-08	1.162e-08	1.1748e-08	1.1212e-08	1.0731e-08	1.021e-08	1.0115e-08	1.0497e-08	1.0424e-08	1.0801e-08	1.1626e-08	1.1894e-08	1.1711e-08	1.1076e-08	9.7207e-09	8.8837e-09	8.411e-09	8.3039e-09	7.5835e-09	7.6702e-09	8.8342e-09	9.9541e-09	1.0647e-08	1.1083e-08	1.1803e-08	1.2415e-08	1.2525e-08	1.1562e-08	1.0116e-08	9.3726e-09	9.8192e-09	1.0424e-08	1.0299e-08	9.9706e-09	9.5102e-09	1.0139e-08	1.0662e-08	1.0965e-08	1.1524e-08	1.1925e-08	1.213e-08	1.2026e-08	1.1862e-08	1.0938e-08	1.063e-08	1.0267e-08	9.3444e-09	8.4556e-09	7.7738e-09	7.3024e-09	7.1779e-09	7.7819e-09	8.9245e-09	9.6706e-09	1.018e-08	1.073e-08	1.0709e-08	1.0476e-08	1.0551e-08	1.048e-08	9.1976e-09	7.4476e-09	5.4783e-09	4.8401e-09	7.7546e-09	9.7315e-09	1.0948e-08	1.0411e-08	9.6378e-09	9.3842e-09	8.4059e-09	8.1698e-09	9.1266e-09	1.0615e-08	1.058e-08	9.8654e-09	1.0009e-08	9.9635e-09	9.3652e-09	1.0153e-08	1.1272e-08	1.2376e-08	1.2564e-08	1.2585e-08	1.1846e-08	1.1524e-08	1.0926e-08	1.0035e-08	9.7478e-09	9.7702e-09	9.9288e-09	1.0035e-08	9.5831e-09	9.1994e-09	8.9687e-09	8.745e-09	8.0652e-09
1.4377e-08	8.48e-09	6.0541e-09	6.5724e-09	7.2574e-09	7.941e-09	8.683e-09	9.8133e-09	1.1625e-08	1.2712e-08	1.3394e-08	1.3768e-08	1.3573e-08	1.3411e-08	1.3219e-08	1.2817e-08	1.2347e-08	1.1801e-08	1.0841e-08	9.7371e-09	8.9462e-09	7.5093e-09	4.8396e-09	2.691e-09	3.2197e-09	4.2871e-09	5.8775e-09	7.0379e-09	8.2984e-09	9.7338e-09	1.1195e-08	1.1936e-08	1.193e-08	1.0874e-08	9.5729e-09	9.3877e-09	9.411e-09	9.1561e-09	9.7658e-09	1.0284e-08	1.0781e-08	1.1207e-08	1.1315e-08	1.0997e-08	1.0269e-08	9.6097e-09	9.3233e-09	9.5238e-09	1.023e-08	1.0842e-08	1.1518e-08	1.1185e-08	1.1083e-08	1.1399e-08	1.1174e-08	1.0727e-08	1.0338e-08	9.267e-09	7.6714e-09	7.7653e-09	8.7711e-09	1.0003e-08	1.1191e-08	1.1523e-08	1.1169e-08	1.0858e-08	1.1268e-08	1.1555e-08	1.1796e-08	1.1879e-08	1.1838e-08	1.1916e-08	1.185e-08	1.1202e-08	1.0543e-08	1.0065e-08	9.6453e-09	9.4724e-09	9.9523e-09	1.0243e-08	1.0039e-08	8.2607e-09	6.5127e-09	8.0802e-09	9.2383e-09	8.6401e-09	7.9766e-09	7.9834e-09	7.8592e-09	7.1287e-09	7.2354e-09	7.4033e-09	7.2927e-09	6.3979e-09	6.1548e-09	8.2398e-09	9.734e-09	1.0403e-08	1.0212e-08	9.91e-09	9.2964e-09	9.2586e-09	1.0495e-08	1.2027e-08	1.2434e-08	1.1549e-08	1.0904e-08	1.0221e-08	9.3337e-09	8.5112e-09	1.0828e-08	1.2537e-08	1.3498e-08	1.3478e-08	1.3131e-08	1.2531e-08	1.1681e-08	1.0164e-08	9.0428e-09	9.2186e-09	9.9186e-09	1.0167e-08	1.0255e-08	9.9382e-09	8.5247e-09	7.4551e-09	7.4679e-09	8.1276e-09
1.486e-08	1.0761e-08	6.9568e-09	6.1534e-09	5.9791e-09	6.0619e-09	7.7127e-09	9.0728e-09	1.0317e-08	1.239e-08	1.3612e-08	1.3244e-08	1.3224e-08	1.2854e-08	1.3084e-08	1.2926e-08	1.2214e-08	1.2077e-08	1.15e-08	1.0805e-08	9.6794e-09	7.7347e-09	5.3492e-09	3.3153e-09	3.0501e-09	5.2178e-09	6.8687e-09	8.2173e-09	9.7978e-09	1.087e-08	1.1496e-08	1.1522e-08	1.135e-08	1.0176e-08	8.7174e-09	8.3445e-09	8.3972e-09	8.6821e-09	9.671e-09	1.0534e-08	1.1018e-08	1.1249e-08	1.1229e-08	1.0882e-08	1.0444e-08	8.9188e-09	8.7684e-09	9.4982e-09	1.0363e-08	1.118e-08	1.1953e-08	1.2872e-08	1.4494e-08	1.4561e-08	1.267e-08	1.0022e-08	7.3419e-09	6.7108e-09	7.7457e-09	8.6396e-09	9.0913e-09	9.5821e-09	1.0106e-08	1.0588e-08	1.0691e-08	1.0523e-08	1.0208e-08	1.0488e-08	1.0741e-08	1.0284e-08	1.0459e-08	1.1063e-08	1.1357e-08	1.1173e-08	1.0677e-08	9.9168e-09	9.8196e-09	1.0257e-08	1.0438e-08	1.004e-08	9.4423e-09	8.8718e-09	8.3925e-09	8.6767e-09	8.8451e-09	8.4418e-09	7.79e-09	7.6448e-09	7.66e-09	6.8551e-09	7.2726e-09	7.615e-09	7.4437e-09	6.8931e-09	6.8928e-09	8.3548e-09	9.8427e-09	1.0498e-08	1.0509e-08	1.008e-08	1.0281e-08	1.072e-08	1.0802e-08	1.1392e-08	1.1871e-08	1.1716e-08	1.0773e-08	9.902e-09	1.012e-08	1.0711e-08	1.1802e-08	1.3011e-08	1.3758e-08	1.3305e-08	1.2922e-08	1.2175e-08	1.1035e-08	9.404e-09	8.2173e-09	8.3737e-09	9.0613e-09	9.5034e-09	9.8209e-09	9.3091e-09	8.3691e-09	7.8672e-09	8.1699e-09	8.76e-09
1.6926e-08	1.202e-08	9.0715e-09	6.8713e-09	5.5582e-09	6.6068e-09	7.6646e-09	8.943e-09	9.8385e-09	1.0657e-08	1.1631e-08	1.2176e-08	1.2218e-08	1.2413e-08	1.2171e-08	1.2218e-08	1.2361e-08	1.1065e-08	9.5182e-09	8.9637e-09	7.573e-09	6.0859e-09	5.4036e-09	5.606e-09	6.1648e-09	7.2331e-09	8.6305e-09	9.6481e-09	9.9739e-09	1.0084e-08	1.0759e-08	1.1162e-08	1.0806e-08	1.0162e-08	9.0104e-09	8.6345e-09	8.8936e-09	9.2032e-09	9.992e-09	1.0643e-08	1.1029e-08	1.1069e-08	1.081e-08	1.0361e-08	8.9526e-09	8.5572e-09	8.909e-09	9.5365e-09	1.053e-08	1.172e-08	1.2927e-08	1.3827e-08	1.42e-08	1.3828e-08	1.2767e-08	1.1302e-08	9.8439e-09	8.1343e-09	8.542e-09	9.6467e-09	1.0087e-08	1.0289e-08	1.0346e-08	1.0264e-08	1.005e-08	9.8323e-09	1.003e-08	1.0043e-08	9.7625e-09	9.4643e-09	9.5543e-09	1.0131e-08	1.071e-08	1.0166e-08	9.7185e-09	9.2626e-09	9.5934e-09	9.7886e-09	9.6544e-09	9.4174e-09	9.2801e-09	8.7463e-09	8.9084e-09	9.358e-09	9.5745e-09	9.0983e-09	8.4632e-09	8.0986e-09	7.0694e-09	6.6364e-09	6.8849e-09	7.4448e-09	7.9329e-09	8.0982e-09	8.3543e-09	9.2058e-09	9.7733e-09	1.0241e-08	1.0522e-08	1.0609e-08	1.0574e-08	1.0599e-08	1.0574e-08	1.0772e-08	1.1164e-08	1.1268e-08	1.0431e-08	1.0261e-08	1.0937e-08	1.174e-08	1.211e-08	1.2046e-08	1.1768e-08	1.1636e-08	1.1564e-08	1.1632e-08	1.13e-08	9.9285e-09	8.551e-09	8.6432e-09	9.1363e-09	9.626e-09	9.9325e-09	9.8589e-09	9.2282e-09	8.5216e-09	8.0894e-09	8.6286e-09
1.5029e-08	1.1229e-08	8.1248e-09	6.4857e-09	6.296e-09	7.213e-09	8.8171e-09	1.017e-08	1.1089e-08	1.207e-08	1.2601e-08	1.2851e-08	1.2276e-08	1.2433e-08	1.2822e-08	1.282e-08	1.1876e-08	9.8291e-09	7.6483e-09	5.3835e-09	4.186e-09	5.1712e-09	6.392e-09	7.0238e-09	7.233e-09	7.6363e-09	8.4482e-09	8.6174e-09	8.9295e-09	1.0524e-08	1.1652e-08	1.1825e-08	1.1155e-08	1.0748e-08	1.038e-08	9.7257e-09	9.2882e-09	9.817e-09	1.0679e-08	1.0991e-08	1.0996e-08	1.0473e-08	8.9132e-09	8.0791e-09	8.2052e-09	8.836e-09	9.6617e-09	1.0361e-08	1.1459e-08	1.2494e-08	1.3707e-08	1.4489e-08	1.4701e-08	1.4407e-08	1.3384e-08	1.2348e-08	1.1121e-08	9.4839e-09	8.7495e-09	9.2354e-09	9.5064e-09	9.7042e-09	1.0065e-08	1.0241e-08	1.0019e-08	9.6989e-09	9.0812e-09	9.1781e-09	9.8439e-09	9.4325e-09	8.6948e-09	8.4473e-09	8.7279e-09	9.0288e-09	8.7561e-09	8.7199e-09	8.9286e-09	9.1783e-09	9.2931e-09	9.2599e-09	8.3485e-09	8.2566e-09	8.5305e-09	8.708e-09	8.9908e-09	8.9638e-09	8.6325e-09	8.3075e-09	7.9702e-09	7.5837e-09	7.8068e-09	7.8682e-09	8.1876e-09	8.6334e-09	9.3136e-09	1.0035e-08	1.0376e-08	1.0786e-08	1.1221e-08	1.1096e-08	1.0886e-08	1.0134e-08	9.7657e-09	1.0305e-08	1.0875e-08	1.139e-08	1.1472e-08	1.0962e-08	1.1487e-08	1.2347e-08	1.2782e-08	1.2458e-08	1.1797e-08	1.1504e-08	1.141e-08	1.1096e-08	1.0643e-08	9.5515e-09	9.3282e-09	9.6577e-09	9.2436e-09	8.9652e-09	9.0322e-09	9.5251e-09	9.2991e-09	8.1267e-09	7.6847e-09	8.2999e-09
1.491e-08	1.138e-08	7.8242e-09	6.9342e-09	7.4077e-09	8.476e-09	1.0079e-08	1.0555e-08	1.1001e-08	1.3099e-08	1.4683e-08	1.4796e-08	1.2286e-08	1.0572e-08	1.1042e-08	1.1308e-08	8.8836e-09	6.7477e-09	5.4313e-09	4.5344e-09	4.0998e-09	5.4007e-09	6.5092e-09	7.4718e-09	7.7387e-09	8.484e-09	9.0416e-09	9.226e-09	9.7088e-09	1.078e-08	1.1493e-08	1.1441e-08	1.0797e-08	1.0871e-08	1.0703e-08	8.8823e-09	7.4937e-09	7.9455e-09	8.6442e-09	9.7251e-09	1.113e-08	1.1596e-08	1.1539e-08	1.1654e-08	1.1476e-08	1.0712e-08	1.069e-08	1.0601e-08	1.0067e-08	1.099e-08	1.1852e-08	1.2395e-08	1.3258e-08	1.39e-08	1.4036e-08	1.3687e-08	1.2698e-08	1.0158e-08	7.6149e-09	7.8911e-09	8.7495e-09	9.0687e-09	9.3441e-09	9.9566e-09	1.0377e-08	1.0354e-08	9.6362e-09	1.004e-08	1.0451e-08	1.0378e-08	9.6879e-09	8.9669e-09	8.6308e-09	9.006e-09	8.5552e-09	8.915e-09	1.0199e-08	1.1014e-08	1.0727e-08	8.6223e-09	7.1472e-09	7.3394e-09	7.574e-09	8.6277e-09	9.7049e-09	1.0111e-08	9.9746e-09	9.1862e-09	8.888e-09	8.1172e-09	7.6461e-09	7.232e-09	7.3865e-09	8.2728e-09	9.2241e-09	9.5757e-09	9.7804e-09	1.0214e-08	1.039e-08	1.0431e-08	1.0143e-08	9.8654e-09	1.0083e-08	1.1238e-08	1.1724e-08	1.1779e-08	1.1254e-08	1.0819e-08	1.0188e-08	1.078e-08	1.1346e-08	1.1349e-08	1.158e-08	1.154e-08	1.1269e-08	1.0994e-08	1.0457e-08	9.7606e-09	9.2397e-09	8.9845e-09	8.8122e-09	8.9201e-09	8.802e-09	9.1711e-09	9.6141e-09	9.1515e-09	8.9771e-09	1.0338e-08
1.7739e-08	8.9632e-09	6.2974e-09	5.7766e-09	7.6526e-09	9.7547e-09	1.0509e-08	1.1662e-08	1.3304e-08	1.4677e-08	1.4987e-08	1.4066e-08	1.3122e-08	1.237e-08	1.2107e-08	1.0215e-08	7.1154e-09	4.7635e-09	3.1666e-09	3.0047e-09	3.3975e-09	5.2208e-09	7.0947e-09	8.1249e-09	9.1684e-09	9.1181e-09	9.0003e-09	9.5159e-09	9.402e-09	9.3336e-09	9.7392e-09	1.033e-08	1.0285e-08	1.0453e-08	1.0244e-08	9.2281e-09	8.2675e-09	8.9487e-09	1.059e-08	1.1456e-08	1.1912e-08	1.1655e-08	1.0601e-08	9.8809e-09	9.6691e-09	8.9913e-09	8.5761e-09	9.3422e-09	1.0241e-08	1.1172e-08	1.205e-08	1.2436e-08	1.3295e-08	1.4008e-08	1.3973e-08	1.2742e-08	1.0663e-08	9.0805e-09	7.8977e-09	8.5951e-09	8.2914e-09	9.0591e-09	1.0205e-08	1.0993e-08	1.1126e-08	1.1025e-08	1.1883e-08	1.2329e-08	1.1893e-08	1.0826e-08	1.0266e-08	9.8504e-09	9.7206e-09	9.5784e-09	9.0822e-09	9.1578e-09	9.2761e-09	9.8532e-09	1.0126e-08	9.9645e-09	9.7667e-09	9.1362e-09	8.349e-09	9.3383e-09	1.0529e-08	1.0883e-08	1.0434e-08	9.7443e-09	9.2188e-09	8.9737e-09	7.978e-09	7.0409e-09	6.9612e-09	6.5331e-09	6.7876e-09	7.442e-09	8.033e-09	8.1707e-09	8.703e-09	9.7897e-09	1.0374e-08	1.0587e-08	1.1291e-08	1.2716e-08	1.3335e-08	1.2543e-08	1.0279e-08	8.9411e-09	9.7164e-09	1.0545e-08	1.0592e-08	1.0225e-08	1.0433e-08	1.0228e-08	1.0387e-08	1.0455e-08	1.0356e-08	9.6123e-09	8.5362e-09	7.7364e-09	7.6392e-09	7.6817e-09	8.7731e-09	1.0077e-08	1.0635e-08	1.0617e-08	1.1012e-08	1.3444e-08
1.3602e-08	9.3762e-09	8.4685e-09	8.6609e-09	9.7301e-09	1.1028e-08	1.1654e-08	1.208e-08	1.2631e-08	1.3216e-08	1.3102e-08	1.3242e-08	1.3008e-08	1.2576e-08	1.0308e-08	6.8029e-09	5.3652e-09	4.1378e-09	3.7374e-09	4.7096e-09	5.6593e-09	6.5236e-09	8.5077e-09	1.0028e-08	1.0423e-08	1.0097e-08	9.6211e-09	8.3886e-09	6.7737e-09	6.6889e-09	7.8369e-09	9.0719e-09	1.0184e-08	1.0638e-08	1.0222e-08	9.4478e-09	9.0898e-09	1.0372e-08	1.163e-08	1.2339e-08	1.2132e-08	1.069e-08	9.5587e-09	9.8752e-09	1.0152e-08	1.0132e-08	1.0003e-08	9.511e-09	9.5059e-09	1.0228e-08	1.0876e-08	1.1608e-08	1.2126e-08	1.2775e-08	1.2532e-08	1.1156e-08	9.854e-09	8.4861e-09	8.1622e-09	9.4837e-09	9.6998e-09	9.6769e-09	1.0524e-08	1.1419e-08	1.1463e-08	1.1933e-08	1.232e-08	1.247e-08	1.2314e-08	1.2068e-08	1.1145e-08	1.1262e-08	1.0932e-08	1.0075e-08	9.7725e-09	1.0965e-08	1.1455e-08	1.1253e-08	1.0557e-08	9.6577e-09	9.0804e-09	8.7314e-09	8.5133e-09	8.6956e-09	9.4848e-09	9.764e-09	9.7408e-09	9.2247e-09	8.6373e-09	7.875e-09	6.9626e-09	6.2461e-09	6.1185e-09	6.315e-09	6.2653e-09	6.605e-09	7.308e-09	8.2136e-09	8.8567e-09	9.8915e-09	1.0469e-08	1.0993e-08	1.2242e-08	1.3467e-08	1.3504e-08	1.1979e-08	9.9354e-09	8.7378e-09	8.3806e-09	9.6668e-09	1.0174e-08	1.0374e-08	1.1288e-08	1.1312e-08	1.0162e-08	9.7449e-09	9.4977e-09	9.0193e-09	9.188e-09	9.4736e-09	9.3757e-09	9.5448e-09	9.1282e-09	8.6943e-09	9.2209e-09	9.6824e-09	1.1442e-08	1.4023e-08
1.3857e-08	1.1216e-08	1.0111e-08	8.22e-09	8.8746e-09	1.112e-08	1.242e-08	1.2293e-08	1.0816e-08	1.049e-08	1.1306e-08	1.2159e-08	1.2212e-08	1.1691e-08	9.61e-09	6.7242e-09	3.5588e-09	1.5705e-09	2.1113e-09	4.0354e-09	5.7257e-09	7.6626e-09	1.0382e-08	1.2237e-08	1.3126e-08	1.2165e-08	1.0767e-08	8.9213e-09	7.1621e-09	6.9746e-09	9.0507e-09	1.0922e-08	1.1782e-08	1.1771e-08	1.0839e-08	1.0943e-08	1.1837e-08	1.257e-08	1.2973e-08	1.2595e-08	1.1537e-08	1.034e-08	9.5395e-09	9.827e-09	9.4563e-09	8.9795e-09	9.0526e-09	9.3235e-09	9.2327e-09	9.4205e-09	9.0607e-09	8.8673e-09	9.8243e-09	1.0866e-08	1.0554e-08	9.5819e-09	9.3694e-09	9.0519e-09	9.2369e-09	1.0188e-08	1.1328e-08	1.1192e-08	1.0681e-08	1.1206e-08	1.1949e-08	1.2447e-08	1.2352e-08	1.1991e-08	1.2047e-08	1.1062e-08	1.0354e-08	1.0238e-08	1.0366e-08	1.0693e-08	1.0517e-08	9.8918e-09	1.0432e-08	1.0594e-08	1.0485e-08	1.0322e-08	8.3134e-09	7.0232e-09	6.8436e-09	7.5828e-09	9.07e-09	9.8307e-09	9.7354e-09	9.5775e-09	8.6472e-09	6.8381e-09	5.633e-09	5.5994e-09	5.3619e-09	5.3535e-09	6.4861e-09	7.7837e-09	8.718e-09	9.9897e-09	1.119e-08	1.1889e-08	1.2254e-08	1.2937e-08	1.4225e-08	1.4814e-08	1.4191e-08	1.2211e-08	1.0863e-08	1.0324e-08	1.0046e-08	9.4964e-09	9.4873e-09	9.576e-09	9.7188e-09	1.0251e-08	1.0172e-08	9.541e-09	9.3236e-09	9.0061e-09	8.7248e-09	8.6415e-09	8.6183e-09	8.8315e-09	8.8619e-09	8.5614e-09	8.7296e-09	9.3467e-09	1.1401e-08	1.4158e-08
1.2673e-08	1.0612e-08	8.8971e-09	7.7455e-09	8.3497e-09	9.5865e-09	1.0522e-08	1.0138e-08	8.1845e-09	8.0605e-09	9.5623e-09	1.0959e-08	1.1261e-08	1.1134e-08	1.0584e-08	1.0238e-08	8.5333e-09	7.3838e-09	8.551e-09	9.7378e-09	1.0271e-08	1.05e-08	1.0556e-08	1.1966e-08	1.296e-08	1.2183e-08	1.0038e-08	8.1208e-09	6.2868e-09	5.3561e-09	7.0487e-09	8.9929e-09	1.0031e-08	1.0433e-08	1.0415e-08	1.1123e-08	1.1703e-08	1.2073e-08	1.1961e-08	1.0849e-08	9.2794e-09	8.1906e-09	8.6364e-09	9.8986e-09	1.1288e-08	1.2077e-08	1.2328e-08	1.2156e-08	1.0956e-08	1.0048e-08	1.0021e-08	1.0523e-08	1.1458e-08	1.239e-08	1.2121e-08	1.1286e-08	1.0216e-08	8.2996e-09	8.5907e-09	9.3618e-09	9.9726e-09	9.886e-09	9.6136e-09	9.7479e-09	9.6394e-09	9.6439e-09	9.4695e-09	9.1875e-09	9.0796e-09	9.2072e-09	9.2854e-09	9.3743e-09	9.5154e-09	9.6695e-09	9.1843e-09	8.8843e-09	8.8222e-09	8.7905e-09	9.1817e-09	8.8886e-09	7.471e-09	5.9909e-09	6.2851e-09	7.3376e-09	8.1433e-09	8.6212e-09	8.6673e-09	7.7781e-09	6.5893e-09	5.1409e-09	5.8498e-09	8.1041e-09	9.9917e-09	1.1242e-08	1.1639e-08	1.1101e-08	1.0727e-08	1.1571e-08	1.2747e-08	1.3535e-08	1.3585e-08	1.3949e-08	1.5191e-08	1.6326e-08	1.58e-08	1.3726e-08	1.162e-08	1.065e-08	1.03e-08	1.0287e-08	1.0242e-08	1.0198e-08	1.0285e-08	1.0118e-08	9.3111e-09	7.7545e-09	7.0829e-09	7.7118e-09	7.4295e-09	7.5958e-09	7.8545e-09	8.06e-09	8.302e-09	8.8514e-09	9.1765e-09	9.6921e-09	1.0736e-08	1.192e-08
1.1972e-08	1.0311e-08	9.0187e-09	7.8463e-09	7.0043e-09	7.1508e-09	7.5145e-09	7.6548e-09	6.9518e-09	7.1173e-09	8.5968e-09	1.0599e-08	1.1913e-08	1.2733e-08	1.3438e-08	1.3018e-08	1.1406e-08	1.0318e-08	1.1303e-08	1.1921e-08	1.2275e-08	1.3415e-08	1.3962e-08	1.276e-08	1.0788e-08	1.0003e-08	9.7821e-09	8.8944e-09	6.6635e-09	5.5065e-09	5.9746e-09	7.6603e-09	9.5142e-09	1.0698e-08	9.8761e-09	9.6257e-09	9.9585e-09	9.2816e-09	9.0677e-09	8.819e-09	8.5535e-09	9.0126e-09	1.0302e-08	1.1292e-08	1.1713e-08	1.2074e-08	1.2254e-08	1.1909e-08	1.0835e-08	1.0543e-08	1.1818e-08	1.2708e-08	1.3457e-08	1.4058e-08	1.3941e-08	1.2391e-08	1.0355e-08	8.1796e-09	6.6013e-09	7.3351e-09	7.7141e-09	7.9926e-09	7.8806e-09	8.5019e-09	9.6138e-09	9.4584e-09	7.597e-09	7.9427e-09	9.0666e-09	9.8924e-09	9.9834e-09	8.8889e-09	8.2129e-09	7.8651e-09	8.1882e-09	8.1126e-09	7.0049e-09	6.5628e-09	7.3342e-09	7.9253e-09	7.6172e-09	6.9818e-09	7.3175e-09	8.4732e-09	9.0445e-09	8.7533e-09	7.5984e-09	6.6848e-09	5.7541e-09	6.0032e-09	8.9766e-09	1.1277e-08	1.3254e-08	1.4039e-08	1.428e-08	1.3443e-08	1.1689e-08	1.1539e-08	1.2163e-08	1.258e-08	1.2153e-08	1.2543e-08	1.4609e-08	1.6073e-08	1.6482e-08	1.5208e-08	1.4147e-08	1.2357e-08	1.0638e-08	9.5333e-09	9.6092e-09	9.6825e-09	9.0887e-09	8.4898e-09	7.4224e-09	7.0629e-09	7.4558e-09	7.0624e-09	6.6428e-09	7.0466e-09	7.6668e-09	8.2606e-09	9.3573e-09	1.0685e-08	1.1447e-08	1.0642e-08	9.1714e-09	8.6452e-09
9.6611e-09	7.771e-09	7.2582e-09	5.8235e-09	5.0957e-09	5.7535e-09	6.692e-09	7.0061e-09	7.1086e-09	8.6151e-09	9.9693e-09	1.088e-08	1.249e-08	1.4521e-08	1.5698e-08	1.5653e-08	1.4838e-08	1.4601e-08	1.484e-08	1.4717e-08	1.436e-08	1.4366e-08	1.3542e-08	1.1614e-08	1.0848e-08	1.1032e-08	9.9992e-09	8.1922e-09	6.1629e-09	5.5295e-09	6.1612e-09	7.5706e-09	9.0245e-09	9.857e-09	9.6509e-09	9.8388e-09	9.8815e-09	9.8069e-09	9.0468e-09	7.0702e-09	6.3543e-09	7.3164e-09	8.629e-09	9.4405e-09	9.6978e-09	9.4763e-09	9.8054e-09	1.0342e-08	1.0671e-08	1.0862e-08	1.1136e-08	1.221e-08	1.3851e-08	1.468e-08	1.353e-08	1.1969e-08	1.0006e-08	8.0367e-09	7.6996e-09	7.7855e-09	6.8211e-09	7.0174e-09	7.5477e-09	7.9002e-09	8.5683e-09	8.6645e-09	9.1907e-09	1.0295e-08	1.1389e-08	1.1965e-08	1.1559e-08	9.8806e-09	8.0263e-09	7.3786e-09	7.587e-09	6.8142e-09	6.0832e-09	6.1847e-09	6.8166e-09	6.8088e-09	7.3796e-09	7.2004e-09	8.089e-09	9.2505e-09	8.8924e-09	7.6055e-09	6.4828e-09	6.4221e-09	6.8166e-09	9.1459e-09	1.1404e-08	1.3207e-08	1.4297e-08	1.4632e-08	1.4234e-08	1.2921e-08	1.0889e-08	1.0264e-08	1.0783e-08	1.1363e-08	1.1619e-08	1.2083e-08	1.4445e-08	1.6908e-08	1.7759e-08	1.7012e-08	1.5319e-08	1.3557e-08	1.1715e-08	9.7366e-09	8.8015e-09	8.3698e-09	8.2425e-09	7.4683e-09	7.2166e-09	8.0575e-09	8.2681e-09	7.8914e-09	7.135e-09	6.4356e-09	6.0404e-09	6.8337e-09	8.0376e-09	9.8838e-09	1.137e-08	1.0791e-08	9.8136e-09	9.405e-09
7.994e-09	5.3029e-09	4.5658e-09	3.8393e-09	3.8544e-09	4.844e-09	5.3302e-09	5.7418e-09	6.8615e-09	8.3126e-09	9.3391e-09	1.1188e-08	1.4892e-08	1.7546e-08	1.8969e-08	1.9428e-08	1.8935e-08	1.8161e-08	1.7123e-08	1.6406e-08	1.5383e-08	1.323e-08	1.2623e-08	1.1164e-08	1.0471e-08	8.6116e-09	8.5114e-09	8.4196e-09	7.7782e-09	8.0841e-09	9.444e-09	1.0147e-08	1.0074e-08	9.2704e-09	9.3349e-09	1.0176e-08	1.0713e-08	1.0344e-08	9.5808e-09	8.5631e-09	7.571e-09	7.0491e-09	7.0541e-09	6.8725e-09	6.5481e-09	5.9016e-09	6.904e-09	8.1625e-09	9.4268e-09	1.0694e-08	1.1929e-08	1.2809e-08	1.3081e-08	1.2049e-08	1.0507e-08	8.8862e-09	7.9443e-09	8.4045e-09	8.7473e-09	7.8792e-09	6.9303e-09	6.3673e-09	6.3855e-09	7.6107e-09	8.8223e-09	9.8876e-09	1.0861e-08	1.1455e-08	1.1905e-08	1.137e-08	1.011e-08	8.521e-09	7.1663e-09	5.5783e-09	5.1775e-09	4.7362e-09	4.0409e-09	5.3563e-09	7.1241e-09	8.4e-09	8.7526e-09	8.7714e-09	9.6565e-09	9.7776e-09	8.6904e-09	6.8414e-09	6.6575e-09	9.024e-09	1.1546e-08	1.3274e-08	1.3895e-08	1.376e-08	1.4155e-08	1.4286e-08	1.2807e-08	1.183e-08	1.0924e-08	1.1049e-08	1.2062e-08	1.3083e-08	1.3322e-08	1.4134e-08	1.6233e-08	1.7522e-08	1.8221e-08	1.7282e-08	1.5768e-08	1.3615e-08	1.1337e-08	9.4257e-09	7.7003e-09	6.2821e-09	6.4906e-09	6.45e-09	6.2928e-09	6.8233e-09	7.0063e-09	6.8943e-09	5.6898e-09	5.1958e-09	5.8899e-09	7.3421e-09	8.9012e-09	9.8908e-09	1.0418e-08	1.0233e-08	1.0613e-08	1.1436e-08
7.681e-09	3.4137e-09	1.7761e-09	1.6607e-09	2.5956e-09	3.8331e-09	4.6908e-09	5.9597e-09	7.3798e-09	8.5474e-09	9.819e-09	1.3936e-08	1.7933e-08	2.0206e-08	2.1333e-08	2.165e-08	2.079e-08	1.9456e-08	1.8941e-08	1.7866e-08	1.5473e-08	1.2182e-08	1.0371e-08	9.9713e-09	9.9272e-09	9.2675e-09	9.3194e-09	8.6119e-09	8.108e-09	8.8171e-09	9.8433e-09	9.9065e-09	9.1246e-09	8.6079e-09	8.9961e-09	1.0235e-08	1.0837e-08	1.0304e-08	9.5408e-09	8.6572e-09	7.9527e-09	6.9292e-09	5.7987e-09	4.8864e-09	3.5552e-09	3.412e-09	5.3018e-09	7.3874e-09	9.0097e-09	1.0664e-08	1.2056e-08	1.2096e-08	1.1173e-08	1.0043e-08	7.9779e-09	6.608e-09	7.2012e-09	8.4263e-09	9.5748e-09	8.3859e-09	6.7603e-09	6.9669e-09	8.2973e-09	9.9206e-09	1.0845e-08	1.1883e-08	1.2642e-08	1.2793e-08	1.2368e-08	1.1301e-08	9.7596e-09	7.7644e-09	5.9144e-09	3.9899e-09	3.6317e-09	4.1918e-09	4.4898e-09	5.6915e-09	7.3333e-09	9.0913e-09	1.0132e-08	1.0548e-08	1.0613e-08	1.0635e-08	1.0098e-08	9.6006e-09	1.0213e-08	1.1874e-08	1.3239e-08	1.4205e-08	1.4471e-08	1.3697e-08	1.2616e-08	1.2063e-08	1.1527e-08	1.084e-08	1.0046e-08	1.0316e-08	1.1073e-08	1.1356e-08	1.1712e-08	1.3786e-08	1.6583e-08	1.7955e-08	1.7794e-08	1.6636e-08	1.4521e-08	1.2464e-08	1.0326e-08	8.7396e-09	6.9885e-09	6.7397e-09	6.4683e-09	6.9467e-09	7.7534e-09	7.9067e-09	6.6852e-09	5.1233e-09	5.2851e-09	4.9262e-09	6.7014e-09	8.8204e-09	9.3282e-09	9.8104e-09	1.0524e-08	1.0426e-08	1.067e-08	1.1611e-08
5.9306e-09	2.5509e-09	2.2234e-09	1.9654e-09	2.0894e-09	3.4272e-09	4.9715e-09	6.2908e-09	7.9466e-09	1.0266e-08	1.3681e-08	1.6447e-08	1.8814e-08	2.0068e-08	2.0699e-08	2.0743e-08	2.0042e-08	1.9681e-08	1.809e-08	1.5954e-08	1.2807e-08	9.6986e-09	9.1672e-09	1.0123e-08	1.0627e-08	8.7684e-09	8.8163e-09	9.0581e-09	9.4712e-09	1.0365e-08	1.153e-08	1.1771e-08	1.1321e-08	1.0756e-08	9.7477e-09	9.6257e-09	9.976e-09	9.4657e-09	8.3794e-09	7.1869e-09	5.8617e-09	4.6283e-09	3.7883e-09	3.4949e-09	3.9637e-09	5.071e-09	6.112e-09	7.0232e-09	8.4823e-09	1.0273e-08	1.1412e-08	1.1526e-08	1.0579e-08	8.9376e-09	6.2442e-09	5.8765e-09	6.7068e-09	7.9355e-09	8.8886e-09	8.3441e-09	7.5299e-09	8.6231e-09	1.0303e-08	1.2202e-08	1.3448e-08	1.3649e-08	1.3212e-08	1.2625e-08	1.1754e-08	1.0255e-08	7.8645e-09	5.8792e-09	5.4319e-09	5.3206e-09	5.225e-09	5.5461e-09	6.4011e-09	7.2587e-09	8.1895e-09	9.6655e-09	1.0692e-08	1.156e-08	1.1488e-08	1.0639e-08	1.0026e-08	9.8909e-09	1.0673e-08	1.1786e-08	1.2794e-08	1.3354e-08	1.3235e-08	1.2649e-08	1.1518e-08	1.069e-08	1.0564e-08	1.0805e-08	1.0902e-08	1.0917e-08	1.1725e-08	1.2305e-08	1.3006e-08	1.4747e-08	1.6849e-08	1.784e-08	1.7281e-08	1.5481e-08	1.3822e-08	1.1832e-08	1.0017e-08	7.7198e-09	5.9414e-09	5.3392e-09	5.5421e-09	6.0875e-09	6.0789e-09	5.3393e-09	4.7912e-09	5.1437e-09	5.6955e-09	7.0619e-09	8.705e-09	9.9455e-09	1.0426e-08	1.0684e-08	1.1034e-08	1.1115e-08	1.1146e-08	1.1083e-08
3.1592e-09	2.0687e-09	3.082e-09	4.1647e-09	4.9471e-09	6.1813e-09	6.7721e-09	7.7805e-09	9.4849e-09	1.1667e-08	1.3913e-08	1.564e-08	1.6832e-08	1.8349e-08	1.9164e-08	1.9311e-08	1.9008e-08	1.7683e-08	1.5548e-08	1.3171e-08	1.0633e-08	8.9178e-09	9.8719e-09	1.0695e-08	9.7138e-09	7.3614e-09	7.7773e-09	9.3859e-09	1.1123e-08	1.2338e-08	1.323e-08	1.3999e-08	1.3633e-08	1.2258e-08	1.0238e-08	9.0715e-09	8.8439e-09	7.8231e-09	6.1497e-09	5.3289e-09	5.0385e-09	3.9013e-09	3.6359e-09	3.8013e-09	3.9703e-09	4.6139e-09	5.6158e-09	6.6201e-09	7.5324e-09	8.8352e-09	1.0133e-08	1.0683e-08	9.402e-09	8.454e-09	8.1479e-09	8.1971e-09	8.7777e-09	9.4993e-09	9.836e-09	9.1153e-09	7.8488e-09	9.3502e-09	1.1996e-08	1.3798e-08	1.4472e-08	1.501e-08	1.5469e-08	1.3973e-08	1.0925e-08	7.7383e-09	6.0765e-09	5.6788e-09	6.001e-09	6.6662e-09	7.215e-09	7.5966e-09	7.6224e-09	7.9638e-09	8.8133e-09	1.0501e-08	1.1855e-08	1.235e-08	1.1821e-08	1.1035e-08	1.0297e-08	1.0047e-08	1.0312e-08	1.0922e-08	1.1792e-08	1.2083e-08	1.144e-08	1.104e-08	1.0223e-08	9.9821e-09	9.56e-09	9.3666e-09	9.7362e-09	1.0193e-08	1.1138e-08	1.1652e-08	1.1568e-08	1.3828e-08	1.581e-08	1.6419e-08	1.5864e-08	1.4374e-08	1.2896e-08	1.0996e-08	9.5458e-09	8.1664e-09	7.4169e-09	6.0307e-09	5.4674e-09	6.3072e-09	6.8718e-09	6.4375e-09	6.1764e-09	6.7054e-09	7.5433e-09	8.5216e-09	9.3557e-09	1.0065e-08	1.0638e-08	1.0904e-08	1.1025e-08	1.0808e-08	1.0532e-08	1.0075e-08
5.2298e-09	3.6949e-09	3.6227e-09	4.3597e-09	5.4026e-09	5.7174e-09	5.5865e-09	6.5645e-09	7.687e-09	9.5309e-09	1.2143e-08	1.4647e-08	1.7189e-08	1.8636e-08	1.9423e-08	1.9235e-08	1.8368e-08	1.711e-08	1.5211e-08	1.3054e-08	1.1785e-08	1.1531e-08	1.1395e-08	1.1071e-08	1.0013e-08	8.8721e-09	9.5235e-09	1.0822e-08	1.226e-08	1.3078e-08	1.3511e-08	1.3959e-08	1.3867e-08	1.2353e-08	9.6995e-09	7.7142e-09	7.3545e-09	5.8713e-09	3.823e-09	3.9702e-09	4.6144e-09	5.1967e-09	4.6007e-09	3.4586e-09	2.745e-09	2.2613e-09	3.6074e-09	5.0592e-09	6.4899e-09	8.4358e-09	1.0055e-08	1.0768e-08	1.0521e-08	9.6345e-09	9.0053e-09	8.4632e-09	8.3465e-09	9.0573e-09	9.245e-09	9.0229e-09	9.233e-09	1.0007e-08	1.2323e-08	1.4832e-08	1.6245e-08	1.6266e-08	1.5232e-08	1.2796e-08	1.0311e-08	7.7294e-09	7.1388e-09	7.5964e-09	7.416e-09	7.4456e-09	7.7949e-09	8.2722e-09	8.3314e-09	8.2135e-09	9.3197e-09	1.106e-08	1.2409e-08	1.2765e-08	1.2757e-08	1.1972e-08	1.081e-08	9.665e-09	9.8147e-09	1.051e-08	1.0647e-08	1.0722e-08	1.105e-08	1.0898e-08	1.0475e-08	9.5105e-09	8.771e-09	8.2589e-09	8.2144e-09	8.7795e-09	9.807e-09	1.054e-08	1.065e-08	1.2816e-08	1.5185e-08	1.5941e-08	1.5354e-08	1.4161e-08	1.2993e-08	1.1414e-08	1.0229e-08	9.1729e-09	7.9958e-09	6.1303e-09	5.8638e-09	6.8785e-09	7.0424e-09	6.6708e-09	6.3972e-09	6.8786e-09	7.8127e-09	9.1049e-09	1.0344e-08	1.1016e-08	1.1275e-08	1.0859e-08	1.0388e-08	1.0198e-08	1.0075e-08	9.78e-09
5.8175e-09	4.1839e-09	4.79e-09	5.3849e-09	5.8727e-09	5.9178e-09	6.752e-09	8.2392e-09	9.2458e-09	9.7477e-09	1.0631e-08	1.251e-08	1.5329e-08	1.7548e-08	1.8218e-08	1.8138e-08	1.6697e-08	1.58e-08	1.496e-08	1.4023e-08	1.292e-08	1.2207e-08	1.1696e-08	1.0656e-08	8.6484e-09	7.4044e-09	8.6752e-09	1.0236e-08	1.178e-08	1.2946e-08	1.3754e-08	1.4329e-08	1.419e-08	1.2449e-08	9.9315e-09	7.0757e-09	4.9995e-09	4.1716e-09	4.9226e-09	6.0124e-09	6.9201e-09	7.5425e-09	7.0263e-09	5.9394e-09	4.1642e-09	2.7365e-09	2.8315e-09	3.801e-09	5.398e-09	7.1557e-09	8.192e-09	9.2124e-09	9.0375e-09	8.4924e-09	8.0303e-09	7.793e-09	7.1992e-09	8.4632e-09	9.6361e-09	1.0257e-08	1.1393e-08	1.2518e-08	1.3705e-08	1.4934e-08	1.5598e-08	1.5417e-08	1.3551e-08	1.1935e-08	1.1257e-08	1.0774e-08	1.0166e-08	9.949e-09	9.5933e-09	8.7841e-09	8.0052e-09	8.5028e-09	9.2769e-09	9.3561e-09	9.6522e-09	1.0471e-08	1.1165e-08	1.1432e-08	1.1522e-08	1.1259e-08	1.0398e-08	9.2706e-09	9.6031e-09	1.0052e-08	1.0462e-08	1.045e-08	1.1071e-08	1.1394e-08	1.0807e-08	1.0281e-08	9.3126e-09	7.9317e-09	7.7814e-09	8.5021e-09	9.6608e-09	1.0203e-08	1.0889e-08	1.2275e-08	1.3063e-08	1.3211e-08	1.2358e-08	1.0938e-08	9.6785e-09	9.2577e-09	8.9462e-09	8.2407e-09	7.6642e-09	7.1867e-09	7.9816e-09	8.5858e-09	8.9741e-09	9.5674e-09	9.9619e-09	9.9747e-09	9.1186e-09	9.359e-09	1.0609e-08	1.148e-08	1.1303e-08	1.0334e-08	9.5108e-09	9.3097e-09	9.3587e-09	8.8653e-09
5.6858e-09	4.8369e-09	5.6658e-09	6.6261e-09	7.4204e-09	7.4363e-09	8.1067e-09	8.9339e-09	9.6751e-09	1.1012e-08	1.236e-08	1.3064e-08	1.3727e-08	1.4936e-08	1.5369e-08	1.4681e-08	1.4109e-08	1.3958e-08	1.3551e-08	1.1905e-08	1.1321e-08	1.1051e-08	1.0741e-08	1.0179e-08	8.7402e-09	8.0677e-09	8.6044e-09	9.686e-09	1.0132e-08	1.002e-08	1.1472e-08	1.3302e-08	1.4243e-08	1.3213e-08	1.0284e-08	7.7287e-09	6.0758e-09	6.6892e-09	8.3587e-09	9.4335e-09	1.0022e-08	9.7447e-09	8.9595e-09	8.0708e-09	7.1634e-09	6.4754e-09	5.8567e-09	6.0623e-09	6.8907e-09	7.7278e-09	9.0389e-09	9.5716e-09	8.8522e-09	7.8282e-09	7.5955e-09	6.2376e-09	5.3273e-09	6.5366e-09	7.5133e-09	8.798e-09	9.8979e-09	1.1066e-08	1.2366e-08	1.3677e-08	1.4709e-08	1.4434e-08	1.3639e-08	1.2828e-08	1.2631e-08	1.2133e-08	1.1349e-08	1.0506e-08	9.6022e-09	8.6013e-09	7.622e-09	7.8838e-09	8.5539e-09	8.7058e-09	8.5231e-09	9.157e-09	9.8314e-09	9.8304e-09	1.0096e-08	1.0585e-08	1.0404e-08	9.4915e-09	9.2165e-09	9.4235e-09	9.6332e-09	1.0404e-08	1.1649e-08	1.2015e-08	1.1271e-08	1.0543e-08	9.4753e-09	8.2499e-09	7.3485e-09	8.2076e-09	9.0279e-09	9.2167e-09	9.3351e-09	1.0553e-08	1.1205e-08	1.113e-08	1.0585e-08	9.7718e-09	9.5624e-09	9.6797e-09	1.0301e-08	1.045e-08	1.0647e-08	1.1732e-08	1.2471e-08	1.2316e-08	1.1708e-08	1.1398e-08	1.0754e-08	1.0745e-08	1.0362e-08	1.0283e-08	1.0135e-08	9.7947e-09	9.3388e-09	8.1776e-09	7.3487e-09	7.8807e-09	8.1153e-09	7.7755e-09
1.0235e-08	8.0072e-09	8.1398e-09	9.0524e-09	9.5498e-09	9.9129e-09	9.9499e-09	9.6095e-09	9.8478e-09	1.0563e-08	1.1292e-08	1.1658e-08	1.1864e-08	1.1727e-08	1.1085e-08	9.5981e-09	8.2947e-09	7.8141e-09	7.585e-09	7.7805e-09	8.2966e-09	9.4071e-09	1.0214e-08	1.0676e-08	1.0604e-08	1.0535e-08	1.0237e-08	1.0343e-08	1.1578e-08	1.2759e-08	1.3048e-08	1.2477e-08	1.2789e-08	1.1836e-08	1.05e-08	9.0568e-09	8.4583e-09	9.8615e-09	1.0612e-08	1.1379e-08	1.1742e-08	1.1243e-08	1.0287e-08	9.1374e-09	7.9608e-09	6.267e-09	5.182e-09	6.3829e-09	6.6323e-09	8.5771e-09	1.0736e-08	1.1546e-08	1.0107e-08	7.8984e-09	5.7724e-09	4.2163e-09	5.4204e-09	6.9436e-09	8.6315e-09	9.8049e-09	1.0396e-08	9.4564e-09	9.526e-09	1.1281e-08	1.2676e-08	1.337e-08	1.2945e-08	1.2434e-08	1.2232e-08	1.2304e-08	1.2255e-08	1.1128e-08	1.0812e-08	1.022e-08	1.0176e-08	1.0305e-08	1.0455e-08	9.2813e-09	9.0151e-09	9.3016e-09	9.5187e-09	9.568e-09	1.0178e-08	1.0941e-08	1.0642e-08	9.164e-09	9.049e-09	9.5881e-09	1.0012e-08	1.0577e-08	1.13e-08	1.1402e-08	1.1258e-08	1.0402e-08	9.9661e-09	9.397e-09	8.3898e-09	8.6385e-09	9.2354e-09	9.0241e-09	9.3645e-09	9.2354e-09	8.5733e-09	8.188e-09	8.125e-09	8.827e-09	9.1976e-09	8.8373e-09	9.0961e-09	9.5907e-09	9.981e-09	1.0298e-08	1.0659e-08	1.0396e-08	1.1329e-08	1.1425e-08	1.1564e-08	1.1811e-08	1.1355e-08	1.0186e-08	9.1838e-09	9.5049e-09	9.9839e-09	9.9838e-09	9.7261e-09	9.0307e-09	8.7322e-09	9.3065e-09
1.1379e-08	9.7985e-09	1.0062e-08	1.0298e-08	1.0251e-08	1.0181e-08	1.0003e-08	9.8634e-09	9.7675e-09	1.0556e-08	1.0974e-08	1.0965e-08	9.8437e-09	8.9631e-09	7.4227e-09	6.2131e-09	6.2499e-09	6.9187e-09	8.5303e-09	9.7931e-09	1.0944e-08	1.255e-08	1.2532e-08	1.2108e-08	1.1308e-08	9.998e-09	8.8369e-09	8.788e-09	1.0187e-08	1.1449e-08	1.1552e-08	1.1453e-08	1.1302e-08	1.0962e-08	9.9762e-09	8.1696e-09	7.2148e-09	8.959e-09	1.0824e-08	1.1557e-08	1.1711e-08	1.1424e-08	1.0707e-08	9.9321e-09	8.7191e-09	6.5404e-09	5.6516e-09	6.3518e-09	7.9655e-09	9.6788e-09	1.0811e-08	1.1044e-08	1.0333e-08	9.4036e-09	8.3338e-09	8.1565e-09	9.031e-09	9.809e-09	1.0165e-08	1.0061e-08	9.7062e-09	8.4242e-09	8.2802e-09	9.4635e-09	1.0071e-08	1.0675e-08	1.03e-08	1.0439e-08	1.0493e-08	1.0827e-08	1.0786e-08	1.0373e-08	1.0536e-08	1.1052e-08	1.1765e-08	1.2108e-08	1.1693e-08	1.1147e-08	1.0473e-08	1.0374e-08	1.034e-08	1.0032e-08	1.0627e-08	1.0921e-08	1.056e-08	9.8174e-09	1.0036e-08	1.06e-08	1.0874e-08	1.1372e-08	1.1839e-08	1.1648e-08	1.1254e-08	1.0583e-08	9.6001e-09	8.8546e-09	8.2234e-09	8.9816e-09	9.4342e-09	9.4455e-09	8.9672e-09	8.3402e-09	7.4579e-09	7.4454e-09	7.719e-09	8.1669e-09	8.4078e-09	7.9674e-09	7.7636e-09	8.097e-09	9.7192e-09	1.1217e-08	1.1696e-08	1.157e-08	1.1272e-08	1.0119e-08	8.5619e-09	7.4358e-09	9.0984e-09	9.9054e-09	9.4283e-09	9.1192e-09	9.8763e-09	1.0383e-08	1.0598e-08	1.0835e-08	1.1713e-08	1.2589e-08
1.391e-08	1.0659e-08	1.0065e-08	1.0315e-08	1.047e-08	1.0554e-08	1.0292e-08	9.9331e-09	9.2051e-09	8.363e-09	7.2638e-09	7.7938e-09	7.3368e-09	6.1361e-09	5.7893e-09	6.3163e-09	6.7897e-09	7.3411e-09	8.9507e-09	1.0803e-08	1.2488e-08	1.3637e-08	1.4354e-08	1.4333e-08	1.3587e-08	1.2033e-08	1.0492e-08	1.1041e-08	1.1514e-08	1.2226e-08	1.2653e-08	1.2283e-08	1.0763e-08	8.8372e-09	8.3197e-09	8.6437e-09	8.8345e-09	8.5772e-09	9.0705e-09	1.0662e-08	1.136e-08	1.0615e-08	9.5737e-09	7.8393e-09	5.5516e-09	4.926e-09	5.8954e-09	7.1959e-09	8.9236e-09	1.0418e-08	1.1403e-08	1.1662e-08	1.1299e-08	1.0978e-08	1.0513e-08	1.0581e-08	1.0967e-08	1.1059e-08	1.0933e-08	1.0548e-08	9.4244e-09	7.8969e-09	7.6807e-09	8.4759e-09	9.4775e-09	9.471e-09	8.2267e-09	7.7336e-09	8.0688e-09	9.3067e-09	1.0479e-08	1.0402e-08	1.0102e-08	1.0687e-08	1.1636e-08	1.2398e-08	1.2316e-08	1.1383e-08	1.1019e-08	1.0769e-08	1.021e-08	9.9329e-09	1.0157e-08	1.0302e-08	1.0227e-08	9.5926e-09	1.0442e-08	1.1606e-08	1.253e-08	1.215e-08	1.0378e-08	9.4133e-09	9.5651e-09	9.739e-09	9.4334e-09	8.7125e-09	8.2536e-09	8.2873e-09	8.2729e-09	7.9523e-09	7.9938e-09	7.9671e-09	8.2554e-09	8.8152e-09	9.7761e-09	1.0308e-08	1.0326e-08	9.7799e-09	9.6268e-09	1.0859e-08	1.2104e-08	1.2646e-08	1.2202e-08	1.1022e-08	9.4713e-09	8.762e-09	8.4302e-09	8.4556e-09	9.6079e-09	9.9295e-09	9.1003e-09	8.6694e-09	8.5035e-09	8.0519e-09	8.7193e-09	1.0661e-08	1.2258e-08	1.2748e-08
1.3108e-08	1.0487e-08	9.8806e-09	9.8989e-09	1.0339e-08	1.044e-08	9.8373e-09	8.8377e-09	7.8997e-09	7.3822e-09	7.9633e-09	8.4947e-09	8.4134e-09	8.7218e-09	9.008e-09	9.5044e-09	1.0283e-08	1.1375e-08	1.1901e-08	1.1326e-08	1.1529e-08	1.2861e-08	1.3693e-08	1.39e-08	1.2761e-08	1.0274e-08	8.2247e-09	7.8901e-09	7.7972e-09	8.1249e-09	9.4702e-09	1.0539e-08	1.0073e-08	8.4457e-09	8.0452e-09	9.0028e-09	9.6855e-09	9.5474e-09	9.9062e-09	1.0063e-08	9.5764e-09	8.2665e-09	7.5662e-09	6.8324e-09	6.0207e-09	6.2442e-09	7.1601e-09	8.4083e-09	1.0164e-08	1.1502e-08	1.2175e-08	1.2451e-08	1.2116e-08	1.1485e-08	1.0233e-08	1.024e-08	1.1238e-08	1.1362e-08	1.0284e-08	9.4922e-09	8.1729e-09	6.9833e-09	7.2086e-09	8.301e-09	9.3605e-09	9.8462e-09	9.3249e-09	9.3861e-09	1.0634e-08	1.1733e-08	1.2026e-08	1.2137e-08	1.207e-08	1.1934e-08	1.1793e-08	1.182e-08	1.1962e-08	1.1404e-08	1.1459e-08	1.0962e-08	1.1092e-08	1.1464e-08	1.136e-08	1.0338e-08	1.0569e-08	1.109e-08	1.1074e-08	1.0419e-08	1.0395e-08	9.45e-09	9.125e-09	9.1543e-09	9.1133e-09	9.0217e-09	8.8884e-09	8.6925e-09	8.7639e-09	9.1568e-09	9.544e-09	9.1659e-09	8.1638e-09	7.457e-09	7.1953e-09	7.1062e-09	7.2717e-09	7.1923e-09	8.0269e-09	9.6323e-09	1.0555e-08	1.0872e-08	1.1121e-08	1.129e-08	1.0992e-08	9.8947e-09	9.1518e-09	8.902e-09	8.8471e-09	9.601e-09	1.0703e-08	1.1384e-08	1.1084e-08	9.4662e-09	8.0831e-09	7.5739e-09	9.2839e-09	1.1347e-08	1.2735e-08	1.2959e-08
1.3227e-08	1.1676e-08	1.1262e-08	1.1487e-08	1.1524e-08	1.1131e-08	1.0128e-08	8.3855e-09	7.1285e-09	8.2476e-09	9.1217e-09	8.2373e-09	7.7389e-09	8.5062e-09	9.387e-09	9.5649e-09	9.5315e-09	9.4866e-09	9.3869e-09	9.2019e-09	9.7438e-09	1.1506e-08	1.2964e-08	1.3342e-08	1.1843e-08	1.001e-08	8.3296e-09	6.1209e-09	4.9884e-09	6.4569e-09	9.2166e-09	1.038e-08	1.0487e-08	1.013e-08	9.5111e-09	9.9855e-09	1.0807e-08	1.0841e-08	1.0275e-08	9.597e-09	9.7121e-09	9.993e-09	1.011e-08	9.4582e-09	7.475e-09	5.5241e-09	6.2926e-09	7.6761e-09	9.4701e-09	1.0875e-08	1.1505e-08	1.1746e-08	1.1934e-08	1.2065e-08	1.1143e-08	1.0687e-08	1.1454e-08	1.1861e-08	1.0786e-08	8.9381e-09	7.6249e-09	7.5046e-09	7.579e-09	8.2219e-09	9.2798e-09	9.7546e-09	1.0263e-08	1.1258e-08	1.2256e-08	1.2916e-08	1.3099e-08	1.2997e-08	1.2958e-08	1.1767e-08	1.1125e-08	1.1044e-08	1.0448e-08	1.0422e-08	1.1264e-08	1.1872e-08	1.0755e-08	1.0432e-08	1.0981e-08	1.0595e-08	1.0728e-08	1.1144e-08	1.1001e-08	1.0389e-08	1.0434e-08	9.8038e-09	9.5344e-09	9.7034e-09	9.0047e-09	9.1483e-09	8.885e-09	7.2954e-09	7.3369e-09	8.2108e-09	8.195e-09	7.99e-09	7.5376e-09	6.674e-09	6.9511e-09	7.6574e-09	7.8964e-09	8.0944e-09	7.983e-09	8.4789e-09	9.1391e-09	9.7151e-09	1.042e-08	1.085e-08	1.1091e-08	1.1576e-08	1.1078e-08	9.78e-09	9.5615e-09	1.0023e-08	1.0502e-08	1.0567e-08	1.0356e-08	9.5383e-09	7.5439e-09	8.1383e-09	9.9297e-09	1.1523e-08	1.3124e-08	1.3487e-08
1.2698e-08	9.7468e-09	9.3762e-09	9.8597e-09	1.0122e-08	1.0069e-08	9.5828e-09	8.7816e-09	8.7735e-09	9.0699e-09	9.4099e-09	1.0416e-08	1.0453e-08	1.0112e-08	9.5423e-09	8.5687e-09	8.6634e-09	8.9624e-09	8.9998e-09	9.2363e-09	1.0361e-08	1.188e-08	1.2801e-08	1.2786e-08	1.1881e-08	1.0719e-08	9.349e-09	7.8304e-09	8.8097e-09	1.1044e-08	1.2247e-08	1.1576e-08	1.0307e-08	9.1051e-09	8.3572e-09	8.9968e-09	9.7719e-09	9.9421e-09	9.8909e-09	9.9595e-09	1.0198e-08	1.0222e-08	9.5813e-09	8.6799e-09	7.0475e-09	5.742e-09	6.5519e-09	7.7152e-09	9.2847e-09	1.0319e-08	1.01e-08	9.6014e-09	9.5709e-09	9.6223e-09	9.3019e-09	9.1194e-09	8.8493e-09	8.6235e-09	8.1251e-09	7.8363e-09	8.3722e-09	8.4653e-09	8.8015e-09	9.6298e-09	1.0773e-08	1.1861e-08	1.2124e-08	1.2538e-08	1.2615e-08	1.1931e-08	1.2078e-08	1.2003e-08	1.2587e-08	1.3174e-08	1.25e-08	1.1811e-08	1.0818e-08	1.0573e-08	1.089e-08	1.1227e-08	1.0993e-08	1.1116e-08	1.0031e-08	9.5014e-09	9.5598e-09	9.7878e-09	1.0403e-08	1.078e-08	1.0518e-08	1.0966e-08	1.0654e-08	9.6008e-09	9.4554e-09	8.8416e-09	8.637e-09	8.257e-09	8.2997e-09	8.9328e-09	9.2061e-09	9.1536e-09	8.814e-09	8.6385e-09	8.0149e-09	7.3467e-09	7.5574e-09	7.0756e-09	7.4094e-09	8.4747e-09	9.6303e-09	1.0114e-08	1.0147e-08	9.8678e-09	1.0239e-08	1.0631e-08	1.0627e-08	9.5999e-09	9.6032e-09	1.0533e-08	1.1011e-08	1.1252e-08	1.0645e-08	9.8315e-09	8.482e-09	7.844e-09	8.9047e-09	1.0851e-08	1.2464e-08	1.2811e-08
1.1178e-08	9.1e-09	8.5201e-09	9.0222e-09	9.668e-09	1.0151e-08	9.9508e-09	9.5319e-09	8.8254e-09	9.2279e-09	1.0291e-08	1.1037e-08	1.1379e-08	1.0326e-08	1.0001e-08	1.0028e-08	9.4893e-09	8.7747e-09	8.3818e-09	8.6087e-09	9.5911e-09	1.2136e-08	1.3473e-08	1.336e-08	1.2368e-08	1.0791e-08	9.2325e-09	7.8797e-09	8.8223e-09	1.091e-08	1.2189e-08	1.2271e-08	1.1342e-08	9.2486e-09	7.8729e-09	8.0456e-09	8.7179e-09	9.0726e-09	9.2244e-09	8.8786e-09	9.0544e-09	1.0101e-08	1.0752e-08	9.8373e-09	7.6724e-09	5.7464e-09	5.4979e-09	7.0471e-09	8.3904e-09	9.2532e-09	1.0053e-08	1.0469e-08	1.0598e-08	1.0331e-08	1.0072e-08	9.7403e-09	9.2304e-09	8.9105e-09	8.6382e-09	8.8076e-09	9.1786e-09	9.1694e-09	1.0133e-08	1.1347e-08	1.2237e-08	1.2974e-08	1.3193e-08	1.2656e-08	1.2647e-08	1.2006e-08	1.1098e-08	1.0246e-08	1.0123e-08	1.0515e-08	1.0078e-08	9.5353e-09	9.4428e-09	9.5757e-09	1.0032e-08	1.0484e-08	1.1129e-08	1.1263e-08	9.1553e-09	7.7351e-09	7.9831e-09	8.2432e-09	9.0381e-09	9.7907e-09	1.0257e-08	1.0741e-08	1.1325e-08	1.1025e-08	1.0551e-08	1.0199e-08	1.0341e-08	1.0552e-08	1.0287e-08	9.8125e-09	9.8136e-09	9.2997e-09	8.9328e-09	8.8468e-09	9.2157e-09	9.0289e-09	8.0271e-09	6.5984e-09	7.0217e-09	7.8026e-09	8.8931e-09	1.0651e-08	1.1248e-08	1.1073e-08	1.1212e-08	1.1135e-08	1.0623e-08	9.9235e-09	8.7902e-09	9.5229e-09	1.0348e-08	1.0662e-08	1.0843e-08	1.0409e-08	8.8947e-09	8.2837e-09	8.955e-09	1.0237e-08	1.1262e-08	1.1263e-08
1.0417e-08	8.5637e-09	8.699e-09	9.2095e-09	1.0027e-08	1.0156e-08	9.9349e-09	9.7223e-09	9.2083e-09	9.7833e-09	1.0492e-08	1.1035e-08	1.1167e-08	1.1169e-08	1.0834e-08	1.0107e-08	9.0734e-09	8.7742e-09	8.2394e-09	8.0148e-09	8.7729e-09	1.0708e-08	1.2622e-08	1.356e-08	1.3104e-08	1.2024e-08	1.0147e-08	8.5436e-09	9.5671e-09	1.0799e-08	1.1262e-08	1.0699e-08	9.7816e-09	8.6986e-09	8.3136e-09	8.471e-09	8.1993e-09	7.6151e-09	7.4726e-09	7.493e-09	8.2046e-09	9.6838e-09	1.0429e-08	1.0517e-08	8.722e-09	7.5413e-09	9.3475e-09	1.1132e-08	1.1902e-08	1.0991e-08	1.0409e-08	9.4425e-09	9.2965e-09	9.0707e-09	8.069e-09	7.7214e-09	7.5995e-09	7.3348e-09	7.5192e-09	8.6179e-09	9.4447e-09	1.0225e-08	1.1654e-08	1.3447e-08	1.4135e-08	1.4434e-08	1.482e-08	1.439e-08	1.3369e-08	1.2127e-08	1.0678e-08	8.7139e-09	8.323e-09	8.616e-09	8.399e-09	8.5393e-09	8.0851e-09	8.1497e-09	8.7505e-09	9.3696e-09	9.9476e-09	9.9472e-09	9.1359e-09	7.9979e-09	8.0687e-09	8.122e-09	8.5349e-09	9.7476e-09	1.0805e-08	1.1572e-08	1.2065e-08	1.1892e-08	1.2086e-08	1.1886e-08	1.1599e-08	1.1194e-08	1.0169e-08	9.7787e-09	9.7103e-09	9.3065e-09	9.7114e-09	1.0209e-08	1.0153e-08	8.3904e-09	6.8069e-09	6.0041e-09	6.7364e-09	8.5056e-09	9.3721e-09	9.6019e-09	9.4978e-09	9.9453e-09	9.7308e-09	9.8019e-09	9.5154e-09	9.3742e-09	1.0723e-08	1.1832e-08	1.1828e-08	1.1417e-08	1.0829e-08	1.0602e-08	1.0496e-08	1.0244e-08	9.6041e-09	9.3915e-09	9.6959e-09	8.7494e-09
1.0378e-08	7.5474e-09	8.3515e-09	9.6497e-09	1.0589e-08	1.0818e-08	9.7911e-09	8.3856e-09	8.9954e-09	9.5835e-09	9.698e-09	1.0523e-08	1.168e-08	1.2167e-08	1.0998e-08	9.9432e-09	9.0676e-09	7.4939e-09	7.797e-09	9.32e-09	9.5708e-09	1.0451e-08	1.227e-08	1.3221e-08	1.2559e-08	1.151e-08	1.0676e-08	1.0683e-08	1.1223e-08	1.2398e-08	1.2489e-08	1.1576e-08	1.0747e-08	8.5733e-09	7.1738e-09	7.8303e-09	9.0407e-09	8.1486e-09	8.0329e-09	6.8404e-09	6.8758e-09	8.4956e-09	9.929e-09	9.9773e-09	9.0216e-09	8.624e-09	9.3133e-09	1.0452e-08	1.0709e-08	9.6703e-09	9.5387e-09	9.9314e-09	9.2242e-09	8.0931e-09	7.4166e-09	7.6113e-09	7.6833e-09	7.2544e-09	7.0689e-09	8.1038e-09	9.7962e-09	1.1161e-08	1.2052e-08	1.3134e-08	1.4877e-08	1.6906e-08	1.7062e-08	1.6244e-08	1.4626e-08	1.2515e-08	9.1549e-09	7.5372e-09	7.585e-09	8.2699e-09	8.4746e-09	7.7525e-09	7.2146e-09	6.8308e-09	7.265e-09	8.5866e-09	9.4369e-09	9.5548e-09	8.4306e-09	7.5252e-09	7.1978e-09	7.8997e-09	9.321e-09	1.1162e-08	1.1704e-08	1.1665e-08	1.168e-08	1.1518e-08	1.1556e-08	1.1665e-08	1.1386e-08	1.1088e-08	1.0615e-08	9.4075e-09	8.4133e-09	7.736e-09	8.3733e-09	9.2955e-09	9.778e-09	8.6753e-09	7.6611e-09	8.5079e-09	1.051e-08	1.1914e-08	1.2198e-08	1.0837e-08	9.5996e-09	9.4595e-09	8.8541e-09	9.4464e-09	9.39e-09	9.7001e-09	1.0795e-08	1.2116e-08	1.2409e-08	1.1332e-08	1.0464e-08	9.4848e-09	8.6432e-09	8.471e-09	8.3726e-09	9.0414e-09	1.0012e-08	9.9022e-09
1.1287e-08	9.102e-09	9.2345e-09	9.8949e-09	1.0662e-08	1.0191e-08	9.9949e-09	9.6971e-09	9.2297e-09	9.5607e-09	9.8231e-09	1.0244e-08	1.0707e-08	1.0856e-08	1.0353e-08	9.8653e-09	9.2568e-09	8.7902e-09	8.9805e-09	9.415e-09	9.6828e-09	9.8646e-09	1.0578e-08	1.0689e-08	9.5536e-09	8.8473e-09	9.3643e-09	9.5147e-09	9.5659e-09	9.9029e-09	1.0045e-08	1.0074e-08	9.6274e-09	1.0072e-08	1.0857e-08	1.1127e-08	1.0442e-08	8.4955e-09	7.9769e-09	8.4265e-09	9.5006e-09	1.0969e-08	1.1815e-08	1.1308e-08	8.8985e-09	7.9997e-09	9.4588e-09	1.0611e-08	1.0605e-08	1.0174e-08	9.6584e-09	9.3672e-09	8.5885e-09	7.9185e-09	7.2625e-09	7.0223e-09	6.7802e-09	6.8454e-09	7.5755e-09	8.5456e-09	9.8772e-09	1.1983e-08	1.4131e-08	1.6324e-08	1.7575e-08	1.7732e-08	1.7499e-08	1.6544e-08	1.4484e-08	1.1688e-08	8.4938e-09	6.6453e-09	6.87e-09	7.3615e-09	6.9441e-09	5.9816e-09	5.7865e-09	5.7934e-09	6.4561e-09	8.2995e-09	9.6332e-09	9.8925e-09	9.1722e-09	8.7319e-09	9.5126e-09	1.003e-08	1.0436e-08	1.0267e-08	9.0855e-09	8.7649e-09	9.0526e-09	9.658e-09	1.0296e-08	1.0635e-08	1.0209e-08	1.0113e-08	9.5723e-09	8.6002e-09	8.6559e-09	9.2539e-09	1.004e-08	1.0574e-08	1.0919e-08	1.0527e-08	1.006e-08	1.0272e-08	1.0809e-08	1.1116e-08	1.1348e-08	9.6698e-09	9.5858e-09	1.0009e-08	1.037e-08	1.0485e-08	9.8359e-09	9.9194e-09	1.1083e-08	1.1549e-08	1.1544e-08	1.0955e-08	8.8825e-09	6.7945e-09	7.7355e-09	8.5124e-09	9.2046e-09	1.0481e-08	1.0797e-08	1.0165e-08
1.1724e-08	8.886e-09	8.9419e-09	9.4567e-09	9.6376e-09	9.433e-09	8.9008e-09	8.6905e-09	9.1304e-09	1.0054e-08	1.0772e-08	1.1112e-08	1.1399e-08	1.174e-08	1.1551e-08	1.1143e-08	9.8782e-09	9.3063e-09	9.6582e-09	9.3745e-09	8.1198e-09	6.9045e-09	6.866e-09	8.1892e-09	9.6213e-09	1.1027e-08	1.1225e-08	1.0619e-08	1.0129e-08	9.5334e-09	8.6741e-09	9.7682e-09	1.1205e-08	1.1919e-08	1.2478e-08	1.3147e-08	1.2654e-08	9.6046e-09	8.6212e-09	9.4142e-09	1.0917e-08	1.2092e-08	1.1865e-08	1.21e-08	1.0147e-08	7.9703e-09	8.26e-09	8.645e-09	8.7847e-09	8.4746e-09	7.5385e-09	6.5542e-09	6.6284e-09	5.8467e-09	6.0397e-09	5.9941e-09	6.3191e-09	6.3798e-09	6.9307e-09	8.1548e-09	9.7663e-09	1.184e-08	1.3995e-08	1.616e-08	1.7338e-08	1.7653e-08	1.707e-08	1.5701e-08	1.3731e-08	1.1719e-08	1.0183e-08	8.6253e-09	8.5596e-09	8.7126e-09	8.4323e-09	7.773e-09	7.5497e-09	7.0247e-09	7.5706e-09	8.8037e-09	9.5703e-09	9.9051e-09	1.0279e-08	1.0556e-08	1.0242e-08	9.0263e-09	8.3022e-09	8.1782e-09	7.5287e-09	7.0524e-09	7.4455e-09	8.4768e-09	9.0297e-09	9.2285e-09	9.2224e-09	9.6825e-09	8.9728e-09	8.2781e-09	9.0599e-09	1.03e-08	1.1478e-08	1.2001e-08	1.0409e-08	9.3047e-09	1.0413e-08	1.1544e-08	1.2797e-08	1.3348e-08	1.3277e-08	1.2046e-08	1.0968e-08	9.6287e-09	8.7382e-09	7.772e-09	9.0481e-09	1.0846e-08	1.205e-08	1.2852e-08	1.2111e-08	1.0623e-08	7.7352e-09	6.0626e-09	5.4154e-09	6.7382e-09	8.7792e-09	1.0554e-08	1.1335e-08	1.1469e-08
1.1126e-08	9.7155e-09	9.0224e-09	9.0059e-09	9.2568e-09	8.834e-09	8.1078e-09	7.9292e-09	8.799e-09	9.8246e-09	1.0148e-08	1.0413e-08	1.0151e-08	9.8151e-09	9.9162e-09	9.9776e-09	9.8506e-09	9.6743e-09	9.3116e-09	9.279e-09	8.8108e-09	8.2981e-09	8.9414e-09	1.0175e-08	1.1083e-08	1.1824e-08	1.1763e-08	1.0983e-08	1.0285e-08	1.0865e-08	1.1821e-08	1.1847e-08	1.1773e-08	1.2225e-08	1.3658e-08	1.3936e-08	1.2774e-08	1.0094e-08	9.0082e-09	9.9085e-09	1.2166e-08	1.3883e-08	1.4464e-08	1.2697e-08	1.0122e-08	7.6895e-09	7.7968e-09	7.2496e-09	7.5065e-09	6.2639e-09	6.1156e-09	6.1435e-09	6.0863e-09	6.8356e-09	8.2798e-09	8.8045e-09	7.7442e-09	7.1383e-09	7.5845e-09	8.0096e-09	8.4963e-09	8.9749e-09	9.9856e-09	1.256e-08	1.4678e-08	1.5397e-08	1.4854e-08	1.3417e-08	1.2312e-08	1.1474e-08	9.5757e-09	5.9561e-09	6.2675e-09	7.3589e-09	7.6185e-09	7.1968e-09	6.9116e-09	6.5056e-09	6.7754e-09	8.0857e-09	9.3693e-09	1.0389e-08	1.1262e-08	1.175e-08	1.1398e-08	1.0653e-08	9.3382e-09	8.0006e-09	7.2007e-09	7.2804e-09	8.8386e-09	9.9608e-09	1.0306e-08	1.0645e-08	1.0476e-08	1.0197e-08	9.1543e-09	8.6564e-09	9.9676e-09	1.1003e-08	1.068e-08	1.0331e-08	1.0661e-08	1.032e-08	1.0363e-08	1.2092e-08	1.3809e-08	1.4339e-08	1.3567e-08	1.2109e-08	1.1455e-08	1.0784e-08	9.8554e-09	1.022e-08	1.2004e-08	1.3236e-08	1.3538e-08	1.3183e-08	1.223e-08	9.4796e-09	6.5652e-09	4.7781e-09	3.7849e-09	4.4691e-09	6.5776e-09	8.8543e-09	1.0364e-08	1.1326e-08
1.353e-08	1.1264e-08	1.0315e-08	1.0162e-08	9.7212e-09	8.904e-09	7.9444e-09	7.2265e-09	7.7511e-09	8.5921e-09	8.8533e-09	8.4186e-09	7.6816e-09	7.3186e-09	7.5672e-09	8.2372e-09	8.3168e-09	8.6833e-09	8.4478e-09	7.4907e-09	6.7367e-09	6.432e-09	7.237e-09	8.5589e-09	9.9387e-09	1.0283e-08	1.0164e-08	1.0129e-08	1.1764e-08	1.4727e-08	1.6347e-08	1.6914e-08	1.6884e-08	1.6695e-08	1.665e-08	1.6038e-08	1.4125e-08	1.3128e-08	1.365e-08	1.5721e-08	1.6954e-08	1.6774e-08	1.4819e-08	1.4195e-08	1.1626e-08	8.6863e-09	6.5646e-09	6.0288e-09	5.9634e-09	5.8265e-09	6.4233e-09	6.4491e-09	5.5426e-09	5.8689e-09	5.265e-09	5.1584e-09	4.553e-09	4.7055e-09	5.524e-09	5.9556e-09	6.5605e-09	8.2466e-09	9.9175e-09	1.1364e-08	1.237e-08	1.2835e-08	1.2089e-08	1.018e-08	8.9351e-09	8.5265e-09	7.3453e-09	6.8769e-09	6.6179e-09	6.6822e-09	7.0852e-09	7.2836e-09	7.2633e-09	7.3295e-09	7.6667e-09	8.0813e-09	8.9571e-09	1.0128e-08	1.1048e-08	1.1558e-08	1.1209e-08	9.8792e-09	9.1427e-09	9.6157e-09	1.057e-08	1.1445e-08	1.1259e-08	1.0722e-08	9.6542e-09	9.2406e-09	9.2346e-09	9.1813e-09	9.3735e-09	9.2756e-09	9.3062e-09	9.7907e-09	1.003e-08	1.0204e-08	1.0566e-08	1.143e-08	1.2763e-08	1.386e-08	1.4517e-08	1.4467e-08	1.3398e-08	1.2893e-08	1.2547e-08	1.2073e-08	1.21e-08	1.3556e-08	1.5075e-08	1.5389e-08	1.5266e-08	1.4095e-08	1.1439e-08	8.0774e-09	4.6195e-09	4.0816e-09	3.2833e-09	3.1529e-09	4.9398e-09	6.5411e-09	7.9374e-09	1.0458e-08
1.424e-08	1.1356e-08	1.1048e-08	1.0262e-08	8.7771e-09	7.5929e-09	7.4904e-09	7.8955e-09	8.1971e-09	8.2315e-09	8.2703e-09	7.5177e-09	6.373e-09	4.962e-09	5.4513e-09	6.0604e-09	5.806e-09	6.2616e-09	7.2945e-09	7.3724e-09	6.4216e-09	5.7254e-09	6.2483e-09	7.7133e-09	9.0205e-09	1.0363e-08	1.1788e-08	1.4767e-08	1.7273e-08	1.872e-08	1.9976e-08	2.0537e-08	2.0736e-08	2.0459e-08	1.9817e-08	1.8769e-08	1.8059e-08	1.6852e-08	1.6039e-08	1.6764e-08	1.7374e-08	1.6609e-08	1.6387e-08	1.4852e-08	1.1189e-08	6.7031e-09	4.4604e-09	3.4217e-09	3.0419e-09	3.6073e-09	3.9831e-09	3.4234e-09	3.1655e-09	3.4309e-09	3.4934e-09	4.1286e-09	4.9224e-09	4.8709e-09	5.0563e-09	5.6474e-09	6.8734e-09	8.0377e-09	9.2867e-09	1.03e-08	1.0665e-08	9.5791e-09	7.5886e-09	6.4355e-09	6.727e-09	7.0287e-09	6.6339e-09	5.8494e-09	5.7704e-09	6.2364e-09	6.1191e-09	6.4067e-09	6.3694e-09	6.2573e-09	7.2385e-09	8.6672e-09	9.6265e-09	1.0704e-08	1.1964e-08	1.2584e-08	1.2316e-08	1.1455e-08	1.1298e-08	1.192e-08	1.2452e-08	1.2253e-08	1.1904e-08	1.0878e-08	9.5601e-09	9.437e-09	1.0079e-08	1.0572e-08	1.0869e-08	1.1304e-08	1.0473e-08	1.0699e-08	1.1386e-08	1.1792e-08	1.2262e-08	1.2838e-08	1.278e-08	1.3422e-08	1.4004e-08	1.3462e-08	1.2456e-08	1.1631e-08	1.1496e-08	1.1824e-08	1.2036e-08	1.4142e-08	1.6273e-08	1.6775e-08	1.5554e-08	1.3713e-08	1.1223e-08	7.9916e-09	4.7002e-09	4.552e-09	4.4036e-09	4.0053e-09	3.7337e-09	3.941e-09	5.9299e-09	9.0182e-09
1.1658e-08	1.0542e-08	9.3377e-09	8.1914e-09	7.8284e-09	8.0433e-09	8.1217e-09	7.6319e-09	7.2806e-09	6.4205e-09	6.2761e-09	6.0792e-09	5.9502e-09	6.386e-09	6.8138e-09	7.0526e-09	7.2617e-09	7.5512e-09	8.0627e-09	8.2762e-09	7.0726e-09	7.2227e-09	8.8379e-09	1.0212e-08	1.059e-08	1.0905e-08	1.1834e-08	1.5213e-08	1.8743e-08	2.1497e-08	2.3247e-08	2.4099e-08	2.3818e-08	2.2837e-08	2.1568e-08	2.0568e-08	1.89e-08	1.6714e-08	1.5829e-08	1.5733e-08	1.5492e-08	1.4973e-08	1.4125e-08	1.158e-08	8.5999e-09	5.8991e-09	3.445e-09	2.6153e-09	2.7944e-09	1.6982e-09	2.027e-09	2.7105e-09	3.1693e-09	3.0715e-09	3.1874e-09	3.6163e-09	4.2704e-09	5.1632e-09	5.5314e-09	5.863e-09	6.4555e-09	7.2427e-09	7.9382e-09	8.4322e-09	8.4574e-09	6.7461e-09	4.7919e-09	4.6203e-09	5.4518e-09	5.7451e-09	4.9325e-09	4.3725e-09	4.9964e-09	5.9534e-09	6.1593e-09	6.223e-09	6.7667e-09	7.7513e-09	8.5825e-09	9.5254e-09	1.0379e-08	1.1077e-08	1.1851e-08	1.2079e-08	1.1949e-08	1.17e-08	1.1653e-08	1.247e-08	1.2931e-08	1.3065e-08	1.1829e-08	1.0743e-08	1.04e-08	1.1184e-08	1.2614e-08	1.3716e-08	1.3794e-08	1.2881e-08	1.2648e-08	1.2672e-08	1.1651e-08	1.1336e-08	1.1794e-08	1.219e-08	1.2969e-08	1.3148e-08	1.2688e-08	1.2066e-08	1.1819e-08	1.0672e-08	1.0955e-08	1.2525e-08	1.4149e-08	1.5986e-08	1.7071e-08	1.6975e-08	1.6068e-08	1.4436e-08	1.1827e-08	8.5343e-09	3.6266e-09	3.2186e-09	3.8002e-09	4.2851e-09	4.2238e-09	3.7515e-09	3.8057e-09	5.6508e-09
1.32e-08	1.1428e-08	1.0161e-08	8.5178e-09	7.6725e-09	7.4421e-09	7.0586e-09	6.5353e-09	6.0059e-09	5.5148e-09	5.8467e-09	6.4653e-09	7.486e-09	7.6639e-09	6.805e-09	5.8067e-09	6.4149e-09	7.3514e-09	8.2927e-09	7.8472e-09	7.4295e-09	7.8323e-09	8.504e-09	9.4715e-09	1.0541e-08	1.119e-08	1.2636e-08	1.6266e-08	2.0103e-08	2.2823e-08	2.4412e-08	2.5143e-08	2.4751e-08	2.3271e-08	2.1555e-08	2.0027e-08	1.7529e-08	1.5065e-08	1.4534e-08	1.4068e-08	1.2468e-08	1.1186e-08	1.0455e-08	8.6139e-09	6.8229e-09	5.9581e-09	5.4807e-09	5.8566e-09	6.621e-09	4.3271e-09	3.3602e-09	3.7954e-09	4.7916e-09	4.8662e-09	4.3268e-09	4.3746e-09	4.8002e-09	5.1484e-09	5.0624e-09	4.7884e-09	5.9318e-09	6.786e-09	6.7884e-09	6.4908e-09	5.449e-09	4.0986e-09	3.2542e-09	3.7018e-09	4.5588e-09	4.8418e-09	4.8774e-09	5.5852e-09	6.2335e-09	6.648e-09	7.2768e-09	8.1027e-09	8.7327e-09	8.9537e-09	9.5553e-09	1.0006e-08	1.0404e-08	1.1465e-08	1.1788e-08	1.125e-08	1.1679e-08	1.1574e-08	1.1438e-08	1.2034e-08	1.2734e-08	1.2875e-08	1.2603e-08	1.1957e-08	1.2178e-08	1.3119e-08	1.5263e-08	1.6514e-08	1.6679e-08	1.5336e-08	1.3867e-08	1.2918e-08	1.165e-08	1.0637e-08	1.0887e-08	1.1677e-08	1.1194e-08	1.1117e-08	1.125e-08	1.123e-08	1.0419e-08	9.278e-09	8.7641e-09	1.0174e-08	1.2559e-08	1.4309e-08	1.4777e-08	1.4002e-08	1.2887e-08	1.1514e-08	9.86e-09	7.7535e-09	5.5034e-09	5.4867e-09	6.5099e-09	7.7635e-09	8.0032e-09	7.0718e-09	5.2182e-09	3.2179e-09
1.2163e-08	1.0435e-08	8.9316e-09	8.2972e-09	8.5485e-09	8.5166e-09	8.2188e-09	7.8737e-09	7.4863e-09	7.2138e-09	7.2317e-09	7.686e-09	7.9213e-09	7.6828e-09	7.337e-09	6.7098e-09	6.3901e-09	6.4855e-09	6.5991e-09	6.5586e-09	6.3512e-09	6.5678e-09	7.3805e-09	9.2132e-09	1.0271e-08	1.0723e-08	1.1501e-08	1.4373e-08	1.8558e-08	2.2629e-08	2.4702e-08	2.547e-08	2.4948e-08	2.3596e-08	2.1914e-08	1.9554e-08	1.6509e-08	1.4354e-08	1.3224e-08	9.8483e-09	7.6964e-09	8.4476e-09	9.2393e-09	9.2838e-09	9.9465e-09	1.0165e-08	8.9807e-09	7.5831e-09	5.4995e-09	4.7001e-09	5.861e-09	6.8474e-09	7.4735e-09	7.1358e-09	5.997e-09	6.0107e-09	6.1086e-09	5.7219e-09	5.3835e-09	5.1502e-09	4.6042e-09	4.7382e-09	5.309e-09	5.354e-09	4.6683e-09	4.1454e-09	4.6526e-09	5.5633e-09	5.3135e-09	5.2951e-09	6.3162e-09	6.27e-09	6.0265e-09	5.7888e-09	5.7439e-09	6.3792e-09	7.1752e-09	8.1652e-09	9.3526e-09	1.031e-08	1.0416e-08	1.0713e-08	1.034e-08	9.6344e-09	9.4276e-09	9.6783e-09	1.0348e-08	1.1409e-08	1.2107e-08	1.216e-08	1.2113e-08	1.3205e-08	1.4219e-08	1.5056e-08	1.5958e-08	1.6399e-08	1.6562e-08	1.6142e-08	1.5216e-08	1.4341e-08	1.3347e-08	1.2184e-08	1.2027e-08	1.2271e-08	1.137e-08	1.0691e-08	1.0829e-08	1.1132e-08	1.0603e-08	9.5972e-09	1.0301e-08	1.1496e-08	1.201e-08	1.2139e-08	1.1996e-08	1.1463e-08	1.0628e-08	9.6788e-09	8.5568e-09	6.3275e-09	5.0893e-09	6.5935e-09	8.3681e-09	8.5559e-09	7.8834e-09	7.2416e-09	6.4246e-09	5.4085e-09
1.4149e-08	1.2609e-08	1.0348e-08	8.4425e-09	8.2372e-09	8.0685e-09	7.6124e-09	7.2504e-09	7.5039e-09	7.7901e-09	7.6843e-09	8.0627e-09	8.5553e-09	8.6315e-09	7.5485e-09	6.0821e-09	6.155e-09	6.5911e-09	6.4988e-09	5.7921e-09	4.9754e-09	5.1074e-09	5.6617e-09	7.6164e-09	8.9367e-09	9.7267e-09	1.0069e-08	1.2601e-08	1.7535e-08	2.1826e-08	2.4164e-08	2.5088e-08	2.4651e-08	2.2888e-08	2.0879e-08	1.8327e-08	1.4965e-08	1.1946e-08	1.0173e-08	8.9139e-09	8.3276e-09	9.5084e-09	1.0512e-08	1.1451e-08	1.184e-08	1.1465e-08	1.1019e-08	9.5878e-09	8.4613e-09	9.8459e-09	8.9884e-09	8.4013e-09	8.7794e-09	7.869e-09	6.8739e-09	5.7401e-09	4.695e-09	4.1913e-09	4.8957e-09	5.3231e-09	5.2082e-09	5.0664e-09	4.9265e-09	4.6392e-09	4.1202e-09	4.121e-09	4.8317e-09	5.9075e-09	6.1608e-09	6.2136e-09	6.8534e-09	6.3434e-09	5.6766e-09	6.1836e-09	6.8422e-09	7.2423e-09	7.9767e-09	8.889e-09	9.5542e-09	1.0343e-08	1.1091e-08	1.0654e-08	9.6723e-09	8.1632e-09	7.5157e-09	7.7382e-09	8.8334e-09	1.0125e-08	1.1309e-08	1.1715e-08	1.1721e-08	1.2549e-08	1.3558e-08	1.4588e-08	1.5624e-08	1.5894e-08	1.5416e-08	1.541e-08	1.5305e-08	1.4354e-08	1.3596e-08	1.3427e-08	1.3594e-08	1.3582e-08	1.2087e-08	1.0356e-08	9.694e-09	9.9434e-09	1.055e-08	1.074e-08	1.1164e-08	1.14e-08	1.1797e-08	1.1477e-08	1.1134e-08	1.0288e-08	9.5369e-09	9.0085e-09	8.0106e-09	6.236e-09	6.028e-09	7.6688e-09	9.2473e-09	9.3724e-09	8.3103e-09	7.3217e-09	6.3873e-09	6.3042e-09
1.4758e-08	1.2641e-08	1.0641e-08	9.1538e-09	8.0473e-09	7.923e-09	8.1383e-09	7.9016e-09	7.317e-09	7.1612e-09	7.5526e-09	8.2275e-09	9.1421e-09	9.6168e-09	9.3612e-09	9.0098e-09	8.814e-09	7.1711e-09	4.8044e-09	4.1591e-09	3.997e-09	3.9225e-09	5.3685e-09	6.7618e-09	8.0424e-09	9.201e-09	1.0652e-08	1.2496e-08	1.5443e-08	1.9391e-08	2.2571e-08	2.4505e-08	2.4599e-08	2.2703e-08	1.9621e-08	1.7068e-08	1.3863e-08	1.081e-08	8.1453e-09	7.3277e-09	8.0972e-09	9.0535e-09	1.037e-08	1.0517e-08	1.0324e-08	9.9557e-09	9.3215e-09	8.5393e-09	8.1639e-09	9.1894e-09	9.9698e-09	1.0505e-08	1.0268e-08	1.0204e-08	9.6947e-09	7.4751e-09	6.0781e-09	6.2351e-09	6.3013e-09	6.3552e-09	5.6487e-09	5.0749e-09	5.0501e-09	4.8396e-09	5.5739e-09	6.8953e-09	8.0145e-09	8.7287e-09	8.6083e-09	8.7702e-09	8.4366e-09	7.3713e-09	6.9091e-09	7.0783e-09	7.577e-09	7.3455e-09	6.7203e-09	7.8731e-09	9.3881e-09	1.0489e-08	1.0933e-08	1.0446e-08	8.7064e-09	6.5182e-09	5.4976e-09	5.9829e-09	7.3108e-09	8.5401e-09	9.6856e-09	1.0083e-08	1.0142e-08	1.1024e-08	1.2112e-08	1.3614e-08	1.5219e-08	1.5966e-08	1.6002e-08	1.5731e-08	1.4702e-08	1.4086e-08	1.3145e-08	1.2251e-08	1.3047e-08	1.32e-08	1.2566e-08	1.1397e-08	1.0681e-08	1.0003e-08	8.9212e-09	1.013e-08	1.1263e-08	1.1759e-08	1.1812e-08	1.0564e-08	9.749e-09	1.0238e-08	1.0845e-08	9.8757e-09	8.546e-09	7.7487e-09	7.5752e-09	8.6691e-09	9.2403e-09	9.1113e-09	8.0572e-09	7.1575e-09	6.93e-09	6.2102e-09
1.423e-08	1.2434e-08	1.0821e-08	9.1194e-09	8.0353e-09	7.5873e-09	7.8443e-09	8.0176e-09	8.2827e-09	8.6388e-09	8.8771e-09	9.308e-09	9.6063e-09	9.7138e-09	9.3634e-09	8.5767e-09	7.5202e-09	6.677e-09	5.9055e-09	5.7624e-09	6.1499e-09	5.9081e-09	5.7072e-09	6.205e-09	6.8137e-09	6.9138e-09	7.6018e-09	8.9908e-09	1.1683e-08	1.6006e-08	2.0099e-08	2.2432e-08	2.3183e-08	2.1832e-08	1.9969e-08	1.7633e-08	1.3644e-08	1.0052e-08	1.007e-08	1.0978e-08	1.1866e-08	1.2438e-08	1.2721e-08	1.2041e-08	1.0247e-08	1.0061e-08	8.9162e-09	6.9938e-09	8.1125e-09	9.9856e-09	1.1209e-08	1.1575e-08	1.1755e-08	1.1686e-08	1.0395e-08	7.5248e-09	5.8117e-09	4.9231e-09	5.4998e-09	6.0182e-09	6.2703e-09	5.3057e-09	4.3976e-09	5.3668e-09	6.723e-09	7.7253e-09	8.4893e-09	9.4069e-09	9.5289e-09	8.9029e-09	7.984e-09	6.7024e-09	5.8298e-09	6.1766e-09	6.3358e-09	6.423e-09	5.3335e-09	5.9583e-09	7.5374e-09	8.3259e-09	8.6914e-09	9.275e-09	9.4528e-09	7.563e-09	6.4113e-09	7.4518e-09	8.9754e-09	1.0688e-08	1.1548e-08	1.2004e-08	1.2424e-08	1.2758e-08	1.3289e-08	1.4576e-08	1.4606e-08	1.2528e-08	1.16e-08	1.3228e-08	1.3202e-08	1.1197e-08	1.0072e-08	1.0667e-08	1.1953e-08	1.2751e-08	1.3189e-08	1.2353e-08	1.0856e-08	1.0321e-08	1.0825e-08	1.2151e-08	1.3248e-08	1.3132e-08	1.2318e-08	1.0964e-08	1.048e-08	1.1826e-08	1.2056e-08	1.1209e-08	1.0108e-08	9.4518e-09	7.758e-09	7.5651e-09	7.785e-09	7.5503e-09	6.2291e-09	6.1752e-09	6.761e-09	6.1162e-09
1.4564e-08	1.3056e-08	1.2044e-08	1.0603e-08	9.8479e-09	9.8236e-09	1.0154e-08	9.3572e-09	8.1916e-09	6.9883e-09	6.9779e-09	8.7048e-09	9.4646e-09	8.9218e-09	7.2991e-09	6.2249e-09	5.4774e-09	4.775e-09	5.2208e-09	6.0024e-09	6.686e-09	7.0329e-09	6.9953e-09	7.1842e-09	7.2238e-09	7.3175e-09	6.6898e-09	6.4156e-09	8.5664e-09	1.2984e-08	1.7565e-08	2.0563e-08	2.1881e-08	2.2034e-08	2.1208e-08	1.8953e-08	1.456e-08	1.1766e-08	1.1793e-08	1.223e-08	1.2278e-08	1.2229e-08	1.1607e-08	1.0402e-08	9.8381e-09	9.4136e-09	8.5379e-09	8.0578e-09	8.9381e-09	1.0112e-08	1.1081e-08	1.0963e-08	1.0265e-08	1.0703e-08	9.9645e-09	7.7318e-09	6.4957e-09	6.4199e-09	6.4901e-09	6.5837e-09	6.2359e-09	5.98e-09	6.1997e-09	7.0312e-09	8.3742e-09	9.8528e-09	1.0877e-08	1.113e-08	1.1156e-08	1.0002e-08	9.1658e-09	8.2238e-09	7.6721e-09	7.7993e-09	7.5253e-09	5.7166e-09	5.0931e-09	4.8162e-09	6.2136e-09	7.9852e-09	9.5875e-09	1.072e-08	1.012e-08	8.385e-09	6.7028e-09	7.2169e-09	8.8003e-09	9.9969e-09	1.0433e-08	1.0668e-08	1.0574e-08	1.0255e-08	1.0617e-08	1.125e-08	1.1974e-08	1.1711e-08	1.1423e-08	1.1491e-08	1.1071e-08	1.0441e-08	1.0121e-08	1.0982e-08	1.1327e-08	1.2306e-08	1.2477e-08	1.1409e-08	1.0569e-08	1.044e-08	1.0955e-08	1.201e-08	1.2816e-08	1.3203e-08	1.3431e-08	1.3543e-08	1.3887e-08	1.3993e-08	1.3269e-08	1.1227e-08	9.089e-09	8.1659e-09	8.3003e-09	7.7779e-09	7.1447e-09	6.5869e-09	6.4746e-09	6.4656e-09	7.0492e-09	7.0669e-09
1.4804e-08	1.3262e-08	1.2331e-08	1.1419e-08	1.0694e-08	1.0163e-08	9.7846e-09	9.0614e-09	9.2671e-09	1.0037e-08	1.0288e-08	1.0024e-08	9.3584e-09	8.3704e-09	6.9334e-09	5.0744e-09	4.5937e-09	5.4273e-09	5.4925e-09	4.672e-09	5.1224e-09	5.9852e-09	6.6353e-09	6.8345e-09	6.8621e-09	6.558e-09	5.9903e-09	5.8903e-09	7.2122e-09	1.0225e-08	1.3457e-08	1.6576e-08	1.8663e-08	1.9491e-08	1.7962e-08	1.6401e-08	1.5479e-08	1.4399e-08	1.4036e-08	1.3989e-08	1.3736e-08	1.3458e-08	1.2638e-08	1.2191e-08	1.1828e-08	1.0861e-08	9.0783e-09	8.8635e-09	9.5471e-09	9.1619e-09	9.1905e-09	8.5677e-09	8.3895e-09	9.0628e-09	9.568e-09	9.1195e-09	8.3298e-09	7.2451e-09	7.1533e-09	8.8177e-09	9.8038e-09	9.4399e-09	8.3785e-09	6.7602e-09	7.6851e-09	9.1584e-09	1.0299e-08	1.0954e-08	1.1006e-08	1.043e-08	9.9267e-09	9.5144e-09	8.5733e-09	8.2303e-09	7.8013e-09	7.4238e-09	7.3687e-09	7.6216e-09	7.5606e-09	8.9264e-09	1.0534e-08	1.1427e-08	1.0794e-08	9.5564e-09	8.3215e-09	7.5874e-09	8.4023e-09	8.9106e-09	8.8329e-09	9.0061e-09	9.0074e-09	9.1605e-09	9.4111e-09	9.5392e-09	9.3863e-09	9.0898e-09	8.9399e-09	9.114e-09	9.96e-09	1.0585e-08	1.0441e-08	9.6523e-09	9.8793e-09	1.0751e-08	1.099e-08	1.0612e-08	1.0646e-08	1.0815e-08	1.1743e-08	1.2676e-08	1.333e-08	1.3825e-08	1.4551e-08	1.5556e-08	1.5916e-08	1.4754e-08	1.2369e-08	9.827e-09	8.1953e-09	7.3212e-09	6.3282e-09	6.1865e-09	6.6603e-09	6.5248e-09	7.3713e-09	8.4511e-09	9.3335e-09	9.2717e-09
1.3897e-08	1.1628e-08	1.0632e-08	9.4605e-09	8.808e-09	8.9969e-09	9.2954e-09	1.0106e-08	1.0814e-08	1.1527e-08	1.1261e-08	1.0272e-08	9.5909e-09	8.1026e-09	6.3892e-09	6.1562e-09	7.2307e-09	7.8692e-09	6.6411e-09	6.6727e-09	6.2941e-09	7.6006e-09	8.1247e-09	7.9959e-09	7.8685e-09	7.7317e-09	6.8915e-09	6.632e-09	7.9851e-09	1.0041e-08	1.1943e-08	1.3859e-08	1.6549e-08	1.7919e-08	1.7642e-08	1.7266e-08	1.6143e-08	1.438e-08	1.3755e-08	1.3936e-08	1.3575e-08	1.2754e-08	1.1821e-08	1.0813e-08	1.0227e-08	9.0475e-09	7.2047e-09	7.6675e-09	7.5525e-09	6.8358e-09	7.4196e-09	8.1472e-09	8.8111e-09	9.6073e-09	9.7033e-09	9.2471e-09	8.1627e-09	7.2313e-09	7.4656e-09	9.2179e-09	1.0397e-08	1.075e-08	9.2163e-09	7.5916e-09	8.2312e-09	9.1723e-09	9.7207e-09	1.0417e-08	1.0971e-08	1.0756e-08	1.044e-08	9.7048e-09	8.1314e-09	7.2438e-09	7.1183e-09	7.3835e-09	7.0647e-09	6.8267e-09	8.622e-09	1.0412e-08	1.1539e-08	1.2155e-08	1.128e-08	9.1706e-09	7.8034e-09	8.0369e-09	8.8359e-09	9.4857e-09	9.78e-09	9.6702e-09	9.4714e-09	9.592e-09	9.6863e-09	9.7992e-09	9.2928e-09	9.0645e-09	9.1214e-09	9.9475e-09	1.1009e-08	1.0542e-08	9.9259e-09	1.0265e-08	1.063e-08	1.0938e-08	1.1438e-08	1.2029e-08	1.229e-08	1.197e-08	1.239e-08	1.2608e-08	1.2473e-08	1.2684e-08	1.356e-08	1.402e-08	1.3435e-08	1.2019e-08	9.904e-09	7.5546e-09	7.0701e-09	6.7054e-09	4.6813e-09	6.3724e-09	8.0687e-09	8.112e-09	8.4043e-09	9.7317e-09	1.0584e-08	1.0303e-08
1.2406e-08	1.0104e-08	9.0285e-09	8.2333e-09	7.9468e-09	8.4624e-09	9.5787e-09	1.0222e-08	1.0433e-08	1.0574e-08	1.043e-08	1.02e-08	9.8453e-09	9.3482e-09	8.8065e-09	9.118e-09	9.3092e-09	8.2049e-09	8.5368e-09	9.2779e-09	8.9448e-09	6.9055e-09	5.1399e-09	5.3775e-09	6.1917e-09	7.6005e-09	8.8396e-09	9.7403e-09	1.0739e-08	1.188e-08	1.3373e-08	1.5377e-08	1.7596e-08	1.8794e-08	1.8303e-08	1.6741e-08	1.4814e-08	1.3547e-08	1.3175e-08	1.2904e-08	1.2307e-08	1.1656e-08	1.0483e-08	9.568e-09	8.5927e-09	7.8909e-09	7.8956e-09	8.3633e-09	8.0991e-09	8.0716e-09	7.721e-09	6.2067e-09	6.228e-09	7.8563e-09	8.8984e-09	8.9449e-09	8.4344e-09	7.7243e-09	8.5248e-09	9.5272e-09	9.7675e-09	9.0918e-09	8.6505e-09	8.1165e-09	7.8286e-09	8.012e-09	8.2517e-09	9.0608e-09	9.7685e-09	9.9183e-09	9.3767e-09	8.4849e-09	7.7055e-09	6.4112e-09	6.4946e-09	7.1494e-09	7.9282e-09	8.7816e-09	9.0005e-09	9.4932e-09	1.0218e-08	1.0952e-08	1.1284e-08	1.0738e-08	1.0562e-08	1.0904e-08	1.0763e-08	1.0326e-08	1.0085e-08	1.0001e-08	1.0069e-08	1.0066e-08	1.0456e-08	1.0669e-08	1.0354e-08	1.0047e-08	1.012e-08	1.0805e-08	1.1468e-08	1.1533e-08	1.1597e-08	1.119e-08	1.02e-08	9.8786e-09	1.068e-08	1.1305e-08	1.197e-08	1.2456e-08	1.246e-08	1.2126e-08	1.1953e-08	1.2129e-08	1.2166e-08	1.2202e-08	1.1619e-08	1.0472e-08	8.951e-09	7.6255e-09	7.1616e-09	6.9562e-09	6.6922e-09	8.2139e-09	9.3233e-09	9.1871e-09	8.1266e-09	8.1748e-09	9.5298e-09	9.9399e-09
1.1619e-08	1.0388e-08	1.0164e-08	9.9041e-09	9.957e-09	9.7818e-09	9.5768e-09	9.9175e-09	9.6052e-09	8.7284e-09	8.4733e-09	7.987e-09	7.23e-09	6.8416e-09	7.0945e-09	7.1781e-09	6.8076e-09	6.601e-09	7.0168e-09	7.7356e-09	7.9243e-09	7.2247e-09	6.6186e-09	7.7641e-09	9.961e-09	1.1665e-08	1.2886e-08	1.3198e-08	1.3804e-08	1.5197e-08	1.6768e-08	1.8679e-08	2.008e-08	2.0195e-08	1.8878e-08	1.7045e-08	1.5722e-08	1.4204e-08	1.1867e-08	9.0581e-09	8.0572e-09	8.1897e-09	8.1986e-09	8.7695e-09	8.6664e-09	7.9156e-09	8.0917e-09	7.8476e-09	7.2706e-09	6.0052e-09	5.8508e-09	5.9937e-09	6.926e-09	7.8316e-09	8.5468e-09	8.7076e-09	8.0995e-09	8.7389e-09	9.3299e-09	9.3008e-09	8.9143e-09	8.9567e-09	9.4512e-09	9.3733e-09	9.0573e-09	8.6232e-09	7.3736e-09	7.7019e-09	8.1465e-09	7.5583e-09	7.0154e-09	7.0104e-09	6.3548e-09	6.0358e-09	6.1972e-09	7.0536e-09	7.9026e-09	8.58e-09	8.733e-09	9.2158e-09	9.6513e-09	9.8973e-09	1.0804e-08	1.1531e-08	1.2359e-08	1.273e-08	1.2493e-08	1.173e-08	1.0954e-08	1.091e-08	1.0738e-08	1.0686e-08	1.0888e-08	1.13e-08	1.0878e-08	1.0275e-08	1.0367e-08	1.0988e-08	1.1806e-08	1.1819e-08	1.1687e-08	1.1753e-08	1.0752e-08	1.0588e-08	1.1042e-08	1.1971e-08	1.2591e-08	1.2501e-08	1.1855e-08	1.1548e-08	1.1472e-08	1.1563e-08	1.1346e-08	1.031e-08	9.9633e-09	8.9751e-09	8.6189e-09	8.6729e-09	8.5502e-09	8.1352e-09	7.9619e-09	8.0267e-09	8.8556e-09	8.7763e-09	8.1396e-09	8.4947e-09	8.9169e-09	9.225e-09
1.3202e-08	1.0844e-08	1.0259e-08	1.0276e-08	1.0135e-08	9.8402e-09	9.3801e-09	8.784e-09	7.6315e-09	7.5062e-09	7.5478e-09	7.2725e-09	6.792e-09	6.4015e-09	5.9419e-09	5.6313e-09	5.1585e-09	5.8153e-09	7.8938e-09	9.4655e-09	9.9571e-09	9.0644e-09	8.5156e-09	1.0196e-08	1.2184e-08	1.3372e-08	1.3644e-08	1.4436e-08	1.5629e-08	1.6817e-08	1.7888e-08	1.8866e-08	1.9067e-08	1.8675e-08	1.7301e-08	1.4729e-08	1.3355e-08	1.1754e-08	9.3331e-09	6.2834e-09	6.5301e-09	7.7466e-09	8.8433e-09	8.9289e-09	9.5425e-09	1.0113e-08	9.219e-09	7.3524e-09	6.3086e-09	6.8203e-09	6.9499e-09	7.2139e-09	8.0856e-09	8.7308e-09	8.3248e-09	7.6064e-09	7.8737e-09	8.6685e-09	9.3737e-09	8.8903e-09	8.4687e-09	8.9654e-09	1.0109e-08	1.0486e-08	8.4061e-09	6.8284e-09	7.3366e-09	7.2058e-09	6.5418e-09	6.0973e-09	6.4641e-09	7.2322e-09	7.6368e-09	7.7533e-09	6.9996e-09	6.9143e-09	7.1665e-09	7.159e-09	8.148e-09	9.0886e-09	9.6694e-09	1.064e-08	1.193e-08	1.3172e-08	1.3723e-08	1.3584e-08	1.2752e-08	1.1162e-08	1.0279e-08	1.0247e-08	1.0336e-08	1.0207e-08	1.0833e-08	1.1405e-08	1.1198e-08	1.0911e-08	1.0808e-08	1.124e-08	1.2203e-08	1.2891e-08	1.3203e-08	1.2366e-08	1.1508e-08	1.1303e-08	1.1417e-08	1.1253e-08	1.1009e-08	1.1172e-08	1.1204e-08	1.1583e-08	1.2188e-08	1.2101e-08	1.0835e-08	8.2299e-09	7.7505e-09	8.1822e-09	8.3568e-09	8.351e-09	8.2709e-09	8.5514e-09	8.3716e-09	8.0761e-09	8.2014e-09	8.3559e-09	8.6963e-09	9.6131e-09	1.0235e-08	9.4874e-09
1.4222e-08	1.2064e-08	1.071e-08	1.0301e-08	1.0416e-08	1.0584e-08	9.9262e-09	8.0063e-09	7.177e-09	6.5159e-09	6.078e-09	5.0098e-09	4.5847e-09	6.1787e-09	7.4873e-09	7.678e-09	7.344e-09	8.0995e-09	8.9989e-09	9.7319e-09	9.9728e-09	9.6631e-09	9.28e-09	1.1097e-08	1.2812e-08	1.3589e-08	1.3899e-08	1.4374e-08	1.4871e-08	1.5762e-08	1.6991e-08	1.7972e-08	1.7635e-08	1.6524e-08	1.5076e-08	1.2875e-08	1.1286e-08	9.0625e-09	7.4113e-09	7.3469e-09	7.5232e-09	7.6242e-09	9.2935e-09	1.069e-08	1.0787e-08	9.423e-09	7.6831e-09	4.8635e-09	4.8998e-09	5.2543e-09	5.2502e-09	6.9644e-09	8.721e-09	9.4083e-09	8.1278e-09	7.1812e-09	7.684e-09	8.6168e-09	8.7398e-09	8.9147e-09	9.0733e-09	9.8296e-09	9.9988e-09	9.9004e-09	8.6965e-09	8.8848e-09	9.4128e-09	9.0802e-09	8.2559e-09	7.1001e-09	7.4316e-09	8.3101e-09	8.825e-09	8.6913e-09	8.4552e-09	7.3407e-09	7.5077e-09	8.3984e-09	9.2525e-09	9.8396e-09	1.0253e-08	1.1494e-08	1.3339e-08	1.4909e-08	1.5294e-08	1.4746e-08	1.3884e-08	1.1272e-08	1.0433e-08	1.0466e-08	1.0659e-08	1.105e-08	1.1367e-08	1.1829e-08	1.1482e-08	1.0731e-08	1.0541e-08	1.0449e-08	1.1895e-08	1.3173e-08	1.3642e-08	1.3429e-08	1.2033e-08	9.3281e-09	8.218e-09	8.5776e-09	8.9377e-09	8.9165e-09	8.7804e-09	9.22e-09	8.5798e-09	7.6885e-09	7.772e-09	7.3691e-09	6.4136e-09	7.0705e-09	7.7618e-09	8.0267e-09	8.19e-09	8.3345e-09	9.0648e-09	9.1049e-09	8.9097e-09	9.9659e-09	1.1234e-08	1.215e-08	1.2938e-08	1.2564e-08
1.472e-08	1.2515e-08	1.1311e-08	1.0603e-08	1.0884e-08	1.0574e-08	8.7313e-09	7.4419e-09	5.5444e-09	3.5828e-09	4.188e-09	5.0298e-09	5.977e-09	6.7139e-09	6.9732e-09	7.6088e-09	8.7703e-09	9.204e-09	9.2689e-09	9.7342e-09	1.0799e-08	1.1891e-08	1.2366e-08	1.246e-08	1.3763e-08	1.5244e-08	1.5841e-08	1.5538e-08	1.496e-08	1.393e-08	1.4557e-08	1.567e-08	1.5721e-08	1.5342e-08	1.4289e-08	1.2818e-08	1.0896e-08	8.7029e-09	9.0051e-09	8.6924e-09	7.6822e-09	7.4119e-09	8.0854e-09	8.5513e-09	8.8552e-09	8.6574e-09	7.6197e-09	5.1029e-09	5.1124e-09	6.2697e-09	7.4114e-09	8.352e-09	8.4513e-09	7.2492e-09	6.2879e-09	5.7652e-09	5.8315e-09	6.3776e-09	6.8978e-09	7.6041e-09	8.5804e-09	9.5886e-09	1.0553e-08	1.0449e-08	8.0924e-09	8.1164e-09	8.8335e-09	8.8482e-09	8.8225e-09	8.6592e-09	8.8192e-09	9.3108e-09	9.2025e-09	9.1116e-09	9.2236e-09	9.1624e-09	9.1364e-09	9.9686e-09	1.1153e-08	1.2261e-08	1.2832e-08	1.3216e-08	1.384e-08	1.4586e-08	1.434e-08	1.287e-08	1.1387e-08	1.1185e-08	1.152e-08	1.2088e-08	1.2802e-08	1.328e-08	1.2955e-08	1.2592e-08	1.2273e-08	1.2385e-08	1.2479e-08	1.1413e-08	1.0682e-08	1.151e-08	1.1841e-08	1.0863e-08	9.4949e-09	8.9125e-09	8.5465e-09	7.7082e-09	7.2853e-09	7.568e-09	7.5635e-09	6.8391e-09	5.937e-09	6.7487e-09	7.2413e-09	6.8487e-09	6.9119e-09	6.9532e-09	7.4885e-09	8.1583e-09	8.2588e-09	7.8008e-09	8.0856e-09	8.2067e-09	8.7521e-09	1.041e-08	1.2075e-08	1.386e-08	1.4881e-08	1.5233e-08
1.6908e-08	1.3564e-08	1.2778e-08	1.2999e-08	1.1923e-08	1.02e-08	8.8115e-09	7.3795e-09	6.3478e-09	5.9156e-09	5.0015e-09	5.2067e-09	6.3259e-09	6.995e-09	6.8463e-09	6.2588e-09	7.0599e-09	8.0442e-09	8.9108e-09	9.9016e-09	1.0769e-08	1.0822e-08	1.0863e-08	1.0116e-08	9.845e-09	1.2254e-08	1.4308e-08	1.4613e-08	1.3319e-08	1.1657e-08	1.1633e-08	1.1928e-08	1.2188e-08	1.3347e-08	1.3802e-08	1.2784e-08	1.1052e-08	1.0284e-08	9.693e-09	7.9123e-09	6.3185e-09	5.8656e-09	6.5259e-09	7.8211e-09	9.3595e-09	9.7424e-09	8.6904e-09	7.7772e-09	9.468e-09	1.1514e-08	1.2398e-08	1.2018e-08	1.0666e-08	8.2482e-09	5.7607e-09	5.7295e-09	7.281e-09	7.8134e-09	7.8226e-09	8.8411e-09	1.0012e-08	1.1136e-08	1.1958e-08	1.1502e-08	8.1808e-09	6.614e-09	6.9057e-09	7.5684e-09	8.8348e-09	9.7756e-09	1.023e-08	9.5634e-09	9.4549e-09	9.96e-09	1.0746e-08	1.1345e-08	1.1961e-08	1.2316e-08	1.2423e-08	1.2288e-08	1.2165e-08	1.3204e-08	1.4471e-08	1.5089e-08	1.5078e-08	1.4079e-08	1.2652e-08	1.1001e-08	9.9579e-09	9.8326e-09	9.9725e-09	1.008e-08	1.0107e-08	9.7619e-09	9.074e-09	9.0719e-09	9.1807e-09	9.3967e-09	9.9381e-09	1.0331e-08	1.0727e-08	1.0272e-08	8.642e-09	7.2158e-09	6.5395e-09	6.0733e-09	5.8096e-09	5.9114e-09	6.643e-09	7.7219e-09	8.1772e-09	8.1764e-09	8.7563e-09	9.5828e-09	9.7275e-09	9.5014e-09	8.9263e-09	7.6823e-09	7.1498e-09	8.7356e-09	1.0312e-08	1.02e-08	9.2548e-09	1.0477e-08	1.2879e-08	1.4098e-08	1.4149e-08	1.3251e-08
1.5602e-08	1.2856e-08	1.322e-08	1.2434e-08	1.1019e-08	9.8946e-09	8.0293e-09	7.719e-09	7.6447e-09	6.7955e-09	5.7926e-09	5.6796e-09	5.7844e-09	6.2013e-09	6.7576e-09	7.5672e-09	8.4185e-09	9.0121e-09	9.3723e-09	9.732e-09	1.0395e-08	1.1032e-08	1.1238e-08	1.1561e-08	1.1031e-08	9.4093e-09	1.0213e-08	1.1786e-08	1.2565e-08	1.0145e-08	9.5273e-09	1.1373e-08	1.2838e-08	1.397e-08	1.4768e-08	1.4625e-08	1.382e-08	1.2811e-08	1.1086e-08	8.8697e-09	5.5791e-09	5.3483e-09	6.8971e-09	8.4508e-09	9.4812e-09	9.5834e-09	8.3923e-09	7.8295e-09	9.7846e-09	1.1871e-08	1.3027e-08	1.3122e-08	1.2064e-08	1.0426e-08	8.7842e-09	6.8493e-09	6.628e-09	7.8459e-09	8.8603e-09	9.8703e-09	1.099e-08	1.1639e-08	1.1593e-08	1.0591e-08	8.9954e-09	7.5739e-09	6.4477e-09	7.4391e-09	8.6136e-09	8.6372e-09	8.275e-09	7.8041e-09	8.2343e-09	8.9462e-09	9.3727e-09	9.542e-09	9.9888e-09	1.0378e-08	1.0424e-08	1.0612e-08	1.1225e-08	1.2265e-08	1.3211e-08	1.3418e-08	1.2874e-08	1.1635e-08	1.0511e-08	9.8129e-09	9.6241e-09	9.9353e-09	1.0077e-08	9.8427e-09	9.0683e-09	8.0483e-09	8.4913e-09	9.0977e-09	9.6894e-09	1.018e-08	1.0651e-08	1.0936e-08	1.0437e-08	9.5593e-09	9.1637e-09	9.7131e-09	1.0379e-08	1.0998e-08	1.1183e-08	1.0346e-08	8.9327e-09	9.2216e-09	1.0307e-08	1.1124e-08	1.1007e-08	1.0112e-08	8.9651e-09	7.6376e-09	6.6888e-09	6.0023e-09	7.4849e-09	9.7338e-09	1.0692e-08	1.0083e-08	9.1009e-09	9.0031e-09	9.9318e-09	1.2186e-08	1.2871e-08	1.1196e-08
1.4765e-08	1.3707e-08	1.2964e-08	1.1821e-08	1.1137e-08	1.0512e-08	9.8494e-09	9.3374e-09	8.8036e-09	7.3632e-09	5.3276e-09	4.8553e-09	4.7421e-09	5.6243e-09	6.6247e-09	7.8505e-09	8.8014e-09	9.3443e-09	9.1513e-09	9.0233e-09	9.6333e-09	1.0605e-08	1.1341e-08	1.1746e-08	1.2237e-08	1.275e-08	1.3031e-08	1.1994e-08	8.6174e-09	7.6625e-09	8.5066e-09	9.5789e-09	1.1141e-08	1.271e-08	1.3757e-08	1.4097e-08	1.3403e-08	1.2297e-08	9.9307e-09	6.9806e-09	4.7093e-09	4.3563e-09	5.838e-09	7.2895e-09	8.0429e-09	8.376e-09	8.794e-09	8.7138e-09	1.0227e-08	1.1924e-08	1.2711e-08	1.2947e-08	1.2564e-08	1.1894e-08	1.0731e-08	9.5836e-09	9.789e-09	1.0783e-08	1.16e-08	1.219e-08	1.2666e-08	1.3055e-08	1.2961e-08	1.2272e-08	1.1301e-08	9.0568e-09	7.3264e-09	7.2344e-09	7.1492e-09	7.6021e-09	8.1854e-09	8.6359e-09	9.1218e-09	9.7399e-09	9.6108e-09	9.3336e-09	9.447e-09	9.6445e-09	1.004e-08	1.0468e-08	1.1209e-08	1.1956e-08	1.1915e-08	1.0103e-08	9.2421e-09	8.5435e-09	8.5875e-09	9.3252e-09	9.9926e-09	1.0409e-08	1.0233e-08	9.3928e-09	8.1286e-09	8.0748e-09	8.3202e-09	8.1799e-09	8.7901e-09	9.4727e-09	9.4983e-09	9.3845e-09	9.3022e-09	9.1142e-09	8.9547e-09	9.5987e-09	1.0362e-08	1.093e-08	1.1077e-08	1.1282e-08	1.154e-08	1.1673e-08	1.1611e-08	1.1154e-08	1.0494e-08	1.0068e-08	9.1923e-09	8.0863e-09	7.1951e-09	7.9514e-09	9.6807e-09	1.1162e-08	1.1769e-08	1.0584e-08	8.3741e-09	9.2337e-09	9.9622e-09	1.1275e-08	1.1043e-08	9.0738e-09
1.227e-08	1.0464e-08	9.9956e-09	9.1786e-09	9.6922e-09	1.0378e-08	1.0914e-08	1.0505e-08	9.2789e-09	7.7004e-09	6.5951e-09	6.6852e-09	7.5865e-09	8.589e-09	9.5244e-09	1.0782e-08	1.1519e-08	1.0991e-08	9.5471e-09	8.4627e-09	9.6103e-09	1.1038e-08	1.2035e-08	1.2893e-08	1.2985e-08	1.2579e-08	1.252e-08	1.0811e-08	7.5843e-09	6.188e-09	8.1687e-09	1.0081e-08	1.1606e-08	1.2702e-08	1.322e-08	1.3445e-08	1.2881e-08	1.1481e-08	9.5808e-09	6.2015e-09	4.3978e-09	5.2849e-09	6.3462e-09	7.4015e-09	8.0999e-09	8.4499e-09	7.3817e-09	6.2957e-09	8.2128e-09	9.9873e-09	1.1071e-08	1.1468e-08	1.132e-08	1.1012e-08	1.0159e-08	9.2509e-09	8.6169e-09	9.411e-09	1.0741e-08	1.1818e-08	1.2705e-08	1.3543e-08	1.3957e-08	1.3997e-08	1.3077e-08	1.1237e-08	9.5462e-09	8.1533e-09	7.9072e-09	8.0993e-09	7.9641e-09	7.9951e-09	8.4639e-09	8.7094e-09	8.4717e-09	8.1418e-09	8.6873e-09	9.6163e-09	1.0407e-08	1.0979e-08	1.1457e-08	1.1745e-08	1.1676e-08	1.095e-08	9.8587e-09	9.5001e-09	9.7893e-09	1.0464e-08	1.0651e-08	1.0371e-08	1.0195e-08	9.8657e-09	9.4238e-09	8.7835e-09	8.8136e-09	9.2398e-09	9.4312e-09	9.2158e-09	8.7109e-09	8.2769e-09	8.7105e-09	9.4528e-09	9.8103e-09	1.0068e-08	1.0303e-08	1.0887e-08	1.1628e-08	1.1873e-08	1.1645e-08	1.1196e-08	1.0688e-08	9.7976e-09	9.1114e-09	9.152e-09	8.788e-09	6.9908e-09	6.6236e-09	8.0558e-09	9.5789e-09	1.0967e-08	1.1367e-08	1.0284e-08	9.9199e-09	1.1467e-08	1.174e-08	1.1245e-08	9.7508e-09	7.8639e-09
1.4114e-08	1.0157e-08	1.0313e-08	9.9729e-09	1.0252e-08	1.0362e-08	1.0675e-08	1.0631e-08	1.0121e-08	9.6002e-09	8.9609e-09	9.42e-09	1.009e-08	1.0321e-08	1.0445e-08	1.0459e-08	1.0002e-08	9.0706e-09	8.4399e-09	8.4261e-09	9.1225e-09	1.0181e-08	1.0968e-08	1.1241e-08	1.1219e-08	1.0415e-08	9.3028e-09	7.6872e-09	5.8927e-09	5.0335e-09	5.4344e-09	6.7492e-09	8.2572e-09	9.8062e-09	1.1198e-08	1.1764e-08	1.1424e-08	1.0568e-08	9.13e-09	6.7947e-09	5.4168e-09	6.5427e-09	7.9295e-09	8.8483e-09	9.5889e-09	1.0072e-08	9.9752e-09	8.5893e-09	9.1161e-09	1.0297e-08	1.0745e-08	1.0209e-08	1.0667e-08	1.128e-08	1.1139e-08	1.0143e-08	9.7821e-09	1.0195e-08	1.1315e-08	1.2666e-08	1.4188e-08	1.5287e-08	1.5916e-08	1.5888e-08	1.4989e-08	1.3557e-08	1.2145e-08	1.1493e-08	1.1005e-08	9.2809e-09	8.3133e-09	8.3524e-09	8.191e-09	8.0009e-09	7.4728e-09	7.5978e-09	8.5258e-09	9.5919e-09	1.0598e-08	1.124e-08	1.1583e-08	1.1731e-08	1.1515e-08	1.0936e-08	1.0244e-08	9.5596e-09	9.1244e-09	9.2357e-09	8.7642e-09	8.2286e-09	8.9467e-09	9.1683e-09	9.0762e-09	8.8948e-09	8.856e-09	8.9197e-09	8.8648e-09	8.5949e-09	8.4237e-09	8.4136e-09	8.6378e-09	8.9637e-09	9.2174e-09	9.4546e-09	1.017e-08	1.1105e-08	1.1595e-08	1.1563e-08	1.1168e-08	1.0389e-08	9.4125e-09	7.9205e-09	7.809e-09	8.8151e-09	8.2703e-09	5.277e-09	4.2326e-09	6.8198e-09	8.6418e-09	9.9743e-09	1.0737e-08	1.0141e-08	1.0452e-08	1.2669e-08	1.371e-08	1.3384e-08	1.2535e-08	1.1721e-08
1.4023e-08	1.1379e-08	1.0384e-08	9.9517e-09	9.6516e-09	9.5454e-09	1.0224e-08	1.105e-08	1.1142e-08	1.0891e-08	1.0611e-08	1.1025e-08	1.1301e-08	1.0506e-08	9.7903e-09	9.9056e-09	1.0128e-08	9.8636e-09	9.5073e-09	9.2813e-09	8.8794e-09	8.8261e-09	8.8329e-09	8.9575e-09	9.2976e-09	9.3154e-09	9.2462e-09	8.642e-09	7.4744e-09	6.9354e-09	6.6085e-09	6.1773e-09	5.6326e-09	5.621e-09	7.2056e-09	8.4888e-09	9.3058e-09	1.0145e-08	9.3067e-09	7.4469e-09	7.0588e-09	7.8907e-09	9.1812e-09	1.0421e-08	1.143e-08	1.1818e-08	1.0782e-08	8.4131e-09	6.6507e-09	7.0121e-09	7.7375e-09	8.1775e-09	9.375e-09	1.0579e-08	1.1109e-08	1.0977e-08	1.0793e-08	1.1107e-08	1.1608e-08	1.2765e-08	1.4659e-08	1.6438e-08	1.7359e-08	1.7331e-08	1.6667e-08	1.551e-08	1.407e-08	1.2656e-08	1.2105e-08	1.1228e-08	9.7023e-09	9.1337e-09	8.9551e-09	8.5722e-09	7.7399e-09	7.7159e-09	8.7647e-09	9.6299e-09	1.0513e-08	1.1333e-08	1.2017e-08	1.257e-08	1.2561e-08	1.2335e-08	1.194e-08	1.1009e-08	9.8613e-09	9.0264e-09	8.0916e-09	7.4768e-09	8.0761e-09	8.5155e-09	8.7441e-09	8.6603e-09	7.9797e-09	7.121e-09	7.3975e-09	8.0865e-09	8.5698e-09	8.7349e-09	8.6224e-09	8.0966e-09	7.8707e-09	8.0251e-09	8.2227e-09	8.8176e-09	9.1333e-09	9.2473e-09	9.505e-09	9.6584e-09	9.3435e-09	8.518e-09	8.165e-09	8.0442e-09	7.4901e-09	6.0445e-09	5.7244e-09	6.7588e-09	8.1974e-09	1.0097e-08	1.1473e-08	1.1564e-08	1.1435e-08	1.2942e-08	1.4254e-08	1.4267e-08	1.346e-08	1.2809e-08
1.5898e-08	1.3737e-08	1.2836e-08	1.249e-08	1.1983e-08	9.9381e-09	1.0315e-08	1.1428e-08	1.0822e-08	1.0431e-08	9.934e-09	9.7047e-09	9.2398e-09	8.8658e-09	8.608e-09	8.4703e-09	8.8095e-09	8.9471e-09	8.572e-09	8.0593e-09	7.4555e-09	7.383e-09	7.4052e-09	7.033e-09	7.011e-09	7.5227e-09	7.9319e-09	7.8201e-09	7.6046e-09	7.6739e-09	7.6947e-09	7.0915e-09	5.9827e-09	5.2443e-09	5.8454e-09	7.404e-09	7.9958e-09	8.3769e-09	9.0265e-09	9.8425e-09	1.0583e-08	1.0988e-08	1.096e-08	1.1725e-08	1.2526e-08	1.2824e-08	1.158e-08	9.9378e-09	6.8815e-09	6.0538e-09	7.3446e-09	8.1978e-09	9.0923e-09	9.5764e-09	1.0141e-08	1.075e-08	1.0928e-08	1.1759e-08	1.2909e-08	1.386e-08	1.4647e-08	1.5427e-08	1.6022e-08	1.627e-08	1.6243e-08	1.5168e-08	1.3673e-08	1.2691e-08	1.2609e-08	1.2679e-08	1.2652e-08	1.1655e-08	1.0216e-08	9.6663e-09	9.6568e-09	1.0275e-08	1.1033e-08	1.1709e-08	1.2167e-08	1.226e-08	1.2694e-08	1.3267e-08	1.313e-08	1.252e-08	1.1392e-08	1.0554e-08	9.7249e-09	8.6319e-09	6.7331e-09	6.5704e-09	6.7788e-09	6.7151e-09	7.2856e-09	7.5837e-09	6.9988e-09	6.7584e-09	6.8463e-09	6.7163e-09	6.407e-09	6.5433e-09	6.1171e-09	5.8426e-09	6.5738e-09	7.4554e-09	7.8914e-09	8.352e-09	8.1445e-09	7.6558e-09	7.0969e-09	7.0105e-09	7.4554e-09	7.7071e-09	7.871e-09	8.1944e-09	8.7022e-09	9.2385e-09	9.9526e-09	1.0389e-08	1.1136e-08	1.2273e-08	1.274e-08	1.2367e-08	1.1562e-08	1.2573e-08	1.3165e-08	1.2935e-08	1.2888e-08	1.3122e-08
1.6299e-08	1.3943e-08	1.2406e-08	1.1589e-08	1.1217e-08	1.0794e-08	1.1925e-08	1.237e-08	1.144e-08	1.0693e-08	9.775e-09	8.8097e-09	8.6559e-09	8.2601e-09	7.7452e-09	8.1483e-09	8.9889e-09	9.2515e-09	8.9556e-09	7.9942e-09	7.375e-09	7.5465e-09	7.4628e-09	6.5402e-09	5.74e-09	6.1974e-09	7.1413e-09	7.3915e-09	7.4123e-09	7.3966e-09	7.3015e-09	6.6361e-09	5.4512e-09	4.1646e-09	4.4938e-09	6.3418e-09	7.9301e-09	9.5494e-09	1.0874e-08	1.1295e-08	1.2177e-08	1.3616e-08	1.3501e-08	1.4913e-08	1.6005e-08	1.5551e-08	1.3874e-08	1.1202e-08	6.9499e-09	5.499e-09	5.994e-09	7.3207e-09	7.9043e-09	7.7429e-09	8.6129e-09	1.0014e-08	1.0845e-08	1.0723e-08	1.083e-08	1.184e-08	1.3297e-08	1.4251e-08	1.4841e-08	1.5469e-08	1.525e-08	1.4149e-08	1.281e-08	1.1227e-08	1.2022e-08	1.293e-08	1.339e-08	1.3317e-08	1.2098e-08	1.036e-08	9.8059e-09	1.0005e-08	1.0398e-08	1.0788e-08	1.143e-08	1.2795e-08	1.4301e-08	1.4794e-08	1.4068e-08	1.1557e-08	9.769e-09	8.9613e-09	8.8462e-09	8.6878e-09	8.7635e-09	8.6668e-09	7.5134e-09	7.544e-09	8.3623e-09	7.7833e-09	7.0187e-09	7.1971e-09	6.6306e-09	6.0163e-09	6.5498e-09	6.3089e-09	6.1335e-09	6.916e-09	7.4567e-09	7.7793e-09	7.3434e-09	6.421e-09	6.8109e-09	7.4615e-09	8.3028e-09	8.4149e-09	8.2503e-09	8.2903e-09	8.7072e-09	8.6523e-09	8.2568e-09	8.4037e-09	9.3435e-09	1.0309e-08	1.0742e-08	1.0591e-08	1.0601e-08	1.0747e-08	1.1202e-08	1.2275e-08	1.3269e-08	1.4265e-08	1.4425e-08	1.4077e-08
1.6655e-08	1.4259e-08	1.3209e-08	1.2843e-08	1.1941e-08	1.2208e-08	1.3106e-08	1.2643e-08	1.0814e-08	9.5554e-09	7.9206e-09	7.7925e-09	8.0817e-09	7.5605e-09	6.5844e-09	7.1808e-09	8.0468e-09	8.3806e-09	8.4905e-09	7.7798e-09	7.111e-09	6.4955e-09	6.1658e-09	6.0385e-09	6.3875e-09	6.4693e-09	6.6347e-09	7.0383e-09	7.1364e-09	6.5911e-09	6.5492e-09	6.5465e-09	5.8069e-09	5.4798e-09	6.2775e-09	7.7437e-09	9.5591e-09	1.1119e-08	1.2825e-08	1.4325e-08	1.4649e-08	1.3869e-08	1.4249e-08	1.542e-08	1.6134e-08	1.4832e-08	1.2976e-08	1.0058e-08	6.6232e-09	5.8303e-09	6.6946e-09	7.9923e-09	9.7556e-09	1.0308e-08	1.0525e-08	1.0853e-08	1.059e-08	1.0057e-08	9.4737e-09	1.0188e-08	1.1287e-08	1.1871e-08	1.2011e-08	1.225e-08	1.246e-08	1.1891e-08	1.139e-08	1.1397e-08	1.1524e-08	1.2111e-08	1.3275e-08	1.339e-08	1.2254e-08	1.1768e-08	1.125e-08	1.0382e-08	1.0015e-08	1.0838e-08	1.2746e-08	1.4018e-08	1.4079e-08	1.3335e-08	1.1381e-08	1.0031e-08	9.3242e-09	9.2427e-09	9.4915e-09	1.0232e-08	1.0804e-08	1.0316e-08	8.7606e-09	8.4055e-09	9.0787e-09	9.0803e-09	8.5765e-09	7.5852e-09	6.5569e-09	6.8896e-09	7.0645e-09	7.6687e-09	7.6066e-09	7.3246e-09	6.9807e-09	6.6196e-09	6.9112e-09	6.7839e-09	6.1147e-09	7.2342e-09	7.9731e-09	7.6138e-09	7.0824e-09	7.3462e-09	8.2719e-09	8.1162e-09	7.5589e-09	7.7376e-09	7.9971e-09	8.8695e-09	1.0144e-08	1.0641e-08	1.0795e-08	1.0898e-08	1.1405e-08	1.2435e-08	1.4233e-08	1.5608e-08	1.5341e-08	1.3931e-08
1.7044e-08	1.3947e-08	1.2252e-08	1.1625e-08	1.0827e-08	1.2677e-08	1.386e-08	1.2651e-08	1.0441e-08	8.2958e-09	6.728e-09	6.8938e-09	8.1272e-09	8.6961e-09	8.8208e-09	9.2967e-09	9.2603e-09	8.6582e-09	7.7305e-09	7.0332e-09	6.1249e-09	4.8542e-09	4.1547e-09	4.7413e-09	5.7074e-09	6.2429e-09	6.7596e-09	7.5352e-09	7.9023e-09	7.3943e-09	6.2393e-09	5.3327e-09	4.6332e-09	5.7531e-09	7.4131e-09	8.8942e-09	1.083e-08	1.3773e-08	1.5674e-08	1.6991e-08	1.7655e-08	1.7883e-08	1.8068e-08	1.8134e-08	1.7376e-08	1.5539e-08	1.2292e-08	8.3222e-09	5.7548e-09	6.5926e-09	7.8418e-09	9.0985e-09	9.673e-09	9.7675e-09	9.8894e-09	9.9587e-09	9.6643e-09	9.4043e-09	9.8245e-09	9.6853e-09	8.664e-09	9.261e-09	9.3792e-09	8.8486e-09	9.0862e-09	7.9468e-09	7.9593e-09	9.3526e-09	1.0219e-08	1.073e-08	1.1596e-08	1.2608e-08	1.2706e-08	1.1128e-08	1.0506e-08	1.0679e-08	1.1335e-08	1.1996e-08	1.2683e-08	1.3518e-08	1.351e-08	1.1872e-08	1.0036e-08	8.5947e-09	9.0641e-09	1.0559e-08	1.1647e-08	1.2256e-08	1.1597e-08	1.0635e-08	1.0554e-08	1.0404e-08	1.0196e-08	9.577e-09	8.7679e-09	7.8741e-09	6.8356e-09	7.4811e-09	8.3328e-09	8.7144e-09	8.2853e-09	8.0761e-09	7.336e-09	7.2743e-09	7.5115e-09	7.5649e-09	7.7971e-09	8.3855e-09	8.2825e-09	7.153e-09	6.9097e-09	7.5889e-09	8.6557e-09	9.122e-09	8.34e-09	6.9192e-09	6.5401e-09	8.0616e-09	9.9385e-09	1.0739e-08	1.0799e-08	1.1208e-08	1.2539e-08	1.313e-08	1.2964e-08	1.3135e-08	1.3477e-08	1.3353e-08
1.6289e-08	1.2879e-08	1.1923e-08	1.0149e-08	1.086e-08	1.2323e-08	1.3173e-08	1.2828e-08	1.0838e-08	8.9443e-09	7.8619e-09	8.3382e-09	9.225e-09	9.5668e-09	8.9218e-09	8.3446e-09	8.8367e-09	8.8762e-09	7.9211e-09	7.5172e-09	6.9205e-09	5.5733e-09	4.8977e-09	5.6229e-09	5.2207e-09	4.6984e-09	5.0445e-09	5.3336e-09	5.395e-09	5.4772e-09	5.8234e-09	5.8793e-09	5.2328e-09	5.8303e-09	7.3701e-09	8.8585e-09	1.1455e-08	1.5336e-08	1.8383e-08	1.9844e-08	2.0354e-08	2.0603e-08	2.0263e-08	1.8844e-08	1.6645e-08	1.397e-08	1.1264e-08	7.4214e-09	5.1076e-09	7.2038e-09	9.5615e-09	1.0144e-08	1.0777e-08	1.0238e-08	9.8225e-09	1.0178e-08	1.0189e-08	1.0129e-08	9.5616e-09	8.4202e-09	8.6595e-09	8.2737e-09	7.7979e-09	7.0944e-09	5.8139e-09	4.5398e-09	5.7343e-09	8.1043e-09	9.5388e-09	1.0522e-08	1.1892e-08	1.2467e-08	1.2678e-08	1.1611e-08	1.085e-08	1.1011e-08	1.1634e-08	1.1849e-08	1.1965e-08	1.153e-08	1.1108e-08	1.0459e-08	1.0354e-08	1.048e-08	1.1434e-08	1.2339e-08	1.2336e-08	1.1872e-08	1.1002e-08	1.0001e-08	1.0239e-08	1.0678e-08	9.8341e-09	8.8371e-09	8.4268e-09	7.8238e-09	6.4094e-09	7.1587e-09	8.3945e-09	8.6068e-09	8.7891e-09	8.1809e-09	7.5698e-09	7.0365e-09	7.2166e-09	8.0968e-09	9.064e-09	9.5954e-09	9.3749e-09	9.3113e-09	9.3069e-09	9.746e-09	1.0161e-08	1.0401e-08	9.4705e-09	7.9429e-09	7.5183e-09	8.0163e-09	8.662e-09	9.6858e-09	1.0148e-08	1.0453e-08	1.0933e-08	1.1452e-08	1.2063e-08	1.2663e-08	1.2694e-08	1.2612e-08
1.4428e-08	1.1616e-08	1.0037e-08	1.0182e-08	1.2284e-08	1.3136e-08	1.328e-08	1.2987e-08	1.2308e-08	1.1749e-08	1.0278e-08	9.545e-09	9.2544e-09	9.0282e-09	8.9824e-09	8.3089e-09	8.0213e-09	8.0632e-09	8.4574e-09	8.3825e-09	6.8986e-09	4.8164e-09	3.6278e-09	3.7926e-09	3.6628e-09	2.5913e-09	2.9276e-09	3.4881e-09	4.1259e-09	5.3984e-09	6.2185e-09	6.0794e-09	5.8989e-09	7.2433e-09	8.721e-09	9.8528e-09	1.1628e-08	1.5334e-08	1.8504e-08	1.9792e-08	2.0558e-08	2.0167e-08	1.8993e-08	1.7647e-08	1.6687e-08	1.5306e-08	1.34e-08	9.1028e-09	7.7305e-09	9.1705e-09	1.1373e-08	1.2463e-08	1.1816e-08	9.9454e-09	8.6105e-09	8.7071e-09	9.0872e-09	9.6377e-09	1.015e-08	9.688e-09	9.067e-09	8.5595e-09	7.0373e-09	5.6438e-09	4.7928e-09	5.0442e-09	6.0804e-09	8.2617e-09	9.0159e-09	9.7197e-09	1.2495e-08	1.4048e-08	1.3015e-08	1.1366e-08	1.0296e-08	1.0255e-08	1.049e-08	9.8354e-09	9.3575e-09	9.8891e-09	9.9477e-09	1.0441e-08	1.129e-08	1.2322e-08	1.2903e-08	1.3408e-08	1.2855e-08	1.1008e-08	9.5962e-09	8.9419e-09	8.7589e-09	8.4458e-09	8.2794e-09	7.9031e-09	8.3884e-09	8.3347e-09	8.0437e-09	7.5737e-09	7.316e-09	7.4733e-09	7.3574e-09	7.1257e-09	6.5978e-09	6.6974e-09	7.0931e-09	7.9203e-09	8.8177e-09	9.9927e-09	1.065e-08	1.0679e-08	1.0359e-08	1.089e-08	1.2774e-08	1.3355e-08	1.2011e-08	1.0316e-08	9.3344e-09	9.5417e-09	1.0599e-08	1.1045e-08	1.1453e-08	1.0829e-08	1.0425e-08	9.4134e-09	9.353e-09	9.9579e-09	9.7524e-09	1.1026e-08
1.4677e-08	1.3345e-08	1.2961e-08	1.2236e-08	1.2479e-08	1.2663e-08	1.2666e-08	1.205e-08	1.0746e-08	8.6567e-09	7.5358e-09	7.8908e-09	8.0529e-09	8.6402e-09	8.9974e-09	9.1697e-09	9.0981e-09	8.8323e-09	8.7766e-09	8.6904e-09	7.2995e-09	6.323e-09	5.8303e-09	5.7729e-09	3.8701e-09	2.8905e-09	1.7437e-09	7.6431e-10	3.7483e-10	2.5291e-09	4.4836e-09	5.7581e-09	7.2093e-09	8.8756e-09	1.0454e-08	1.181e-08	1.2602e-08	1.4606e-08	1.7666e-08	1.9295e-08	1.9436e-08	1.8625e-08	1.8239e-08	1.7487e-08	1.5457e-08	1.2827e-08	1.0578e-08	9.9919e-09	1.0055e-08	1.1511e-08	1.3726e-08	1.4781e-08	1.3576e-08	1.0814e-08	9.6865e-09	1.0913e-08	1.1707e-08	1.1923e-08	1.1711e-08	9.7633e-09	8.0562e-09	7.2628e-09	6.3809e-09	5.7846e-09	5.4883e-09	5.9305e-09	7.1238e-09	8.6128e-09	9.3592e-09	1.0743e-08	1.2495e-08	1.3464e-08	1.3681e-08	1.1497e-08	1.0063e-08	9.1649e-09	8.4504e-09	7.8743e-09	8.2398e-09	8.8302e-09	9.6093e-09	1.037e-08	1.1088e-08	1.2041e-08	1.2707e-08	1.2541e-08	1.1576e-08	9.8671e-09	7.9952e-09	7.1248e-09	7.5687e-09	8.4551e-09	7.9223e-09	7.2134e-09	7.54e-09	8.1872e-09	7.799e-09	6.7885e-09	6.5871e-09	6.0607e-09	5.6286e-09	6.2422e-09	6.1502e-09	6.5467e-09	7.1449e-09	7.3454e-09	8.3269e-09	1.0026e-08	1.1423e-08	1.2635e-08	1.2475e-08	1.2989e-08	1.5143e-08	1.6193e-08	1.5011e-08	1.278e-08	1.2192e-08	1.3578e-08	1.3841e-08	1.28e-08	1.1286e-08	9.3285e-09	7.9248e-09	6.1929e-09	5.3328e-09	6.8275e-09	8.8848e-09	1.1117e-08
1.4907e-08	1.2791e-08	1.1665e-08	1.1415e-08	1.1447e-08	1.1588e-08	1.1866e-08	1.1169e-08	1.0528e-08	7.3165e-09	5.959e-09	6.7369e-09	8.815e-09	1.0003e-08	1.0922e-08	1.1366e-08	1.032e-08	9.4569e-09	8.6812e-09	8.2891e-09	8.0102e-09	7.5694e-09	7.3838e-09	7.3717e-09	6.9456e-09	5.1927e-09	3.7877e-09	1.761e-09	0	1.8747e-09	4.2953e-09	6.4861e-09	8.7728e-09	1.0504e-08	1.1607e-08	1.1828e-08	1.2371e-08	1.4049e-08	1.6297e-08	1.7834e-08	1.8058e-08	1.7001e-08	1.5023e-08	1.3618e-08	1.1867e-08	9.8519e-09	8.0218e-09	8.7761e-09	1.0582e-08	1.237e-08	1.3481e-08	1.3613e-08	1.3751e-08	1.3319e-08	1.318e-08	1.3774e-08	1.3774e-08	1.3197e-08	1.2203e-08	9.9609e-09	7.1053e-09	5.6057e-09	6.0222e-09	6.685e-09	7.096e-09	7.3598e-09	8.1182e-09	8.545e-09	9.6613e-09	1.1199e-08	1.2178e-08	1.3012e-08	1.2823e-08	1.1877e-08	9.7565e-09	6.9896e-09	6.9185e-09	6.9587e-09	7.8215e-09	9.0636e-09	9.5019e-09	9.5667e-09	9.8753e-09	1.0624e-08	1.1688e-08	1.2121e-08	1.1101e-08	8.8279e-09	6.8346e-09	6.5553e-09	7.0372e-09	7.804e-09	7.6916e-09	7.2232e-09	7.8761e-09	8.568e-09	8.5763e-09	6.9785e-09	5.7201e-09	5.103e-09	6.3718e-09	7.4125e-09	7.2631e-09	6.978e-09	6.8151e-09	7.7388e-09	9.235e-09	1.0812e-08	1.2243e-08	1.3504e-08	1.441e-08	1.6242e-08	1.6959e-08	1.6784e-08	1.6038e-08	1.5489e-08	1.5299e-08	1.4837e-08	1.395e-08	1.2308e-08	9.3074e-09	6.7581e-09	5.3375e-09	5.6287e-09	5.0005e-09	4.6315e-09	7.4516e-09	1.0559e-08
1.5502e-08	1.3205e-08	1.1818e-08	1.0431e-08	9.1468e-09	8.8674e-09	8.9051e-09	8.8401e-09	9.3853e-09	9.9244e-09	1.041e-08	1.0346e-08	9.2057e-09	9.2904e-09	9.8864e-09	1.0231e-08	1.0034e-08	9.1918e-09	8.5706e-09	8.2783e-09	7.6722e-09	7.2756e-09	7.3273e-09	8.1549e-09	8.0936e-09	7.0715e-09	4.8655e-09	2.5449e-09	2.0257e-09	3.5118e-09	6.5337e-09	9.7088e-09	1.1984e-08	1.3606e-08	1.4163e-08	1.315e-08	1.1858e-08	1.0836e-08	1.2205e-08	1.3791e-08	1.3728e-08	1.1743e-08	9.5801e-09	7.8195e-09	7.3641e-09	8.2349e-09	1.0487e-08	1.2422e-08	1.3491e-08	1.4017e-08	1.4476e-08	1.5104e-08	1.5883e-08	1.66e-08	1.7552e-08	1.7364e-08	1.6311e-08	1.4948e-08	1.2591e-08	9.4765e-09	7.0253e-09	5.8064e-09	6.328e-09	6.6038e-09	6.176e-09	5.7522e-09	7.0307e-09	8.065e-09	9.0217e-09	9.8277e-09	1.0787e-08	1.1607e-08	1.2048e-08	1.1468e-08	9.8653e-09	7.8218e-09	6.8634e-09	7.0312e-09	7.8712e-09	8.5054e-09	8.9903e-09	8.5821e-09	8.2792e-09	8.7456e-09	9.2837e-09	9.573e-09	9.1314e-09	7.3799e-09	6.0567e-09	5.3818e-09	5.7785e-09	6.1012e-09	6.5836e-09	6.7781e-09	7.1388e-09	7.4597e-09	6.726e-09	5.1293e-09	5.04e-09	6.7541e-09	7.9756e-09	8.6925e-09	9.2058e-09	9.7357e-09	9.9444e-09	1.0701e-08	1.1943e-08	1.3516e-08	1.5025e-08	1.6354e-08	1.742e-08	1.8203e-08	1.8759e-08	1.8596e-08	1.7975e-08	1.6848e-08	1.604e-08	1.49e-08	1.2733e-08	1.0158e-08	6.8379e-09	4.3259e-09	3.486e-09	3.6729e-09	3.8163e-09	4.521e-09	6.6815e-09	8.5299e-09
1.2936e-08	1.0151e-08	8.1889e-09	8.2149e-09	9.0751e-09	1.0003e-08	9.9647e-09	1.0473e-08	1.1505e-08	1.2548e-08	1.3209e-08	1.2416e-08	9.6104e-09	7.8945e-09	9.0336e-09	1.0063e-08	9.659e-09	8.5469e-09	8.1137e-09	7.9837e-09	7.5812e-09	6.995e-09	8.3541e-09	1.0037e-08	1.0013e-08	8.7024e-09	6.42e-09	4.6635e-09	5.4297e-09	6.5931e-09	8.5158e-09	1.0671e-08	1.2185e-08	1.2938e-08	1.2581e-08	1.1321e-08	9.4697e-09	8.3829e-09	9.7355e-09	1.0965e-08	1.1093e-08	1.0376e-08	8.8746e-09	7.7298e-09	6.6381e-09	7.6741e-09	9.5017e-09	1.0881e-08	1.1954e-08	1.3183e-08	1.4043e-08	1.5478e-08	1.7242e-08	1.8351e-08	1.8975e-08	1.9116e-08	1.758e-08	1.5146e-08	1.245e-08	9.5021e-09	6.9793e-09	6.082e-09	6.9315e-09	7.2753e-09	7.1807e-09	7.3134e-09	8.2156e-09	9.6139e-09	1.0745e-08	1.0958e-08	1.0785e-08	1.0915e-08	1.1414e-08	1.0913e-08	9.4174e-09	7.4011e-09	6.0009e-09	5.8191e-09	6.5076e-09	6.5647e-09	5.3208e-09	5.3556e-09	5.4501e-09	6.0159e-09	7.0669e-09	8.0702e-09	8.4819e-09	8.6086e-09	8.0552e-09	7.4199e-09	7.0429e-09	6.7702e-09	6.2396e-09	6.2314e-09	6.6628e-09	6.3698e-09	5.7584e-09	4.7003e-09	5.492e-09	7.1371e-09	8.4651e-09	1.0019e-08	1.1072e-08	1.1661e-08	1.1945e-08	1.2964e-08	1.3934e-08	1.4939e-08	1.6201e-08	1.7926e-08	1.924e-08	2.0016e-08	2.0335e-08	1.9663e-08	1.8645e-08	1.6694e-08	1.4699e-08	1.326e-08	1.1217e-08	8.5164e-09	5.2146e-09	2.8029e-09	3.2223e-09	4.0028e-09	3.9416e-09	3.8434e-09	5.8375e-09	7.5424e-09
9.4072e-09	8.7842e-09	8.6018e-09	9.674e-09	1.1362e-08	1.186e-08	1.1345e-08	1.0809e-08	1.1827e-08	1.2539e-08	1.2685e-08	1.1478e-08	8.9921e-09	7.6415e-09	8.8868e-09	9.2388e-09	8.725e-09	7.8987e-09	7.1799e-09	7.4014e-09	8.1123e-09	9.5014e-09	1.1242e-08	1.1945e-08	1.1206e-08	9.727e-09	7.7258e-09	6.8205e-09	6.3276e-09	7.0092e-09	8.7118e-09	1.06e-08	1.1856e-08	1.1973e-08	1.0583e-08	9.372e-09	8.2374e-09	7.3947e-09	6.6377e-09	6.3762e-09	6.4825e-09	5.5451e-09	5.2644e-09	6.3e-09	7.1418e-09	8.6063e-09	1.0229e-08	1.1339e-08	1.1958e-08	1.2869e-08	1.437e-08	1.6502e-08	1.8181e-08	1.9641e-08	2.0608e-08	2.0375e-08	1.8273e-08	1.6403e-08	1.3972e-08	1.1156e-08	9.2779e-09	9.0954e-09	8.996e-09	8.6968e-09	8.8672e-09	8.6887e-09	1.0306e-08	1.2115e-08	1.2432e-08	1.1574e-08	1.0266e-08	9.7715e-09	9.7482e-09	9.8107e-09	8.8399e-09	6.1494e-09	3.9866e-09	4.0503e-09	4.7457e-09	4.7686e-09	4.1689e-09	4.2553e-09	4.2006e-09	4.5735e-09	6.0323e-09	7.833e-09	9.1685e-09	9.6047e-09	9.4124e-09	8.4794e-09	7.4686e-09	6.7255e-09	6.5611e-09	7.0058e-09	7.0905e-09	6.5105e-09	5.4607e-09	5.0448e-09	5.8677e-09	7.2295e-09	8.5356e-09	1.0265e-08	1.1674e-08	1.2454e-08	1.2562e-08	1.301e-08	1.3601e-08	1.4567e-08	1.6244e-08	1.7495e-08	1.871e-08	1.965e-08	1.9817e-08	1.9065e-08	1.7697e-08	1.5991e-08	1.4235e-08	1.2047e-08	1.0144e-08	7.8506e-09	3.8617e-09	2.9346e-09	3.9521e-09	4.6132e-09	4.7744e-09	5.4034e-09	6.8929e-09	8.2017e-09
1.0635e-08	1.0579e-08	1.131e-08	1.2812e-08	1.2971e-08	1.1376e-08	8.9178e-09	9.0326e-09	1.0729e-08	1.1625e-08	1.194e-08	1.0708e-08	7.3812e-09	6.7992e-09	8.1606e-09	8.9039e-09	8.7123e-09	7.7511e-09	7.3612e-09	8.2146e-09	9.4657e-09	1.0842e-08	1.1655e-08	1.1612e-08	1.0391e-08	8.029e-09	6.8488e-09	6.7515e-09	6.7786e-09	6.8944e-09	8.5547e-09	1.0189e-08	1.1144e-08	1.0965e-08	9.8793e-09	8.507e-09	7.8678e-09	7.0147e-09	6.636e-09	6.3911e-09	5.2067e-09	4.8816e-09	6.3491e-09	7.0332e-09	7.3913e-09	8.3204e-09	9.5389e-09	1.0999e-08	1.2281e-08	1.3441e-08	1.4782e-08	1.6343e-08	1.8208e-08	1.944e-08	1.9897e-08	1.9075e-08	1.6488e-08	1.4398e-08	1.2632e-08	1.124e-08	9.7544e-09	9.1072e-09	9.3582e-09	9.8321e-09	1.0298e-08	1.0842e-08	1.2146e-08	1.3484e-08	1.3936e-08	1.3527e-08	1.2636e-08	1.1755e-08	1.1539e-08	1.0821e-08	9.0993e-09	6.7282e-09	5.1369e-09	4.0689e-09	3.6535e-09	3.2976e-09	3.417e-09	3.4566e-09	3.7722e-09	4.4522e-09	6.9871e-09	9.3606e-09	1.0293e-08	1.0503e-08	1.0465e-08	9.3931e-09	8.291e-09	7.708e-09	7.8151e-09	7.8308e-09	7.7744e-09	7.2046e-09	6.794e-09	5.6503e-09	5.5171e-09	6.1785e-09	6.5029e-09	7.269e-09	8.6146e-09	9.5624e-09	9.8248e-09	1.1292e-08	1.2856e-08	1.4028e-08	1.5758e-08	1.7406e-08	1.8374e-08	1.8796e-08	1.8644e-08	1.7782e-08	1.6022e-08	1.3392e-08	1.1709e-08	1.1046e-08	9.2326e-09	6.5739e-09	4.6174e-09	4.4819e-09	5.6051e-09	6.2602e-09	6.7244e-09	8.2538e-09	9.2844e-09	9.9574e-09
1.3004e-08	1.3525e-08	1.5146e-08	1.5062e-08	1.281e-08	1.0631e-08	9.3934e-09	8.9674e-09	9.5914e-09	1.0225e-08	1.1015e-08	9.2723e-09	5.7546e-09	5.9486e-09	7.6998e-09	8.6994e-09	8.5743e-09	7.3201e-09	6.974e-09	7.8092e-09	9.1953e-09	1.0272e-08	1.0907e-08	1.0331e-08	8.9244e-09	7.2913e-09	5.821e-09	5.147e-09	6.4896e-09	8.0411e-09	9.6267e-09	1.0674e-08	1.1679e-08	1.097e-08	9.3821e-09	7.5946e-09	5.7494e-09	5.1616e-09	4.2014e-09	2.9452e-09	3.8566e-09	5.4473e-09	6.3792e-09	7.1283e-09	7.7047e-09	8.3637e-09	9.751e-09	1.1642e-08	1.3688e-08	1.512e-08	1.6048e-08	1.6766e-08	1.8163e-08	1.8867e-08	1.8953e-08	1.7857e-08	1.5959e-08	1.4475e-08	1.3433e-08	1.2455e-08	1.0986e-08	1.0638e-08	1.0961e-08	1.1053e-08	1.1337e-08	1.2425e-08	1.3945e-08	1.5104e-08	1.5503e-08	1.5562e-08	1.4964e-08	1.4017e-08	1.2326e-08	1.0412e-08	9.0569e-09	7.5948e-09	5.6449e-09	4.1904e-09	3.3801e-09	3.226e-09	3.5255e-09	3.93e-09	4.8202e-09	6.3111e-09	8.2178e-09	1.0064e-08	1.0845e-08	1.0309e-08	9.4216e-09	8.2729e-09	6.7466e-09	5.9537e-09	6.3194e-09	6.9708e-09	7.5586e-09	7.4737e-09	6.8346e-09	5.6401e-09	5.5187e-09	6.0848e-09	6.9053e-09	7.9121e-09	8.8323e-09	9.5927e-09	1.0341e-08	1.0718e-08	1.1793e-08	1.3371e-08	1.425e-08	1.4903e-08	1.5043e-08	1.5213e-08	1.4978e-08	1.4181e-08	1.2844e-08	1.0983e-08	1.008e-08	9.5035e-09	8.1802e-09	6.9573e-09	6.4153e-09	7.1327e-09	8.1145e-09	8.689e-09	9.4678e-09	1.0787e-08	1.1521e-08	1.23e-08
1.593e-08	1.5578e-08	1.6035e-08	1.529e-08	1.296e-08	9.8597e-09	7.0944e-09	7.2425e-09	8.0203e-09	9.5129e-09	1.092e-08	9.7653e-09	8.3243e-09	8.9737e-09	8.9828e-09	8.9653e-09	8.3851e-09	7.2989e-09	6.727e-09	7.1316e-09	7.6494e-09	8.3239e-09	8.1964e-09	7.9388e-09	7.8597e-09	6.8249e-09	5.4618e-09	5.2064e-09	6.1128e-09	7.9199e-09	9.5698e-09	1.0831e-08	1.1259e-08	1.0642e-08	9.3399e-09	7.0296e-09	4.8325e-09	3.701e-09	3.2295e-09	3.5995e-09	4.8001e-09	6.2083e-09	7.2547e-09	7.9098e-09	8.4378e-09	8.7601e-09	1.0739e-08	1.298e-08	1.4868e-08	1.6389e-08	1.7177e-08	1.77e-08	1.8232e-08	1.8391e-08	1.7914e-08	1.6686e-08	1.5181e-08	1.3134e-08	1.1581e-08	1.1272e-08	1.1588e-08	1.1814e-08	1.1833e-08	1.1357e-08	1.0928e-08	1.1918e-08	1.3838e-08	1.576e-08	1.6733e-08	1.6288e-08	1.4837e-08	1.3459e-08	1.274e-08	1.1956e-08	1.0285e-08	8.3517e-09	6.311e-09	4.6635e-09	4.1793e-09	4.3052e-09	4.7269e-09	5.617e-09	6.4401e-09	8.0963e-09	9.2589e-09	9.8888e-09	9.5308e-09	8.6296e-09	7.1149e-09	5.5896e-09	5.3746e-09	5.9529e-09	6.7542e-09	7.1154e-09	7.3857e-09	7.4527e-09	7.2034e-09	7.0973e-09	6.9799e-09	6.3556e-09	6.792e-09	7.9903e-09	8.875e-09	9.718e-09	1.0429e-08	1.1144e-08	1.1826e-08	1.2268e-08	1.2894e-08	1.2979e-08	1.2849e-08	1.2976e-08	1.2591e-08	1.1428e-08	9.9954e-09	8.8806e-09	8.9091e-09	8.9678e-09	8.8344e-09	8.8261e-09	8.7341e-09	9.0918e-09	9.4293e-09	1.032e-08	1.0977e-08	1.1807e-08	1.2129e-08	1.2528e-08
1.5311e-08	1.5324e-08	1.6561e-08	1.5916e-08	1.2416e-08	7.7516e-09	4.9576e-09	5.4306e-09	8.5833e-09	1.1706e-08	1.3425e-08	1.3479e-08	1.22e-08	1.0845e-08	1.0506e-08	8.7864e-09	6.2803e-09	4.5618e-09	5.0218e-09	6.0502e-09	6.4957e-09	5.8605e-09	5.571e-09	5.6399e-09	6.4272e-09	6.7581e-09	6.7806e-09	7.1967e-09	8.0126e-09	8.9901e-09	1.0827e-08	1.1843e-08	1.1721e-08	1.0105e-08	8.133e-09	6.8056e-09	6.4162e-09	6.0293e-09	4.233e-09	4.2211e-09	5.2554e-09	5.8282e-09	6.1742e-09	7.0567e-09	8.1728e-09	9.4746e-09	1.1712e-08	1.402e-08	1.5517e-08	1.6305e-08	1.6725e-08	1.6981e-08	1.7126e-08	1.6979e-08	1.596e-08	1.4624e-08	1.2201e-08	1.0973e-08	1.094e-08	1.1098e-08	1.1254e-08	1.1486e-08	1.1802e-08	1.1733e-08	1.1515e-08	1.1887e-08	1.3346e-08	1.4838e-08	1.5655e-08	1.5871e-08	1.5588e-08	1.4933e-08	1.3887e-08	1.3005e-08	1.1676e-08	1.0222e-08	8.2377e-09	6.8676e-09	6.7507e-09	6.8303e-09	7.7369e-09	8.6686e-09	8.9423e-09	8.8527e-09	7.8427e-09	6.9986e-09	5.8354e-09	5.2649e-09	4.5321e-09	4.6915e-09	5.5445e-09	6.0556e-09	6.445e-09	6.982e-09	7.6873e-09	8.0393e-09	8.1982e-09	7.9186e-09	7.625e-09	7.408e-09	7.4567e-09	7.8778e-09	8.1388e-09	8.6382e-09	8.7489e-09	9.2585e-09	1.0159e-08	1.0658e-08	1.1293e-08	1.1121e-08	1.1227e-08	1.1282e-08	1.1415e-08	1.2164e-08	1.2062e-08	1.1721e-08	1.1634e-08	1.1479e-08	1.0473e-08	1.0047e-08	9.0318e-09	9.0956e-09	9.3056e-09	9.186e-09	1.0393e-08	1.136e-08	1.1766e-08	1.2091e-08
1.3741e-08	1.3335e-08	1.4041e-08	1.2938e-08	9.6022e-09	7.0529e-09	6.7665e-09	8.7859e-09	1.2054e-08	1.4679e-08	1.6297e-08	1.6762e-08	1.5739e-08	1.3319e-08	1.025e-08	6.0056e-09	2.3268e-09	1.9963e-09	2.6572e-09	3.5468e-09	3.9501e-09	4.4132e-09	4.8586e-09	6.1064e-09	7.1582e-09	7.7308e-09	8.1211e-09	8.9886e-09	9.9518e-09	1.0725e-08	1.2245e-08	1.3167e-08	1.23e-08	1.0084e-08	7.8693e-09	6.0388e-09	6.2367e-09	7.2081e-09	8.0579e-09	9.0189e-09	9.0481e-09	7.5436e-09	6.1864e-09	6.5039e-09	7.82e-09	9.5892e-09	1.2017e-08	1.3959e-08	1.4949e-08	1.5232e-08	1.5212e-08	1.5142e-08	1.4446e-08	1.3442e-08	1.2382e-08	1.1186e-08	1.079e-08	1.0018e-08	9.1876e-09	8.5602e-09	8.5464e-09	8.6878e-09	9.0359e-09	9.4665e-09	1.0321e-08	1.1445e-08	1.2958e-08	1.4161e-08	1.4897e-08	1.5154e-08	1.5543e-08	1.5656e-08	1.5636e-08	1.512e-08	1.3651e-08	1.1806e-08	1.0214e-08	9.5894e-09	9.7344e-09	1.0421e-08	1.1025e-08	1.1097e-08	1.0181e-08	9.0435e-09	7.6864e-09	6.6612e-09	5.8221e-09	5.3963e-09	5.7363e-09	5.7871e-09	5.9062e-09	5.7274e-09	5.5335e-09	5.71e-09	6.5371e-09	7.2523e-09	7.5383e-09	8.2665e-09	8.2437e-09	7.9685e-09	8.1225e-09	8.1475e-09	8.3996e-09	8.8593e-09	8.6853e-09	9.1479e-09	9.6085e-09	1.0473e-08	1.0845e-08	1.0466e-08	1.0252e-08	1.0507e-08	1.1201e-08	1.1917e-08	1.2457e-08	1.201e-08	1.0816e-08	9.8439e-09	9.6786e-09	9.4442e-09	8.7869e-09	8.6897e-09	9.6767e-09	1.0543e-08	1.0948e-08	1.1566e-08	1.1951e-08	1.2496e-08
9.0095e-09	8.9357e-09	9.3809e-09	8.5272e-09	7.6165e-09	7.8318e-09	9.7715e-09	1.2452e-08	1.5066e-08	1.7205e-08	1.8159e-08	1.824e-08	1.7665e-08	1.5183e-08	1.1298e-08	7.2489e-09	3.3068e-09	1.0429e-09	1.1982e-09	1.8299e-09	3.0279e-09	4.4371e-09	5.8198e-09	7.4042e-09	8.5518e-09	9.1006e-09	1.0091e-08	1.0769e-08	1.1958e-08	1.3377e-08	1.4546e-08	1.4638e-08	1.3041e-08	9.8889e-09	7.703e-09	5.9844e-09	6.9058e-09	8.3593e-09	9.2201e-09	9.1418e-09	8.2589e-09	7.1657e-09	7.0991e-09	8.3107e-09	9.0319e-09	9.8014e-09	1.109e-08	1.1931e-08	1.1946e-08	1.1635e-08	1.1656e-08	1.1837e-08	1.142e-08	1.0242e-08	9.9846e-09	1.0286e-08	1.009e-08	9.632e-09	9.0114e-09	8.7473e-09	8.8445e-09	8.9801e-09	8.946e-09	8.8758e-09	8.8527e-09	9.1775e-09	1.0668e-08	1.2397e-08	1.3523e-08	1.4167e-08	1.4808e-08	1.5727e-08	1.6192e-08	1.5255e-08	1.3919e-08	1.2042e-08	1.082e-08	1.032e-08	1.0605e-08	1.1198e-08	1.1439e-08	1.1157e-08	1.0647e-08	9.1166e-09	7.7696e-09	7.0771e-09	6.6996e-09	6.5226e-09	6.5593e-09	6.5616e-09	6.5336e-09	6.5394e-09	6.3685e-09	6.6233e-09	7.126e-09	7.8195e-09	8.4507e-09	8.2554e-09	8.3107e-09	8.9854e-09	9.3467e-09	9.4025e-09	9.4871e-09	9.663e-09	1.0007e-08	9.9492e-09	1.0635e-08	1.1253e-08	1.1651e-08	1.0272e-08	8.9925e-09	9.2806e-09	1.0532e-08	1.2009e-08	1.2673e-08	1.2242e-08	1.1307e-08	1.0086e-08	8.9095e-09	8.2121e-09	8.1619e-09	8.3435e-09	8.9475e-09	1.0308e-08	1.0915e-08	1.0693e-08	1.1209e-08	1.1559e-08
6.7642e-09	6.054e-09	6.7052e-09	5.9372e-09	4.6267e-09	5.4792e-09	8.5171e-09	1.2474e-08	1.6224e-08	1.8347e-08	1.9338e-08	1.9546e-08	1.8058e-08	1.5073e-08	1.2008e-08	8.1842e-09	5.1315e-09	2.7522e-09	1.1509e-09	1.0683e-09	2.7514e-09	6.1446e-09	8.7473e-09	1.0547e-08	1.0749e-08	1.0459e-08	1.2252e-08	1.3988e-08	1.4339e-08	1.5606e-08	1.6608e-08	1.6147e-08	1.5063e-08	1.2504e-08	9.9822e-09	8.5712e-09	9.1337e-09	1.0385e-08	1.1332e-08	1.1251e-08	9.0568e-09	6.5803e-09	6.5084e-09	6.8162e-09	6.9226e-09	6.9328e-09	7.5205e-09	7.7348e-09	8.2057e-09	8.937e-09	9.4721e-09	9.0716e-09	7.8661e-09	7.6934e-09	8.8538e-09	9.368e-09	8.751e-09	7.6625e-09	6.8415e-09	6.7161e-09	7.3667e-09	7.9005e-09	8.0918e-09	7.7519e-09	7.6745e-09	8.908e-09	1.0239e-08	1.1336e-08	1.2092e-08	1.2985e-08	1.391e-08	1.4756e-08	1.5149e-08	1.4591e-08	1.378e-08	1.2508e-08	1.1273e-08	1.053e-08	1.0322e-08	1.0493e-08	1.0545e-08	1.0923e-08	1.0358e-08	9.5083e-09	8.7594e-09	7.721e-09	7.675e-09	7.6387e-09	7.7015e-09	8.2381e-09	8.5258e-09	8.2845e-09	8.2463e-09	8.5355e-09	8.8827e-09	9.1533e-09	9.6036e-09	1.006e-08	1.0466e-08	1.0734e-08	1.1385e-08	1.134e-08	1.0891e-08	1.1311e-08	1.2016e-08	1.2325e-08	1.1381e-08	1.0344e-08	1.0084e-08	9.3288e-09	8.4081e-09	9.3721e-09	1.0016e-08	1.0999e-08	1.2191e-08	1.2141e-08	1.0829e-08	8.6873e-09	7.003e-09	7.111e-09	7.276e-09	8.0804e-09	9.0619e-09	1.0069e-08	1.008e-08	1.0056e-08	1.0489e-08	1.1031e-08
4.8338e-09	3.9466e-09	3.1702e-09	1.9301e-09	3.207e-09	4.9061e-09	8.1215e-09	1.2361e-08	1.5052e-08	1.6617e-08	1.7637e-08	1.7761e-08	1.6435e-08	1.5394e-08	1.3213e-08	1.0337e-08	7.8708e-09	6.3775e-09	4.9513e-09	4.4123e-09	7.1687e-09	1.1213e-08	1.3703e-08	1.4825e-08	1.4925e-08	1.5028e-08	1.504e-08	1.5155e-08	1.4806e-08	1.5758e-08	1.6305e-08	1.4818e-08	1.267e-08	1.1517e-08	1.0377e-08	9.4587e-09	8.9658e-09	9.3268e-09	9.645e-09	8.3868e-09	5.834e-09	4.1604e-09	4.2345e-09	4.8823e-09	5.6086e-09	6.481e-09	7.5078e-09	8.1441e-09	8.5964e-09	8.6675e-09	8.9381e-09	8.896e-09	8.6834e-09	8.536e-09	8.6723e-09	8.7683e-09	8.1082e-09	6.7898e-09	6.106e-09	6.2038e-09	6.8807e-09	7.1529e-09	6.8978e-09	6.6179e-09	7.2991e-09	8.897e-09	9.8064e-09	1.0747e-08	1.1509e-08	1.1806e-08	1.1751e-08	1.1921e-08	1.1603e-08	1.1605e-08	1.1845e-08	1.1297e-08	1.0725e-08	1.001e-08	9.0632e-09	8.7916e-09	9.2474e-09	9.903e-09	1.0341e-08	9.9071e-09	9.2296e-09	8.8599e-09	8.2575e-09	7.9182e-09	8.0293e-09	8.7196e-09	9.2017e-09	9.2633e-09	9.8957e-09	1.0278e-08	1.0615e-08	1.0767e-08	1.1006e-08	1.1898e-08	1.2684e-08	1.3752e-08	1.3844e-08	1.379e-08	1.3705e-08	1.4253e-08	1.4258e-08	1.3993e-08	1.2574e-08	1.1602e-08	1.125e-08	1.075e-08	8.3263e-09	7.4134e-09	8.2268e-09	9.9627e-09	1.1329e-08	1.1665e-08	9.4731e-09	7.4141e-09	6.7312e-09	6.8519e-09	6.9712e-09	7.4332e-09	7.8935e-09	9.0186e-09	9.5916e-09	9.5099e-09	9.2391e-09	9.5228e-09
4.7476e-09	3.8381e-09	2.4093e-09	2.2759e-09	3.9643e-09	6.0391e-09	8.2672e-09	1.1252e-08	1.2848e-08	1.1496e-08	1.2003e-08	1.4618e-08	1.5673e-08	1.5165e-08	1.3784e-08	1.1923e-08	9.9318e-09	7.8497e-09	7.0224e-09	7.1472e-09	1.055e-08	1.4439e-08	1.663e-08	1.7633e-08	1.7739e-08	1.7744e-08	1.7759e-08	1.7267e-08	1.6961e-08	1.6573e-08	1.5204e-08	1.3282e-08	1.1194e-08	8.9501e-09	8.3055e-09	7.9645e-09	7.6711e-09	7.7476e-09	7.6123e-09	6.5025e-09	5.2563e-09	4.6842e-09	4.425e-09	4.6687e-09	5.5938e-09	6.6427e-09	7.544e-09	8.4958e-09	8.7844e-09	8.8968e-09	9.137e-09	8.874e-09	8.5403e-09	8.4181e-09	8.21e-09	7.8894e-09	7.2056e-09	6.2534e-09	5.8941e-09	6.4893e-09	7.3215e-09	7.6525e-09	7.5466e-09	7.2517e-09	7.3197e-09	7.6132e-09	8.3893e-09	9.5211e-09	9.9212e-09	1.0049e-08	1.0041e-08	9.9982e-09	9.8443e-09	1.0661e-08	1.1449e-08	1.1635e-08	1.1206e-08	1.0441e-08	9.4429e-09	8.5043e-09	9.1214e-09	1.051e-08	1.1012e-08	1.1298e-08	1.0904e-08	9.8666e-09	8.2532e-09	7.6003e-09	8.2551e-09	9.1111e-09	9.6572e-09	1.0205e-08	1.0814e-08	1.1079e-08	1.1294e-08	1.1275e-08	1.1877e-08	1.2734e-08	1.3088e-08	1.3706e-08	1.4176e-08	1.4095e-08	1.4092e-08	1.3755e-08	1.3831e-08	1.3833e-08	1.2673e-08	1.118e-08	1.0903e-08	1.0473e-08	9.3414e-09	8.6928e-09	9.4088e-09	9.8682e-09	1.03e-08	1.0129e-08	9.1448e-09	7.9131e-09	6.9098e-09	6.989e-09	7.1923e-09	8.3543e-09	8.6289e-09	8.1302e-09	7.9446e-09	8.3575e-09	8.8975e-09	9.4662e-09
6.5941e-09	5.8546e-09	5.0216e-09	3.8453e-09	2.7487e-09	3.0061e-09	5.3807e-09	8.2374e-09	9.6319e-09	1.0187e-08	1.1609e-08	1.3555e-08	1.4583e-08	1.4095e-08	1.2941e-08	1.1681e-08	1.0357e-08	8.7859e-09	8.8254e-09	1.066e-08	1.3595e-08	1.6402e-08	1.8239e-08	1.9554e-08	2.0202e-08	1.9783e-08	1.9269e-08	1.8495e-08	1.7267e-08	1.567e-08	1.3897e-08	1.1269e-08	8.3492e-09	6.4242e-09	7.2262e-09	7.4561e-09	6.948e-09	6.8495e-09	6.9268e-09	6.5904e-09	5.4697e-09	4.777e-09	4.8231e-09	5.1171e-09	6.0815e-09	6.9097e-09	7.3198e-09	8.4149e-09	9.4096e-09	9.9318e-09	1.0147e-08	9.9742e-09	9.0464e-09	8.596e-09	8.0786e-09	7.4482e-09	6.6555e-09	6.3686e-09	6.6415e-09	6.8418e-09	7.7349e-09	7.912e-09	7.5845e-09	7.1512e-09	6.8916e-09	6.669e-09	7.0132e-09	8.0361e-09	8.8731e-09	8.8237e-09	8.9264e-09	8.8972e-09	9.4763e-09	1.0139e-08	1.059e-08	1.0943e-08	1.0511e-08	9.805e-09	9.2884e-09	9.4489e-09	9.9703e-09	1.135e-08	1.2639e-08	1.269e-08	1.1334e-08	9.4505e-09	8.4562e-09	8.6134e-09	8.7959e-09	9.1187e-09	9.4814e-09	1.08e-08	1.1316e-08	1.1082e-08	1.1366e-08	1.1553e-08	1.2306e-08	1.2816e-08	1.297e-08	1.3264e-08	1.373e-08	1.3378e-08	1.3678e-08	1.3399e-08	1.3366e-08	1.303e-08	1.2824e-08	1.1786e-08	1.13e-08	1.099e-08	1.0836e-08	1.026e-08	9.8549e-09	9.1558e-09	9.3194e-09	9.1758e-09	8.302e-09	8.2083e-09	8.7786e-09	8.1539e-09	7.5374e-09	7.7149e-09	8.1463e-09	8.0642e-09	7.6825e-09	7.6946e-09	8.2989e-09	9.22e-09
8.5643e-09	7.8028e-09	5.8744e-09	3.5462e-09	1.9254e-09	2.6391e-09	5.5577e-09	7.6578e-09	8.8205e-09	9.0726e-09	9.5716e-09	1.1912e-08	1.3694e-08	1.4225e-08	1.3946e-08	1.3213e-08	1.2709e-08	1.2524e-08	1.2237e-08	1.2224e-08	1.3186e-08	1.4915e-08	1.6251e-08	1.7728e-08	1.8349e-08	1.8295e-08	1.7831e-08	1.7407e-08	1.6177e-08	1.4384e-08	1.2171e-08	9.8081e-09	8.1325e-09	7.2142e-09	7.6915e-09	7.4266e-09	6.3944e-09	5.988e-09	5.7676e-09	5.1323e-09	5.3494e-09	5.8532e-09	6.5787e-09	6.7513e-09	6.4196e-09	7.0812e-09	8.2771e-09	9.088e-09	1.0128e-08	1.0598e-08	1.0248e-08	9.9033e-09	8.9764e-09	8.5012e-09	7.7234e-09	6.7384e-09	6.794e-09	7.5995e-09	7.9376e-09	7.9938e-09	8.3539e-09	8.4526e-09	7.9481e-09	6.6109e-09	6.4735e-09	6.953e-09	8.2495e-09	8.6153e-09	8.7157e-09	8.7615e-09	9.1112e-09	9.5964e-09	9.4556e-09	9.2483e-09	1.0274e-08	1.077e-08	1.0146e-08	9.003e-09	8.6468e-09	9.3675e-09	1.0395e-08	1.1086e-08	1.1946e-08	1.2233e-08	1.1586e-08	1.0119e-08	8.7951e-09	8.7685e-09	9.2981e-09	9.9269e-09	1.1281e-08	1.1872e-08	1.2053e-08	1.184e-08	1.1596e-08	1.2368e-08	1.2714e-08	1.3121e-08	1.2681e-08	1.3012e-08	1.3579e-08	1.2681e-08	1.2277e-08	1.1853e-08	1.1929e-08	1.2052e-08	1.203e-08	1.1399e-08	1.1017e-08	1.0829e-08	1.0666e-08	9.6497e-09	8.5758e-09	8.4623e-09	8.6103e-09	8.3918e-09	7.9504e-09	8.2497e-09	8.5854e-09	7.5643e-09	7.3389e-09	7.5339e-09	7.871e-09	8.0852e-09	8.5645e-09	9.4659e-09	1.013e-08	1.0741e-08
1.1615e-08	9.4144e-09	6.8171e-09	3.7155e-09	1.5174e-09	2.3237e-09	5.4434e-09	7.4572e-09	8.0005e-09	7.6916e-09	8.896e-09	1.0625e-08	1.1878e-08	1.3229e-08	1.483e-08	1.6269e-08	1.6633e-08	1.6474e-08	1.643e-08	1.6241e-08	1.5368e-08	1.3122e-08	1.2455e-08	1.405e-08	1.5339e-08	1.5524e-08	1.5048e-08	1.434e-08	1.3072e-08	9.8355e-09	8.5e-09	7.8436e-09	7.1538e-09	7.2696e-09	8.1319e-09	7.3933e-09	5.4139e-09	5.2539e-09	5.544e-09	5.0576e-09	5.4516e-09	6.9439e-09	7.6179e-09	8.0014e-09	8.8939e-09	8.7766e-09	8.2766e-09	9.5063e-09	1.0303e-08	1.0038e-08	9.9131e-09	1.0372e-08	9.5967e-09	8.5526e-09	7.9702e-09	7.2794e-09	7.0337e-09	8.6172e-09	9.141e-09	8.6924e-09	8.36e-09	8.6514e-09	8.7924e-09	7.9116e-09	7.2052e-09	7.4735e-09	8.2449e-09	9.4509e-09	1.0491e-08	1.1029e-08	1.0926e-08	1.0804e-08	1.0537e-08	1.0264e-08	1.0505e-08	1.0862e-08	1.0318e-08	9.6326e-09	9.4916e-09	9.9636e-09	1.073e-08	1.1653e-08	1.14e-08	1.0985e-08	1.0583e-08	9.9044e-09	9.9487e-09	1.0537e-08	1.0471e-08	1.0234e-08	1.0518e-08	1.073e-08	1.0738e-08	1.1108e-08	1.1886e-08	1.2749e-08	1.1964e-08	1.144e-08	1.151e-08	1.1116e-08	1.1484e-08	1.1551e-08	1.1329e-08	1.1641e-08	1.1615e-08	1.1074e-08	1.1221e-08	1.1248e-08	1.025e-08	9.5146e-09	9.7442e-09	9.4019e-09	8.3444e-09	7.2264e-09	7.03e-09	7.397e-09	7.7512e-09	8.0927e-09	7.8837e-09	7.462e-09	7.6383e-09	8.2085e-09	8.6857e-09	8.9974e-09	9.7309e-09	1.1361e-08	1.233e-08	1.2506e-08
1.3546e-08	1.1176e-08	7.89e-09	4.8697e-09	4.3971e-09	6.3042e-09	7.9284e-09	8.1083e-09	6.9887e-09	6.6427e-09	7.657e-09	9.2311e-09	1.027e-08	1.1472e-08	1.3453e-08	1.4922e-08	1.564e-08	1.552e-08	1.4464e-08	1.3878e-08	1.216e-08	1.0796e-08	1.1301e-08	1.3082e-08	1.3948e-08	1.4294e-08	1.4681e-08	1.4119e-08	1.1881e-08	9.9986e-09	8.1403e-09	7.0465e-09	6.6653e-09	6.6547e-09	6.4579e-09	6.7685e-09	6.9331e-09	7.2857e-09	8.0817e-09	8.499e-09	8.244e-09	7.7219e-09	7.1658e-09	7.2272e-09	8.2282e-09	8.9771e-09	9.6793e-09	1.0544e-08	1.0165e-08	8.0838e-09	8.3871e-09	9.1088e-09	9.7537e-09	9.3968e-09	9.0251e-09	8.7207e-09	8.9227e-09	9.7681e-09	1.0206e-08	9.6836e-09	8.3383e-09	8.8086e-09	9.1659e-09	8.2871e-09	8.445e-09	9.5317e-09	1.0158e-08	1.0798e-08	1.1126e-08	1.1895e-08	1.2174e-08	1.1983e-08	1.115e-08	1.0029e-08	9.9869e-09	1.055e-08	1.0407e-08	1.0312e-08	1.0124e-08	1.0034e-08	9.7182e-09	9.5833e-09	9.9504e-09	1.0092e-08	1.002e-08	1.033e-08	1.0853e-08	1.1101e-08	1.0914e-08	9.9114e-09	9.8583e-09	9.8259e-09	1.0153e-08	1.0889e-08	1.1629e-08	1.1997e-08	1.2088e-08	1.1693e-08	1.0744e-08	9.7889e-09	1.0008e-08	1.0779e-08	1.1391e-08	1.1481e-08	1.0853e-08	1.0096e-08	9.7287e-09	9.0273e-09	9.4312e-09	1.0332e-08	1.0049e-08	8.4701e-09	6.9259e-09	6.4429e-09	6.6444e-09	6.6839e-09	7.0297e-09	8.6668e-09	9.1965e-09	9.0556e-09	9.3821e-09	9.0521e-09	8.1403e-09	8.371e-09	1.0316e-08	1.2117e-08	1.3506e-08	1.4252e-08
1.4535e-08	1.016e-08	7.244e-09	6.1185e-09	7.0194e-09	8.4532e-09	8.9134e-09	9.5051e-09	9.7429e-09	8.9434e-09	7.7986e-09	7.7059e-09	8.6635e-09	1.0041e-08	1.1186e-08	1.2576e-08	1.3527e-08	1.2382e-08	1.1426e-08	1.1959e-08	1.1335e-08	1.0992e-08	1.1967e-08	1.3357e-08	1.5461e-08	1.6181e-08	1.4472e-08	1.1735e-08	1.0825e-08	1.0143e-08	9.4925e-09	7.8316e-09	6.7249e-09	6.3182e-09	6.6804e-09	7.3118e-09	7.2756e-09	6.5944e-09	7.8746e-09	8.8377e-09	8.2624e-09	6.4248e-09	5.5477e-09	6.6017e-09	7.8177e-09	8.9774e-09	9.594e-09	8.92e-09	7.7928e-09	8.0394e-09	8.7272e-09	9.7283e-09	1.0365e-08	1.0599e-08	1.0619e-08	1.0493e-08	1.0725e-08	1.1054e-08	1.0999e-08	9.4303e-09	9.1597e-09	9.7542e-09	1.0091e-08	1.0464e-08	1.0521e-08	1.0541e-08	1.1123e-08	1.2685e-08	1.3705e-08	1.3772e-08	1.3251e-08	1.209e-08	1.0379e-08	1.0028e-08	1.0491e-08	1.0773e-08	1.0688e-08	9.6841e-09	8.8696e-09	7.7731e-09	7.0438e-09	7.4967e-09	7.8606e-09	8.6184e-09	8.5666e-09	8.5772e-09	9.4554e-09	1.0425e-08	1.1191e-08	1.1717e-08	1.1099e-08	1.0812e-08	1.0907e-08	1.129e-08	1.2132e-08	1.1633e-08	1.0504e-08	9.9576e-09	9.165e-09	9.9878e-09	1.154e-08	1.1718e-08	1.158e-08	1.1408e-08	1.0881e-08	1.0058e-08	9.287e-09	8.9124e-09	8.3754e-09	8.6663e-09	8.5195e-09	7.8152e-09	7.3007e-09	6.7578e-09	7.1883e-09	8.0892e-09	8.6664e-09	8.5871e-09	8.465e-09	8.6738e-09	8.8948e-09	8.713e-09	8.7305e-09	9.126e-09	1.0436e-08	1.214e-08	1.3817e-08	1.5378e-08
1.7874e-08	9.4821e-09	6.2388e-09	5.7883e-09	6.5535e-09	7.3186e-09	8.2667e-09	9.3121e-09	1.0166e-08	1.0289e-08	9.9626e-09	9.3903e-09	9.2329e-09	9.5139e-09	1.0025e-08	1.0412e-08	1.0652e-08	1.0087e-08	9.5747e-09	1.1013e-08	1.2392e-08	1.3082e-08	1.4165e-08	1.5055e-08	1.5813e-08	1.6462e-08	1.5721e-08	1.3593e-08	1.1229e-08	9.6898e-09	7.6884e-09	4.8354e-09	4.3187e-09	4.986e-09	6.0144e-09	6.5165e-09	6.3841e-09	6.4946e-09	7.8881e-09	9.2085e-09	8.6052e-09	7.2207e-09	7.3685e-09	8.029e-09	8.854e-09	1.0125e-08	1.0452e-08	9.9359e-09	1.0152e-08	1.0692e-08	1.0858e-08	1.0787e-08	9.4499e-09	8.8294e-09	9.0867e-09	8.5202e-09	8.3818e-09	8.8416e-09	9.329e-09	8.9096e-09	9.1851e-09	1.0103e-08	1.0423e-08	1.0252e-08	1.0212e-08	1.0897e-08	1.1726e-08	1.2756e-08	1.3741e-08	1.3878e-08	1.2297e-08	1.0957e-08	1.0825e-08	1.1124e-08	1.1722e-08	1.2112e-08	1.1427e-08	1.0073e-08	8.807e-09	7.5338e-09	6.7404e-09	7.5484e-09	9.0465e-09	9.0802e-09	8.5798e-09	9.5277e-09	1.0652e-08	1.1042e-08	1.1112e-08	1.084e-08	1.0979e-08	1.1225e-08	1.1266e-08	1.1132e-08	1.0946e-08	1.0437e-08	9.4538e-09	9.3641e-09	9.1571e-09	9.9454e-09	1.0741e-08	1.1182e-08	1.1311e-08	1.0605e-08	8.954e-09	8.535e-09	8.4386e-09	8.6895e-09	8.0966e-09	7.8521e-09	7.9865e-09	8.1929e-09	8.4397e-09	8.7872e-09	9.6362e-09	1.0513e-08	9.5576e-09	7.9264e-09	8.0811e-09	8.8358e-09	9.2873e-09	9.1458e-09	9.2652e-09	9.8282e-09	1.0698e-08	1.1759e-08	1.2222e-08	1.4226e-08
1.1666e-08	7.1958e-09	6.0214e-09	7.067e-09	7.8924e-09	8.7218e-09	9.6876e-09	1.0674e-08	1.0634e-08	1.0883e-08	9.8833e-09	9.2954e-09	9.9708e-09	1.0378e-08	9.987e-09	9.7865e-09	1.0546e-08	1.0912e-08	1.1018e-08	1.3021e-08	1.4328e-08	1.5165e-08	1.5216e-08	1.5948e-08	1.7185e-08	1.6928e-08	1.4882e-08	1.1941e-08	8.996e-09	8.1932e-09	7.2069e-09	5.5784e-09	5.1215e-09	5.0879e-09	5.207e-09	5.1448e-09	5.3072e-09	6.0812e-09	7.2788e-09	7.8546e-09	7.3828e-09	6.5399e-09	6.5668e-09	7.5076e-09	8.4884e-09	9.7529e-09	1.0234e-08	9.3257e-09	8.3577e-09	8.7307e-09	9.3325e-09	9.2868e-09	9.4409e-09	9.6145e-09	9.2359e-09	8.6341e-09	8.6891e-09	8.9972e-09	9.136e-09	9.3495e-09	1.0085e-08	1.1488e-08	1.1863e-08	1.1473e-08	1.1322e-08	1.2034e-08	1.2741e-08	1.3577e-08	1.4162e-08	1.4041e-08	1.301e-08	1.1499e-08	1.1237e-08	1.1499e-08	1.2215e-08	1.1997e-08	1.0803e-08	9.1476e-09	8.0914e-09	7.5633e-09	7.9649e-09	8.6957e-09	9.1268e-09	9.2888e-09	9.1634e-09	1.0138e-08	1.0804e-08	1.0542e-08	1.0006e-08	9.8912e-09	9.8274e-09	1.0278e-08	1.1121e-08	1.1991e-08	1.1744e-08	1.023e-08	8.6297e-09	8.253e-09	9.0159e-09	1.0307e-08	1.0939e-08	1.078e-08	1.0326e-08	8.8183e-09	8.0076e-09	8.3492e-09	7.9019e-09	8.1523e-09	9.1172e-09	9.2028e-09	9.2658e-09	9.5466e-09	9.9357e-09	1.0413e-08	9.9238e-09	9.1279e-09	8.5916e-09	8.081e-09	8.471e-09	8.6931e-09	8.4811e-09	8.7005e-09	9.0322e-09	9.629e-09	1.0537e-08	1.1376e-08	1.2452e-08	1.4821e-08
7.9478e-09	6.4696e-09	7.396e-09	8.1067e-09	8.7046e-09	1.0228e-08	1.0206e-08	9.6768e-09	8.954e-09	8.2667e-09	8.4854e-09	9.3443e-09	1.0428e-08	1.2185e-08	1.3415e-08	1.382e-08	1.4274e-08	1.4469e-08	1.4389e-08	1.4239e-08	1.2924e-08	1.1451e-08	1.1999e-08	1.3863e-08	1.5168e-08	1.5165e-08	1.408e-08	1.1911e-08	1.038e-08	8.34e-09	5.9652e-09	4.4116e-09	4.0658e-09	4.217e-09	4.5353e-09	4.691e-09	5.4719e-09	6.7227e-09	7.5703e-09	7.5736e-09	6.5168e-09	5.8249e-09	4.986e-09	4.9438e-09	6.9934e-09	8.101e-09	8.1281e-09	9.39e-09	1.0558e-08	1.1792e-08	1.27e-08	1.3046e-08	1.2401e-08	1.0796e-08	1.0575e-08	9.7263e-09	8.4309e-09	8.3242e-09	8.1193e-09	8.6117e-09	9.8139e-09	1.0189e-08	9.9502e-09	1.0349e-08	1.0575e-08	1.1659e-08	1.3416e-08	1.445e-08	1.4562e-08	1.3575e-08	1.1503e-08	1.1073e-08	1.1291e-08	1.2174e-08	1.2581e-08	1.1444e-08	1.0151e-08	9.4302e-09	8.6112e-09	8.2197e-09	8.5177e-09	9.8804e-09	1.0969e-08	1.1684e-08	1.1628e-08	1.1747e-08	1.1652e-08	1.0736e-08	9.6968e-09	9.6686e-09	1.0349e-08	1.0553e-08	1.0241e-08	9.9067e-09	9.6694e-09	9.1094e-09	8.2506e-09	7.2347e-09	7.8859e-09	8.6329e-09	8.8365e-09	8.4959e-09	8.2261e-09	8.4295e-09	9.1248e-09	9.583e-09	9.2164e-09	8.8565e-09	9.5275e-09	1.0341e-08	1.076e-08	1.1005e-08	1.0969e-08	1.0538e-08	1.0459e-08	9.048e-09	7.2249e-09	7.0905e-09	7.2352e-09	7.4515e-09	8.3283e-09	8.4008e-09	9.1002e-09	1.0309e-08	1.1465e-08	1.1945e-08	1.2842e-08	1.4724e-08
6.3938e-09	5.9406e-09	7.3706e-09	8.0038e-09	8.3278e-09	1.0023e-08	1.1163e-08	1.1163e-08	9.7291e-09	8.631e-09	8.8711e-09	9.2801e-09	1.0353e-08	1.1539e-08	1.1645e-08	1.1717e-08	1.2272e-08	1.3022e-08	1.3523e-08	1.3461e-08	1.3704e-08	1.3456e-08	1.4972e-08	1.6595e-08	1.6711e-08	1.5962e-08	1.5005e-08	1.3422e-08	1.1278e-08	7.9192e-09	3.8107e-09	2.9714e-09	2.9533e-09	4.1768e-09	5.1063e-09	6.3059e-09	6.9855e-09	7.5248e-09	8.0633e-09	7.983e-09	6.7652e-09	6.7647e-09	6.6798e-09	5.0517e-09	4.9725e-09	6.1774e-09	7.5565e-09	9.6944e-09	1.1939e-08	1.3394e-08	1.3807e-08	1.3548e-08	1.1806e-08	9.2069e-09	8.157e-09	7.3849e-09	7.1067e-09	7.2308e-09	6.8415e-09	7.5238e-09	8.8219e-09	9.4942e-09	1.0053e-08	1.0629e-08	1.0575e-08	1.1089e-08	1.2519e-08	1.3869e-08	1.4072e-08	1.2637e-08	1.1568e-08	1.163e-08	1.2246e-08	1.3325e-08	1.3563e-08	1.258e-08	1.0713e-08	9.4453e-09	8.5369e-09	8.7812e-09	8.8889e-09	9.4484e-09	1.0373e-08	1.0803e-08	1.1798e-08	1.245e-08	1.124e-08	9.7422e-09	1.0128e-08	1.0455e-08	9.9766e-09	1.0155e-08	1.0078e-08	9.452e-09	8.4984e-09	7.8005e-09	7.5682e-09	8.2097e-09	9.7153e-09	1.0375e-08	1.0082e-08	9.7504e-09	1.02e-08	1.0253e-08	9.9141e-09	1.0207e-08	1.0353e-08	1.0197e-08	1.0298e-08	9.8489e-09	9.1263e-09	8.8633e-09	8.8149e-09	8.922e-09	8.4324e-09	7.2934e-09	7.4609e-09	8.1613e-09	8.2292e-09	8.4083e-09	8.8009e-09	9.0975e-09	9.7759e-09	9.9224e-09	1.0717e-08	1.2013e-08	1.2832e-08	1.3819e-08
3.9917e-09	3.4738e-09	5.1658e-09	6.7785e-09	8.4241e-09	9.9199e-09	1.0924e-08	1.0631e-08	9.2926e-09	7.7037e-09	6.9499e-09	7.6407e-09	9.2678e-09	1.1178e-08	1.2178e-08	1.1878e-08	1.1928e-08	1.2794e-08	1.38e-08	1.4745e-08	1.6585e-08	1.8333e-08	1.8537e-08	1.7399e-08	1.7559e-08	1.882e-08	1.8745e-08	1.7247e-08	1.3737e-08	9.0023e-09	4.7387e-09	3.8875e-09	4.9129e-09	5.7828e-09	6.2863e-09	6.3728e-09	6.9831e-09	8.0081e-09	8.9351e-09	8.5898e-09	7.7533e-09	7.6388e-09	7.8401e-09	7.5145e-09	6.7343e-09	6.4315e-09	7.6629e-09	9.3403e-09	1.0701e-08	1.2339e-08	1.312e-08	1.2553e-08	9.8491e-09	6.1645e-09	5.733e-09	5.2428e-09	4.2275e-09	3.0684e-09	3.0724e-09	3.6462e-09	4.449e-09	6.5565e-09	8.3399e-09	9.3193e-09	9.2615e-09	8.9292e-09	1.0227e-08	1.1487e-08	1.1517e-08	1.0919e-08	1.008e-08	1.0158e-08	1.1669e-08	1.3015e-08	1.3676e-08	1.3252e-08	1.1834e-08	1.1123e-08	1.0416e-08	9.6309e-09	9.3643e-09	9.6685e-09	1.118e-08	1.2909e-08	1.3899e-08	1.3758e-08	1.2327e-08	1.1007e-08	1.0585e-08	1.0215e-08	9.6921e-09	8.6739e-09	7.8494e-09	8.6223e-09	9.3879e-09	9.7593e-09	1.0256e-08	1.1322e-08	1.2252e-08	1.2394e-08	1.2374e-08	1.1754e-08	1.1437e-08	1.2274e-08	1.1983e-08	1.1132e-08	1.027e-08	9.5575e-09	9.1747e-09	8.2024e-09	7.814e-09	8.1432e-09	8.3833e-09	8.6258e-09	8.8447e-09	9.7481e-09	1.0359e-08	1.039e-08	9.8908e-09	8.9524e-09	8.3596e-09	7.9404e-09	8.3718e-09	9.1404e-09	9.4983e-09	9.9109e-09	1.0171e-08	1.0597e-08
4.9423e-09	4.0971e-09	7.1204e-09	9.6374e-09	1.121e-08	1.1902e-08	1.1845e-08	1.0731e-08	8.1282e-09	8.2924e-09	9.6073e-09	1.0163e-08	1.0309e-08	1.0157e-08	9.566e-09	7.8557e-09	7.108e-09	8.2109e-09	9.7045e-09	1.1506e-08	1.4126e-08	1.6267e-08	1.7078e-08	1.7577e-08	1.8318e-08	1.9506e-08	1.9907e-08	1.7851e-08	1.3431e-08	8.9793e-09	3.665e-09	2.1938e-09	3.3648e-09	4.6476e-09	5.775e-09	6.1763e-09	5.9702e-09	6.7603e-09	7.6925e-09	8.2004e-09	8.211e-09	8.4686e-09	9.2532e-09	9.7109e-09	9.592e-09	9.4062e-09	9.7745e-09	1.0418e-08	1.1465e-08	1.2669e-08	1.3164e-08	1.2489e-08	1.1358e-08	9.552e-09	7.6655e-09	5.8025e-09	4.4415e-09	4.3467e-09	5.129e-09	6.6272e-09	7.872e-09	8.5316e-09	9.667e-09	1.0086e-08	9.1064e-09	9.1869e-09	9.7589e-09	9.7491e-09	9.6785e-09	9.5125e-09	9.5934e-09	1.0296e-08	1.105e-08	1.1493e-08	1.1024e-08	1.0967e-08	1.1016e-08	1.0516e-08	1.0136e-08	9.8741e-09	9.5808e-09	1.0006e-08	1.1043e-08	1.2054e-08	1.2682e-08	1.2993e-08	1.2192e-08	1.1516e-08	1.1402e-08	1.0321e-08	9.5948e-09	9.2203e-09	9.2589e-09	1.0578e-08	1.1417e-08	1.1414e-08	1.0289e-08	9.3598e-09	1.0164e-08	1.0944e-08	1.0907e-08	1.1741e-08	1.2077e-08	1.0572e-08	8.903e-09	7.7036e-09	7.6483e-09	8.7811e-09	9.0485e-09	9.1353e-09	8.9741e-09	8.6525e-09	8.9715e-09	9.2666e-09	9.7609e-09	1.0216e-08	1.0336e-08	1.0517e-08	9.9193e-09	9.4258e-09	8.7537e-09	8.5434e-09	8.737e-09	9.2963e-09	1.0071e-08	1.0567e-08	1.0473e-08	1.0772e-08
4.4404e-09	2.3537e-09	4.9722e-09	8.4528e-09	1.049e-08	1.1374e-08	1.1762e-08	1.1183e-08	1.1351e-08	1.2432e-08	1.3367e-08	1.2885e-08	1.089e-08	8.2774e-09	5.7701e-09	3.2279e-09	3.439e-09	6.9344e-09	1.0094e-08	1.4139e-08	1.766e-08	1.8941e-08	1.9017e-08	1.8219e-08	1.919e-08	1.9804e-08	1.9035e-08	1.6172e-08	1.2666e-08	8.6917e-09	5.1166e-09	3.834e-09	2.8299e-09	3.3793e-09	4.5842e-09	5.3332e-09	5.6818e-09	6.6428e-09	7.8684e-09	7.9004e-09	7.3266e-09	8.2524e-09	9.8455e-09	1.0743e-08	1.0361e-08	9.8169e-09	1.0428e-08	1.0814e-08	1.1048e-08	1.1516e-08	1.223e-08	1.2089e-08	1.1133e-08	9.3559e-09	6.6493e-09	3.1814e-09	3.2772e-09	4.5432e-09	4.7662e-09	5.6653e-09	7.2474e-09	8.815e-09	1.0182e-08	1.1812e-08	1.2085e-08	1.1006e-08	1.0025e-08	1.0017e-08	1.1224e-08	1.2006e-08	1.1656e-08	1.072e-08	1.0336e-08	1.0634e-08	1.0977e-08	1.0685e-08	1.0133e-08	1.0076e-08	9.7647e-09	8.5839e-09	7.8694e-09	8.9467e-09	1.0562e-08	1.1859e-08	1.25e-08	1.2641e-08	1.1453e-08	1.02e-08	9.0988e-09	7.803e-09	8.1167e-09	9.1492e-09	9.4734e-09	9.7036e-09	9.6897e-09	1.0448e-08	1.1337e-08	1.157e-08	1.2084e-08	1.2286e-08	1.2094e-08	1.1683e-08	1.1394e-08	1.0967e-08	1.0546e-08	1.1019e-08	1.0781e-08	9.6071e-09	9.6069e-09	9.9178e-09	9.6368e-09	8.9265e-09	9.0873e-09	9.559e-09	1.0177e-08	9.8502e-09	9.044e-09	8.8e-09	8.673e-09	8.4379e-09	8.5102e-09	8.8507e-09	8.8189e-09	8.9212e-09	9.8195e-09	1.053e-08	1.06e-08	9.9584e-09
6.8651e-09	5.0374e-09	4.1103e-09	5.5271e-09	9.127e-09	1.1269e-08	1.1364e-08	1.0787e-08	1.204e-08	1.3542e-08	1.4589e-08	1.4145e-08	1.1679e-08	7.5959e-09	4.5824e-09	3.4748e-09	3.9709e-09	7.244e-09	1.1719e-08	1.5053e-08	1.6977e-08	1.8101e-08	1.848e-08	1.8214e-08	1.7953e-08	1.7091e-08	1.605e-08	1.424e-08	1.1304e-08	7.4225e-09	5.4754e-09	4.0473e-09	4.0618e-09	4.9442e-09	6.0444e-09	6.6433e-09	6.6361e-09	7.0449e-09	7.3204e-09	6.9054e-09	7.1002e-09	8.3434e-09	9.7257e-09	1.0637e-08	1.0655e-08	1.0086e-08	9.4538e-09	8.5897e-09	8.676e-09	9.0117e-09	8.5967e-09	8.8273e-09	9.2327e-09	8.1086e-09	6.6371e-09	5.9261e-09	6.7598e-09	7.8619e-09	9.0362e-09	9.2766e-09	8.5045e-09	9.7941e-09	1.1669e-08	1.2619e-08	1.2583e-08	1.3008e-08	1.3829e-08	1.5054e-08	1.5417e-08	1.4692e-08	1.2427e-08	9.949e-09	8.6836e-09	8.097e-09	8.1848e-09	8.3405e-09	8.2541e-09	8.0795e-09	7.3067e-09	8.3975e-09	9.031e-09	9.9389e-09	1.0656e-08	1.0997e-08	1.091e-08	9.9874e-09	8.4622e-09	8.0502e-09	7.0736e-09	7.1934e-09	8.1525e-09	8.7504e-09	9.1503e-09	1.0368e-08	1.1388e-08	1.2033e-08	1.2209e-08	1.2226e-08	1.2166e-08	1.2209e-08	1.2386e-08	1.2069e-08	1.1265e-08	1.1277e-08	1.1343e-08	1.1186e-08	1.068e-08	1.0337e-08	9.9343e-09	9.396e-09	8.6198e-09	8.1717e-09	8.4106e-09	9.1212e-09	9.9183e-09	1.0108e-08	9.7901e-09	8.9851e-09	8.3065e-09	8.3567e-09	8.4258e-09	8.6773e-09	8.8262e-09	8.8945e-09	9.4638e-09	1.0613e-08	1.1475e-08	1.0939e-08
9.2841e-09	7.5637e-09	8.3435e-09	9.0563e-09	1.0272e-08	1.0531e-08	9.7049e-09	7.6048e-09	7.3637e-09	9.9267e-09	1.2547e-08	1.3161e-08	1.0916e-08	8.0227e-09	7.6805e-09	8.453e-09	8.5757e-09	1.0433e-08	1.3955e-08	1.6193e-08	1.7027e-08	1.6288e-08	1.4615e-08	1.2786e-08	1.1537e-08	1.1003e-08	1.1901e-08	1.2038e-08	1.0159e-08	7.6201e-09	6.168e-09	3.7565e-09	3.7892e-09	5.9233e-09	7.2427e-09	7.7888e-09	7.8595e-09	6.5678e-09	5.2105e-09	4.794e-09	5.9991e-09	7.7269e-09	9.563e-09	1.0801e-08	1.1006e-08	1.0412e-08	9.0681e-09	8.3567e-09	7.5333e-09	6.7918e-09	6.604e-09	8.279e-09	9.0622e-09	9.389e-09	9.6203e-09	1.0255e-08	1.0988e-08	1.1139e-08	1.0949e-08	1.1206e-08	1.1466e-08	1.3804e-08	1.6285e-08	1.7523e-08	1.7569e-08	1.692e-08	1.6886e-08	1.7645e-08	1.7838e-08	1.6422e-08	1.2046e-08	8.108e-09	7.9309e-09	8.4247e-09	8.3629e-09	8.0447e-09	7.4566e-09	7.081e-09	7.0976e-09	7.182e-09	7.3547e-09	7.3622e-09	7.4792e-09	7.5253e-09	7.387e-09	6.3842e-09	4.1523e-09	3.6064e-09	3.5399e-09	5.0742e-09	7.2113e-09	8.5339e-09	9.4259e-09	1.0267e-08	1.0671e-08	1.0373e-08	1.0366e-08	1.0754e-08	1.1196e-08	1.1473e-08	1.1204e-08	1.0783e-08	1.0363e-08	1.0986e-08	1.1622e-08	1.1577e-08	1.1428e-08	1.0884e-08	1.0428e-08	1.0903e-08	1.1648e-08	1.1366e-08	1.1741e-08	1.2524e-08	1.2443e-08	1.1425e-08	1.0226e-08	9.2295e-09	8.7861e-09	9.2133e-09	9.8065e-09	9.8576e-09	9.2217e-09	8.504e-09	8.3038e-09	8.4198e-09	9.1955e-09	9.3058e-09
9.6149e-09	7.7639e-09	7.6275e-09	7.5511e-09	8.6661e-09	8.8567e-09	7.2408e-09	6.1558e-09	7.6759e-09	1.0044e-08	1.2457e-08	1.3665e-08	1.3179e-08	1.1494e-08	1.0461e-08	1.0435e-08	1.1389e-08	1.3879e-08	1.6769e-08	1.8079e-08	1.7769e-08	1.583e-08	1.315e-08	1.0692e-08	9.0189e-09	9.9802e-09	1.0832e-08	1.0515e-08	8.0326e-09	6.7519e-09	6.8239e-09	5.4368e-09	5.4064e-09	7.1773e-09	8.5026e-09	8.5205e-09	7.3842e-09	6.1376e-09	4.2597e-09	3.8462e-09	5.1945e-09	6.802e-09	6.6014e-09	5.8436e-09	6.8268e-09	6.3e-09	6.4937e-09	6.4609e-09	6.6918e-09	6.8498e-09	7.7367e-09	9.1669e-09	1.0044e-08	1.003e-08	1.0369e-08	1.1228e-08	1.2289e-08	1.2998e-08	1.3275e-08	1.3733e-08	1.4818e-08	1.6357e-08	1.8043e-08	1.8971e-08	1.9264e-08	1.9422e-08	1.9959e-08	1.923e-08	1.7556e-08	1.2912e-08	8.2534e-09	6.9302e-09	6.887e-09	7.207e-09	7.1651e-09	7.2529e-09	7.4748e-09	6.3819e-09	5.0875e-09	4.6508e-09	5.8949e-09	7.2374e-09	7.2012e-09	6.6931e-09	6.3444e-09	5.0823e-09	4.3143e-09	4.8704e-09	6.7584e-09	9.4773e-09	1.0773e-08	1.1343e-08	1.1499e-08	1.0864e-08	1.0801e-08	1.0697e-08	1.0862e-08	1.0877e-08	1.0616e-08	1.0767e-08	1.065e-08	1.003e-08	9.9928e-09	1.0735e-08	1.0995e-08	1.05e-08	9.8296e-09	9.5311e-09	9.7801e-09	1.0609e-08	1.1259e-08	1.1552e-08	1.1396e-08	1.1387e-08	1.0948e-08	9.7987e-09	9.3736e-09	9.3465e-09	9.0807e-09	9.3643e-09	1.0029e-08	1.0399e-08	9.7357e-09	8.8786e-09	8.8073e-09	8.826e-09	9.7671e-09	1.0634e-08
9.6843e-09	8.3492e-09	7.9448e-09	7.3257e-09	7.0815e-09	8.0808e-09	8.8292e-09	8.9971e-09	9.5841e-09	1.1595e-08	1.3561e-08	1.4777e-08	1.4497e-08	1.3645e-08	1.258e-08	1.3609e-08	1.4368e-08	1.3938e-08	1.3955e-08	1.4889e-08	1.4245e-08	1.3117e-08	1.1478e-08	9.9065e-09	9.0138e-09	8.9354e-09	8.7687e-09	6.5207e-09	4.7037e-09	4.9678e-09	4.9651e-09	4.5056e-09	4.9162e-09	6.0796e-09	7.4913e-09	8.4722e-09	7.8322e-09	5.1248e-09	2.1102e-09	1.0905e-09	2.2437e-09	4.6535e-09	6.1178e-09	6.4517e-09	5.703e-09	5.1625e-09	5.1761e-09	5.8616e-09	6.661e-09	7.0677e-09	8.1397e-09	9.7618e-09	1.1206e-08	1.1773e-08	1.2885e-08	1.4581e-08	1.6196e-08	1.6915e-08	1.7459e-08	1.7856e-08	1.8191e-08	1.9725e-08	2.1522e-08	2.216e-08	2.227e-08	2.2221e-08	2.1101e-08	1.9548e-08	1.6321e-08	1.3196e-08	1.0939e-08	9.3044e-09	8.0257e-09	6.4498e-09	5.4833e-09	4.5303e-09	3.7563e-09	3.4665e-09	3.1215e-09	2.8588e-09	3.6156e-09	4.8905e-09	5.5497e-09	5.929e-09	5.5458e-09	4.5745e-09	5.2991e-09	7.1729e-09	8.6855e-09	9.8656e-09	1.084e-08	1.1382e-08	1.1763e-08	1.1444e-08	1.125e-08	1.1581e-08	1.1618e-08	1.1575e-08	1.0331e-08	9.4096e-09	7.8768e-09	7.1346e-09	7.5939e-09	8.8741e-09	9.5355e-09	9.4805e-09	9.0266e-09	9.006e-09	9.4392e-09	9.8394e-09	1.0677e-08	1.118e-08	1.163e-08	1.1546e-08	9.9836e-09	9.537e-09	9.3189e-09	9.1072e-09	9.3565e-09	9.9942e-09	1.0293e-08	9.6649e-09	9.8448e-09	1.0041e-08	9.5625e-09	9.9028e-09	1.1319e-08	1.3352e-08
8.0253e-09	6.4675e-09	6.2987e-09	6.4804e-09	6.5696e-09	8.0881e-09	1.029e-08	1.1966e-08	1.2994e-08	1.4435e-08	1.5662e-08	1.6321e-08	1.6475e-08	1.6232e-08	1.6875e-08	1.7463e-08	1.6548e-08	1.4356e-08	1.2295e-08	1.1386e-08	1.0261e-08	8.9356e-09	8.8155e-09	7.7645e-09	4.8322e-09	2.588e-09	2.1684e-09	2.1234e-09	2.8314e-09	3.4646e-09	4.1474e-09	4.3442e-09	5.2241e-09	7.0657e-09	8.5743e-09	8.9283e-09	7.5016e-09	5.482e-09	3.4891e-09	3.4237e-09	5.0419e-09	6.3027e-09	7.0646e-09	7.3467e-09	6.9264e-09	7.1574e-09	7.5241e-09	8.0744e-09	8.5147e-09	9.3825e-09	1.0894e-08	1.209e-08	1.3117e-08	1.3806e-08	1.3639e-08	1.3777e-08	1.4838e-08	1.6189e-08	1.7091e-08	1.812e-08	1.8314e-08	1.8479e-08	1.9427e-08	2.0451e-08	2.1107e-08	2.1552e-08	2.125e-08	1.9817e-08	1.7496e-08	1.4497e-08	1.0053e-08	6.8101e-09	4.654e-09	3.6682e-09	4.2556e-09	3.9874e-09	3.4791e-09	3.3275e-09	2.4984e-09	3.0515e-09	4.9493e-09	6.2369e-09	6.4211e-09	5.9238e-09	5.1096e-09	4.7656e-09	6.0933e-09	7.8996e-09	9.5183e-09	1.0687e-08	1.1508e-08	1.1991e-08	1.2158e-08	1.1788e-08	1.0902e-08	1.0192e-08	1.0277e-08	1.0595e-08	1.0221e-08	9.2362e-09	8.5793e-09	8.705e-09	9.1659e-09	9.2789e-09	8.5368e-09	7.6898e-09	8.3683e-09	9.7656e-09	1.0519e-08	1.1114e-08	1.161e-08	1.0624e-08	1.0092e-08	9.7555e-09	9.4038e-09	9.3623e-09	9.4311e-09	9.9564e-09	9.7646e-09	9.1462e-09	8.5819e-09	8.5783e-09	8.2308e-09	9.2452e-09	1.0706e-08	1.2037e-08	1.3285e-08	1.3761e-08
6.6343e-09	5.8332e-09	7.0747e-09	7.8432e-09	8.3785e-09	9.5559e-09	1.1263e-08	1.2383e-08	1.2947e-08	1.3468e-08	1.4654e-08	1.598e-08	1.7313e-08	1.8526e-08	1.9387e-08	1.896e-08	1.7113e-08	1.5611e-08	1.3937e-08	8.9059e-09	6.9388e-09	6.6251e-09	4.8098e-09	3.4504e-09	1.7066e-09	1.6344e-09	1.5157e-09	1.1285e-09	2.4544e-09	3.6795e-09	4.458e-09	5.6948e-09	6.9994e-09	8.1079e-09	8.952e-09	8.8257e-09	7.1592e-09	3.8816e-09	2.9859e-09	3.6741e-09	4.8468e-09	6.2038e-09	7.2845e-09	7.8039e-09	7.6303e-09	7.6084e-09	8.2488e-09	8.8263e-09	9.5384e-09	1.0584e-08	1.1933e-08	1.3187e-08	1.3383e-08	1.3289e-08	1.3786e-08	1.521e-08	1.6065e-08	1.6491e-08	1.6979e-08	1.7098e-08	1.5952e-08	1.5437e-08	1.705e-08	1.9189e-08	2.0547e-08	2.1065e-08	2.1244e-08	2.0861e-08	1.8588e-08	1.5548e-08	1.2149e-08	8.2265e-09	4.9734e-09	3.9779e-09	4.2311e-09	3.2763e-09	3.1378e-09	3.5819e-09	3.5143e-09	4.5192e-09	5.9222e-09	6.3982e-09	6.4512e-09	6.6743e-09	6.6561e-09	7.1099e-09	7.7529e-09	8.4524e-09	9.1019e-09	1.0225e-08	1.1632e-08	1.2161e-08	1.2186e-08	1.1648e-08	1.0734e-08	1.09e-08	1.1724e-08	1.1873e-08	1.0922e-08	9.3239e-09	7.6393e-09	6.1578e-09	5.9467e-09	7.6376e-09	7.4821e-09	7.0832e-09	7.3463e-09	8.7599e-09	1.038e-08	1.1104e-08	1.0468e-08	9.2512e-09	8.648e-09	9.2676e-09	1.0394e-08	1.0571e-08	8.9901e-09	8.1582e-09	7.3528e-09	6.7431e-09	7.2903e-09	7.8643e-09	8.4315e-09	9.9563e-09	1.2747e-08	1.5395e-08	1.589e-08	1.5716e-08
7.1232e-09	6.3198e-09	6.3744e-09	6.6667e-09	6.9611e-09	8.3767e-09	1.0852e-08	1.2405e-08	1.3402e-08	1.4701e-08	1.6423e-08	1.7965e-08	1.9129e-08	2.0014e-08	2.0627e-08	1.9902e-08	1.7488e-08	1.3447e-08	9.0859e-09	6.0926e-09	6.2465e-09	5.8923e-09	3.5046e-09	1.7064e-09	1.6298e-09	1.5348e-09	6.329e-10	1.6121e-09	3.2482e-09	4.3581e-09	5.4239e-09	6.4228e-09	7.4247e-09	8.8362e-09	9.414e-09	8.2598e-09	5.2928e-09	4.3053e-09	4.1098e-09	4.4021e-09	5.8324e-09	7.2189e-09	8.133e-09	8.4908e-09	8.847e-09	1.0126e-08	1.1604e-08	1.2207e-08	1.2655e-08	1.3603e-08	1.409e-08	1.4188e-08	1.3896e-08	1.3384e-08	1.3594e-08	1.3123e-08	1.3207e-08	1.3856e-08	1.3999e-08	1.2939e-08	1.3241e-08	1.3349e-08	1.3168e-08	1.6142e-08	1.8519e-08	1.9358e-08	2.0099e-08	2.0741e-08	1.9395e-08	1.6939e-08	1.3082e-08	8.6016e-09	4.8823e-09	4.1807e-09	4.4717e-09	4.4339e-09	4.9208e-09	5.0664e-09	5.1876e-09	6.3321e-09	6.9138e-09	6.2596e-09	5.5847e-09	5.145e-09	5.7486e-09	6.333e-09	7.1665e-09	7.8955e-09	9.1049e-09	1.0523e-08	1.1351e-08	1.1188e-08	1.1528e-08	1.1688e-08	1.1022e-08	1.0624e-08	1.0827e-08	1.0516e-08	1.021e-08	8.9965e-09	8.3016e-09	7.3535e-09	7.8279e-09	8.4343e-09	7.9018e-09	8.4237e-09	9.3095e-09	9.5493e-09	1.0442e-08	1.1365e-08	1.0666e-08	9.3815e-09	9.6811e-09	9.4747e-09	9.865e-09	1.0172e-08	9.5412e-09	8.7783e-09	7.3808e-09	6.8736e-09	7.7304e-09	8.5467e-09	9.2687e-09	1.0547e-08	1.2115e-08	1.3367e-08	1.4028e-08	1.4364e-08
6.9515e-09	7.3893e-09	7.9025e-09	7.4116e-09	6.6121e-09	6.9957e-09	8.3257e-09	9.6525e-09	9.3882e-09	1.0741e-08	1.2992e-08	1.5525e-08	1.8017e-08	1.9378e-08	1.9864e-08	1.8861e-08	1.652e-08	1.2705e-08	8.5941e-09	8.9775e-09	9.5927e-09	8.7876e-09	6.2491e-09	5.5391e-09	5.2735e-09	3.4289e-09	2.9537e-09	4.9548e-09	7.0895e-09	8.4384e-09	9.9595e-09	1.1433e-08	1.162e-08	1.0558e-08	7.8261e-09	6.2772e-09	5.912e-09	5.9213e-09	5.4624e-09	5.9862e-09	6.7997e-09	7.0892e-09	7.4299e-09	7.4619e-09	6.8264e-09	8.1215e-09	9.8403e-09	1.0836e-08	1.196e-08	1.2845e-08	1.2902e-08	1.2995e-08	1.2795e-08	1.1884e-08	1.0781e-08	1.0548e-08	1.032e-08	1.0171e-08	1.0427e-08	1.097e-08	1.1571e-08	1.1105e-08	1.1111e-08	1.3248e-08	1.5643e-08	1.8927e-08	2.0961e-08	2.127e-08	1.9835e-08	1.7596e-08	1.2981e-08	9.0328e-09	6.4195e-09	4.5039e-09	4.3758e-09	5.3732e-09	6.2623e-09	6.6453e-09	5.8395e-09	5.1186e-09	4.954e-09	5.1148e-09	4.8728e-09	5.4912e-09	6.6536e-09	7.6968e-09	8.0511e-09	8.063e-09	8.8375e-09	9.8269e-09	1.0242e-08	1.044e-08	1.0098e-08	9.9563e-09	1.0168e-08	1.0143e-08	1.0686e-08	1.0899e-08	1.0788e-08	1.0206e-08	8.8996e-09	8.5788e-09	9.138e-09	9.9777e-09	1.059e-08	1.1066e-08	1.151e-08	1.1885e-08	1.2093e-08	1.218e-08	1.1688e-08	1.0786e-08	1.1515e-08	1.1552e-08	1.1505e-08	1.0905e-08	9.8853e-09	8.1432e-09	7.2804e-09	7.7603e-09	7.8156e-09	8.7268e-09	9.0136e-09	9.4392e-09	1.0591e-08	1.1113e-08	1.0427e-08	9.8954e-09
1.1991e-08	1.0925e-08	1.0782e-08	9.987e-09	7.3663e-09	7.0145e-09	8.3683e-09	8.5566e-09	8.08e-09	7.0213e-09	7.6062e-09	1.0395e-08	1.4494e-08	1.7002e-08	1.7532e-08	1.6108e-08	1.2356e-08	8.5543e-09	9.7709e-09	1.1267e-08	1.1596e-08	1.026e-08	8.9448e-09	7.995e-09	6.1688e-09	5.4372e-09	6.0628e-09	7.5861e-09	8.438e-09	9.103e-09	9.2235e-09	1.0122e-08	1.0442e-08	8.6081e-09	7.1657e-09	7.3236e-09	7.4897e-09	7.9952e-09	7.7424e-09	6.998e-09	7.639e-09	8.2554e-09	8.7345e-09	8.7548e-09	9.1206e-09	1.0173e-08	1.1253e-08	1.1198e-08	1.0324e-08	1.0281e-08	9.2633e-09	9.0958e-09	9.4157e-09	8.559e-09	8.0625e-09	7.8825e-09	7.0152e-09	6.6394e-09	7.9919e-09	9.3732e-09	1.0628e-08	1.2217e-08	1.5557e-08	1.9105e-08	2.0869e-08	2.1208e-08	2.2347e-08	2.226e-08	1.9917e-08	1.7244e-08	1.3051e-08	1.0854e-08	7.8165e-09	5.9714e-09	5.6983e-09	6.1806e-09	7.0493e-09	7.4032e-09	6.7922e-09	6.457e-09	5.8841e-09	5.761e-09	5.206e-09	6.2971e-09	7.5989e-09	8.0642e-09	8.0085e-09	7.3758e-09	7.7111e-09	7.9996e-09	7.656e-09	8.1113e-09	8.7093e-09	8.2604e-09	7.9707e-09	8.344e-09	9.0997e-09	9.4683e-09	9.3235e-09	8.7545e-09	8.6459e-09	9.3666e-09	9.8142e-09	1.0445e-08	1.1016e-08	1.1191e-08	1.1284e-08	1.0811e-08	1.0812e-08	1.184e-08	1.2823e-08	1.3158e-08	1.2822e-08	1.218e-08	1.1187e-08	1.0351e-08	9.115e-09	8.3471e-09	8.6074e-09	8.9429e-09	9.4058e-09	9.9158e-09	1.033e-08	1.0184e-08	9.6833e-09	9.2599e-09	9.1462e-09	1.0208e-08
1.3883e-08	1.2901e-08	1.2697e-08	1.1386e-08	1.0212e-08	9.1136e-09	8.881e-09	8.5508e-09	7.5631e-09	7.3416e-09	8.831e-09	1.0052e-08	1.1181e-08	1.1462e-08	1.0969e-08	8.8853e-09	6.5598e-09	7.4727e-09	9.2979e-09	1.0487e-08	1.0414e-08	8.9502e-09	8.2568e-09	8.0061e-09	7.7401e-09	8.2453e-09	9.4093e-09	1.087e-08	1.1384e-08	1.1685e-08	1.1783e-08	1.1025e-08	9.3127e-09	7.8802e-09	7.144e-09	7.0636e-09	7.8843e-09	8.4798e-09	9.1245e-09	9.4779e-09	9.8025e-09	9.805e-09	9.6881e-09	9.9574e-09	1.0601e-08	1.1044e-08	1.1239e-08	1.0767e-08	1.0384e-08	1.0057e-08	1.0188e-08	9.106e-09	7.6155e-09	6.5352e-09	5.0788e-09	4.3898e-09	4.3983e-09	5.4298e-09	7.061e-09	8.983e-09	1.2505e-08	1.503e-08	1.6321e-08	1.7493e-08	1.9317e-08	2.0777e-08	2.1762e-08	2.1734e-08	2.0293e-08	1.7982e-08	1.5794e-08	1.2316e-08	9.26e-09	6.5694e-09	6.3454e-09	6.2844e-09	6.4509e-09	6.8982e-09	7.1108e-09	7.1154e-09	6.8732e-09	6.5583e-09	6.3096e-09	7.0485e-09	7.2044e-09	7.0019e-09	7.2214e-09	7.5452e-09	7.0642e-09	6.8956e-09	6.9799e-09	7.1847e-09	7.1318e-09	6.3581e-09	6.1037e-09	7.3693e-09	8.6673e-09	9.1716e-09	8.7737e-09	8.2673e-09	7.9579e-09	8.7265e-09	9.8926e-09	1.0611e-08	1.1147e-08	1.1679e-08	1.2153e-08	1.2346e-08	1.2325e-08	1.3058e-08	1.3876e-08	1.4131e-08	1.3518e-08	1.2119e-08	1.1239e-08	1.097e-08	1.0118e-08	8.5712e-09	8.1397e-09	8.5334e-09	9.3563e-09	9.6435e-09	9.5742e-09	9.2319e-09	8.805e-09	8.6004e-09	9.5873e-09	1.1044e-08
1.367e-08	1.2795e-08	1.3174e-08	1.2865e-08	1.1681e-08	9.5673e-09	7.9964e-09	7.3617e-09	5.7194e-09	6.0829e-09	7.9907e-09	9.5788e-09	9.8155e-09	9.2548e-09	8.3466e-09	7.4365e-09	6.3816e-09	6.7059e-09	8.7697e-09	1.0326e-08	1.0988e-08	1.0872e-08	1.088e-08	1.1047e-08	1.122e-08	1.223e-08	1.3892e-08	1.5343e-08	1.584e-08	1.4998e-08	1.3404e-08	1.0689e-08	8.3191e-09	6.725e-09	5.6943e-09	6.4013e-09	6.918e-09	7.6153e-09	7.958e-09	8.1521e-09	7.7781e-09	7.4794e-09	7.5687e-09	6.8403e-09	7.1631e-09	7.3103e-09	8.0387e-09	8.4233e-09	8.7264e-09	8.8525e-09	8.5297e-09	7.4468e-09	5.8414e-09	4.5453e-09	4.6985e-09	5.1401e-09	5.6228e-09	6.911e-09	8.8393e-09	1.1642e-08	1.4138e-08	1.6408e-08	1.7998e-08	1.9523e-08	2.1464e-08	2.2827e-08	2.3263e-08	2.2011e-08	2.0487e-08	1.9024e-08	1.7211e-08	1.3984e-08	9.3452e-09	5.8955e-09	5.2342e-09	5.8877e-09	6.674e-09	6.9393e-09	6.6593e-09	6.9518e-09	7.7167e-09	6.8111e-09	6.0831e-09	6.3909e-09	7.2099e-09	7.5879e-09	7.2616e-09	6.7934e-09	6.7536e-09	6.3822e-09	6.6838e-09	6.7581e-09	6.8446e-09	7.048e-09	7.6063e-09	8.409e-09	8.5832e-09	8.1223e-09	7.5502e-09	7.8279e-09	8.9037e-09	9.7067e-09	9.9531e-09	1.0815e-08	1.1284e-08	1.1075e-08	1.1036e-08	1.0952e-08	1.1309e-08	1.2394e-08	1.3154e-08	1.3699e-08	1.3029e-08	1.1805e-08	1.0965e-08	9.8618e-09	9.4008e-09	9.3617e-09	9.3334e-09	1.0193e-08	1.0544e-08	1.0076e-08	9.7137e-09	9.3402e-09	9.0409e-09	8.2035e-09	9.3168e-09	1.1117e-08
1.2636e-08	1.2201e-08	1.3329e-08	1.3523e-08	1.2126e-08	9.4346e-09	7.2832e-09	5.8481e-09	5.6415e-09	7.5995e-09	9.2963e-09	9.6967e-09	9.9028e-09	9.6748e-09	8.9745e-09	8.727e-09	8.2077e-09	7.9446e-09	8.6992e-09	8.6967e-09	8.4535e-09	8.6141e-09	9.4705e-09	1.003e-08	1.1021e-08	1.2522e-08	1.3968e-08	1.3834e-08	1.3719e-08	1.3688e-08	1.2613e-08	1.0739e-08	9.8248e-09	9.0114e-09	8.3309e-09	7.9514e-09	7.7759e-09	8.3408e-09	8.8679e-09	7.6882e-09	7.7739e-09	7.634e-09	6.9943e-09	6.5427e-09	7.2469e-09	8.1875e-09	9.2722e-09	1.0171e-08	1.0259e-08	9.3591e-09	8.4163e-09	7.2671e-09	6.3163e-09	5.8446e-09	6.2343e-09	7.6702e-09	9.0106e-09	9.2444e-09	8.9858e-09	1.0619e-08	1.238e-08	1.3961e-08	1.5328e-08	1.7106e-08	1.8763e-08	2.0015e-08	2.073e-08	2.0288e-08	1.9432e-08	1.7835e-08	1.5486e-08	1.2085e-08	7.5477e-09	4.6268e-09	4.1405e-09	4.4985e-09	5.31e-09	5.9394e-09	6.6822e-09	7.9601e-09	8.7666e-09	9.3078e-09	9.954e-09	9.6313e-09	8.9797e-09	8.7097e-09	8.1617e-09	7.303e-09	6.6087e-09	6.2077e-09	6.5096e-09	6.7422e-09	7.0276e-09	6.9901e-09	7.1238e-09	8.2536e-09	8.5967e-09	8.2124e-09	8.4538e-09	8.9914e-09	9.2986e-09	9.4076e-09	9.5437e-09	1.0018e-08	1.0658e-08	1.131e-08	1.1841e-08	1.1767e-08	1.179e-08	1.2884e-08	1.3941e-08	1.4157e-08	1.3439e-08	1.2081e-08	1.0641e-08	1.016e-08	9.1764e-09	8.6614e-09	8.5114e-09	8.9979e-09	9.2616e-09	9.2998e-09	9.6512e-09	9.6775e-09	9.3366e-09	8.7306e-09	9.32e-09	1.0871e-08
1.3539e-08	1.2151e-08	1.2391e-08	1.271e-08	1.0653e-08	7.8389e-09	6.4587e-09	5.7415e-09	5.8852e-09	7.0256e-09	7.8769e-09	8.4836e-09	8.3445e-09	7.0876e-09	7.1085e-09	7.34e-09	7.3905e-09	8.2444e-09	9.2567e-09	1.0272e-08	1.0754e-08	1.0672e-08	1.1429e-08	1.2146e-08	1.3257e-08	1.439e-08	1.5244e-08	1.5764e-08	1.5417e-08	1.5605e-08	1.5355e-08	1.4152e-08	1.2109e-08	9.0375e-09	7.4398e-09	8.2635e-09	8.7046e-09	9.1916e-09	9.3224e-09	8.9429e-09	8.8148e-09	8.4945e-09	8.525e-09	8.4931e-09	8.6288e-09	8.4551e-09	9.4037e-09	9.8205e-09	8.9692e-09	7.6149e-09	6.4873e-09	6.2462e-09	5.7862e-09	5.5855e-09	6.4969e-09	6.7507e-09	7.0668e-09	8.0906e-09	9.4753e-09	9.9811e-09	9.3579e-09	9.8218e-09	9.8724e-09	9.6993e-09	1.204e-08	1.6194e-08	1.808e-08	1.784e-08	1.7121e-08	1.6666e-08	1.4095e-08	9.2802e-09	6.802e-09	5.0533e-09	5.3225e-09	6.0631e-09	6.6336e-09	7.1144e-09	8.1029e-09	9.8432e-09	1.1296e-08	1.2218e-08	1.2792e-08	1.2006e-08	1.1432e-08	1.0509e-08	1.0157e-08	9.308e-09	8.227e-09	7.1936e-09	6.9686e-09	7.1706e-09	7.0181e-09	7.4915e-09	7.9371e-09	8.5973e-09	9.2955e-09	9.5832e-09	9.3657e-09	9.2048e-09	9.1723e-09	9.1583e-09	9.9917e-09	1.0616e-08	1.0839e-08	1.1162e-08	1.1387e-08	1.1218e-08	1.1611e-08	1.2199e-08	1.2602e-08	1.2702e-08	1.2509e-08	1.1756e-08	1.0729e-08	1.003e-08	1.068e-08	1.1202e-08	1.1237e-08	1.0697e-08	9.0681e-09	8.0281e-09	7.5314e-09	7.3991e-09	8.2425e-09	8.681e-09	8.8736e-09	9.7603e-09
1.1797e-08	1.1614e-08	1.1662e-08	1.058e-08	7.7076e-09	5.0613e-09	3.8099e-09	3.2452e-09	4.7407e-09	6.8657e-09	8.5932e-09	9.9351e-09	9.9435e-09	9.5816e-09	9.7612e-09	9.7778e-09	9.2569e-09	9.4802e-09	1.1435e-08	1.2945e-08	1.3113e-08	1.2882e-08	1.3241e-08	1.3864e-08	1.3603e-08	1.3394e-08	1.4115e-08	1.513e-08	1.6145e-08	1.6438e-08	1.5903e-08	1.4658e-08	1.2165e-08	9.3861e-09	7.403e-09	8.3352e-09	9.2096e-09	9.4398e-09	9.0813e-09	9.0967e-09	9.4142e-09	9.073e-09	9.7109e-09	9.7074e-09	8.9941e-09	8.8567e-09	9.2887e-09	9.0518e-09	7.0275e-09	6.6707e-09	7.0706e-09	5.3848e-09	4.4122e-09	5.3844e-09	6.2645e-09	7.3911e-09	8.2168e-09	8.4584e-09	8.1756e-09	8.3423e-09	8.8059e-09	9.806e-09	1.0388e-08	1.0255e-08	9.7833e-09	9.8573e-09	1.0404e-08	1.149e-08	1.2285e-08	1.2281e-08	9.1727e-09	7.822e-09	7.6035e-09	7.0909e-09	7.002e-09	6.8772e-09	7.3977e-09	8.3175e-09	9.7079e-09	1.0924e-08	1.2505e-08	1.3464e-08	1.3446e-08	1.2861e-08	1.2277e-08	1.1987e-08	1.108e-08	1.0343e-08	9.2487e-09	8.6739e-09	8.4998e-09	8.3758e-09	8.8262e-09	9.0967e-09	9.2317e-09	9.3731e-09	9.6084e-09	9.0766e-09	8.9524e-09	9.8319e-09	1.0533e-08	1.0409e-08	1.0872e-08	1.1114e-08	1.1147e-08	1.1236e-08	1.1318e-08	1.1452e-08	1.1764e-08	1.2076e-08	1.2352e-08	1.244e-08	1.2366e-08	1.212e-08	1.1863e-08	1.1633e-08	1.1913e-08	1.1617e-08	1.0729e-08	9.0693e-09	7.6616e-09	6.6854e-09	6.828e-09	7.0699e-09	8.3575e-09	8.6854e-09	7.8746e-09	7.5287e-09
9.7172e-09	9.231e-09	8.7109e-09	6.786e-09	4.709e-09	4.4475e-09	5.3562e-09	6.6634e-09	8.0284e-09	9.7303e-09	1.1761e-08	1.255e-08	1.3086e-08	1.3988e-08	1.4214e-08	1.2406e-08	9.9537e-09	8.3358e-09	8.8012e-09	9.3414e-09	1.0031e-08	1.0451e-08	1.1168e-08	1.1681e-08	1.2318e-08	1.3991e-08	1.554e-08	1.6398e-08	1.6429e-08	1.5738e-08	1.4676e-08	1.2797e-08	1.0049e-08	8.28e-09	8.2375e-09	9.2073e-09	9.9646e-09	1.0112e-08	1.053e-08	1.079e-08	1.0192e-08	9.2763e-09	9.2785e-09	9.6355e-09	8.633e-09	7.0439e-09	6.9712e-09	7.0832e-09	7.4252e-09	7.4575e-09	7.2751e-09	7.3453e-09	7.7282e-09	7.8825e-09	8.0647e-09	7.9867e-09	7.8232e-09	7.8564e-09	8.0104e-09	7.4717e-09	7.5721e-09	9.2299e-09	1.0275e-08	9.6436e-09	7.9932e-09	8.0586e-09	8.8775e-09	8.8916e-09	8.5463e-09	7.923e-09	7.2436e-09	7.9816e-09	8.6015e-09	8.7716e-09	8.7694e-09	9.1421e-09	9.7653e-09	1.0761e-08	1.2069e-08	1.3062e-08	1.3364e-08	1.2795e-08	1.1861e-08	1.058e-08	1.0202e-08	1.0401e-08	1.0361e-08	1.019e-08	9.9653e-09	1.0245e-08	1.0254e-08	1.0201e-08	1.0336e-08	1.0329e-08	1.0299e-08	9.8867e-09	1.0029e-08	1.0039e-08	1.0423e-08	1.0617e-08	1.0562e-08	1.0644e-08	1.1238e-08	1.1431e-08	1.1126e-08	1.075e-08	1.0713e-08	1.1056e-08	1.1089e-08	1.1081e-08	1.0882e-08	1.0515e-08	1.0656e-08	1.0666e-08	1.0938e-08	1.1708e-08	1.1891e-08	1.1199e-08	1.027e-08	9.2128e-09	7.929e-09	7.3058e-09	7.6054e-09	8.3966e-09	8.6961e-09	8.8218e-09	8.2431e-09	7.2095e-09
1.045e-08	8.3027e-09	6.3456e-09	5.5246e-09	5.0276e-09	5.1357e-09	6.1679e-09	7.552e-09	9.2053e-09	1.0563e-08	1.1392e-08	1.084e-08	1.0895e-08	1.1604e-08	1.1006e-08	9.9808e-09	1.0793e-08	1.1732e-08	1.2298e-08	1.3026e-08	1.3414e-08	1.3946e-08	1.4424e-08	1.4759e-08	1.4113e-08	1.3691e-08	1.4173e-08	1.4658e-08	1.4309e-08	1.2998e-08	1.1297e-08	1.033e-08	9.729e-09	8.0089e-09	8.7925e-09	9.9197e-09	1.0276e-08	1.0125e-08	1.0109e-08	1.0047e-08	9.8697e-09	9.4373e-09	9.3343e-09	8.4093e-09	6.5442e-09	5.9865e-09	6.5282e-09	7.0134e-09	7.6327e-09	7.8539e-09	8.1664e-09	8.6259e-09	8.103e-09	7.9734e-09	7.4095e-09	7.1738e-09	7.0102e-09	7.3029e-09	8.1307e-09	8.8482e-09	9.0668e-09	9.5226e-09	9.6216e-09	8.9103e-09	8.4995e-09	8.0923e-09	8.1012e-09	8.3274e-09	9.2405e-09	9.2523e-09	8.8218e-09	8.9958e-09	9.1269e-09	9.1496e-09	8.7536e-09	8.2765e-09	8.5288e-09	9.1248e-09	9.8891e-09	1.0968e-08	1.188e-08	1.163e-08	1.126e-08	9.9742e-09	1.005e-08	1.097e-08	1.1499e-08	1.1787e-08	1.2016e-08	1.2221e-08	1.2268e-08	1.2218e-08	1.1737e-08	1.1258e-08	1.0953e-08	1.0711e-08	1.0194e-08	1.0237e-08	1.1167e-08	1.115e-08	1.0882e-08	1.0889e-08	1.1229e-08	1.1033e-08	1.065e-08	1.0519e-08	1.0224e-08	9.449e-09	8.7589e-09	9.5536e-09	9.5557e-09	9.367e-09	9.7457e-09	1.0964e-08	1.1438e-08	1.1237e-08	1.0894e-08	1.0391e-08	1.0011e-08	9.1306e-09	8.3889e-09	8.3005e-09	8.4537e-09	9.1104e-09	8.9556e-09	8.5124e-09	8.6989e-09	7.9294e-09
8.8535e-09	7.0237e-09	6.2705e-09	6.4637e-09	7.0443e-09	6.89e-09	6.7049e-09	6.9996e-09	8.1014e-09	9.3816e-09	1.0342e-08	1.0554e-08	1.0782e-08	1.1689e-08	1.2661e-08	1.2207e-08	1.1649e-08	1.0835e-08	1.1128e-08	1.2139e-08	1.3568e-08	1.5094e-08	1.5401e-08	1.5613e-08	1.5049e-08	1.5857e-08	1.4933e-08	1.2994e-08	1.2278e-08	1.095e-08	8.9581e-09	8.2522e-09	6.6155e-09	6.5189e-09	8.0995e-09	9.1115e-09	9.5592e-09	1.0768e-08	1.1687e-08	1.1939e-08	1.1411e-08	1.0688e-08	9.9612e-09	8.6424e-09	7.6142e-09	8.0425e-09	8.3508e-09	8.5347e-09	8.6278e-09	8.7422e-09	9.1128e-09	9.3178e-09	8.5669e-09	7.64e-09	6.546e-09	6.8804e-09	7.7607e-09	8.1034e-09	8.2826e-09	8.3637e-09	8.0699e-09	7.0796e-09	7.3078e-09	7.7552e-09	7.7095e-09	7.466e-09	7.7331e-09	8.459e-09	8.5347e-09	8.4238e-09	8.5423e-09	8.9276e-09	9.2533e-09	8.996e-09	8.4354e-09	8.2449e-09	8.6162e-09	1.001e-08	1.1298e-08	1.1935e-08	1.1824e-08	1.1051e-08	1.0654e-08	1.0057e-08	9.8859e-09	1.065e-08	1.1223e-08	1.1129e-08	1.062e-08	1.0926e-08	1.1436e-08	1.1586e-08	1.0889e-08	1.0709e-08	1.112e-08	1.1055e-08	1.1102e-08	1.1566e-08	1.2517e-08	1.3164e-08	1.2805e-08	1.2408e-08	1.2208e-08	1.1719e-08	1.0993e-08	1.059e-08	1.0237e-08	9.5161e-09	9.124e-09	8.879e-09	8.9725e-09	9.5232e-09	1.0264e-08	1.0466e-08	1.0716e-08	1.0812e-08	1.0259e-08	9.9799e-09	9.2973e-09	8.6167e-09	7.8409e-09	8.2762e-09	9.0528e-09	8.9775e-09	8.4131e-09	8.4586e-09	8.8676e-09	8.6487e-09
9.1441e-09	7.689e-09	5.687e-09	4.3092e-09	3.9103e-09	5.8898e-09	8.6244e-09	9.4923e-09	9.1088e-09	8.9624e-09	7.8478e-09	8.7363e-09	1.0712e-08	1.1652e-08	1.2177e-08	1.2419e-08	1.2481e-08	1.247e-08	1.2499e-08	1.269e-08	1.3628e-08	1.5003e-08	1.687e-08	1.7702e-08	1.7248e-08	1.6976e-08	1.3635e-08	1.0887e-08	1.0518e-08	9.8517e-09	9.9123e-09	8.9531e-09	8.5778e-09	9.6329e-09	1.0862e-08	1.0857e-08	1.0754e-08	1.1365e-08	1.2118e-08	1.1815e-08	1.081e-08	9.9373e-09	8.5429e-09	7.0926e-09	6.5998e-09	6.4902e-09	6.8656e-09	6.8948e-09	7.0224e-09	8.1071e-09	9.2613e-09	9.3234e-09	7.8945e-09	6.2156e-09	5.6552e-09	6.384e-09	7.0978e-09	8.0384e-09	8.8782e-09	8.8821e-09	7.1152e-09	5.6617e-09	6.0647e-09	6.9083e-09	7.2666e-09	7.8098e-09	7.7476e-09	7.63e-09	7.6666e-09	7.9904e-09	8.8232e-09	9.5346e-09	1.0239e-08	1.0619e-08	1.005e-08	9.848e-09	9.7243e-09	9.9543e-09	1.0721e-08	1.1148e-08	1.1448e-08	1.1451e-08	1.0877e-08	1.0245e-08	1.0382e-08	1.0576e-08	1.1076e-08	1.1074e-08	1.1252e-08	1.1869e-08	1.2257e-08	1.2234e-08	1.1816e-08	1.1713e-08	1.1736e-08	1.2071e-08	1.1742e-08	1.1787e-08	1.1699e-08	1.142e-08	1.0967e-08	1.134e-08	1.1705e-08	1.2014e-08	1.1529e-08	1.1273e-08	1.06e-08	1.0367e-08	1.0251e-08	9.7031e-09	9.1983e-09	8.6526e-09	9.1302e-09	9.8827e-09	1.0619e-08	1.0564e-08	9.6305e-09	9.4928e-09	9.0003e-09	8.33e-09	7.8731e-09	8.1713e-09	8.4201e-09	8.4541e-09	8.569e-09	8.5657e-09	9.1459e-09	9.679e-09
9.335e-09	6.7195e-09	4.9458e-09	5.5155e-09	6.1273e-09	7.0749e-09	8.1234e-09	9.1408e-09	8.7274e-09	8.5859e-09	8.7776e-09	9.3299e-09	1.0295e-08	1.0714e-08	1.0944e-08	1.2426e-08	1.2546e-08	1.3051e-08	1.3425e-08	1.3564e-08	1.4981e-08	1.691e-08	1.7825e-08	1.7215e-08	1.5866e-08	1.4426e-08	1.039e-08	1.0147e-08	1.1187e-08	1.143e-08	1.0247e-08	9.3085e-09	9.1721e-09	9.4282e-09	9.5063e-09	9.302e-09	8.5743e-09	9.1058e-09	9.8357e-09	9.582e-09	9.036e-09	8.5989e-09	7.8837e-09	7.1877e-09	6.8196e-09	7.2633e-09	7.6496e-09	8.1194e-09	8.6665e-09	9.4558e-09	1.0096e-08	9.9547e-09	8.5724e-09	7.4422e-09	7.0615e-09	7.3584e-09	7.7436e-09	8.2117e-09	8.494e-09	8.2702e-09	8.1364e-09	7.7877e-09	7.294e-09	7.3778e-09	7.852e-09	8.3911e-09	8.2253e-09	7.9167e-09	8.0295e-09	8.536e-09	9.4333e-09	1.0377e-08	1.1225e-08	1.1499e-08	1.1277e-08	1.021e-08	9.6276e-09	9.5304e-09	9.7377e-09	1.0236e-08	1.0349e-08	1.0608e-08	1.0336e-08	9.507e-09	9.4466e-09	9.6217e-09	9.7347e-09	1.0194e-08	1.0891e-08	1.1644e-08	1.2241e-08	1.2161e-08	1.1677e-08	1.1714e-08	1.2196e-08	1.238e-08	1.1954e-08	1.1222e-08	1.0841e-08	1.0699e-08	1.0342e-08	1.0261e-08	1.1214e-08	1.2032e-08	1.1953e-08	1.1495e-08	1.0465e-08	1.0096e-08	9.8047e-09	9.3163e-09	9.2211e-09	9.1066e-09	9.0637e-09	9.6514e-09	1.067e-08	1.1034e-08	1.0895e-08	1.0607e-08	9.8968e-09	9.0091e-09	8.1172e-09	8.3197e-09	8.3322e-09	7.5609e-09	8.1408e-09	8.907e-09	9.1415e-09	9.5768e-09
7.8095e-09	5.7231e-09	4.3842e-09	5.5971e-09	6.9908e-09	8.0581e-09	9.0999e-09	9.8144e-09	1.0547e-08	1.1097e-08	1.1526e-08	1.1062e-08	1.0317e-08	1.1332e-08	1.2688e-08	1.2633e-08	1.1388e-08	1.1353e-08	1.2194e-08	1.3205e-08	1.4376e-08	1.5265e-08	1.5321e-08	1.389e-08	1.2671e-08	1.0918e-08	1.0054e-08	1.0723e-08	1.1772e-08	1.1715e-08	1.0633e-08	9.1203e-09	8.4424e-09	9.4294e-09	9.7763e-09	9.593e-09	9.4191e-09	9.8086e-09	9.9946e-09	1.0126e-08	9.9119e-09	8.722e-09	7.1212e-09	6.6203e-09	6.9927e-09	7.4499e-09	7.8063e-09	8.3277e-09	8.7685e-09	8.7373e-09	9.0488e-09	8.9745e-09	8.146e-09	6.8608e-09	6.0038e-09	7.1335e-09	7.965e-09	8.5191e-09	8.8118e-09	9.3038e-09	8.977e-09	8.0622e-09	7.8514e-09	8.2318e-09	8.9372e-09	9.4855e-09	9.4266e-09	9.3076e-09	9.4767e-09	9.7966e-09	1.0444e-08	1.1347e-08	1.1913e-08	1.151e-08	1.0646e-08	1.0237e-08	1.0079e-08	9.8296e-09	9.3848e-09	9.5507e-09	1.0057e-08	1.0431e-08	1.0611e-08	1.0234e-08	9.7658e-09	1.0089e-08	1.027e-08	1.0626e-08	1.0928e-08	1.1732e-08	1.2391e-08	1.1714e-08	1.1288e-08	1.1805e-08	1.2011e-08	1.1644e-08	1.08e-08	1.0786e-08	1.0509e-08	1.055e-08	1.0813e-08	1.0472e-08	1.0689e-08	1.124e-08	1.1168e-08	1.0532e-08	9.3805e-09	8.9976e-09	9.2671e-09	8.6431e-09	8.1847e-09	7.9831e-09	8.3506e-09	9.3578e-09	1.023e-08	1.0955e-08	1.1104e-08	1.087e-08	9.8368e-09	8.7119e-09	8.5282e-09	8.7117e-09	7.8502e-09	7.8401e-09	8.6823e-09	9.902e-09	1.0914e-08	1.0993e-08
7.9183e-09	5.5293e-09	6.3194e-09	8.3492e-09	9.6514e-09	9.8964e-09	1.0796e-08	1.0535e-08	1.0184e-08	1.0678e-08	1.0226e-08	9.7035e-09	1.052e-08	1.1311e-08	1.1118e-08	1.1203e-08	1.1654e-08	1.157e-08	1.1672e-08	1.1961e-08	1.2611e-08	1.2661e-08	1.145e-08	9.4121e-09	9.762e-09	1.014e-08	1.0884e-08	1.2203e-08	1.2754e-08	1.2213e-08	1.0418e-08	8.6783e-09	7.8978e-09	8.4757e-09	8.9949e-09	8.9512e-09	9.1131e-09	9.8159e-09	1.0603e-08	1.1029e-08	1.0324e-08	9.5368e-09	8.6417e-09	7.7123e-09	7.2804e-09	7.0508e-09	7.0563e-09	7.6543e-09	8.4626e-09	9.0612e-09	9.4835e-09	1.0101e-08	1.0101e-08	8.6098e-09	7.703e-09	7.7369e-09	8.3872e-09	9.2752e-09	9.963e-09	9.7282e-09	9.4192e-09	9.3718e-09	9.4332e-09	9.1454e-09	9.2077e-09	9.7153e-09	9.9424e-09	9.7524e-09	9.9386e-09	1.0351e-08	1.1038e-08	1.1673e-08	1.1628e-08	1.1172e-08	1.0496e-08	9.5523e-09	9.5634e-09	9.138e-09	8.5299e-09	9.0987e-09	1.0159e-08	1.0863e-08	1.0914e-08	1.0658e-08	1.0516e-08	1.043e-08	1.0096e-08	1.0432e-08	1.0772e-08	1.11e-08	1.1351e-08	1.0749e-08	1.0989e-08	1.1582e-08	1.1911e-08	1.1657e-08	1.1117e-08	1.0644e-08	1.0346e-08	1.0544e-08	1.0171e-08	9.1603e-09	9.4571e-09	9.8378e-09	9.9639e-09	9.8395e-09	9.1199e-09	8.9505e-09	8.7001e-09	7.9788e-09	7.5022e-09	7.3012e-09	7.5255e-09	8.405e-09	1.0402e-08	1.1685e-08	1.2016e-08	1.1651e-08	1.1066e-08	9.3498e-09	8.1786e-09	8.0531e-09	8.2289e-09	8.8502e-09	9.0775e-09	9.5823e-09	1.1304e-08	1.295e-08
8.9928e-09	7.227e-09	5.695e-09	7.9453e-09	9.8787e-09	1.0892e-08	1.1341e-08	1.1109e-08	1.2006e-08	1.2585e-08	1.2218e-08	1.1375e-08	1.0219e-08	1.0015e-08	1.0538e-08	1.1333e-08	1.0367e-08	9.6616e-09	1.0467e-08	1.0556e-08	1.032e-08	1.033e-08	1.0002e-08	9.4917e-09	9.4228e-09	8.92e-09	9.5293e-09	1.1017e-08	1.2026e-08	1.0953e-08	9.2263e-09	7.6914e-09	6.886e-09	7.1178e-09	7.8057e-09	8.356e-09	9.0818e-09	9.9949e-09	1.0902e-08	1.14e-08	1.1224e-08	1.0936e-08	1.0414e-08	9.7686e-09	9.0419e-09	8.5713e-09	8.3807e-09	8.4671e-09	8.5101e-09	9.0004e-09	9.7366e-09	1.0161e-08	9.6709e-09	9.0307e-09	8.625e-09	8.8152e-09	9.32e-09	1.0124e-08	1.0564e-08	1.007e-08	9.6088e-09	9.9066e-09	9.6403e-09	9.3916e-09	9.3204e-09	9.497e-09	9.695e-09	9.9922e-09	9.9424e-09	1.0424e-08	1.1275e-08	1.2023e-08	1.2022e-08	1.1452e-08	1.0031e-08	9.7493e-09	1.0038e-08	9.4185e-09	8.5776e-09	8.9875e-09	1.0339e-08	1.1113e-08	1.092e-08	1.0461e-08	1.0043e-08	9.8686e-09	9.7347e-09	9.7905e-09	1.0179e-08	1.0451e-08	1.0714e-08	1.0726e-08	1.0942e-08	1.1939e-08	1.2679e-08	1.2093e-08	1.1834e-08	1.1399e-08	1.1272e-08	1.1446e-08	1.1013e-08	8.918e-09	7.9456e-09	8.397e-09	8.9949e-09	9.1318e-09	8.2835e-09	8.09e-09	7.5437e-09	7.1385e-09	6.433e-09	6.5835e-09	7.4829e-09	8.866e-09	1.022e-08	1.1167e-08	1.1404e-08	1.1019e-08	1.0393e-08	9.2044e-09	7.6742e-09	7.0289e-09	7.5983e-09	8.8687e-09	9.8552e-09	1.1714e-08	1.3809e-08	1.4997e-08
6.7442e-09	5.9428e-09	7.0352e-09	9.2448e-09	1.1035e-08	1.1352e-08	1.1453e-08	1.2351e-08	1.3397e-08	1.3624e-08	1.2778e-08	1.0725e-08	8.7397e-09	9.7806e-09	1.136e-08	1.1945e-08	1.2015e-08	1.1743e-08	1.0931e-08	1.0896e-08	1.0637e-08	9.5338e-09	8.2945e-09	7.3476e-09	6.796e-09	7.5743e-09	9.4901e-09	1.0736e-08	1.0442e-08	8.9651e-09	7.6002e-09	6.0269e-09	5.7413e-09	6.3369e-09	7.2821e-09	8.0998e-09	9.1377e-09	1.0331e-08	1.1514e-08	1.2258e-08	1.272e-08	1.2308e-08	1.0876e-08	9.5379e-09	8.8535e-09	8.934e-09	9.0557e-09	9.1061e-09	8.7541e-09	8.8741e-09	9.1968e-09	9.8495e-09	1.0141e-08	9.5096e-09	9.0881e-09	9.2952e-09	9.9333e-09	1.0365e-08	1.0469e-08	9.8501e-09	9.2181e-09	9.4317e-09	9.7167e-09	9.8134e-09	9.0947e-09	9.2514e-09	9.7291e-09	9.7509e-09	1.0233e-08	1.1132e-08	1.2017e-08	1.235e-08	1.1756e-08	1.1825e-08	1.1039e-08	1.1138e-08	1.0826e-08	1.0215e-08	9.7798e-09	9.831e-09	1.0523e-08	1.089e-08	1.1298e-08	1.0898e-08	1.0352e-08	1.013e-08	9.8403e-09	9.6576e-09	9.593e-09	9.5675e-09	9.4255e-09	9.3085e-09	1.0108e-08	1.0998e-08	1.1268e-08	1.2459e-08	1.2594e-08	1.1296e-08	1.1338e-08	1.1514e-08	1.0923e-08	1.0461e-08	1.0232e-08	1.0429e-08	1.0731e-08	8.8585e-09	8.3359e-09	7.562e-09	6.4594e-09	6.7442e-09	6.1746e-09	6.0955e-09	6.6346e-09	6.4115e-09	6.1173e-09	7.3889e-09	8.114e-09	8.4654e-09	8.8653e-09	9.4758e-09	9.3956e-09	9.2578e-09	9.7891e-09	1.1061e-08	1.1999e-08	1.2744e-08	1.4459e-08	1.5692e-08
7.2863e-09	6.7402e-09	7.4833e-09	9.7691e-09	1.1605e-08	1.2012e-08	1.1468e-08	1.1966e-08	1.2871e-08	1.3063e-08	1.2212e-08	9.7907e-09	7.7796e-09	8.856e-09	1.0706e-08	1.2226e-08	1.2881e-08	1.2543e-08	1.194e-08	1.0647e-08	9.292e-09	7.6058e-09	7.3273e-09	8.3635e-09	9.6853e-09	1.0238e-08	1.0327e-08	1.0009e-08	8.5146e-09	6.6761e-09	5.4603e-09	5.7153e-09	5.9084e-09	6.514e-09	7.624e-09	8.8217e-09	9.8574e-09	1.0665e-08	1.1464e-08	1.2383e-08	1.2996e-08	1.2456e-08	1.0915e-08	9.9192e-09	9.5133e-09	9.2294e-09	8.9677e-09	8.7622e-09	8.6131e-09	8.8083e-09	9.33e-09	9.7108e-09	9.63e-09	9.1852e-09	8.751e-09	8.8653e-09	9.45e-09	9.8706e-09	9.6907e-09	9.292e-09	8.6483e-09	8.8173e-09	9.3552e-09	9.4642e-09	9.1774e-09	9.2594e-09	1.0044e-08	1.0761e-08	1.1566e-08	1.1989e-08	1.23e-08	1.1956e-08	1.2446e-08	1.2646e-08	1.1646e-08	1.1037e-08	1.0128e-08	9.9485e-09	9.5544e-09	9.8094e-09	1.0522e-08	1.1128e-08	1.1116e-08	1.1028e-08	1.1672e-08	1.1925e-08	1.1277e-08	1.0528e-08	9.6947e-09	9.6142e-09	9.5063e-09	1.0542e-08	1.1923e-08	1.2696e-08	1.3074e-08	1.3387e-08	1.2579e-08	1.1674e-08	1.0781e-08	9.73e-09	9.7543e-09	8.5819e-09	8.5391e-09	9.0686e-09	8.6673e-09	8.2404e-09	7.9429e-09	6.4131e-09	5.8004e-09	5.5794e-09	5.1431e-09	4.7545e-09	4.9545e-09	6.0029e-09	6.9173e-09	7.902e-09	8.5642e-09	8.514e-09	8.376e-09	8.7327e-09	9.3952e-09	9.8396e-09	1.0971e-08	1.2705e-08	1.368e-08	1.4192e-08	1.4771e-08	1.4829e-08
9.1294e-09	6.3884e-09	6.451e-09	8.4739e-09	1.0209e-08	1.0276e-08	8.9556e-09	9.8053e-09	1.1356e-08	1.2002e-08	1.1436e-08	1.014e-08	9.8544e-09	1.0898e-08	1.2145e-08	1.337e-08	1.3873e-08	1.322e-08	1.1924e-08	1.0946e-08	1.0752e-08	1.175e-08	1.2473e-08	1.2659e-08	1.2335e-08	1.119e-08	1.0062e-08	8.4973e-09	5.9778e-09	4.139e-09	4.4519e-09	5.5866e-09	6.4525e-09	6.8566e-09	7.3782e-09	8.1944e-09	8.8555e-09	9.7726e-09	1.0353e-08	1.1517e-08	1.26e-08	1.2451e-08	1.1334e-08	1.0198e-08	9.7945e-09	8.8069e-09	8.0159e-09	7.9064e-09	7.9897e-09	8.3661e-09	8.8055e-09	9.1445e-09	9.1045e-09	8.5427e-09	7.9339e-09	8.1059e-09	8.5546e-09	9.1643e-09	9.4852e-09	9.1065e-09	8.2928e-09	8.4403e-09	8.5786e-09	8.6311e-09	9.2452e-09	9.8654e-09	1.0472e-08	1.1304e-08	1.2366e-08	1.32e-08	1.2726e-08	1.2655e-08	1.3754e-08	1.393e-08	1.2664e-08	1.0489e-08	1.0203e-08	1.0018e-08	9.4266e-09	9.2902e-09	9.4966e-09	9.8659e-09	1.0187e-08	1.0129e-08	9.5399e-09	9.9361e-09	9.8715e-09	9.7378e-09	1.0181e-08	1.0435e-08	1.1023e-08	1.2437e-08	1.3535e-08	1.4769e-08	1.5563e-08	1.5099e-08	1.3266e-08	1.12e-08	1.0747e-08	1.1011e-08	9.9492e-09	8.3267e-09	7.7206e-09	8.1777e-09	8.911e-09	8.3619e-09	7.5681e-09	5.574e-09	4.9e-09	5.8014e-09	6.2472e-09	6.0627e-09	6.5936e-09	7.1071e-09	7.3937e-09	7.573e-09	7.1008e-09	6.4843e-09	6.7074e-09	7.4432e-09	8.3924e-09	9.646e-09	1.1294e-08	1.2917e-08	1.4166e-08	1.489e-08	1.4914e-08	1.4714e-08
9.4587e-09	8.0411e-09	8.0079e-09	8.4733e-09	8.8047e-09	8.2179e-09	7.0627e-09	7.9986e-09	9.4991e-09	1.0407e-08	1.0549e-08	1.045e-08	1.1541e-08	1.313e-08	1.3521e-08	1.3149e-08	1.2952e-08	1.2534e-08	1.2405e-08	1.232e-08	1.3386e-08	1.4892e-08	1.4837e-08	1.2857e-08	1.0384e-08	8.671e-09	8.0137e-09	7.2979e-09	6.5643e-09	4.9235e-09	4.6579e-09	5.8796e-09	6.797e-09	7.1407e-09	7.3799e-09	7.9238e-09	8.7323e-09	9.686e-09	1.1201e-08	1.2792e-08	1.3735e-08	1.4162e-08	1.3537e-08	1.2086e-08	9.6994e-09	7.7484e-09	7.3172e-09	7.4813e-09	7.8798e-09	8.0858e-09	8.0612e-09	8.0987e-09	7.9865e-09	7.8176e-09	7.9427e-09	8.3331e-09	8.5305e-09	8.6468e-09	8.839e-09	8.0093e-09	7.3379e-09	7.5284e-09	8.2279e-09	8.8682e-09	9.5135e-09	1.0303e-08	1.0976e-08	1.1483e-08	1.1937e-08	1.1977e-08	1.0963e-08	1.1254e-08	1.2412e-08	1.3162e-08	1.259e-08	1.0521e-08	9.5624e-09	8.7716e-09	8.024e-09	8.3852e-09	9.6965e-09	1.0543e-08	1.0955e-08	1.1067e-08	1.0968e-08	1.1131e-08	1.1772e-08	1.1774e-08	1.185e-08	1.2396e-08	1.2767e-08	1.3541e-08	1.3939e-08	1.382e-08	1.4043e-08	1.4065e-08	1.3514e-08	1.2205e-08	1.159e-08	1.0795e-08	7.8655e-09	6.5741e-09	7.4757e-09	8.3408e-09	8.3411e-09	7.309e-09	6.5413e-09	5.4475e-09	5.0962e-09	5.8539e-09	6.8925e-09	7.5581e-09	7.7211e-09	7.7448e-09	7.8664e-09	7.9802e-09	7.8483e-09	7.1854e-09	7.0348e-09	6.7497e-09	7.9369e-09	9.5777e-09	1.1097e-08	1.2216e-08	1.319e-08	1.4313e-08	1.4805e-08	1.4708e-08
1.0914e-08	8.9385e-09	9.7898e-09	9.4758e-09	8.2516e-09	7.9235e-09	8.2167e-09	8.8632e-09	1.0162e-08	1.0214e-08	7.6805e-09	7.8374e-09	9.837e-09	1.1965e-08	1.2445e-08	1.2326e-08	1.1792e-08	1.1953e-08	1.3006e-08	1.4605e-08	1.5842e-08	1.6013e-08	1.4325e-08	1.1579e-08	8.9255e-09	7.5362e-09	7.8994e-09	8.2915e-09	7.1419e-09	4.2188e-09	2.6639e-09	5.1649e-09	6.7089e-09	7.1668e-09	7.3042e-09	8.0145e-09	9.2357e-09	1.0525e-08	1.1936e-08	1.3544e-08	1.4633e-08	1.4979e-08	1.38e-08	1.1828e-08	9.4397e-09	7.8366e-09	7.0732e-09	7.1821e-09	7.6985e-09	8.1048e-09	8.0649e-09	7.7416e-09	7.5171e-09	7.7466e-09	8.2685e-09	8.9222e-09	9.2461e-09	9.0444e-09	8.2078e-09	7.1201e-09	6.9894e-09	7.4552e-09	7.9771e-09	8.667e-09	9.7232e-09	1.0961e-08	1.1695e-08	1.1878e-08	1.2043e-08	1.2103e-08	1.182e-08	1.2414e-08	1.3793e-08	1.4268e-08	1.348e-08	1.2483e-08	1.0791e-08	9.7976e-09	9.1537e-09	9.1986e-09	1.009e-08	1.1185e-08	1.1415e-08	1.0744e-08	9.5543e-09	9.5113e-09	1.0089e-08	1.0777e-08	1.0666e-08	1.0821e-08	1.1089e-08	1.1276e-08	1.0895e-08	1.1781e-08	1.3375e-08	1.357e-08	1.3003e-08	1.1946e-08	1.1143e-08	9.1717e-09	7.8417e-09	8.4367e-09	9.0707e-09	9.6125e-09	9.6157e-09	8.6181e-09	7.3729e-09	7.3209e-09	7.7765e-09	7.6447e-09	7.0505e-09	6.4609e-09	5.3979e-09	5.3374e-09	6.4011e-09	7.1492e-09	7.2793e-09	7.5292e-09	7.8825e-09	8.3157e-09	9.0895e-09	1.0046e-08	1.0684e-08	1.1542e-08	1.2421e-08	1.365e-08	1.4986e-08	1.6022e-08
1.0312e-08	7.0106e-09	6.6619e-09	7.2692e-09	8.2921e-09	8.9339e-09	9.4987e-09	9.0575e-09	7.674e-09	7.5983e-09	9.0088e-09	1.0896e-08	1.2505e-08	1.3363e-08	1.3416e-08	1.3009e-08	1.2997e-08	1.4027e-08	1.5395e-08	1.6354e-08	1.6292e-08	1.4873e-08	1.2497e-08	9.9904e-09	8.011e-09	7.9669e-09	8.6806e-09	8.2529e-09	6.6071e-09	4.483e-09	4.0617e-09	5.0745e-09	5.9969e-09	6.5188e-09	7.2393e-09	8.3625e-09	9.685e-09	1.0948e-08	1.2028e-08	1.3101e-08	1.3675e-08	1.3962e-08	1.3252e-08	1.1196e-08	9.0995e-09	7.3456e-09	6.8237e-09	7.1975e-09	7.4008e-09	7.7324e-09	8.1065e-09	8.3761e-09	8.7227e-09	8.9669e-09	9.2594e-09	9.7804e-09	9.1323e-09	8.184e-09	7.9188e-09	7.897e-09	7.9267e-09	8.4994e-09	9.7767e-09	1.1377e-08	1.192e-08	1.1756e-08	1.1449e-08	1.1547e-08	1.1633e-08	1.1103e-08	1.1066e-08	1.1913e-08	1.2558e-08	1.198e-08	1.0834e-08	1.0174e-08	9.5168e-09	8.8604e-09	7.8996e-09	8.2359e-09	9.2212e-09	9.5708e-09	8.9591e-09	8.6286e-09	8.5309e-09	9.2641e-09	9.6628e-09	1.0056e-08	1.0661e-08	1.0386e-08	1.0675e-08	1.1613e-08	1.2363e-08	1.3203e-08	1.4098e-08	1.441e-08	1.3472e-08	1.1696e-08	1.0224e-08	8.8903e-09	8.5023e-09	9.396e-09	9.962e-09	9.7809e-09	8.539e-09	7.0968e-09	6.0726e-09	7.1383e-09	8.5239e-09	9.3212e-09	9.4002e-09	8.9237e-09	9.2952e-09	9.8366e-09	9.7903e-09	9.9906e-09	1.0024e-08	9.504e-09	8.6016e-09	7.8694e-09	7.8441e-09	9.1562e-09	9.9466e-09	9.6492e-09	9.3237e-09	1.0813e-08	1.2538e-08	1.3607e-08
1.0001e-08	8.516e-09	8.642e-09	7.9108e-09	7.6495e-09	7.4623e-09	7.1134e-09	6.5856e-09	6.2938e-09	7.0365e-09	9.1806e-09	1.1314e-08	1.2753e-08	1.3957e-08	1.4377e-08	1.4375e-08	1.3831e-08	1.427e-08	1.5032e-08	1.514e-08	1.4088e-08	1.2503e-08	1.1274e-08	1.0053e-08	9.3853e-09	9.4913e-09	9.6781e-09	9.2115e-09	7.989e-09	7.2852e-09	6.747e-09	6.3137e-09	6.1715e-09	6.6017e-09	7.4112e-09	8.3236e-09	9.4166e-09	1.0286e-08	1.1311e-08	1.2325e-08	1.2997e-08	1.3113e-08	1.2497e-08	1.1153e-08	9.2051e-09	7.3446e-09	6.8387e-09	7.1016e-09	7.7157e-09	8.1962e-09	8.5054e-09	8.5105e-09	8.7374e-09	9.2029e-09	1.0025e-08	1.0176e-08	9.8144e-09	8.8803e-09	8.9303e-09	9.3958e-09	9.4338e-09	8.9865e-09	9.2341e-09	1.0005e-08	1.0321e-08	1.0614e-08	1.048e-08	1.0612e-08	1.0597e-08	9.9983e-09	1.0234e-08	1.1324e-08	1.1436e-08	1.1327e-08	1.1077e-08	1.0566e-08	9.8742e-09	8.2871e-09	7.485e-09	8.0735e-09	9.3574e-09	9.8076e-09	9.5915e-09	8.9311e-09	8.6134e-09	8.6757e-09	9.0212e-09	9.3898e-09	9.7737e-09	9.6171e-09	9.2864e-09	1.0613e-08	1.2467e-08	1.3323e-08	1.3866e-08	1.4148e-08	1.4047e-08	1.2555e-08	9.3812e-09	8.3269e-09	8.5174e-09	8.9117e-09	8.3795e-09	7.3622e-09	7.7176e-09	7.531e-09	8.492e-09	9.5157e-09	1.0205e-08	1.0886e-08	1.1084e-08	1.1169e-08	1.1637e-08	1.1978e-08	1.2227e-08	1.2612e-08	1.2e-08	1.0155e-08	8.3926e-09	5.9321e-09	4.8661e-09	6.7074e-09	8.8375e-09	9.9164e-09	1.0314e-08	1.1224e-08	1.1373e-08	9.6892e-09
8.6202e-09	9.0637e-09	9.6344e-09	9.8005e-09	9.6781e-09	8.7421e-09	7.4871e-09	6.405e-09	5.5445e-09	6.0322e-09	7.3267e-09	9.2914e-09	1.1597e-08	1.3272e-08	1.3929e-08	1.4064e-08	1.3367e-08	1.3234e-08	1.3861e-08	1.3558e-08	1.2736e-08	1.1523e-08	1.0463e-08	9.7206e-09	9.7786e-09	1.0478e-08	1.1182e-08	1.1255e-08	1.0204e-08	9.1895e-09	8.0312e-09	6.8408e-09	6.6721e-09	7.236e-09	8.068e-09	8.7478e-09	9.2918e-09	1.004e-08	1.1145e-08	1.1975e-08	1.2873e-08	1.3297e-08	1.2003e-08	1.0293e-08	9.0856e-09	8.346e-09	8.3968e-09	8.5324e-09	8.4589e-09	8.5935e-09	9.3378e-09	9.5302e-09	9.8187e-09	9.7313e-09	9.6277e-09	9.4474e-09	9.1929e-09	8.584e-09	8.8802e-09	8.9196e-09	8.8185e-09	9.4252e-09	1.0046e-08	1.0282e-08	1.0117e-08	9.922e-09	9.778e-09	9.9577e-09	1.0049e-08	9.2295e-09	9.4123e-09	9.6795e-09	9.7745e-09	9.9738e-09	1.0236e-08	9.8014e-09	8.5118e-09	7.2498e-09	7.2604e-09	7.8154e-09	8.6196e-09	9.4483e-09	8.9898e-09	8.0801e-09	8.8726e-09	9.9204e-09	9.8941e-09	9.4462e-09	9.3184e-09	1.0184e-08	1.1262e-08	1.2138e-08	1.2775e-08	1.3343e-08	1.3804e-08	1.3753e-08	1.2803e-08	1.1079e-08	9.5629e-09	9.1059e-09	9.2423e-09	9.5453e-09	8.883e-09	8.3615e-09	8.397e-09	8.0276e-09	8.1731e-09	8.8742e-09	9.5697e-09	1.0661e-08	1.1909e-08	1.3135e-08	1.3645e-08	1.3509e-08	1.3385e-08	1.209e-08	1.0827e-08	9.7119e-09	7.679e-09	6.769e-09	7.5118e-09	8.0839e-09	8.2765e-09	8.2068e-09	8.0931e-09	9.0933e-09	1.0112e-08	1.0491e-08
1.1642e-08	1.0858e-08	1.1389e-08	1.1521e-08	1.0621e-08	9.0209e-09	6.7181e-09	3.9495e-09	4.2911e-09	6.2596e-09	7.514e-09	8.3255e-09	9.909e-09	1.1429e-08	1.1843e-08	1.11e-08	1.0883e-08	1.1473e-08	1.1974e-08	1.2011e-08	1.1746e-08	1.1684e-08	1.1008e-08	9.9865e-09	9.8037e-09	1.0988e-08	1.2324e-08	1.3085e-08	1.2644e-08	1.0865e-08	8.5365e-09	6.9309e-09	7.0584e-09	8.0367e-09	9.0597e-09	9.8446e-09	1.067e-08	1.1512e-08	1.1837e-08	1.1432e-08	1.1593e-08	1.1531e-08	1.0384e-08	9.4593e-09	9.003e-09	9.3546e-09	9.6327e-09	9.5659e-09	1.0033e-08	1.0717e-08	1.102e-08	1.1244e-08	1.0989e-08	1.0063e-08	9.471e-09	9.0254e-09	8.9652e-09	9.1671e-09	9.4876e-09	9.5033e-09	9.5382e-09	9.3714e-09	8.6989e-09	7.4604e-09	7.5611e-09	8.1846e-09	8.866e-09	9.4121e-09	9.8301e-09	9.8549e-09	9.9164e-09	9.4072e-09	9.1399e-09	9.012e-09	8.5517e-09	8.1428e-09	6.9886e-09	6.1005e-09	6.77e-09	8.1723e-09	8.9972e-09	9.3763e-09	9.523e-09	9.3764e-09	9.183e-09	9.4727e-09	9.4512e-09	8.6061e-09	8.6883e-09	9.5825e-09	1.1739e-08	1.3208e-08	1.3636e-08	1.433e-08	1.4832e-08	1.4303e-08	1.3415e-08	1.2161e-08	1.1035e-08	1.0668e-08	1.022e-08	9.321e-09	8.7879e-09	8.672e-09	8.5407e-09	8.6499e-09	9.2208e-09	9.8944e-09	1.0743e-08	1.1377e-08	1.1836e-08	1.146e-08	1.1121e-08	1.146e-08	1.2118e-08	1.1927e-08	1.0558e-08	8.9237e-09	7.2765e-09	5.7139e-09	5.5781e-09	6.5529e-09	7.6051e-09	8.6324e-09	9.328e-09	9.9585e-09	1.1307e-08	1.2698e-08
1.2174e-08	1.1352e-08	1.2114e-08	1.2312e-08	1.1551e-08	9.7092e-09	7.4974e-09	5.4626e-09	5.8646e-09	6.7146e-09	7.434e-09	8.4173e-09	9.3771e-09	1.0229e-08	9.7958e-09	8.6694e-09	9.8024e-09	1.0629e-08	1.1057e-08	1.1036e-08	1.074e-08	1.0748e-08	9.9166e-09	8.7442e-09	9.6728e-09	1.2273e-08	1.4337e-08	1.4952e-08	1.3769e-08	1.1211e-08	8.3774e-09	5.7812e-09	5.4183e-09	7.0653e-09	8.5022e-09	9.4075e-09	1.0047e-08	1.0635e-08	1.0912e-08	1.0382e-08	1.0486e-08	1.0711e-08	1.0794e-08	1.0999e-08	1.0769e-08	1.1127e-08	1.0939e-08	1.0318e-08	1.0389e-08	1.0658e-08	1.0552e-08	9.7829e-09	8.5011e-09	8.6545e-09	8.8759e-09	9.7451e-09	1.023e-08	1.0518e-08	9.9871e-09	9.2744e-09	8.9237e-09	8.7572e-09	8.6851e-09	8.8558e-09	9.3101e-09	9.8273e-09	1.0005e-08	1.0449e-08	1.0951e-08	1.1119e-08	1.0555e-08	9.3862e-09	9.2844e-09	8.8831e-09	7.811e-09	8.2048e-09	7.559e-09	6.7282e-09	6.498e-09	6.7679e-09	8.1011e-09	9.4385e-09	9.9808e-09	1.0302e-08	9.8695e-09	9.4752e-09	9.0878e-09	8.665e-09	9.615e-09	1.0621e-08	1.1273e-08	1.2739e-08	1.4114e-08	1.4607e-08	1.4294e-08	1.3099e-08	1.256e-08	1.2053e-08	1.2188e-08	1.2051e-08	1.1603e-08	1.1199e-08	1.0413e-08	9.7524e-09	9.9171e-09	9.9544e-09	9.534e-09	9.2325e-09	9.4059e-09	9.2607e-09	8.5142e-09	7.408e-09	7.7207e-09	8.8913e-09	9.6868e-09	8.9047e-09	7.7282e-09	6.615e-09	6.2113e-09	6.3516e-09	6.9729e-09	7.8621e-09	8.3961e-09	8.9604e-09	1.0176e-08	1.2442e-08	1.4921e-08	1.5903e-08
